cohort_rule,age_rule,income_rule,debt_validity_rule,partial_panel_rule,full_panel_definition,n_households,n_complete_12_month_households,n_partial_panel_households,household_gap,complete_12_month_gap,partial_panel_gap,mean_abs_share_diff,max_abs_share_diff,borrow_share,borrow_and_save_share,save_share,total_count_abs_gap
inferred first interview,age strictly between 25 and 64 at interview 5,INCLASS complete at interview 5,valid flags plus explicit finance-charge record,exclude fifth-only panels,12 MTBI nonmissing-cost months,2719,2185,534,-24,21,-45,0.6535126747343112,0.9802690121013669,7.462307367104068,29.5179616449975,63.01973098789863,45
inferred first interview,age strictly between 25 and 64 at interview 5,INCLASS complete at interview 5,valid flags plus explicit finance-charge record,exclude fifth-only panels,12 MTBI record months,2719,2185,534,-24,21,-45,0.6535126747343112,0.9802690121013669,7.462307367104068,29.5179616449975,63.01973098789863,45
inferred first interview,age strictly between 25 and 64 at interview 5,INCLASS complete at interview 5,valid flags plus explicit finance-charge record,exclude fifth-only panels,FMLI interviews 2-5,2719,2185,534,-24,21,-45,0.6535126747343112,0.9802690121013669,7.462307367104068,29.5179616449975,63.01973098789863,45
inferred first interview,age strictly between 25 and 64 at interview 5,INCLASS complete at interview 5,valid flags plus explicit finance-charge record,exclude fifth-only panels,consecutive FMLI interviews 2-5,2719,2185,534,-24,21,-45,0.6535126747343112,0.9802690121013669,7.462307367104068,29.5179616449975,63.01973098789863,45
inferred first interview,age strictly between 25 and 64 at interview 5,INCLASS complete at interview 5,valid flags; absent balance record is zero,exclude fifth-only panels,12 MTBI nonmissing-cost months,2719,2185,534,-24,21,-45,0.6535126747343112,0.9802690121013669,7.462307367104068,29.5179616449975,63.01973098789863,45
inferred first interview,age strictly between 25 and 64 at interview 5,INCLASS complete at interview 5,valid flags; absent balance record is zero,exclude fifth-only panels,12 MTBI record months,2719,2185,534,-24,21,-45,0.6535126747343112,0.9802690121013669,7.462307367104068,29.5179616449975,63.01973098789863,45
inferred first interview,age strictly between 25 and 64 at interview 5,INCLASS complete at interview 5,valid flags; absent balance record is zero,exclude fifth-only panels,FMLI interviews 2-5,2719,2185,534,-24,21,-45,0.6535126747343112,0.9802690121013669,7.462307367104068,29.5179616449975,63.01973098789863,45
inferred first interview,age strictly between 25 and 64 at interview 5,INCLASS complete at interview 5,valid flags; absent balance record is zero,exclude fifth-only panels,consecutive FMLI interviews 2-5,2719,2185,534,-24,21,-45,0.6535126747343112,0.9802690121013669,7.462307367104068,29.5179616449975,63.01973098789863,45
inferred first interview,age strictly between 25 and 64 at interview 5,income/reporting at interview 5,valid flags plus explicit finance-charge record,exclude fifth-only panels,12 MTBI nonmissing-cost months,2719,2185,534,-24,21,-45,0.6535126747343112,0.9802690121013669,7.462307367104068,29.5179616449975,63.01973098789863,45
inferred first interview,age strictly between 25 and 64 at interview 5,income/reporting at interview 5,valid flags plus explicit finance-charge record,exclude fifth-only panels,12 MTBI record months,2719,2185,534,-24,21,-45,0.6535126747343112,0.9802690121013669,7.462307367104068,29.5179616449975,63.01973098789863,45
inferred first interview,age strictly between 25 and 64 at interview 5,income/reporting at interview 5,valid flags plus explicit finance-charge record,exclude fifth-only panels,FMLI interviews 2-5,2719,2185,534,-24,21,-45,0.6535126747343112,0.9802690121013669,7.462307367104068,29.5179616449975,63.01973098789863,45
inferred first interview,age strictly between 25 and 64 at interview 5,income/reporting at interview 5,valid flags plus explicit finance-charge record,exclude fifth-only panels,consecutive FMLI interviews 2-5,2719,2185,534,-24,21,-45,0.6535126747343112,0.9802690121013669,7.462307367104068,29.5179616449975,63.01973098789863,45
inferred first interview,age strictly between 25 and 64 at interview 5,income/reporting at interview 5,valid flags; absent balance record is zero,exclude fifth-only panels,12 MTBI nonmissing-cost months,2719,2185,534,-24,21,-45,0.6535126747343112,0.9802690121013669,7.462307367104068,29.5179616449975,63.01973098789863,45
inferred first interview,age strictly between 25 and 64 at interview 5,income/reporting at interview 5,valid flags; absent balance record is zero,exclude fifth-only panels,12 MTBI record months,2719,2185,534,-24,21,-45,0.6535126747343112,0.9802690121013669,7.462307367104068,29.5179616449975,63.01973098789863,45
inferred first interview,age strictly between 25 and 64 at interview 5,income/reporting at interview 5,valid flags; absent balance record is zero,exclude fifth-only panels,FMLI interviews 2-5,2719,2185,534,-24,21,-45,0.6535126747343112,0.9802690121013669,7.462307367104068,29.5179616449975,63.01973098789863,45
inferred first interview,age strictly between 25 and 64 at interview 5,income/reporting at interview 5,valid flags; absent balance record is zero,exclude fifth-only panels,consecutive FMLI interviews 2-5,2719,2185,534,-24,21,-45,0.6535126747343112,0.9802690121013669,7.462307367104068,29.5179616449975,63.01973098789863,45
inferred first interview,age strictly between 25 and 64 at interview 5,income strictly above $200/month at interview 5,valid flags plus explicit finance-charge record,exclude fifth-only panels,12 MTBI nonmissing-cost months,2716,2183,533,-27,19,-46,0.6888123411272821,1.0332185116908263,7.472992130936953,29.560226380754067,62.966781488309174,46
inferred first interview,age strictly between 25 and 64 at interview 5,income strictly above $200/month at interview 5,valid flags plus explicit finance-charge record,exclude fifth-only panels,12 MTBI record months,2716,2183,533,-27,19,-46,0.6888123411272821,1.0332185116908263,7.472992130936953,29.560226380754067,62.966781488309174,46
inferred first interview,age strictly between 25 and 64 at interview 5,income strictly above $200/month at interview 5,valid flags plus explicit finance-charge record,exclude fifth-only panels,FMLI interviews 2-5,2716,2183,533,-27,19,-46,0.6888123411272821,1.0332185116908263,7.472992130936953,29.560226380754067,62.966781488309174,46
inferred first interview,age strictly between 25 and 64 at interview 5,income strictly above $200/month at interview 5,valid flags plus explicit finance-charge record,exclude fifth-only panels,consecutive FMLI interviews 2-5,2716,2183,533,-27,19,-46,0.6888123411272821,1.0332185116908263,7.472992130936953,29.560226380754067,62.966781488309174,46
inferred first interview,age strictly between 25 and 64 at interview 5,income strictly above $200/month at interview 5,valid flags; absent balance record is zero,exclude fifth-only panels,12 MTBI nonmissing-cost months,2716,2183,533,-27,19,-46,0.6888123411272821,1.0332185116908263,7.472992130936953,29.560226380754067,62.966781488309174,46
inferred first interview,age strictly between 25 and 64 at interview 5,income strictly above $200/month at interview 5,valid flags; absent balance record is zero,exclude fifth-only panels,12 MTBI record months,2716,2183,533,-27,19,-46,0.6888123411272821,1.0332185116908263,7.472992130936953,29.560226380754067,62.966781488309174,46
inferred first interview,age strictly between 25 and 64 at interview 5,income strictly above $200/month at interview 5,valid flags; absent balance record is zero,exclude fifth-only panels,FMLI interviews 2-5,2716,2183,533,-27,19,-46,0.6888123411272821,1.0332185116908263,7.472992130936953,29.560226380754067,62.966781488309174,46
inferred first interview,age strictly between 25 and 64 at interview 5,income strictly above $200/month at interview 5,valid flags; absent balance record is zero,exclude fifth-only panels,consecutive FMLI interviews 2-5,2716,2183,533,-27,19,-46,0.6888123411272821,1.0332185116908263,7.472992130936953,29.560226380754067,62.966781488309174,46
earliest observed public interview,age 25-64 throughout observed panel,income strictly above $200/month at interview 5,valid flags plus explicit finance-charge record,retain fifth-only panels,12 MTBI nonmissing-cost months,2751,2202,549,8,38,-30,1.064889764147314,1.5973346462210358,8.275009325219267,29.32232532100164,62.402665353778964,46
earliest observed public interview,age 25-64 throughout observed panel,income strictly above $200/month at interview 5,valid flags plus explicit finance-charge record,retain fifth-only panels,12 MTBI record months,2751,2202,549,8,38,-30,1.064889764147314,1.5973346462210358,8.275009325219267,29.32232532100164,62.402665353778964,46
earliest observed public interview,age 25-64 throughout observed panel,income strictly above $200/month at interview 5,valid flags plus explicit finance-charge record,retain fifth-only panels,FMLI interviews 2-5,2751,2202,549,8,38,-30,1.064889764147314,1.5973346462210358,8.275009325219267,29.32232532100164,62.402665353778964,46
earliest observed public interview,age 25-64 throughout observed panel,income strictly above $200/month at interview 5,valid flags plus explicit finance-charge record,retain fifth-only panels,consecutive FMLI interviews 2-5,2751,2202,549,8,38,-30,1.064889764147314,1.5973346462210358,8.275009325219267,29.32232532100164,62.402665353778964,46
earliest observed public interview,age 25-64 throughout observed panel,income strictly above $200/month at interview 5,valid flags; absent balance record is zero,retain fifth-only panels,12 MTBI nonmissing-cost months,2751,2202,549,8,38,-30,1.064889764147314,1.5973346462210358,8.275009325219267,29.32232532100164,62.402665353778964,46
earliest observed public interview,age 25-64 throughout observed panel,income strictly above $200/month at interview 5,valid flags; absent balance record is zero,retain fifth-only panels,12 MTBI record months,2751,2202,549,8,38,-30,1.064889764147314,1.5973346462210358,8.275009325219267,29.32232532100164,62.402665353778964,46
earliest observed public interview,age 25-64 throughout observed panel,income strictly above $200/month at interview 5,valid flags; absent balance record is zero,retain fifth-only panels,FMLI interviews 2-5,2751,2202,549,8,38,-30,1.064889764147314,1.5973346462210358,8.275009325219267,29.32232532100164,62.402665353778964,46
earliest observed public interview,age 25-64 throughout observed panel,income strictly above $200/month at interview 5,valid flags; absent balance record is zero,retain fifth-only panels,consecutive FMLI interviews 2-5,2751,2202,549,8,38,-30,1.064889764147314,1.5973346462210358,8.275009325219267,29.32232532100164,62.402665353778964,46
earliest observed public interview,age 25-64 throughout observed panel,INCLASS complete at interview 5,valid flags plus explicit finance-charge record,retain fifth-only panels,12 MTBI nonmissing-cost months,2752,2202,550,9,38,-29,1.0548309514380314,1.5822464271571093,8.271688474030487,29.310557953126498,62.41775357284289,47
earliest observed public interview,age 25-64 throughout observed panel,INCLASS complete at interview 5,valid flags plus explicit finance-charge record,retain fifth-only panels,12 MTBI record months,2752,2202,550,9,38,-29,1.0548309514380314,1.5822464271571093,8.271688474030487,29.310557953126498,62.41775357284289,47
earliest observed public interview,age 25-64 throughout observed panel,INCLASS complete at interview 5,valid flags plus explicit finance-charge record,retain fifth-only panels,FMLI interviews 2-5,2752,2202,550,9,38,-29,1.0548309514380314,1.5822464271571093,8.271688474030487,29.310557953126498,62.41775357284289,47
earliest observed public interview,age 25-64 throughout observed panel,INCLASS complete at interview 5,valid flags plus explicit finance-charge record,retain fifth-only panels,consecutive FMLI interviews 2-5,2752,2202,550,9,38,-29,1.0548309514380314,1.5822464271571093,8.271688474030487,29.310557953126498,62.41775357284289,47
earliest observed public interview,age 25-64 throughout observed panel,INCLASS complete at interview 5,valid flags; absent balance record is zero,retain fifth-only panels,12 MTBI nonmissing-cost months,2752,2202,550,9,38,-29,1.0548309514380314,1.5822464271571093,8.271688474030487,29.310557953126498,62.41775357284289,47
earliest observed public interview,age 25-64 throughout observed panel,INCLASS complete at interview 5,valid flags; absent balance record is zero,retain fifth-only panels,12 MTBI record months,2752,2202,550,9,38,-29,1.0548309514380314,1.5822464271571093,8.271688474030487,29.310557953126498,62.41775357284289,47
earliest observed public interview,age 25-64 throughout observed panel,INCLASS complete at interview 5,valid flags; absent balance record is zero,retain fifth-only panels,FMLI interviews 2-5,2752,2202,550,9,38,-29,1.0548309514380314,1.5822464271571093,8.271688474030487,29.310557953126498,62.41775357284289,47
earliest observed public interview,age 25-64 throughout observed panel,INCLASS complete at interview 5,valid flags; absent balance record is zero,retain fifth-only panels,consecutive FMLI interviews 2-5,2752,2202,550,9,38,-29,1.0548309514380314,1.5822464271571093,8.271688474030487,29.310557953126498,62.41775357284289,47
earliest observed public interview,age 25-64 throughout observed panel,income/reporting at interview 5,valid flags plus explicit finance-charge record,retain fifth-only panels,12 MTBI nonmissing-cost months,2752,2202,550,9,38,-29,1.0548309514380314,1.5822464271571093,8.271688474030487,29.310557953126498,62.41775357284289,47
earliest observed public interview,age 25-64 throughout observed panel,income/reporting at interview 5,valid flags plus explicit finance-charge record,retain fifth-only panels,12 MTBI record months,2752,2202,550,9,38,-29,1.0548309514380314,1.5822464271571093,8.271688474030487,29.310557953126498,62.41775357284289,47
earliest observed public interview,age 25-64 throughout observed panel,income/reporting at interview 5,valid flags plus explicit finance-charge record,retain fifth-only panels,FMLI interviews 2-5,2752,2202,550,9,38,-29,1.0548309514380314,1.5822464271571093,8.271688474030487,29.310557953126498,62.41775357284289,47
earliest observed public interview,age 25-64 throughout observed panel,income/reporting at interview 5,valid flags plus explicit finance-charge record,retain fifth-only panels,consecutive FMLI interviews 2-5,2752,2202,550,9,38,-29,1.0548309514380314,1.5822464271571093,8.271688474030487,29.310557953126498,62.41775357284289,47
earliest observed public interview,age 25-64 throughout observed panel,income/reporting at interview 5,valid flags; absent balance record is zero,retain fifth-only panels,12 MTBI nonmissing-cost months,2752,2202,550,9,38,-29,1.0548309514380314,1.5822464271571093,8.271688474030487,29.310557953126498,62.41775357284289,47
earliest observed public interview,age 25-64 throughout observed panel,income/reporting at interview 5,valid flags; absent balance record is zero,retain fifth-only panels,12 MTBI record months,2752,2202,550,9,38,-29,1.0548309514380314,1.5822464271571093,8.271688474030487,29.310557953126498,62.41775357284289,47
earliest observed public interview,age 25-64 throughout observed panel,income/reporting at interview 5,valid flags; absent balance record is zero,retain fifth-only panels,FMLI interviews 2-5,2752,2202,550,9,38,-29,1.0548309514380314,1.5822464271571093,8.271688474030487,29.310557953126498,62.41775357284289,47
earliest observed public interview,age 25-64 throughout observed panel,income/reporting at interview 5,valid flags; absent balance record is zero,retain fifth-only panels,consecutive FMLI interviews 2-5,2752,2202,550,9,38,-29,1.0548309514380314,1.5822464271571093,8.271688474030487,29.310557953126498,62.41775357284289,47
earliest observed public interview,age strictly between 25 and 64 at interview 5,INCLASS complete at interview 5,valid flags plus explicit finance-charge record,retain fifth-only panels,12 MTBI nonmissing-cost months,2710,2182,528,-33,18,-51,1.113607664699139,1.6704114970487751,8.38366368413895,29.28674781290969,62.329588502951225,51
earliest observed public interview,age strictly between 25 and 64 at interview 5,INCLASS complete at interview 5,valid flags plus explicit finance-charge record,retain fifth-only panels,12 MTBI record months,2710,2182,528,-33,18,-51,1.113607664699139,1.6704114970487751,8.38366368413895,29.28674781290969,62.329588502951225,51
earliest observed public interview,age strictly between 25 and 64 at interview 5,INCLASS complete at interview 5,valid flags plus explicit finance-charge record,retain fifth-only panels,FMLI interviews 2-5,2710,2182,528,-33,18,-51,1.113607664699139,1.6704114970487751,8.38366368413895,29.28674781290969,62.329588502951225,51
earliest observed public interview,age strictly between 25 and 64 at interview 5,INCLASS complete at interview 5,valid flags plus explicit finance-charge record,retain fifth-only panels,consecutive FMLI interviews 2-5,2710,2182,528,-33,18,-51,1.113607664699139,1.6704114970487751,8.38366368413895,29.28674781290969,62.329588502951225,51
earliest observed public interview,age strictly between 25 and 64 at interview 5,INCLASS complete at interview 5,valid flags; absent balance record is zero,retain fifth-only panels,12 MTBI nonmissing-cost months,2710,2182,528,-33,18,-51,1.113607664699139,1.6704114970487751,8.38366368413895,29.28674781290969,62.329588502951225,51
earliest observed public interview,age strictly between 25 and 64 at interview 5,INCLASS complete at interview 5,valid flags; absent balance record is zero,retain fifth-only panels,12 MTBI record months,2710,2182,528,-33,18,-51,1.113607664699139,1.6704114970487751,8.38366368413895,29.28674781290969,62.329588502951225,51
earliest observed public interview,age strictly between 25 and 64 at interview 5,INCLASS complete at interview 5,valid flags; absent balance record is zero,retain fifth-only panels,FMLI interviews 2-5,2710,2182,528,-33,18,-51,1.113607664699139,1.6704114970487751,8.38366368413895,29.28674781290969,62.329588502951225,51
earliest observed public interview,age strictly between 25 and 64 at interview 5,INCLASS complete at interview 5,valid flags; absent balance record is zero,retain fifth-only panels,consecutive FMLI interviews 2-5,2710,2182,528,-33,18,-51,1.113607664699139,1.6704114970487751,8.38366368413895,29.28674781290969,62.329588502951225,51
earliest observed public interview,age strictly between 25 and 64 at interview 5,income/reporting at interview 5,valid flags plus explicit finance-charge record,retain fifth-only panels,12 MTBI nonmissing-cost months,2710,2182,528,-33,18,-51,1.113607664699139,1.6704114970487751,8.38366368413895,29.28674781290969,62.329588502951225,51
earliest observed public interview,age strictly between 25 and 64 at interview 5,income/reporting at interview 5,valid flags plus explicit finance-charge record,retain fifth-only panels,12 MTBI record months,2710,2182,528,-33,18,-51,1.113607664699139,1.6704114970487751,8.38366368413895,29.28674781290969,62.329588502951225,51
earliest observed public interview,age strictly between 25 and 64 at interview 5,income/reporting at interview 5,valid flags plus explicit finance-charge record,retain fifth-only panels,FMLI interviews 2-5,2710,2182,528,-33,18,-51,1.113607664699139,1.6704114970487751,8.38366368413895,29.28674781290969,62.329588502951225,51
earliest observed public interview,age strictly between 25 and 64 at interview 5,income/reporting at interview 5,valid flags plus explicit finance-charge record,retain fifth-only panels,consecutive FMLI interviews 2-5,2710,2182,528,-33,18,-51,1.113607664699139,1.6704114970487751,8.38366368413895,29.28674781290969,62.329588502951225,51
earliest observed public interview,age strictly between 25 and 64 at interview 5,income/reporting at interview 5,valid flags; absent balance record is zero,retain fifth-only panels,12 MTBI nonmissing-cost months,2710,2182,528,-33,18,-51,1.113607664699139,1.6704114970487751,8.38366368413895,29.28674781290969,62.329588502951225,51
earliest observed public interview,age strictly between 25 and 64 at interview 5,income/reporting at interview 5,valid flags; absent balance record is zero,retain fifth-only panels,12 MTBI record months,2710,2182,528,-33,18,-51,1.113607664699139,1.6704114970487751,8.38366368413895,29.28674781290969,62.329588502951225,51
earliest observed public interview,age strictly between 25 and 64 at interview 5,income/reporting at interview 5,valid flags; absent balance record is zero,retain fifth-only panels,FMLI interviews 2-5,2710,2182,528,-33,18,-51,1.113607664699139,1.6704114970487751,8.38366368413895,29.28674781290969,62.329588502951225,51
earliest observed public interview,age strictly between 25 and 64 at interview 5,income/reporting at interview 5,valid flags; absent balance record is zero,retain fifth-only panels,consecutive FMLI interviews 2-5,2710,2182,528,-33,18,-51,1.113607664699139,1.6704114970487751,8.38366368413895,29.28674781290969,62.329588502951225,51
inferred first interview,age 25-64 throughout observed panel,income strictly above $200/month at interview 5,valid flags plus explicit finance-charge record,exclude fifth-only panels,12 MTBI nonmissing-cost months,2755,2204,551,12,40,-28,0.6147556666843063,0.922133500026348,7.350014533229369,29.572118966797202,63.07786649997365,52
inferred first interview,age 25-64 throughout observed panel,income strictly above $200/month at interview 5,valid flags plus explicit finance-charge record,exclude fifth-only panels,12 MTBI record months,2755,2204,551,12,40,-28,0.6147556666843063,0.922133500026348,7.350014533229369,29.572118966797202,63.07786649997365,52
inferred first interview,age 25-64 throughout observed panel,income strictly above $200/month at interview 5,valid flags plus explicit finance-charge record,exclude fifth-only panels,FMLI interviews 2-5,2755,2204,551,12,40,-28,0.6147556666843063,0.922133500026348,7.350014533229369,29.572118966797202,63.07786649997365,52
inferred first interview,age 25-64 throughout observed panel,income strictly above $200/month at interview 5,valid flags plus explicit finance-charge record,exclude fifth-only panels,consecutive FMLI interviews 2-5,2755,2204,551,12,40,-28,0.6147556666843063,0.922133500026348,7.350014533229369,29.572118966797202,63.07786649997365,52
inferred first interview,age 25-64 throughout observed panel,income strictly above $200/month at interview 5,valid flags; absent balance record is zero,exclude fifth-only panels,12 MTBI nonmissing-cost months,2755,2204,551,12,40,-28,0.6147556666843063,0.922133500026348,7.350014533229369,29.572118966797202,63.07786649997365,52
inferred first interview,age 25-64 throughout observed panel,income strictly above $200/month at interview 5,valid flags; absent balance record is zero,exclude fifth-only panels,12 MTBI record months,2755,2204,551,12,40,-28,0.6147556666843063,0.922133500026348,7.350014533229369,29.572118966797202,63.07786649997365,52
inferred first interview,age 25-64 throughout observed panel,income strictly above $200/month at interview 5,valid flags; absent balance record is zero,exclude fifth-only panels,FMLI interviews 2-5,2755,2204,551,12,40,-28,0.6147556666843063,0.922133500026348,7.350014533229369,29.572118966797202,63.07786649997365,52
inferred first interview,age 25-64 throughout observed panel,income strictly above $200/month at interview 5,valid flags; absent balance record is zero,exclude fifth-only panels,consecutive FMLI interviews 2-5,2755,2204,551,12,40,-28,0.6147556666843063,0.922133500026348,7.350014533229369,29.572118966797202,63.07786649997365,52
earliest observed public interview,age strictly between 25 and 64 at interview 5,income strictly above $200/month at interview 5,valid flags plus explicit finance-charge record,retain fifth-only panels,12 MTBI nonmissing-cost months,2709,2182,527,-34,18,-52,1.1238425156320926,1.6857637734482012,8.38708037955065,29.298683393897427,62.3142362265518,52
earliest observed public interview,age strictly between 25 and 64 at interview 5,income strictly above $200/month at interview 5,valid flags plus explicit finance-charge record,retain fifth-only panels,12 MTBI record months,2709,2182,527,-34,18,-52,1.1238425156320926,1.6857637734482012,8.38708037955065,29.298683393897427,62.3142362265518,52
earliest observed public interview,age strictly between 25 and 64 at interview 5,income strictly above $200/month at interview 5,valid flags plus explicit finance-charge record,retain fifth-only panels,FMLI interviews 2-5,2709,2182,527,-34,18,-52,1.1238425156320926,1.6857637734482012,8.38708037955065,29.298683393897427,62.3142362265518,52
earliest observed public interview,age strictly between 25 and 64 at interview 5,income strictly above $200/month at interview 5,valid flags plus explicit finance-charge record,retain fifth-only panels,consecutive FMLI interviews 2-5,2709,2182,527,-34,18,-52,1.1238425156320926,1.6857637734482012,8.38708037955065,29.298683393897427,62.3142362265518,52
earliest observed public interview,age strictly between 25 and 64 at interview 5,income strictly above $200/month at interview 5,valid flags; absent balance record is zero,retain fifth-only panels,12 MTBI nonmissing-cost months,2709,2182,527,-34,18,-52,1.1238425156320926,1.6857637734482012,8.38708037955065,29.298683393897427,62.3142362265518,52
earliest observed public interview,age strictly between 25 and 64 at interview 5,income strictly above $200/month at interview 5,valid flags; absent balance record is zero,retain fifth-only panels,12 MTBI record months,2709,2182,527,-34,18,-52,1.1238425156320926,1.6857637734482012,8.38708037955065,29.298683393897427,62.3142362265518,52
earliest observed public interview,age strictly between 25 and 64 at interview 5,income strictly above $200/month at interview 5,valid flags; absent balance record is zero,retain fifth-only panels,FMLI interviews 2-5,2709,2182,527,-34,18,-52,1.1238425156320926,1.6857637734482012,8.38708037955065,29.298683393897427,62.3142362265518,52
earliest observed public interview,age strictly between 25 and 64 at interview 5,income strictly above $200/month at interview 5,valid flags; absent balance record is zero,retain fifth-only panels,consecutive FMLI interviews 2-5,2709,2182,527,-34,18,-52,1.1238425156320926,1.6857637734482012,8.38708037955065,29.298683393897427,62.3142362265518,52
inferred first interview,age 25-64 throughout observed panel,INCLASS complete at interview 5,valid flags plus explicit finance-charge record,exclude fifth-only panels,12 MTBI nonmissing-cost months,2758,2206,552,15,42,-27,0.579986138710782,0.86997920806607,7.339632283680377,29.5303469243859,63.13002079193393,57
inferred first interview,age 25-64 throughout observed panel,INCLASS complete at interview 5,valid flags plus explicit finance-charge record,exclude fifth-only panels,12 MTBI record months,2758,2206,552,15,42,-27,0.579986138710782,0.86997920806607,7.339632283680377,29.5303469243859,63.13002079193393,57
inferred first interview,age 25-64 throughout observed panel,INCLASS complete at interview 5,valid flags plus explicit finance-charge record,exclude fifth-only panels,FMLI interviews 2-5,2758,2206,552,15,42,-27,0.579986138710782,0.86997920806607,7.339632283680377,29.5303469243859,63.13002079193393,57
inferred first interview,age 25-64 throughout observed panel,INCLASS complete at interview 5,valid flags plus explicit finance-charge record,exclude fifth-only panels,consecutive FMLI interviews 2-5,2758,2206,552,15,42,-27,0.579986138710782,0.86997920806607,7.339632283680377,29.5303469243859,63.13002079193393,57
inferred first interview,age 25-64 throughout observed panel,INCLASS complete at interview 5,valid flags; absent balance record is zero,exclude fifth-only panels,12 MTBI nonmissing-cost months,2758,2206,552,15,42,-27,0.579986138710782,0.86997920806607,7.339632283680377,29.5303469243859,63.13002079193393,57
inferred first interview,age 25-64 throughout observed panel,INCLASS complete at interview 5,valid flags; absent balance record is zero,exclude fifth-only panels,12 MTBI record months,2758,2206,552,15,42,-27,0.579986138710782,0.86997920806607,7.339632283680377,29.5303469243859,63.13002079193393,57
inferred first interview,age 25-64 throughout observed panel,INCLASS complete at interview 5,valid flags; absent balance record is zero,exclude fifth-only panels,FMLI interviews 2-5,2758,2206,552,15,42,-27,0.579986138710782,0.86997920806607,7.339632283680377,29.5303469243859,63.13002079193393,57
inferred first interview,age 25-64 throughout observed panel,INCLASS complete at interview 5,valid flags; absent balance record is zero,exclude fifth-only panels,consecutive FMLI interviews 2-5,2758,2206,552,15,42,-27,0.579986138710782,0.86997920806607,7.339632283680377,29.5303469243859,63.13002079193393,57
inferred first interview,age 25-64 throughout observed panel,income/reporting at interview 5,valid flags plus explicit finance-charge record,exclude fifth-only panels,12 MTBI nonmissing-cost months,2758,2206,552,15,42,-27,0.579986138710782,0.86997920806607,7.339632283680377,29.5303469243859,63.13002079193393,57
inferred first interview,age 25-64 throughout observed panel,income/reporting at interview 5,valid flags plus explicit finance-charge record,exclude fifth-only panels,12 MTBI record months,2758,2206,552,15,42,-27,0.579986138710782,0.86997920806607,7.339632283680377,29.5303469243859,63.13002079193393,57
inferred first interview,age 25-64 throughout observed panel,income/reporting at interview 5,valid flags plus explicit finance-charge record,exclude fifth-only panels,FMLI interviews 2-5,2758,2206,552,15,42,-27,0.579986138710782,0.86997920806607,7.339632283680377,29.5303469243859,63.13002079193393,57
inferred first interview,age 25-64 throughout observed panel,income/reporting at interview 5,valid flags plus explicit finance-charge record,exclude fifth-only panels,consecutive FMLI interviews 2-5,2758,2206,552,15,42,-27,0.579986138710782,0.86997920806607,7.339632283680377,29.5303469243859,63.13002079193393,57
inferred first interview,age 25-64 throughout observed panel,income/reporting at interview 5,valid flags; absent balance record is zero,exclude fifth-only panels,12 MTBI nonmissing-cost months,2758,2206,552,15,42,-27,0.579986138710782,0.86997920806607,7.339632283680377,29.5303469243859,63.13002079193393,57
inferred first interview,age 25-64 throughout observed panel,income/reporting at interview 5,valid flags; absent balance record is zero,exclude fifth-only panels,12 MTBI record months,2758,2206,552,15,42,-27,0.579986138710782,0.86997920806607,7.339632283680377,29.5303469243859,63.13002079193393,57
inferred first interview,age 25-64 throughout observed panel,income/reporting at interview 5,valid flags; absent balance record is zero,exclude fifth-only panels,FMLI interviews 2-5,2758,2206,552,15,42,-27,0.579986138710782,0.86997920806607,7.339632283680377,29.5303469243859,63.13002079193393,57
inferred first interview,age 25-64 throughout observed panel,income/reporting at interview 5,valid flags; absent balance record is zero,exclude fifth-only panels,consecutive FMLI interviews 2-5,2758,2206,552,15,42,-27,0.579986138710782,0.86997920806607,7.339632283680377,29.5303469243859,63.13002079193393,57
earliest observed public interview,age 25-63 at interview 5,income strictly above $200/month at interview 5,valid flags plus explicit finance-charge record,retain fifth-only panels,12 MTBI nonmissing-cost months,2756,2211,545,13,47,-34,1.0414606170149507,1.5621909255224722,8.376652128533543,29.185538796988837,62.43780907447753,60
earliest observed public interview,age 25-63 at interview 5,income strictly above $200/month at interview 5,valid flags plus explicit finance-charge record,retain fifth-only panels,12 MTBI record months,2756,2211,545,13,47,-34,1.0414606170149507,1.5621909255224722,8.376652128533543,29.185538796988837,62.43780907447753,60
earliest observed public interview,age 25-63 at interview 5,income strictly above $200/month at interview 5,valid flags plus explicit finance-charge record,retain fifth-only panels,FMLI interviews 2-5,2756,2211,545,13,47,-34,1.0414606170149507,1.5621909255224722,8.376652128533543,29.185538796988837,62.43780907447753,60
earliest observed public interview,age 25-63 at interview 5,income strictly above $200/month at interview 5,valid flags plus explicit finance-charge record,retain fifth-only panels,consecutive FMLI interviews 2-5,2756,2211,545,13,47,-34,1.0414606170149507,1.5621909255224722,8.376652128533543,29.185538796988837,62.43780907447753,60
earliest observed public interview,age 25-63 at interview 5,income strictly above $200/month at interview 5,valid flags; absent balance record is zero,retain fifth-only panels,12 MTBI nonmissing-cost months,2756,2211,545,13,47,-34,1.0414606170149507,1.5621909255224722,8.376652128533543,29.185538796988837,62.43780907447753,60
earliest observed public interview,age 25-63 at interview 5,income strictly above $200/month at interview 5,valid flags; absent balance record is zero,retain fifth-only panels,12 MTBI record months,2756,2211,545,13,47,-34,1.0414606170149507,1.5621909255224722,8.376652128533543,29.185538796988837,62.43780907447753,60
earliest observed public interview,age 25-63 at interview 5,income strictly above $200/month at interview 5,valid flags; absent balance record is zero,retain fifth-only panels,FMLI interviews 2-5,2756,2211,545,13,47,-34,1.0414606170149507,1.5621909255224722,8.376652128533543,29.185538796988837,62.43780907447753,60
earliest observed public interview,age 25-63 at interview 5,income strictly above $200/month at interview 5,valid flags; absent balance record is zero,retain fifth-only panels,consecutive FMLI interviews 2-5,2756,2211,545,13,47,-34,1.0414606170149507,1.5621909255224722,8.376652128533543,29.185538796988837,62.43780907447753,60
earliest observed public interview,age 25-63 at interview 5,INCLASS complete at interview 5,valid flags plus explicit finance-charge record,retain fifth-only panels,12 MTBI nonmissing-cost months,2757,2211,546,14,47,-33,1.0314360250657721,1.547154037598709,8.373298789015012,29.173855248583596,62.45284596240129,61
earliest observed public interview,age 25-63 at interview 5,INCLASS complete at interview 5,valid flags plus explicit finance-charge record,retain fifth-only panels,12 MTBI record months,2757,2211,546,14,47,-33,1.0314360250657721,1.547154037598709,8.373298789015012,29.173855248583596,62.45284596240129,61
earliest observed public interview,age 25-63 at interview 5,INCLASS complete at interview 5,valid flags plus explicit finance-charge record,retain fifth-only panels,FMLI interviews 2-5,2757,2211,546,14,47,-33,1.0314360250657721,1.547154037598709,8.373298789015012,29.173855248583596,62.45284596240129,61
earliest observed public interview,age 25-63 at interview 5,INCLASS complete at interview 5,valid flags plus explicit finance-charge record,retain fifth-only panels,consecutive FMLI interviews 2-5,2757,2211,546,14,47,-33,1.0314360250657721,1.547154037598709,8.373298789015012,29.173855248583596,62.45284596240129,61
earliest observed public interview,age 25-63 at interview 5,INCLASS complete at interview 5,valid flags; absent balance record is zero,retain fifth-only panels,12 MTBI nonmissing-cost months,2757,2211,546,14,47,-33,1.0314360250657721,1.547154037598709,8.373298789015012,29.173855248583596,62.45284596240129,61
earliest observed public interview,age 25-63 at interview 5,INCLASS complete at interview 5,valid flags; absent balance record is zero,retain fifth-only panels,12 MTBI record months,2757,2211,546,14,47,-33,1.0314360250657721,1.547154037598709,8.373298789015012,29.173855248583596,62.45284596240129,61
earliest observed public interview,age 25-63 at interview 5,INCLASS complete at interview 5,valid flags; absent balance record is zero,retain fifth-only panels,FMLI interviews 2-5,2757,2211,546,14,47,-33,1.0314360250657721,1.547154037598709,8.373298789015012,29.173855248583596,62.45284596240129,61
earliest observed public interview,age 25-63 at interview 5,INCLASS complete at interview 5,valid flags; absent balance record is zero,retain fifth-only panels,consecutive FMLI interviews 2-5,2757,2211,546,14,47,-33,1.0314360250657721,1.547154037598709,8.373298789015012,29.173855248583596,62.45284596240129,61
earliest observed public interview,age 25-63 at interview 5,income/reporting at interview 5,valid flags plus explicit finance-charge record,retain fifth-only panels,12 MTBI nonmissing-cost months,2757,2211,546,14,47,-33,1.0314360250657721,1.547154037598709,8.373298789015012,29.173855248583596,62.45284596240129,61
earliest observed public interview,age 25-63 at interview 5,income/reporting at interview 5,valid flags plus explicit finance-charge record,retain fifth-only panels,12 MTBI record months,2757,2211,546,14,47,-33,1.0314360250657721,1.547154037598709,8.373298789015012,29.173855248583596,62.45284596240129,61
earliest observed public interview,age 25-63 at interview 5,income/reporting at interview 5,valid flags plus explicit finance-charge record,retain fifth-only panels,FMLI interviews 2-5,2757,2211,546,14,47,-33,1.0314360250657721,1.547154037598709,8.373298789015012,29.173855248583596,62.45284596240129,61
earliest observed public interview,age 25-63 at interview 5,income/reporting at interview 5,valid flags plus explicit finance-charge record,retain fifth-only panels,consecutive FMLI interviews 2-5,2757,2211,546,14,47,-33,1.0314360250657721,1.547154037598709,8.373298789015012,29.173855248583596,62.45284596240129,61
earliest observed public interview,age 25-63 at interview 5,income/reporting at interview 5,valid flags; absent balance record is zero,retain fifth-only panels,12 MTBI nonmissing-cost months,2757,2211,546,14,47,-33,1.0314360250657721,1.547154037598709,8.373298789015012,29.173855248583596,62.45284596240129,61
earliest observed public interview,age 25-63 at interview 5,income/reporting at interview 5,valid flags; absent balance record is zero,retain fifth-only panels,12 MTBI record months,2757,2211,546,14,47,-33,1.0314360250657721,1.547154037598709,8.373298789015012,29.173855248583596,62.45284596240129,61
earliest observed public interview,age 25-63 at interview 5,income/reporting at interview 5,valid flags; absent balance record is zero,retain fifth-only panels,FMLI interviews 2-5,2757,2211,546,14,47,-33,1.0314360250657721,1.547154037598709,8.373298789015012,29.173855248583596,62.45284596240129,61
earliest observed public interview,age 25-63 at interview 5,income/reporting at interview 5,valid flags; absent balance record is zero,retain fifth-only panels,consecutive FMLI interviews 2-5,2757,2211,546,14,47,-33,1.0314360250657721,1.547154037598709,8.373298789015012,29.173855248583596,62.45284596240129,61
fifth interview in 2001,age 25-64 throughout observed panel,INCLASS complete at interview 5,valid flags plus explicit finance-charge record,exclude fifth-only panels,12 MTBI nonmissing-cost months,2720,2202,518,-23,38,-61,1.3574489912771561,2.0361734869158354,8.39191584052842,29.644257646387214,61.963826513084165,61
fifth interview in 2001,age 25-64 throughout observed panel,INCLASS complete at interview 5,valid flags plus explicit finance-charge record,exclude fifth-only panels,12 MTBI record months,2720,2202,518,-23,38,-61,1.3574489912771561,2.0361734869158354,8.39191584052842,29.644257646387214,61.963826513084165,61
fifth interview in 2001,age 25-64 throughout observed panel,INCLASS complete at interview 5,valid flags plus explicit finance-charge record,exclude fifth-only panels,FMLI interviews 2-5,2720,2202,518,-23,38,-61,1.3574489912771561,2.0361734869158354,8.39191584052842,29.644257646387214,61.963826513084165,61
fifth interview in 2001,age 25-64 throughout observed panel,INCLASS complete at interview 5,valid flags plus explicit finance-charge record,exclude fifth-only panels,consecutive FMLI interviews 2-5,2720,2202,518,-23,38,-61,1.3574489912771561,2.0361734869158354,8.39191584052842,29.644257646387214,61.963826513084165,61
fifth interview in 2001,age 25-64 throughout observed panel,INCLASS complete at interview 5,valid flags; absent balance record is zero,exclude fifth-only panels,12 MTBI nonmissing-cost months,2720,2202,518,-23,38,-61,1.3574489912771561,2.0361734869158354,8.39191584052842,29.644257646387214,61.963826513084165,61
fifth interview in 2001,age 25-64 throughout observed panel,INCLASS complete at interview 5,valid flags; absent balance record is zero,exclude fifth-only panels,12 MTBI record months,2720,2202,518,-23,38,-61,1.3574489912771561,2.0361734869158354,8.39191584052842,29.644257646387214,61.963826513084165,61
fifth interview in 2001,age 25-64 throughout observed panel,INCLASS complete at interview 5,valid flags; absent balance record is zero,exclude fifth-only panels,FMLI interviews 2-5,2720,2202,518,-23,38,-61,1.3574489912771561,2.0361734869158354,8.39191584052842,29.644257646387214,61.963826513084165,61
fifth interview in 2001,age 25-64 throughout observed panel,INCLASS complete at interview 5,valid flags; absent balance record is zero,exclude fifth-only panels,consecutive FMLI interviews 2-5,2720,2202,518,-23,38,-61,1.3574489912771561,2.0361734869158354,8.39191584052842,29.644257646387214,61.963826513084165,61
fifth interview in 2001,age 25-64 throughout observed panel,income/reporting at interview 5,valid flags plus explicit finance-charge record,exclude fifth-only panels,12 MTBI nonmissing-cost months,2720,2202,518,-23,38,-61,1.3574489912771561,2.0361734869158354,8.39191584052842,29.644257646387214,61.963826513084165,61
fifth interview in 2001,age 25-64 throughout observed panel,income/reporting at interview 5,valid flags plus explicit finance-charge record,exclude fifth-only panels,12 MTBI record months,2720,2202,518,-23,38,-61,1.3574489912771561,2.0361734869158354,8.39191584052842,29.644257646387214,61.963826513084165,61
fifth interview in 2001,age 25-64 throughout observed panel,income/reporting at interview 5,valid flags plus explicit finance-charge record,exclude fifth-only panels,FMLI interviews 2-5,2720,2202,518,-23,38,-61,1.3574489912771561,2.0361734869158354,8.39191584052842,29.644257646387214,61.963826513084165,61
fifth interview in 2001,age 25-64 throughout observed panel,income/reporting at interview 5,valid flags plus explicit finance-charge record,exclude fifth-only panels,consecutive FMLI interviews 2-5,2720,2202,518,-23,38,-61,1.3574489912771561,2.0361734869158354,8.39191584052842,29.644257646387214,61.963826513084165,61
fifth interview in 2001,age 25-64 throughout observed panel,income/reporting at interview 5,valid flags; absent balance record is zero,exclude fifth-only panels,12 MTBI nonmissing-cost months,2720,2202,518,-23,38,-61,1.3574489912771561,2.0361734869158354,8.39191584052842,29.644257646387214,61.963826513084165,61
fifth interview in 2001,age 25-64 throughout observed panel,income/reporting at interview 5,valid flags; absent balance record is zero,exclude fifth-only panels,12 MTBI record months,2720,2202,518,-23,38,-61,1.3574489912771561,2.0361734869158354,8.39191584052842,29.644257646387214,61.963826513084165,61
fifth interview in 2001,age 25-64 throughout observed panel,income/reporting at interview 5,valid flags; absent balance record is zero,exclude fifth-only panels,FMLI interviews 2-5,2720,2202,518,-23,38,-61,1.3574489912771561,2.0361734869158354,8.39191584052842,29.644257646387214,61.963826513084165,61
fifth interview in 2001,age 25-64 throughout observed panel,income/reporting at interview 5,valid flags; absent balance record is zero,exclude fifth-only panels,consecutive FMLI interviews 2-5,2720,2202,518,-23,38,-61,1.3574489912771561,2.0361734869158354,8.39191584052842,29.644257646387214,61.963826513084165,61
inferred public interview 2,age 25-64 throughout observed panel,INCLASS complete at interview 5,valid flags plus explicit finance-charge record,exclude fifth-only panels,12 MTBI nonmissing-cost months,2720,2202,518,-23,38,-61,1.3574489912771561,2.0361734869158354,8.39191584052842,29.644257646387214,61.963826513084165,61
inferred public interview 2,age 25-64 throughout observed panel,INCLASS complete at interview 5,valid flags plus explicit finance-charge record,exclude fifth-only panels,12 MTBI record months,2720,2202,518,-23,38,-61,1.3574489912771561,2.0361734869158354,8.39191584052842,29.644257646387214,61.963826513084165,61
inferred public interview 2,age 25-64 throughout observed panel,INCLASS complete at interview 5,valid flags plus explicit finance-charge record,exclude fifth-only panels,FMLI interviews 2-5,2720,2202,518,-23,38,-61,1.3574489912771561,2.0361734869158354,8.39191584052842,29.644257646387214,61.963826513084165,61
inferred public interview 2,age 25-64 throughout observed panel,INCLASS complete at interview 5,valid flags plus explicit finance-charge record,exclude fifth-only panels,consecutive FMLI interviews 2-5,2720,2202,518,-23,38,-61,1.3574489912771561,2.0361734869158354,8.39191584052842,29.644257646387214,61.963826513084165,61
inferred public interview 2,age 25-64 throughout observed panel,INCLASS complete at interview 5,valid flags; absent balance record is zero,exclude fifth-only panels,12 MTBI nonmissing-cost months,2720,2202,518,-23,38,-61,1.3574489912771561,2.0361734869158354,8.39191584052842,29.644257646387214,61.963826513084165,61
inferred public interview 2,age 25-64 throughout observed panel,INCLASS complete at interview 5,valid flags; absent balance record is zero,exclude fifth-only panels,12 MTBI record months,2720,2202,518,-23,38,-61,1.3574489912771561,2.0361734869158354,8.39191584052842,29.644257646387214,61.963826513084165,61
inferred public interview 2,age 25-64 throughout observed panel,INCLASS complete at interview 5,valid flags; absent balance record is zero,exclude fifth-only panels,FMLI interviews 2-5,2720,2202,518,-23,38,-61,1.3574489912771561,2.0361734869158354,8.39191584052842,29.644257646387214,61.963826513084165,61
inferred public interview 2,age 25-64 throughout observed panel,INCLASS complete at interview 5,valid flags; absent balance record is zero,exclude fifth-only panels,consecutive FMLI interviews 2-5,2720,2202,518,-23,38,-61,1.3574489912771561,2.0361734869158354,8.39191584052842,29.644257646387214,61.963826513084165,61
inferred public interview 2,age 25-64 throughout observed panel,income/reporting at interview 5,valid flags plus explicit finance-charge record,exclude fifth-only panels,12 MTBI nonmissing-cost months,2720,2202,518,-23,38,-61,1.3574489912771561,2.0361734869158354,8.39191584052842,29.644257646387214,61.963826513084165,61
inferred public interview 2,age 25-64 throughout observed panel,income/reporting at interview 5,valid flags plus explicit finance-charge record,exclude fifth-only panels,12 MTBI record months,2720,2202,518,-23,38,-61,1.3574489912771561,2.0361734869158354,8.39191584052842,29.644257646387214,61.963826513084165,61
inferred public interview 2,age 25-64 throughout observed panel,income/reporting at interview 5,valid flags plus explicit finance-charge record,exclude fifth-only panels,FMLI interviews 2-5,2720,2202,518,-23,38,-61,1.3574489912771561,2.0361734869158354,8.39191584052842,29.644257646387214,61.963826513084165,61
inferred public interview 2,age 25-64 throughout observed panel,income/reporting at interview 5,valid flags plus explicit finance-charge record,exclude fifth-only panels,consecutive FMLI interviews 2-5,2720,2202,518,-23,38,-61,1.3574489912771561,2.0361734869158354,8.39191584052842,29.644257646387214,61.963826513084165,61
inferred public interview 2,age 25-64 throughout observed panel,income/reporting at interview 5,valid flags; absent balance record is zero,exclude fifth-only panels,12 MTBI nonmissing-cost months,2720,2202,518,-23,38,-61,1.3574489912771561,2.0361734869158354,8.39191584052842,29.644257646387214,61.963826513084165,61
inferred public interview 2,age 25-64 throughout observed panel,income/reporting at interview 5,valid flags; absent balance record is zero,exclude fifth-only panels,12 MTBI record months,2720,2202,518,-23,38,-61,1.3574489912771561,2.0361734869158354,8.39191584052842,29.644257646387214,61.963826513084165,61
inferred public interview 2,age 25-64 throughout observed panel,income/reporting at interview 5,valid flags; absent balance record is zero,exclude fifth-only panels,FMLI interviews 2-5,2720,2202,518,-23,38,-61,1.3574489912771561,2.0361734869158354,8.39191584052842,29.644257646387214,61.963826513084165,61
inferred public interview 2,age 25-64 throughout observed panel,income/reporting at interview 5,valid flags; absent balance record is zero,exclude fifth-only panels,consecutive FMLI interviews 2-5,2720,2202,518,-23,38,-61,1.3574489912771561,2.0361734869158354,8.39191584052842,29.644257646387214,61.963826513084165,61
fifth interview in 2001,age 25-64 throughout observed panel,income strictly above $200/month at interview 5,valid flags plus explicit finance-charge record,exclude fifth-only panels,12 MTBI nonmissing-cost months,2719,2202,517,-24,38,-62,1.3677567140558402,2.051635071083865,8.395327127763817,29.656307943319838,61.948364928916135,62
fifth interview in 2001,age 25-64 throughout observed panel,income strictly above $200/month at interview 5,valid flags plus explicit finance-charge record,exclude fifth-only panels,12 MTBI record months,2719,2202,517,-24,38,-62,1.3677567140558402,2.051635071083865,8.395327127763817,29.656307943319838,61.948364928916135,62
fifth interview in 2001,age 25-64 throughout observed panel,income strictly above $200/month at interview 5,valid flags plus explicit finance-charge record,exclude fifth-only panels,FMLI interviews 2-5,2719,2202,517,-24,38,-62,1.3677567140558402,2.051635071083865,8.395327127763817,29.656307943319838,61.948364928916135,62
fifth interview in 2001,age 25-64 throughout observed panel,income strictly above $200/month at interview 5,valid flags plus explicit finance-charge record,exclude fifth-only panels,consecutive FMLI interviews 2-5,2719,2202,517,-24,38,-62,1.3677567140558402,2.051635071083865,8.395327127763817,29.656307943319838,61.948364928916135,62
fifth interview in 2001,age 25-64 throughout observed panel,income strictly above $200/month at interview 5,valid flags; absent balance record is zero,exclude fifth-only panels,12 MTBI nonmissing-cost months,2719,2202,517,-24,38,-62,1.3677567140558402,2.051635071083865,8.395327127763817,29.656307943319838,61.948364928916135,62
fifth interview in 2001,age 25-64 throughout observed panel,income strictly above $200/month at interview 5,valid flags; absent balance record is zero,exclude fifth-only panels,12 MTBI record months,2719,2202,517,-24,38,-62,1.3677567140558402,2.051635071083865,8.395327127763817,29.656307943319838,61.948364928916135,62
fifth interview in 2001,age 25-64 throughout observed panel,income strictly above $200/month at interview 5,valid flags; absent balance record is zero,exclude fifth-only panels,FMLI interviews 2-5,2719,2202,517,-24,38,-62,1.3677567140558402,2.051635071083865,8.395327127763817,29.656307943319838,61.948364928916135,62
fifth interview in 2001,age 25-64 throughout observed panel,income strictly above $200/month at interview 5,valid flags; absent balance record is zero,exclude fifth-only panels,consecutive FMLI interviews 2-5,2719,2202,517,-24,38,-62,1.3677567140558402,2.051635071083865,8.395327127763817,29.656307943319838,61.948364928916135,62
inferred public interview 2,age 25-64 throughout observed panel,income strictly above $200/month at interview 5,valid flags plus explicit finance-charge record,exclude fifth-only panels,12 MTBI nonmissing-cost months,2719,2202,517,-24,38,-62,1.3677567140558402,2.051635071083865,8.395327127763817,29.656307943319838,61.948364928916135,62
inferred public interview 2,age 25-64 throughout observed panel,income strictly above $200/month at interview 5,valid flags plus explicit finance-charge record,exclude fifth-only panels,12 MTBI record months,2719,2202,517,-24,38,-62,1.3677567140558402,2.051635071083865,8.395327127763817,29.656307943319838,61.948364928916135,62
inferred public interview 2,age 25-64 throughout observed panel,income strictly above $200/month at interview 5,valid flags plus explicit finance-charge record,exclude fifth-only panels,FMLI interviews 2-5,2719,2202,517,-24,38,-62,1.3677567140558402,2.051635071083865,8.395327127763817,29.656307943319838,61.948364928916135,62
inferred public interview 2,age 25-64 throughout observed panel,income strictly above $200/month at interview 5,valid flags plus explicit finance-charge record,exclude fifth-only panels,consecutive FMLI interviews 2-5,2719,2202,517,-24,38,-62,1.3677567140558402,2.051635071083865,8.395327127763817,29.656307943319838,61.948364928916135,62
inferred public interview 2,age 25-64 throughout observed panel,income strictly above $200/month at interview 5,valid flags; absent balance record is zero,exclude fifth-only panels,12 MTBI nonmissing-cost months,2719,2202,517,-24,38,-62,1.3677567140558402,2.051635071083865,8.395327127763817,29.656307943319838,61.948364928916135,62
inferred public interview 2,age 25-64 throughout observed panel,income strictly above $200/month at interview 5,valid flags; absent balance record is zero,exclude fifth-only panels,12 MTBI record months,2719,2202,517,-24,38,-62,1.3677567140558402,2.051635071083865,8.395327127763817,29.656307943319838,61.948364928916135,62
inferred public interview 2,age 25-64 throughout observed panel,income strictly above $200/month at interview 5,valid flags; absent balance record is zero,exclude fifth-only panels,FMLI interviews 2-5,2719,2202,517,-24,38,-62,1.3677567140558402,2.051635071083865,8.395327127763817,29.656307943319838,61.948364928916135,62
inferred public interview 2,age 25-64 throughout observed panel,income strictly above $200/month at interview 5,valid flags; absent balance record is zero,exclude fifth-only panels,consecutive FMLI interviews 2-5,2719,2202,517,-24,38,-62,1.3677567140558402,2.051635071083865,8.395327127763817,29.656307943319838,61.948364928916135,62
fifth interview in 2001,age 25-63 at interview 5,INCLASS complete at interview 5,valid flags plus explicit finance-charge record,exclude fifth-only panels,12 MTBI nonmissing-cost months,2727,2211,516,-16,47,-63,1.3853621960715266,2.0780432941073883,8.52279773264337,29.55524556146382,61.92195670589261,63
fifth interview in 2001,age 25-63 at interview 5,INCLASS complete at interview 5,valid flags plus explicit finance-charge record,exclude fifth-only panels,12 MTBI record months,2727,2211,516,-16,47,-63,1.3853621960715266,2.0780432941073883,8.52279773264337,29.55524556146382,61.92195670589261,63
fifth interview in 2001,age 25-63 at interview 5,INCLASS complete at interview 5,valid flags plus explicit finance-charge record,exclude fifth-only panels,FMLI interviews 2-5,2727,2211,516,-16,47,-63,1.3853621960715266,2.0780432941073883,8.52279773264337,29.55524556146382,61.92195670589261,63
fifth interview in 2001,age 25-63 at interview 5,INCLASS complete at interview 5,valid flags plus explicit finance-charge record,exclude fifth-only panels,consecutive FMLI interviews 2-5,2727,2211,516,-16,47,-63,1.3853621960715266,2.0780432941073883,8.52279773264337,29.55524556146382,61.92195670589261,63
fifth interview in 2001,age 25-63 at interview 5,INCLASS complete at interview 5,valid flags; absent balance record is zero,exclude fifth-only panels,12 MTBI nonmissing-cost months,2727,2211,516,-16,47,-63,1.3853621960715266,2.0780432941073883,8.52279773264337,29.55524556146382,61.92195670589261,63
fifth interview in 2001,age 25-63 at interview 5,INCLASS complete at interview 5,valid flags; absent balance record is zero,exclude fifth-only panels,12 MTBI record months,2727,2211,516,-16,47,-63,1.3853621960715266,2.0780432941073883,8.52279773264337,29.55524556146382,61.92195670589261,63
fifth interview in 2001,age 25-63 at interview 5,INCLASS complete at interview 5,valid flags; absent balance record is zero,exclude fifth-only panels,FMLI interviews 2-5,2727,2211,516,-16,47,-63,1.3853621960715266,2.0780432941073883,8.52279773264337,29.55524556146382,61.92195670589261,63
fifth interview in 2001,age 25-63 at interview 5,INCLASS complete at interview 5,valid flags; absent balance record is zero,exclude fifth-only panels,consecutive FMLI interviews 2-5,2727,2211,516,-16,47,-63,1.3853621960715266,2.0780432941073883,8.52279773264337,29.55524556146382,61.92195670589261,63
fifth interview in 2001,age 25-63 at interview 5,income/reporting at interview 5,valid flags plus explicit finance-charge record,exclude fifth-only panels,12 MTBI nonmissing-cost months,2727,2211,516,-16,47,-63,1.3853621960715266,2.0780432941073883,8.52279773264337,29.55524556146382,61.92195670589261,63
fifth interview in 2001,age 25-63 at interview 5,income/reporting at interview 5,valid flags plus explicit finance-charge record,exclude fifth-only panels,12 MTBI record months,2727,2211,516,-16,47,-63,1.3853621960715266,2.0780432941073883,8.52279773264337,29.55524556146382,61.92195670589261,63
fifth interview in 2001,age 25-63 at interview 5,income/reporting at interview 5,valid flags plus explicit finance-charge record,exclude fifth-only panels,FMLI interviews 2-5,2727,2211,516,-16,47,-63,1.3853621960715266,2.0780432941073883,8.52279773264337,29.55524556146382,61.92195670589261,63
fifth interview in 2001,age 25-63 at interview 5,income/reporting at interview 5,valid flags plus explicit finance-charge record,exclude fifth-only panels,consecutive FMLI interviews 2-5,2727,2211,516,-16,47,-63,1.3853621960715266,2.0780432941073883,8.52279773264337,29.55524556146382,61.92195670589261,63
fifth interview in 2001,age 25-63 at interview 5,income/reporting at interview 5,valid flags; absent balance record is zero,exclude fifth-only panels,12 MTBI nonmissing-cost months,2727,2211,516,-16,47,-63,1.3853621960715266,2.0780432941073883,8.52279773264337,29.55524556146382,61.92195670589261,63
fifth interview in 2001,age 25-63 at interview 5,income/reporting at interview 5,valid flags; absent balance record is zero,exclude fifth-only panels,12 MTBI record months,2727,2211,516,-16,47,-63,1.3853621960715266,2.0780432941073883,8.52279773264337,29.55524556146382,61.92195670589261,63
fifth interview in 2001,age 25-63 at interview 5,income/reporting at interview 5,valid flags; absent balance record is zero,exclude fifth-only panels,FMLI interviews 2-5,2727,2211,516,-16,47,-63,1.3853621960715266,2.0780432941073883,8.52279773264337,29.55524556146382,61.92195670589261,63
fifth interview in 2001,age 25-63 at interview 5,income/reporting at interview 5,valid flags; absent balance record is zero,exclude fifth-only panels,consecutive FMLI interviews 2-5,2727,2211,516,-16,47,-63,1.3853621960715266,2.0780432941073883,8.52279773264337,29.55524556146382,61.92195670589261,63
inferred public interview 2,age 25-63 at interview 5,INCLASS complete at interview 5,valid flags plus explicit finance-charge record,exclude fifth-only panels,12 MTBI nonmissing-cost months,2727,2211,516,-16,47,-63,1.3853621960715266,2.0780432941073883,8.52279773264337,29.55524556146382,61.92195670589261,63
inferred public interview 2,age 25-63 at interview 5,INCLASS complete at interview 5,valid flags plus explicit finance-charge record,exclude fifth-only panels,12 MTBI record months,2727,2211,516,-16,47,-63,1.3853621960715266,2.0780432941073883,8.52279773264337,29.55524556146382,61.92195670589261,63
inferred public interview 2,age 25-63 at interview 5,INCLASS complete at interview 5,valid flags plus explicit finance-charge record,exclude fifth-only panels,FMLI interviews 2-5,2727,2211,516,-16,47,-63,1.3853621960715266,2.0780432941073883,8.52279773264337,29.55524556146382,61.92195670589261,63
inferred public interview 2,age 25-63 at interview 5,INCLASS complete at interview 5,valid flags plus explicit finance-charge record,exclude fifth-only panels,consecutive FMLI interviews 2-5,2727,2211,516,-16,47,-63,1.3853621960715266,2.0780432941073883,8.52279773264337,29.55524556146382,61.92195670589261,63
inferred public interview 2,age 25-63 at interview 5,INCLASS complete at interview 5,valid flags; absent balance record is zero,exclude fifth-only panels,12 MTBI nonmissing-cost months,2727,2211,516,-16,47,-63,1.3853621960715266,2.0780432941073883,8.52279773264337,29.55524556146382,61.92195670589261,63
inferred public interview 2,age 25-63 at interview 5,INCLASS complete at interview 5,valid flags; absent balance record is zero,exclude fifth-only panels,12 MTBI record months,2727,2211,516,-16,47,-63,1.3853621960715266,2.0780432941073883,8.52279773264337,29.55524556146382,61.92195670589261,63
inferred public interview 2,age 25-63 at interview 5,INCLASS complete at interview 5,valid flags; absent balance record is zero,exclude fifth-only panels,FMLI interviews 2-5,2727,2211,516,-16,47,-63,1.3853621960715266,2.0780432941073883,8.52279773264337,29.55524556146382,61.92195670589261,63
inferred public interview 2,age 25-63 at interview 5,INCLASS complete at interview 5,valid flags; absent balance record is zero,exclude fifth-only panels,consecutive FMLI interviews 2-5,2727,2211,516,-16,47,-63,1.3853621960715266,2.0780432941073883,8.52279773264337,29.55524556146382,61.92195670589261,63
inferred public interview 2,age 25-63 at interview 5,income/reporting at interview 5,valid flags plus explicit finance-charge record,exclude fifth-only panels,12 MTBI nonmissing-cost months,2727,2211,516,-16,47,-63,1.3853621960715266,2.0780432941073883,8.52279773264337,29.55524556146382,61.92195670589261,63
inferred public interview 2,age 25-63 at interview 5,income/reporting at interview 5,valid flags plus explicit finance-charge record,exclude fifth-only panels,12 MTBI record months,2727,2211,516,-16,47,-63,1.3853621960715266,2.0780432941073883,8.52279773264337,29.55524556146382,61.92195670589261,63
inferred public interview 2,age 25-63 at interview 5,income/reporting at interview 5,valid flags plus explicit finance-charge record,exclude fifth-only panels,FMLI interviews 2-5,2727,2211,516,-16,47,-63,1.3853621960715266,2.0780432941073883,8.52279773264337,29.55524556146382,61.92195670589261,63
inferred public interview 2,age 25-63 at interview 5,income/reporting at interview 5,valid flags plus explicit finance-charge record,exclude fifth-only panels,consecutive FMLI interviews 2-5,2727,2211,516,-16,47,-63,1.3853621960715266,2.0780432941073883,8.52279773264337,29.55524556146382,61.92195670589261,63
inferred public interview 2,age 25-63 at interview 5,income/reporting at interview 5,valid flags; absent balance record is zero,exclude fifth-only panels,12 MTBI nonmissing-cost months,2727,2211,516,-16,47,-63,1.3853621960715266,2.0780432941073883,8.52279773264337,29.55524556146382,61.92195670589261,63
inferred public interview 2,age 25-63 at interview 5,income/reporting at interview 5,valid flags; absent balance record is zero,exclude fifth-only panels,12 MTBI record months,2727,2211,516,-16,47,-63,1.3853621960715266,2.0780432941073883,8.52279773264337,29.55524556146382,61.92195670589261,63
inferred public interview 2,age 25-63 at interview 5,income/reporting at interview 5,valid flags; absent balance record is zero,exclude fifth-only panels,FMLI interviews 2-5,2727,2211,516,-16,47,-63,1.3853621960715266,2.0780432941073883,8.52279773264337,29.55524556146382,61.92195670589261,63
inferred public interview 2,age 25-63 at interview 5,income/reporting at interview 5,valid flags; absent balance record is zero,exclude fifth-only panels,consecutive FMLI interviews 2-5,2727,2211,516,-16,47,-63,1.3853621960715266,2.0780432941073883,8.52279773264337,29.55524556146382,61.92195670589261,63
fifth interview in 2001,age 25-63 at interview 5,income strictly above $200/month at interview 5,valid flags plus explicit finance-charge record,exclude fifth-only panels,12 MTBI nonmissing-cost months,2726,2211,515,-17,47,-64,1.3956462665604257,2.0934693998407354,8.526250472532135,29.567218927308407,61.906530600159265,64
fifth interview in 2001,age 25-63 at interview 5,income strictly above $200/month at interview 5,valid flags plus explicit finance-charge record,exclude fifth-only panels,12 MTBI record months,2726,2211,515,-17,47,-64,1.3956462665604257,2.0934693998407354,8.526250472532135,29.567218927308407,61.906530600159265,64
fifth interview in 2001,age 25-63 at interview 5,income strictly above $200/month at interview 5,valid flags plus explicit finance-charge record,exclude fifth-only panels,FMLI interviews 2-5,2726,2211,515,-17,47,-64,1.3956462665604257,2.0934693998407354,8.526250472532135,29.567218927308407,61.906530600159265,64
fifth interview in 2001,age 25-63 at interview 5,income strictly above $200/month at interview 5,valid flags plus explicit finance-charge record,exclude fifth-only panels,consecutive FMLI interviews 2-5,2726,2211,515,-17,47,-64,1.3956462665604257,2.0934693998407354,8.526250472532135,29.567218927308407,61.906530600159265,64
fifth interview in 2001,age 25-63 at interview 5,income strictly above $200/month at interview 5,valid flags; absent balance record is zero,exclude fifth-only panels,12 MTBI nonmissing-cost months,2726,2211,515,-17,47,-64,1.3956462665604257,2.0934693998407354,8.526250472532135,29.567218927308407,61.906530600159265,64
fifth interview in 2001,age 25-63 at interview 5,income strictly above $200/month at interview 5,valid flags; absent balance record is zero,exclude fifth-only panels,12 MTBI record months,2726,2211,515,-17,47,-64,1.3956462665604257,2.0934693998407354,8.526250472532135,29.567218927308407,61.906530600159265,64
fifth interview in 2001,age 25-63 at interview 5,income strictly above $200/month at interview 5,valid flags; absent balance record is zero,exclude fifth-only panels,FMLI interviews 2-5,2726,2211,515,-17,47,-64,1.3956462665604257,2.0934693998407354,8.526250472532135,29.567218927308407,61.906530600159265,64
fifth interview in 2001,age 25-63 at interview 5,income strictly above $200/month at interview 5,valid flags; absent balance record is zero,exclude fifth-only panels,consecutive FMLI interviews 2-5,2726,2211,515,-17,47,-64,1.3956462665604257,2.0934693998407354,8.526250472532135,29.567218927308407,61.906530600159265,64
inferred public interview 2,age 25-63 at interview 5,income strictly above $200/month at interview 5,valid flags plus explicit finance-charge record,exclude fifth-only panels,12 MTBI nonmissing-cost months,2726,2211,515,-17,47,-64,1.3956462665604257,2.0934693998407354,8.526250472532135,29.567218927308407,61.906530600159265,64
inferred public interview 2,age 25-63 at interview 5,income strictly above $200/month at interview 5,valid flags plus explicit finance-charge record,exclude fifth-only panels,12 MTBI record months,2726,2211,515,-17,47,-64,1.3956462665604257,2.0934693998407354,8.526250472532135,29.567218927308407,61.906530600159265,64
inferred public interview 2,age 25-63 at interview 5,income strictly above $200/month at interview 5,valid flags plus explicit finance-charge record,exclude fifth-only panels,FMLI interviews 2-5,2726,2211,515,-17,47,-64,1.3956462665604257,2.0934693998407354,8.526250472532135,29.567218927308407,61.906530600159265,64
inferred public interview 2,age 25-63 at interview 5,income strictly above $200/month at interview 5,valid flags plus explicit finance-charge record,exclude fifth-only panels,consecutive FMLI interviews 2-5,2726,2211,515,-17,47,-64,1.3956462665604257,2.0934693998407354,8.526250472532135,29.567218927308407,61.906530600159265,64
inferred public interview 2,age 25-63 at interview 5,income strictly above $200/month at interview 5,valid flags; absent balance record is zero,exclude fifth-only panels,12 MTBI nonmissing-cost months,2726,2211,515,-17,47,-64,1.3956462665604257,2.0934693998407354,8.526250472532135,29.567218927308407,61.906530600159265,64
inferred public interview 2,age 25-63 at interview 5,income strictly above $200/month at interview 5,valid flags; absent balance record is zero,exclude fifth-only panels,12 MTBI record months,2726,2211,515,-17,47,-64,1.3956462665604257,2.0934693998407354,8.526250472532135,29.567218927308407,61.906530600159265,64
inferred public interview 2,age 25-63 at interview 5,income strictly above $200/month at interview 5,valid flags; absent balance record is zero,exclude fifth-only panels,FMLI interviews 2-5,2726,2211,515,-17,47,-64,1.3956462665604257,2.0934693998407354,8.526250472532135,29.567218927308407,61.906530600159265,64
inferred public interview 2,age 25-63 at interview 5,income strictly above $200/month at interview 5,valid flags; absent balance record is zero,exclude fifth-only panels,consecutive FMLI interviews 2-5,2726,2211,515,-17,47,-64,1.3956462665604257,2.0934693998407354,8.526250472532135,29.567218927308407,61.906530600159265,64
fifth interview in 2001,age 26-64 at interview 5,INCLASS complete at interview 5,valid flags plus explicit finance-charge record,exclude fifth-only panels,12 MTBI nonmissing-cost months,2732,2222,510,-11,58,-69,1.26063948705443,1.8909592305817569,8.445520832171564,29.44543839840997,62.10904076941824,69
fifth interview in 2001,age 26-64 at interview 5,INCLASS complete at interview 5,valid flags plus explicit finance-charge record,exclude fifth-only panels,12 MTBI record months,2732,2222,510,-11,58,-69,1.26063948705443,1.8909592305817569,8.445520832171564,29.44543839840997,62.10904076941824,69
fifth interview in 2001,age 26-64 at interview 5,INCLASS complete at interview 5,valid flags plus explicit finance-charge record,exclude fifth-only panels,FMLI interviews 2-5,2732,2222,510,-11,58,-69,1.26063948705443,1.8909592305817569,8.445520832171564,29.44543839840997,62.10904076941824,69
fifth interview in 2001,age 26-64 at interview 5,INCLASS complete at interview 5,valid flags plus explicit finance-charge record,exclude fifth-only panels,consecutive FMLI interviews 2-5,2732,2222,510,-11,58,-69,1.26063948705443,1.8909592305817569,8.445520832171564,29.44543839840997,62.10904076941824,69
fifth interview in 2001,age 26-64 at interview 5,INCLASS complete at interview 5,valid flags; absent balance record is zero,exclude fifth-only panels,12 MTBI nonmissing-cost months,2732,2222,510,-11,58,-69,1.26063948705443,1.8909592305817569,8.445520832171564,29.44543839840997,62.10904076941824,69
fifth interview in 2001,age 26-64 at interview 5,INCLASS complete at interview 5,valid flags; absent balance record is zero,exclude fifth-only panels,12 MTBI record months,2732,2222,510,-11,58,-69,1.26063948705443,1.8909592305817569,8.445520832171564,29.44543839840997,62.10904076941824,69
fifth interview in 2001,age 26-64 at interview 5,INCLASS complete at interview 5,valid flags; absent balance record is zero,exclude fifth-only panels,FMLI interviews 2-5,2732,2222,510,-11,58,-69,1.26063948705443,1.8909592305817569,8.445520832171564,29.44543839840997,62.10904076941824,69
fifth interview in 2001,age 26-64 at interview 5,INCLASS complete at interview 5,valid flags; absent balance record is zero,exclude fifth-only panels,consecutive FMLI interviews 2-5,2732,2222,510,-11,58,-69,1.26063948705443,1.8909592305817569,8.445520832171564,29.44543839840997,62.10904076941824,69
fifth interview in 2001,age 26-64 at interview 5,income/reporting at interview 5,valid flags plus explicit finance-charge record,exclude fifth-only panels,12 MTBI nonmissing-cost months,2732,2222,510,-11,58,-69,1.26063948705443,1.8909592305817569,8.445520832171564,29.44543839840997,62.10904076941824,69
fifth interview in 2001,age 26-64 at interview 5,income/reporting at interview 5,valid flags plus explicit finance-charge record,exclude fifth-only panels,12 MTBI record months,2732,2222,510,-11,58,-69,1.26063948705443,1.8909592305817569,8.445520832171564,29.44543839840997,62.10904076941824,69
fifth interview in 2001,age 26-64 at interview 5,income/reporting at interview 5,valid flags plus explicit finance-charge record,exclude fifth-only panels,FMLI interviews 2-5,2732,2222,510,-11,58,-69,1.26063948705443,1.8909592305817569,8.445520832171564,29.44543839840997,62.10904076941824,69
fifth interview in 2001,age 26-64 at interview 5,income/reporting at interview 5,valid flags plus explicit finance-charge record,exclude fifth-only panels,consecutive FMLI interviews 2-5,2732,2222,510,-11,58,-69,1.26063948705443,1.8909592305817569,8.445520832171564,29.44543839840997,62.10904076941824,69
fifth interview in 2001,age 26-64 at interview 5,income/reporting at interview 5,valid flags; absent balance record is zero,exclude fifth-only panels,12 MTBI nonmissing-cost months,2732,2222,510,-11,58,-69,1.26063948705443,1.8909592305817569,8.445520832171564,29.44543839840997,62.10904076941824,69
fifth interview in 2001,age 26-64 at interview 5,income/reporting at interview 5,valid flags; absent balance record is zero,exclude fifth-only panels,12 MTBI record months,2732,2222,510,-11,58,-69,1.26063948705443,1.8909592305817569,8.445520832171564,29.44543839840997,62.10904076941824,69
fifth interview in 2001,age 26-64 at interview 5,income/reporting at interview 5,valid flags; absent balance record is zero,exclude fifth-only panels,FMLI interviews 2-5,2732,2222,510,-11,58,-69,1.26063948705443,1.8909592305817569,8.445520832171564,29.44543839840997,62.10904076941824,69
fifth interview in 2001,age 26-64 at interview 5,income/reporting at interview 5,valid flags; absent balance record is zero,exclude fifth-only panels,consecutive FMLI interviews 2-5,2732,2222,510,-11,58,-69,1.26063948705443,1.8909592305817569,8.445520832171564,29.44543839840997,62.10904076941824,69
inferred public interview 2,age 26-64 at interview 5,INCLASS complete at interview 5,valid flags plus explicit finance-charge record,exclude fifth-only panels,12 MTBI nonmissing-cost months,2732,2222,510,-11,58,-69,1.26063948705443,1.8909592305817569,8.445520832171564,29.44543839840997,62.10904076941824,69
inferred public interview 2,age 26-64 at interview 5,INCLASS complete at interview 5,valid flags plus explicit finance-charge record,exclude fifth-only panels,12 MTBI record months,2732,2222,510,-11,58,-69,1.26063948705443,1.8909592305817569,8.445520832171564,29.44543839840997,62.10904076941824,69
inferred public interview 2,age 26-64 at interview 5,INCLASS complete at interview 5,valid flags plus explicit finance-charge record,exclude fifth-only panels,FMLI interviews 2-5,2732,2222,510,-11,58,-69,1.26063948705443,1.8909592305817569,8.445520832171564,29.44543839840997,62.10904076941824,69
inferred public interview 2,age 26-64 at interview 5,INCLASS complete at interview 5,valid flags plus explicit finance-charge record,exclude fifth-only panels,consecutive FMLI interviews 2-5,2732,2222,510,-11,58,-69,1.26063948705443,1.8909592305817569,8.445520832171564,29.44543839840997,62.10904076941824,69
inferred public interview 2,age 26-64 at interview 5,INCLASS complete at interview 5,valid flags; absent balance record is zero,exclude fifth-only panels,12 MTBI nonmissing-cost months,2732,2222,510,-11,58,-69,1.26063948705443,1.8909592305817569,8.445520832171564,29.44543839840997,62.10904076941824,69
inferred public interview 2,age 26-64 at interview 5,INCLASS complete at interview 5,valid flags; absent balance record is zero,exclude fifth-only panels,12 MTBI record months,2732,2222,510,-11,58,-69,1.26063948705443,1.8909592305817569,8.445520832171564,29.44543839840997,62.10904076941824,69
inferred public interview 2,age 26-64 at interview 5,INCLASS complete at interview 5,valid flags; absent balance record is zero,exclude fifth-only panels,FMLI interviews 2-5,2732,2222,510,-11,58,-69,1.26063948705443,1.8909592305817569,8.445520832171564,29.44543839840997,62.10904076941824,69
inferred public interview 2,age 26-64 at interview 5,INCLASS complete at interview 5,valid flags; absent balance record is zero,exclude fifth-only panels,consecutive FMLI interviews 2-5,2732,2222,510,-11,58,-69,1.26063948705443,1.8909592305817569,8.445520832171564,29.44543839840997,62.10904076941824,69
inferred public interview 2,age 26-64 at interview 5,income/reporting at interview 5,valid flags plus explicit finance-charge record,exclude fifth-only panels,12 MTBI nonmissing-cost months,2732,2222,510,-11,58,-69,1.26063948705443,1.8909592305817569,8.445520832171564,29.44543839840997,62.10904076941824,69
inferred public interview 2,age 26-64 at interview 5,income/reporting at interview 5,valid flags plus explicit finance-charge record,exclude fifth-only panels,12 MTBI record months,2732,2222,510,-11,58,-69,1.26063948705443,1.8909592305817569,8.445520832171564,29.44543839840997,62.10904076941824,69
inferred public interview 2,age 26-64 at interview 5,income/reporting at interview 5,valid flags plus explicit finance-charge record,exclude fifth-only panels,FMLI interviews 2-5,2732,2222,510,-11,58,-69,1.26063948705443,1.8909592305817569,8.445520832171564,29.44543839840997,62.10904076941824,69
inferred public interview 2,age 26-64 at interview 5,income/reporting at interview 5,valid flags plus explicit finance-charge record,exclude fifth-only panels,consecutive FMLI interviews 2-5,2732,2222,510,-11,58,-69,1.26063948705443,1.8909592305817569,8.445520832171564,29.44543839840997,62.10904076941824,69
inferred public interview 2,age 26-64 at interview 5,income/reporting at interview 5,valid flags; absent balance record is zero,exclude fifth-only panels,12 MTBI nonmissing-cost months,2732,2222,510,-11,58,-69,1.26063948705443,1.8909592305817569,8.445520832171564,29.44543839840997,62.10904076941824,69
inferred public interview 2,age 26-64 at interview 5,income/reporting at interview 5,valid flags; absent balance record is zero,exclude fifth-only panels,12 MTBI record months,2732,2222,510,-11,58,-69,1.26063948705443,1.8909592305817569,8.445520832171564,29.44543839840997,62.10904076941824,69
inferred public interview 2,age 26-64 at interview 5,income/reporting at interview 5,valid flags; absent balance record is zero,exclude fifth-only panels,FMLI interviews 2-5,2732,2222,510,-11,58,-69,1.26063948705443,1.8909592305817569,8.445520832171564,29.44543839840997,62.10904076941824,69
inferred public interview 2,age 26-64 at interview 5,income/reporting at interview 5,valid flags; absent balance record is zero,exclude fifth-only panels,consecutive FMLI interviews 2-5,2732,2222,510,-11,58,-69,1.26063948705443,1.8909592305817569,8.445520832171564,29.44543839840997,62.10904076941824,69
fifth interview in 2001,age 26-64 at interview 5,income strictly above $200/month at interview 5,valid flags plus explicit finance-charge record,exclude fifth-only panels,12 MTBI nonmissing-cost months,2731,2222,509,-12,58,-70,1.2708477256980917,1.9062715885472485,8.44893380563049,29.457337782916536,62.09372841145275,70
fifth interview in 2001,age 26-64 at interview 5,income strictly above $200/month at interview 5,valid flags plus explicit finance-charge record,exclude fifth-only panels,12 MTBI record months,2731,2222,509,-12,58,-70,1.2708477256980917,1.9062715885472485,8.44893380563049,29.457337782916536,62.09372841145275,70
fifth interview in 2001,age 26-64 at interview 5,income strictly above $200/month at interview 5,valid flags plus explicit finance-charge record,exclude fifth-only panels,FMLI interviews 2-5,2731,2222,509,-12,58,-70,1.2708477256980917,1.9062715885472485,8.44893380563049,29.457337782916536,62.09372841145275,70
fifth interview in 2001,age 26-64 at interview 5,income strictly above $200/month at interview 5,valid flags plus explicit finance-charge record,exclude fifth-only panels,consecutive FMLI interviews 2-5,2731,2222,509,-12,58,-70,1.2708477256980917,1.9062715885472485,8.44893380563049,29.457337782916536,62.09372841145275,70
fifth interview in 2001,age 26-64 at interview 5,income strictly above $200/month at interview 5,valid flags; absent balance record is zero,exclude fifth-only panels,12 MTBI nonmissing-cost months,2731,2222,509,-12,58,-70,1.2708477256980917,1.9062715885472485,8.44893380563049,29.457337782916536,62.09372841145275,70
fifth interview in 2001,age 26-64 at interview 5,income strictly above $200/month at interview 5,valid flags; absent balance record is zero,exclude fifth-only panels,12 MTBI record months,2731,2222,509,-12,58,-70,1.2708477256980917,1.9062715885472485,8.44893380563049,29.457337782916536,62.09372841145275,70
fifth interview in 2001,age 26-64 at interview 5,income strictly above $200/month at interview 5,valid flags; absent balance record is zero,exclude fifth-only panels,FMLI interviews 2-5,2731,2222,509,-12,58,-70,1.2708477256980917,1.9062715885472485,8.44893380563049,29.457337782916536,62.09372841145275,70
fifth interview in 2001,age 26-64 at interview 5,income strictly above $200/month at interview 5,valid flags; absent balance record is zero,exclude fifth-only panels,consecutive FMLI interviews 2-5,2731,2222,509,-12,58,-70,1.2708477256980917,1.9062715885472485,8.44893380563049,29.457337782916536,62.09372841145275,70
inferred public interview 2,age 26-64 at interview 5,income strictly above $200/month at interview 5,valid flags plus explicit finance-charge record,exclude fifth-only panels,12 MTBI nonmissing-cost months,2731,2222,509,-12,58,-70,1.2708477256980917,1.9062715885472485,8.44893380563049,29.457337782916536,62.09372841145275,70
inferred public interview 2,age 26-64 at interview 5,income strictly above $200/month at interview 5,valid flags plus explicit finance-charge record,exclude fifth-only panels,12 MTBI record months,2731,2222,509,-12,58,-70,1.2708477256980917,1.9062715885472485,8.44893380563049,29.457337782916536,62.09372841145275,70
inferred public interview 2,age 26-64 at interview 5,income strictly above $200/month at interview 5,valid flags plus explicit finance-charge record,exclude fifth-only panels,FMLI interviews 2-5,2731,2222,509,-12,58,-70,1.2708477256980917,1.9062715885472485,8.44893380563049,29.457337782916536,62.09372841145275,70
inferred public interview 2,age 26-64 at interview 5,income strictly above $200/month at interview 5,valid flags plus explicit finance-charge record,exclude fifth-only panels,consecutive FMLI interviews 2-5,2731,2222,509,-12,58,-70,1.2708477256980917,1.9062715885472485,8.44893380563049,29.457337782916536,62.09372841145275,70
inferred public interview 2,age 26-64 at interview 5,income strictly above $200/month at interview 5,valid flags; absent balance record is zero,exclude fifth-only panels,12 MTBI nonmissing-cost months,2731,2222,509,-12,58,-70,1.2708477256980917,1.9062715885472485,8.44893380563049,29.457337782916536,62.09372841145275,70
inferred public interview 2,age 26-64 at interview 5,income strictly above $200/month at interview 5,valid flags; absent balance record is zero,exclude fifth-only panels,12 MTBI record months,2731,2222,509,-12,58,-70,1.2708477256980917,1.9062715885472485,8.44893380563049,29.457337782916536,62.09372841145275,70
inferred public interview 2,age 26-64 at interview 5,income strictly above $200/month at interview 5,valid flags; absent balance record is zero,exclude fifth-only panels,FMLI interviews 2-5,2731,2222,509,-12,58,-70,1.2708477256980917,1.9062715885472485,8.44893380563049,29.457337782916536,62.09372841145275,70
inferred public interview 2,age 26-64 at interview 5,income strictly above $200/month at interview 5,valid flags; absent balance record is zero,exclude fifth-only panels,consecutive FMLI interviews 2-5,2731,2222,509,-12,58,-70,1.2708477256980917,1.9062715885472485,8.44893380563049,29.457337782916536,62.09372841145275,70
earliest observed public interview,age 26-64 at interview 5,income strictly above $200/month at interview 5,valid flags plus explicit finance-charge record,retain fifth-only panels,12 MTBI nonmissing-cost months,2757,2222,535,14,58,-44,0.942125199375934,1.4131877990639694,8.2390930923544,29.174094706709433,62.58681220093603,72
earliest observed public interview,age 26-64 at interview 5,income strictly above $200/month at interview 5,valid flags plus explicit finance-charge record,retain fifth-only panels,12 MTBI record months,2757,2222,535,14,58,-44,0.942125199375934,1.4131877990639694,8.2390930923544,29.174094706709433,62.58681220093603,72
earliest observed public interview,age 26-64 at interview 5,income strictly above $200/month at interview 5,valid flags plus explicit finance-charge record,retain fifth-only panels,FMLI interviews 2-5,2757,2222,535,14,58,-44,0.942125199375934,1.4131877990639694,8.2390930923544,29.174094706709433,62.58681220093603,72
earliest observed public interview,age 26-64 at interview 5,income strictly above $200/month at interview 5,valid flags plus explicit finance-charge record,retain fifth-only panels,consecutive FMLI interviews 2-5,2757,2222,535,14,58,-44,0.942125199375934,1.4131877990639694,8.2390930923544,29.174094706709433,62.58681220093603,72
earliest observed public interview,age 26-64 at interview 5,income strictly above $200/month at interview 5,valid flags; absent balance record is zero,retain fifth-only panels,12 MTBI nonmissing-cost months,2757,2222,535,14,58,-44,0.942125199375934,1.4131877990639694,8.2390930923544,29.174094706709433,62.58681220093603,72
earliest observed public interview,age 26-64 at interview 5,income strictly above $200/month at interview 5,valid flags; absent balance record is zero,retain fifth-only panels,12 MTBI record months,2757,2222,535,14,58,-44,0.942125199375934,1.4131877990639694,8.2390930923544,29.174094706709433,62.58681220093603,72
earliest observed public interview,age 26-64 at interview 5,income strictly above $200/month at interview 5,valid flags; absent balance record is zero,retain fifth-only panels,FMLI interviews 2-5,2757,2222,535,14,58,-44,0.942125199375934,1.4131877990639694,8.2390930923544,29.174094706709433,62.58681220093603,72
earliest observed public interview,age 26-64 at interview 5,income strictly above $200/month at interview 5,valid flags; absent balance record is zero,retain fifth-only panels,consecutive FMLI interviews 2-5,2757,2222,535,14,58,-44,0.942125199375934,1.4131877990639694,8.2390930923544,29.174094706709433,62.58681220093603,72
earliest observed public interview,age 26-64 at interview 5,INCLASS complete at interview 5,valid flags plus explicit finance-charge record,retain fifth-only panels,12 MTBI nonmissing-cost months,2758,2222,536,15,58,-43,0.9321435883783314,1.3982153825675638,8.235795882450931,29.1624195001165,62.601784617432436,73
earliest observed public interview,age 26-64 at interview 5,INCLASS complete at interview 5,valid flags plus explicit finance-charge record,retain fifth-only panels,12 MTBI record months,2758,2222,536,15,58,-43,0.9321435883783314,1.3982153825675638,8.235795882450931,29.1624195001165,62.601784617432436,73
earliest observed public interview,age 26-64 at interview 5,INCLASS complete at interview 5,valid flags plus explicit finance-charge record,retain fifth-only panels,FMLI interviews 2-5,2758,2222,536,15,58,-43,0.9321435883783314,1.3982153825675638,8.235795882450931,29.1624195001165,62.601784617432436,73
earliest observed public interview,age 26-64 at interview 5,INCLASS complete at interview 5,valid flags plus explicit finance-charge record,retain fifth-only panels,consecutive FMLI interviews 2-5,2758,2222,536,15,58,-43,0.9321435883783314,1.3982153825675638,8.235795882450931,29.1624195001165,62.601784617432436,73
earliest observed public interview,age 26-64 at interview 5,INCLASS complete at interview 5,valid flags; absent balance record is zero,retain fifth-only panels,12 MTBI nonmissing-cost months,2758,2222,536,15,58,-43,0.9321435883783314,1.3982153825675638,8.235795882450931,29.1624195001165,62.601784617432436,73
earliest observed public interview,age 26-64 at interview 5,INCLASS complete at interview 5,valid flags; absent balance record is zero,retain fifth-only panels,12 MTBI record months,2758,2222,536,15,58,-43,0.9321435883783314,1.3982153825675638,8.235795882450931,29.1624195001165,62.601784617432436,73
earliest observed public interview,age 26-64 at interview 5,INCLASS complete at interview 5,valid flags; absent balance record is zero,retain fifth-only panels,FMLI interviews 2-5,2758,2222,536,15,58,-43,0.9321435883783314,1.3982153825675638,8.235795882450931,29.1624195001165,62.601784617432436,73
earliest observed public interview,age 26-64 at interview 5,INCLASS complete at interview 5,valid flags; absent balance record is zero,retain fifth-only panels,consecutive FMLI interviews 2-5,2758,2222,536,15,58,-43,0.9321435883783314,1.3982153825675638,8.235795882450931,29.1624195001165,62.601784617432436,73
earliest observed public interview,age 26-64 at interview 5,income/reporting at interview 5,valid flags plus explicit finance-charge record,retain fifth-only panels,12 MTBI nonmissing-cost months,2758,2222,536,15,58,-43,0.9321435883783314,1.3982153825675638,8.235795882450931,29.1624195001165,62.601784617432436,73
earliest observed public interview,age 26-64 at interview 5,income/reporting at interview 5,valid flags plus explicit finance-charge record,retain fifth-only panels,12 MTBI record months,2758,2222,536,15,58,-43,0.9321435883783314,1.3982153825675638,8.235795882450931,29.1624195001165,62.601784617432436,73
earliest observed public interview,age 26-64 at interview 5,income/reporting at interview 5,valid flags plus explicit finance-charge record,retain fifth-only panels,FMLI interviews 2-5,2758,2222,536,15,58,-43,0.9321435883783314,1.3982153825675638,8.235795882450931,29.1624195001165,62.601784617432436,73
earliest observed public interview,age 26-64 at interview 5,income/reporting at interview 5,valid flags plus explicit finance-charge record,retain fifth-only panels,consecutive FMLI interviews 2-5,2758,2222,536,15,58,-43,0.9321435883783314,1.3982153825675638,8.235795882450931,29.1624195001165,62.601784617432436,73
earliest observed public interview,age 26-64 at interview 5,income/reporting at interview 5,valid flags; absent balance record is zero,retain fifth-only panels,12 MTBI nonmissing-cost months,2758,2222,536,15,58,-43,0.9321435883783314,1.3982153825675638,8.235795882450931,29.1624195001165,62.601784617432436,73
earliest observed public interview,age 26-64 at interview 5,income/reporting at interview 5,valid flags; absent balance record is zero,retain fifth-only panels,12 MTBI record months,2758,2222,536,15,58,-43,0.9321435883783314,1.3982153825675638,8.235795882450931,29.1624195001165,62.601784617432436,73
earliest observed public interview,age 26-64 at interview 5,income/reporting at interview 5,valid flags; absent balance record is zero,retain fifth-only panels,FMLI interviews 2-5,2758,2222,536,15,58,-43,0.9321435883783314,1.3982153825675638,8.235795882450931,29.1624195001165,62.601784617432436,73
earliest observed public interview,age 26-64 at interview 5,income/reporting at interview 5,valid flags; absent balance record is zero,retain fifth-only panels,consecutive FMLI interviews 2-5,2758,2222,536,15,58,-43,0.9321435883783314,1.3982153825675638,8.235795882450931,29.1624195001165,62.601784617432436,73
inferred first interview,age 25-63 at interview 5,income strictly above $200/month at interview 5,valid flags plus explicit finance-charge record,exclude fifth-only panels,12 MTBI nonmissing-cost months,2766,2217,549,23,53,-30,0.6311527544809395,0.9467291317213338,7.473090628804764,29.47363850291672,63.053270868278666,76
inferred first interview,age 25-63 at interview 5,income strictly above $200/month at interview 5,valid flags plus explicit finance-charge record,exclude fifth-only panels,12 MTBI record months,2766,2217,549,23,53,-30,0.6311527544809395,0.9467291317213338,7.473090628804764,29.47363850291672,63.053270868278666,76
inferred first interview,age 25-63 at interview 5,income strictly above $200/month at interview 5,valid flags plus explicit finance-charge record,exclude fifth-only panels,FMLI interviews 2-5,2766,2217,549,23,53,-30,0.6311527544809395,0.9467291317213338,7.473090628804764,29.47363850291672,63.053270868278666,76
inferred first interview,age 25-63 at interview 5,income strictly above $200/month at interview 5,valid flags plus explicit finance-charge record,exclude fifth-only panels,consecutive FMLI interviews 2-5,2766,2217,549,23,53,-30,0.6311527544809395,0.9467291317213338,7.473090628804764,29.47363850291672,63.053270868278666,76
inferred first interview,age 25-63 at interview 5,income strictly above $200/month at interview 5,valid flags; absent balance record is zero,exclude fifth-only panels,12 MTBI nonmissing-cost months,2766,2217,549,23,53,-30,0.6311527544809395,0.9467291317213338,7.473090628804764,29.47363850291672,63.053270868278666,76
inferred first interview,age 25-63 at interview 5,income strictly above $200/month at interview 5,valid flags; absent balance record is zero,exclude fifth-only panels,12 MTBI record months,2766,2217,549,23,53,-30,0.6311527544809395,0.9467291317213338,7.473090628804764,29.47363850291672,63.053270868278666,76
inferred first interview,age 25-63 at interview 5,income strictly above $200/month at interview 5,valid flags; absent balance record is zero,exclude fifth-only panels,FMLI interviews 2-5,2766,2217,549,23,53,-30,0.6311527544809395,0.9467291317213338,7.473090628804764,29.47363850291672,63.053270868278666,76
inferred first interview,age 25-63 at interview 5,income strictly above $200/month at interview 5,valid flags; absent balance record is zero,exclude fifth-only panels,consecutive FMLI interviews 2-5,2766,2217,549,23,53,-30,0.6311527544809395,0.9467291317213338,7.473090628804764,29.47363850291672,63.053270868278666,76
inferred first interview,age 25-64 at interview 5,income/reporting at earliest observed interview,valid flags plus explicit finance-charge record,retain fifth-only panels,12 MTBI nonmissing-cost months,2744,2089,655,1,-75,76,0.746776043038292,1.1201640645573079,7.446404108847106,29.673759955710462,62.87983593544269,76
inferred first interview,age 25-64 at interview 5,income/reporting at earliest observed interview,valid flags plus explicit finance-charge record,retain fifth-only panels,12 MTBI record months,2744,2089,655,1,-75,76,0.746776043038292,1.1201640645573079,7.446404108847106,29.673759955710462,62.87983593544269,76
inferred first interview,age 25-64 at interview 5,income/reporting at earliest observed interview,valid flags plus explicit finance-charge record,retain fifth-only panels,FMLI interviews 2-5,2744,2089,655,1,-75,76,0.746776043038292,1.1201640645573079,7.446404108847106,29.673759955710462,62.87983593544269,76
inferred first interview,age 25-64 at interview 5,income/reporting at earliest observed interview,valid flags plus explicit finance-charge record,retain fifth-only panels,consecutive FMLI interviews 2-5,2744,2089,655,1,-75,76,0.746776043038292,1.1201640645573079,7.446404108847106,29.673759955710462,62.87983593544269,76
inferred first interview,age 25-64 at interview 5,income/reporting at earliest observed interview,valid flags; absent balance record is zero,retain fifth-only panels,12 MTBI nonmissing-cost months,2744,2089,655,1,-75,76,0.746776043038292,1.1201640645573079,7.446404108847106,29.673759955710462,62.87983593544269,76
inferred first interview,age 25-64 at interview 5,income/reporting at earliest observed interview,valid flags; absent balance record is zero,retain fifth-only panels,12 MTBI record months,2744,2089,655,1,-75,76,0.746776043038292,1.1201640645573079,7.446404108847106,29.673759955710462,62.87983593544269,76
inferred first interview,age 25-64 at interview 5,income/reporting at earliest observed interview,valid flags; absent balance record is zero,retain fifth-only panels,FMLI interviews 2-5,2744,2089,655,1,-75,76,0.746776043038292,1.1201640645573079,7.446404108847106,29.673759955710462,62.87983593544269,76
inferred first interview,age 25-64 at interview 5,income/reporting at earliest observed interview,valid flags; absent balance record is zero,retain fifth-only panels,consecutive FMLI interviews 2-5,2744,2089,655,1,-75,76,0.746776043038292,1.1201640645573079,7.446404108847106,29.673759955710462,62.87983593544269,76
fifth interview in 2001,age strictly between 25 and 64 at interview 5,INCLASS complete at interview 5,valid flags plus explicit finance-charge record,exclude fifth-only panels,12 MTBI nonmissing-cost months,2685,2182,503,-58,18,-76,1.462427002811588,2.1936405042174343,8.594820030046408,29.59882047417092,61.806359495782566,76
fifth interview in 2001,age strictly between 25 and 64 at interview 5,INCLASS complete at interview 5,valid flags plus explicit finance-charge record,exclude fifth-only panels,12 MTBI record months,2685,2182,503,-58,18,-76,1.462427002811588,2.1936405042174343,8.594820030046408,29.59882047417092,61.806359495782566,76
fifth interview in 2001,age strictly between 25 and 64 at interview 5,INCLASS complete at interview 5,valid flags plus explicit finance-charge record,exclude fifth-only panels,FMLI interviews 2-5,2685,2182,503,-58,18,-76,1.462427002811588,2.1936405042174343,8.594820030046408,29.59882047417092,61.806359495782566,76
fifth interview in 2001,age strictly between 25 and 64 at interview 5,INCLASS complete at interview 5,valid flags plus explicit finance-charge record,exclude fifth-only panels,consecutive FMLI interviews 2-5,2685,2182,503,-58,18,-76,1.462427002811588,2.1936405042174343,8.594820030046408,29.59882047417092,61.806359495782566,76
fifth interview in 2001,age strictly between 25 and 64 at interview 5,INCLASS complete at interview 5,valid flags; absent balance record is zero,exclude fifth-only panels,12 MTBI nonmissing-cost months,2685,2182,503,-58,18,-76,1.462427002811588,2.1936405042174343,8.594820030046408,29.59882047417092,61.806359495782566,76
fifth interview in 2001,age strictly between 25 and 64 at interview 5,INCLASS complete at interview 5,valid flags; absent balance record is zero,exclude fifth-only panels,12 MTBI record months,2685,2182,503,-58,18,-76,1.462427002811588,2.1936405042174343,8.594820030046408,29.59882047417092,61.806359495782566,76
fifth interview in 2001,age strictly between 25 and 64 at interview 5,INCLASS complete at interview 5,valid flags; absent balance record is zero,exclude fifth-only panels,FMLI interviews 2-5,2685,2182,503,-58,18,-76,1.462427002811588,2.1936405042174343,8.594820030046408,29.59882047417092,61.806359495782566,76
fifth interview in 2001,age strictly between 25 and 64 at interview 5,INCLASS complete at interview 5,valid flags; absent balance record is zero,exclude fifth-only panels,consecutive FMLI interviews 2-5,2685,2182,503,-58,18,-76,1.462427002811588,2.1936405042174343,8.594820030046408,29.59882047417092,61.806359495782566,76
fifth interview in 2001,age strictly between 25 and 64 at interview 5,income/reporting at interview 5,valid flags plus explicit finance-charge record,exclude fifth-only panels,12 MTBI nonmissing-cost months,2685,2182,503,-58,18,-76,1.462427002811588,2.1936405042174343,8.594820030046408,29.59882047417092,61.806359495782566,76
fifth interview in 2001,age strictly between 25 and 64 at interview 5,income/reporting at interview 5,valid flags plus explicit finance-charge record,exclude fifth-only panels,12 MTBI record months,2685,2182,503,-58,18,-76,1.462427002811588,2.1936405042174343,8.594820030046408,29.59882047417092,61.806359495782566,76
fifth interview in 2001,age strictly between 25 and 64 at interview 5,income/reporting at interview 5,valid flags plus explicit finance-charge record,exclude fifth-only panels,FMLI interviews 2-5,2685,2182,503,-58,18,-76,1.462427002811588,2.1936405042174343,8.594820030046408,29.59882047417092,61.806359495782566,76
fifth interview in 2001,age strictly between 25 and 64 at interview 5,income/reporting at interview 5,valid flags plus explicit finance-charge record,exclude fifth-only panels,consecutive FMLI interviews 2-5,2685,2182,503,-58,18,-76,1.462427002811588,2.1936405042174343,8.594820030046408,29.59882047417092,61.806359495782566,76
fifth interview in 2001,age strictly between 25 and 64 at interview 5,income/reporting at interview 5,valid flags; absent balance record is zero,exclude fifth-only panels,12 MTBI nonmissing-cost months,2685,2182,503,-58,18,-76,1.462427002811588,2.1936405042174343,8.594820030046408,29.59882047417092,61.806359495782566,76
fifth interview in 2001,age strictly between 25 and 64 at interview 5,income/reporting at interview 5,valid flags; absent balance record is zero,exclude fifth-only panels,12 MTBI record months,2685,2182,503,-58,18,-76,1.462427002811588,2.1936405042174343,8.594820030046408,29.59882047417092,61.806359495782566,76
fifth interview in 2001,age strictly between 25 and 64 at interview 5,income/reporting at interview 5,valid flags; absent balance record is zero,exclude fifth-only panels,FMLI interviews 2-5,2685,2182,503,-58,18,-76,1.462427002811588,2.1936405042174343,8.594820030046408,29.59882047417092,61.806359495782566,76
fifth interview in 2001,age strictly between 25 and 64 at interview 5,income/reporting at interview 5,valid flags; absent balance record is zero,exclude fifth-only panels,consecutive FMLI interviews 2-5,2685,2182,503,-58,18,-76,1.462427002811588,2.1936405042174343,8.594820030046408,29.59882047417092,61.806359495782566,76
inferred public interview 2,age strictly between 25 and 64 at interview 5,INCLASS complete at interview 5,valid flags plus explicit finance-charge record,exclude fifth-only panels,12 MTBI nonmissing-cost months,2685,2182,503,-58,18,-76,1.462427002811588,2.1936405042174343,8.594820030046408,29.59882047417092,61.806359495782566,76
inferred public interview 2,age strictly between 25 and 64 at interview 5,INCLASS complete at interview 5,valid flags plus explicit finance-charge record,exclude fifth-only panels,12 MTBI record months,2685,2182,503,-58,18,-76,1.462427002811588,2.1936405042174343,8.594820030046408,29.59882047417092,61.806359495782566,76
inferred public interview 2,age strictly between 25 and 64 at interview 5,INCLASS complete at interview 5,valid flags plus explicit finance-charge record,exclude fifth-only panels,FMLI interviews 2-5,2685,2182,503,-58,18,-76,1.462427002811588,2.1936405042174343,8.594820030046408,29.59882047417092,61.806359495782566,76
inferred public interview 2,age strictly between 25 and 64 at interview 5,INCLASS complete at interview 5,valid flags plus explicit finance-charge record,exclude fifth-only panels,consecutive FMLI interviews 2-5,2685,2182,503,-58,18,-76,1.462427002811588,2.1936405042174343,8.594820030046408,29.59882047417092,61.806359495782566,76
inferred public interview 2,age strictly between 25 and 64 at interview 5,INCLASS complete at interview 5,valid flags; absent balance record is zero,exclude fifth-only panels,12 MTBI nonmissing-cost months,2685,2182,503,-58,18,-76,1.462427002811588,2.1936405042174343,8.594820030046408,29.59882047417092,61.806359495782566,76
inferred public interview 2,age strictly between 25 and 64 at interview 5,INCLASS complete at interview 5,valid flags; absent balance record is zero,exclude fifth-only panels,12 MTBI record months,2685,2182,503,-58,18,-76,1.462427002811588,2.1936405042174343,8.594820030046408,29.59882047417092,61.806359495782566,76
inferred public interview 2,age strictly between 25 and 64 at interview 5,INCLASS complete at interview 5,valid flags; absent balance record is zero,exclude fifth-only panels,FMLI interviews 2-5,2685,2182,503,-58,18,-76,1.462427002811588,2.1936405042174343,8.594820030046408,29.59882047417092,61.806359495782566,76
inferred public interview 2,age strictly between 25 and 64 at interview 5,INCLASS complete at interview 5,valid flags; absent balance record is zero,exclude fifth-only panels,consecutive FMLI interviews 2-5,2685,2182,503,-58,18,-76,1.462427002811588,2.1936405042174343,8.594820030046408,29.59882047417092,61.806359495782566,76
inferred public interview 2,age strictly between 25 and 64 at interview 5,income/reporting at interview 5,valid flags plus explicit finance-charge record,exclude fifth-only panels,12 MTBI nonmissing-cost months,2685,2182,503,-58,18,-76,1.462427002811588,2.1936405042174343,8.594820030046408,29.59882047417092,61.806359495782566,76
inferred public interview 2,age strictly between 25 and 64 at interview 5,income/reporting at interview 5,valid flags plus explicit finance-charge record,exclude fifth-only panels,12 MTBI record months,2685,2182,503,-58,18,-76,1.462427002811588,2.1936405042174343,8.594820030046408,29.59882047417092,61.806359495782566,76
inferred public interview 2,age strictly between 25 and 64 at interview 5,income/reporting at interview 5,valid flags plus explicit finance-charge record,exclude fifth-only panels,FMLI interviews 2-5,2685,2182,503,-58,18,-76,1.462427002811588,2.1936405042174343,8.594820030046408,29.59882047417092,61.806359495782566,76
inferred public interview 2,age strictly between 25 and 64 at interview 5,income/reporting at interview 5,valid flags plus explicit finance-charge record,exclude fifth-only panels,consecutive FMLI interviews 2-5,2685,2182,503,-58,18,-76,1.462427002811588,2.1936405042174343,8.594820030046408,29.59882047417092,61.806359495782566,76
inferred public interview 2,age strictly between 25 and 64 at interview 5,income/reporting at interview 5,valid flags; absent balance record is zero,exclude fifth-only panels,12 MTBI nonmissing-cost months,2685,2182,503,-58,18,-76,1.462427002811588,2.1936405042174343,8.594820030046408,29.59882047417092,61.806359495782566,76
inferred public interview 2,age strictly between 25 and 64 at interview 5,income/reporting at interview 5,valid flags; absent balance record is zero,exclude fifth-only panels,12 MTBI record months,2685,2182,503,-58,18,-76,1.462427002811588,2.1936405042174343,8.594820030046408,29.59882047417092,61.806359495782566,76
inferred public interview 2,age strictly between 25 and 64 at interview 5,income/reporting at interview 5,valid flags; absent balance record is zero,exclude fifth-only panels,FMLI interviews 2-5,2685,2182,503,-58,18,-76,1.462427002811588,2.1936405042174343,8.594820030046408,29.59882047417092,61.806359495782566,76
inferred public interview 2,age strictly between 25 and 64 at interview 5,income/reporting at interview 5,valid flags; absent balance record is zero,exclude fifth-only panels,consecutive FMLI interviews 2-5,2685,2182,503,-58,18,-76,1.462427002811588,2.1936405042174343,8.594820030046408,29.59882047417092,61.806359495782566,76
fifth interview in 2001,age strictly between 25 and 64 at interview 5,income strictly above $200/month at interview 5,valid flags plus explicit finance-charge record,exclude fifth-only panels,12 MTBI nonmissing-cost months,2684,2182,502,-59,18,-77,1.4728987638390347,2.2093481457585966,8.598354763849226,29.61099338190928,61.7906518542414,77
fifth interview in 2001,age strictly between 25 and 64 at interview 5,income strictly above $200/month at interview 5,valid flags plus explicit finance-charge record,exclude fifth-only panels,12 MTBI record months,2684,2182,502,-59,18,-77,1.4728987638390347,2.2093481457585966,8.598354763849226,29.61099338190928,61.7906518542414,77
fifth interview in 2001,age strictly between 25 and 64 at interview 5,income strictly above $200/month at interview 5,valid flags plus explicit finance-charge record,exclude fifth-only panels,FMLI interviews 2-5,2684,2182,502,-59,18,-77,1.4728987638390347,2.2093481457585966,8.598354763849226,29.61099338190928,61.7906518542414,77
fifth interview in 2001,age strictly between 25 and 64 at interview 5,income strictly above $200/month at interview 5,valid flags plus explicit finance-charge record,exclude fifth-only panels,consecutive FMLI interviews 2-5,2684,2182,502,-59,18,-77,1.4728987638390347,2.2093481457585966,8.598354763849226,29.61099338190928,61.7906518542414,77
fifth interview in 2001,age strictly between 25 and 64 at interview 5,income strictly above $200/month at interview 5,valid flags; absent balance record is zero,exclude fifth-only panels,12 MTBI nonmissing-cost months,2684,2182,502,-59,18,-77,1.4728987638390347,2.2093481457585966,8.598354763849226,29.61099338190928,61.7906518542414,77
fifth interview in 2001,age strictly between 25 and 64 at interview 5,income strictly above $200/month at interview 5,valid flags; absent balance record is zero,exclude fifth-only panels,12 MTBI record months,2684,2182,502,-59,18,-77,1.4728987638390347,2.2093481457585966,8.598354763849226,29.61099338190928,61.7906518542414,77
fifth interview in 2001,age strictly between 25 and 64 at interview 5,income strictly above $200/month at interview 5,valid flags; absent balance record is zero,exclude fifth-only panels,FMLI interviews 2-5,2684,2182,502,-59,18,-77,1.4728987638390347,2.2093481457585966,8.598354763849226,29.61099338190928,61.7906518542414,77
fifth interview in 2001,age strictly between 25 and 64 at interview 5,income strictly above $200/month at interview 5,valid flags; absent balance record is zero,exclude fifth-only panels,consecutive FMLI interviews 2-5,2684,2182,502,-59,18,-77,1.4728987638390347,2.2093481457585966,8.598354763849226,29.61099338190928,61.7906518542414,77
inferred public interview 2,age strictly between 25 and 64 at interview 5,income strictly above $200/month at interview 5,valid flags plus explicit finance-charge record,exclude fifth-only panels,12 MTBI nonmissing-cost months,2684,2182,502,-59,18,-77,1.4728987638390347,2.2093481457585966,8.598354763849226,29.61099338190928,61.7906518542414,77
inferred public interview 2,age strictly between 25 and 64 at interview 5,income strictly above $200/month at interview 5,valid flags plus explicit finance-charge record,exclude fifth-only panels,12 MTBI record months,2684,2182,502,-59,18,-77,1.4728987638390347,2.2093481457585966,8.598354763849226,29.61099338190928,61.7906518542414,77
inferred public interview 2,age strictly between 25 and 64 at interview 5,income strictly above $200/month at interview 5,valid flags plus explicit finance-charge record,exclude fifth-only panels,FMLI interviews 2-5,2684,2182,502,-59,18,-77,1.4728987638390347,2.2093481457585966,8.598354763849226,29.61099338190928,61.7906518542414,77
inferred public interview 2,age strictly between 25 and 64 at interview 5,income strictly above $200/month at interview 5,valid flags plus explicit finance-charge record,exclude fifth-only panels,consecutive FMLI interviews 2-5,2684,2182,502,-59,18,-77,1.4728987638390347,2.2093481457585966,8.598354763849226,29.61099338190928,61.7906518542414,77
inferred public interview 2,age strictly between 25 and 64 at interview 5,income strictly above $200/month at interview 5,valid flags; absent balance record is zero,exclude fifth-only panels,12 MTBI nonmissing-cost months,2684,2182,502,-59,18,-77,1.4728987638390347,2.2093481457585966,8.598354763849226,29.61099338190928,61.7906518542414,77
inferred public interview 2,age strictly between 25 and 64 at interview 5,income strictly above $200/month at interview 5,valid flags; absent balance record is zero,exclude fifth-only panels,12 MTBI record months,2684,2182,502,-59,18,-77,1.4728987638390347,2.2093481457585966,8.598354763849226,29.61099338190928,61.7906518542414,77
inferred public interview 2,age strictly between 25 and 64 at interview 5,income strictly above $200/month at interview 5,valid flags; absent balance record is zero,exclude fifth-only panels,FMLI interviews 2-5,2684,2182,502,-59,18,-77,1.4728987638390347,2.2093481457585966,8.598354763849226,29.61099338190928,61.7906518542414,77
inferred public interview 2,age strictly between 25 and 64 at interview 5,income strictly above $200/month at interview 5,valid flags; absent balance record is zero,exclude fifth-only panels,consecutive FMLI interviews 2-5,2684,2182,502,-59,18,-77,1.4728987638390347,2.2093481457585966,8.598354763849226,29.61099338190928,61.7906518542414,77
inferred first interview,age 26-64 at interview 5,income strictly above $200/month at interview 5,valid flags plus explicit finance-charge record,exclude fifth-only panels,12 MTBI nonmissing-cost months,2764,2222,542,21,58,-37,0.5420315758564233,0.8130473637845412,7.33952106049919,29.47352630328554,63.18695263621546,79
inferred first interview,age 26-64 at interview 5,income strictly above $200/month at interview 5,valid flags plus explicit finance-charge record,exclude fifth-only panels,12 MTBI record months,2764,2222,542,21,58,-37,0.5420315758564233,0.8130473637845412,7.33952106049919,29.47352630328554,63.18695263621546,79
inferred first interview,age 26-64 at interview 5,income strictly above $200/month at interview 5,valid flags plus explicit finance-charge record,exclude fifth-only panels,FMLI interviews 2-5,2764,2222,542,21,58,-37,0.5420315758564233,0.8130473637845412,7.33952106049919,29.47352630328554,63.18695263621546,79
inferred first interview,age 26-64 at interview 5,income strictly above $200/month at interview 5,valid flags plus explicit finance-charge record,exclude fifth-only panels,consecutive FMLI interviews 2-5,2764,2222,542,21,58,-37,0.5420315758564233,0.8130473637845412,7.33952106049919,29.47352630328554,63.18695263621546,79
inferred first interview,age 26-64 at interview 5,income strictly above $200/month at interview 5,valid flags; absent balance record is zero,exclude fifth-only panels,12 MTBI nonmissing-cost months,2764,2222,542,21,58,-37,0.5420315758564233,0.8130473637845412,7.33952106049919,29.47352630328554,63.18695263621546,79
inferred first interview,age 26-64 at interview 5,income strictly above $200/month at interview 5,valid flags; absent balance record is zero,exclude fifth-only panels,12 MTBI record months,2764,2222,542,21,58,-37,0.5420315758564233,0.8130473637845412,7.33952106049919,29.47352630328554,63.18695263621546,79
inferred first interview,age 26-64 at interview 5,income strictly above $200/month at interview 5,valid flags; absent balance record is zero,exclude fifth-only panels,FMLI interviews 2-5,2764,2222,542,21,58,-37,0.5420315758564233,0.8130473637845412,7.33952106049919,29.47352630328554,63.18695263621546,79
inferred first interview,age 26-64 at interview 5,income strictly above $200/month at interview 5,valid flags; absent balance record is zero,exclude fifth-only panels,consecutive FMLI interviews 2-5,2764,2222,542,21,58,-37,0.5420315758564233,0.8130473637845412,7.33952106049919,29.47352630328554,63.18695263621546,79
inferred first interview,age 25-64 at earliest observed interview,income/reporting at earliest observed interview,valid flags plus explicit finance-charge record,retain fifth-only panels,12 MTBI nonmissing-cost months,2747,2088,659,4,-76,80,0.907837787368671,1.3617566810528672,7.593577617828183,29.768179063224963,62.63824331894713,80
inferred first interview,age 25-64 at earliest observed interview,income/reporting at earliest observed interview,valid flags plus explicit finance-charge record,retain fifth-only panels,12 MTBI record months,2747,2088,659,4,-76,80,0.907837787368671,1.3617566810528672,7.593577617828183,29.768179063224963,62.63824331894713,80
inferred first interview,age 25-64 at earliest observed interview,income/reporting at earliest observed interview,valid flags plus explicit finance-charge record,retain fifth-only panels,FMLI interviews 2-5,2747,2088,659,4,-76,80,0.907837787368671,1.3617566810528672,7.593577617828183,29.768179063224963,62.63824331894713,80
inferred first interview,age 25-64 at earliest observed interview,income/reporting at earliest observed interview,valid flags plus explicit finance-charge record,retain fifth-only panels,consecutive FMLI interviews 2-5,2747,2088,659,4,-76,80,0.907837787368671,1.3617566810528672,7.593577617828183,29.768179063224963,62.63824331894713,80
inferred first interview,age 25-64 at earliest observed interview,income/reporting at earliest observed interview,valid flags; absent balance record is zero,retain fifth-only panels,12 MTBI nonmissing-cost months,2747,2088,659,4,-76,80,0.907837787368671,1.3617566810528672,7.593577617828183,29.768179063224963,62.63824331894713,80
inferred first interview,age 25-64 at earliest observed interview,income/reporting at earliest observed interview,valid flags; absent balance record is zero,retain fifth-only panels,12 MTBI record months,2747,2088,659,4,-76,80,0.907837787368671,1.3617566810528672,7.593577617828183,29.768179063224963,62.63824331894713,80
inferred first interview,age 25-64 at earliest observed interview,income/reporting at earliest observed interview,valid flags; absent balance record is zero,retain fifth-only panels,FMLI interviews 2-5,2747,2088,659,4,-76,80,0.907837787368671,1.3617566810528672,7.593577617828183,29.768179063224963,62.63824331894713,80
inferred first interview,age 25-64 at earliest observed interview,income/reporting at earliest observed interview,valid flags; absent balance record is zero,retain fifth-only panels,consecutive FMLI interviews 2-5,2747,2088,659,4,-76,80,0.907837787368671,1.3617566810528672,7.593577617828183,29.768179063224963,62.63824331894713,80
inferred first interview,age 25-63 at interview 5,INCLASS complete at interview 5,valid flags plus explicit finance-charge record,exclude fifth-only panels,12 MTBI nonmissing-cost months,2769,2219,550,26,55,-29,0.5964962048488266,0.8947443072731645,7.462575833217889,29.432168474055427,63.105255692726836,81
inferred first interview,age 25-63 at interview 5,INCLASS complete at interview 5,valid flags plus explicit finance-charge record,exclude fifth-only panels,12 MTBI record months,2769,2219,550,26,55,-29,0.5964962048488266,0.8947443072731645,7.462575833217889,29.432168474055427,63.105255692726836,81
inferred first interview,age 25-63 at interview 5,INCLASS complete at interview 5,valid flags plus explicit finance-charge record,exclude fifth-only panels,FMLI interviews 2-5,2769,2219,550,26,55,-29,0.5964962048488266,0.8947443072731645,7.462575833217889,29.432168474055427,63.105255692726836,81
inferred first interview,age 25-63 at interview 5,INCLASS complete at interview 5,valid flags plus explicit finance-charge record,exclude fifth-only panels,consecutive FMLI interviews 2-5,2769,2219,550,26,55,-29,0.5964962048488266,0.8947443072731645,7.462575833217889,29.432168474055427,63.105255692726836,81
inferred first interview,age 25-63 at interview 5,INCLASS complete at interview 5,valid flags; absent balance record is zero,exclude fifth-only panels,12 MTBI nonmissing-cost months,2769,2219,550,26,55,-29,0.5964962048488266,0.8947443072731645,7.462575833217889,29.432168474055427,63.105255692726836,81
inferred first interview,age 25-63 at interview 5,INCLASS complete at interview 5,valid flags; absent balance record is zero,exclude fifth-only panels,12 MTBI record months,2769,2219,550,26,55,-29,0.5964962048488266,0.8947443072731645,7.462575833217889,29.432168474055427,63.105255692726836,81
inferred first interview,age 25-63 at interview 5,INCLASS complete at interview 5,valid flags; absent balance record is zero,exclude fifth-only panels,FMLI interviews 2-5,2769,2219,550,26,55,-29,0.5964962048488266,0.8947443072731645,7.462575833217889,29.432168474055427,63.105255692726836,81
inferred first interview,age 25-63 at interview 5,INCLASS complete at interview 5,valid flags; absent balance record is zero,exclude fifth-only panels,consecutive FMLI interviews 2-5,2769,2219,550,26,55,-29,0.5964962048488266,0.8947443072731645,7.462575833217889,29.432168474055427,63.105255692726836,81
inferred first interview,age 25-63 at interview 5,income/reporting at interview 5,valid flags plus explicit finance-charge record,exclude fifth-only panels,12 MTBI nonmissing-cost months,2769,2219,550,26,55,-29,0.5964962048488266,0.8947443072731645,7.462575833217889,29.432168474055427,63.105255692726836,81
inferred first interview,age 25-63 at interview 5,income/reporting at interview 5,valid flags plus explicit finance-charge record,exclude fifth-only panels,12 MTBI record months,2769,2219,550,26,55,-29,0.5964962048488266,0.8947443072731645,7.462575833217889,29.432168474055427,63.105255692726836,81
inferred first interview,age 25-63 at interview 5,income/reporting at interview 5,valid flags plus explicit finance-charge record,exclude fifth-only panels,FMLI interviews 2-5,2769,2219,550,26,55,-29,0.5964962048488266,0.8947443072731645,7.462575833217889,29.432168474055427,63.105255692726836,81
inferred first interview,age 25-63 at interview 5,income/reporting at interview 5,valid flags plus explicit finance-charge record,exclude fifth-only panels,consecutive FMLI interviews 2-5,2769,2219,550,26,55,-29,0.5964962048488266,0.8947443072731645,7.462575833217889,29.432168474055427,63.105255692726836,81
inferred first interview,age 25-63 at interview 5,income/reporting at interview 5,valid flags; absent balance record is zero,exclude fifth-only panels,12 MTBI nonmissing-cost months,2769,2219,550,26,55,-29,0.5964962048488266,0.8947443072731645,7.462575833217889,29.432168474055427,63.105255692726836,81
inferred first interview,age 25-63 at interview 5,income/reporting at interview 5,valid flags; absent balance record is zero,exclude fifth-only panels,12 MTBI record months,2769,2219,550,26,55,-29,0.5964962048488266,0.8947443072731645,7.462575833217889,29.432168474055427,63.105255692726836,81
inferred first interview,age 25-63 at interview 5,income/reporting at interview 5,valid flags; absent balance record is zero,exclude fifth-only panels,FMLI interviews 2-5,2769,2219,550,26,55,-29,0.5964962048488266,0.8947443072731645,7.462575833217889,29.432168474055427,63.105255692726836,81
inferred first interview,age 25-63 at interview 5,income/reporting at interview 5,valid flags; absent balance record is zero,exclude fifth-only panels,consecutive FMLI interviews 2-5,2769,2219,550,26,55,-29,0.5964962048488266,0.8947443072731645,7.462575833217889,29.432168474055427,63.105255692726836,81
inferred first interview,age 26-64 at interview 5,INCLASS complete at interview 5,valid flags plus explicit finance-charge record,exclude fifth-only panels,12 MTBI nonmissing-cost months,2767,2224,543,24,60,-36,0.507567614113376,0.7613514211699624,7.329214294644886,29.43213712652528,63.23864857883004,84
inferred first interview,age 26-64 at interview 5,INCLASS complete at interview 5,valid flags plus explicit finance-charge record,exclude fifth-only panels,12 MTBI record months,2767,2224,543,24,60,-36,0.507567614113376,0.7613514211699624,7.329214294644886,29.43213712652528,63.23864857883004,84
inferred first interview,age 26-64 at interview 5,INCLASS complete at interview 5,valid flags plus explicit finance-charge record,exclude fifth-only panels,FMLI interviews 2-5,2767,2224,543,24,60,-36,0.507567614113376,0.7613514211699624,7.329214294644886,29.43213712652528,63.23864857883004,84
inferred first interview,age 26-64 at interview 5,INCLASS complete at interview 5,valid flags plus explicit finance-charge record,exclude fifth-only panels,consecutive FMLI interviews 2-5,2767,2224,543,24,60,-36,0.507567614113376,0.7613514211699624,7.329214294644886,29.43213712652528,63.23864857883004,84
inferred first interview,age 26-64 at interview 5,INCLASS complete at interview 5,valid flags; absent balance record is zero,exclude fifth-only panels,12 MTBI nonmissing-cost months,2767,2224,543,24,60,-36,0.507567614113376,0.7613514211699624,7.329214294644886,29.43213712652528,63.23864857883004,84
inferred first interview,age 26-64 at interview 5,INCLASS complete at interview 5,valid flags; absent balance record is zero,exclude fifth-only panels,12 MTBI record months,2767,2224,543,24,60,-36,0.507567614113376,0.7613514211699624,7.329214294644886,29.43213712652528,63.23864857883004,84
inferred first interview,age 26-64 at interview 5,INCLASS complete at interview 5,valid flags; absent balance record is zero,exclude fifth-only panels,FMLI interviews 2-5,2767,2224,543,24,60,-36,0.507567614113376,0.7613514211699624,7.329214294644886,29.43213712652528,63.23864857883004,84
inferred first interview,age 26-64 at interview 5,INCLASS complete at interview 5,valid flags; absent balance record is zero,exclude fifth-only panels,consecutive FMLI interviews 2-5,2767,2224,543,24,60,-36,0.507567614113376,0.7613514211699624,7.329214294644886,29.43213712652528,63.23864857883004,84
inferred first interview,age 26-64 at interview 5,income/reporting at interview 5,valid flags plus explicit finance-charge record,exclude fifth-only panels,12 MTBI nonmissing-cost months,2767,2224,543,24,60,-36,0.507567614113376,0.7613514211699624,7.329214294644886,29.43213712652528,63.23864857883004,84
inferred first interview,age 26-64 at interview 5,income/reporting at interview 5,valid flags plus explicit finance-charge record,exclude fifth-only panels,12 MTBI record months,2767,2224,543,24,60,-36,0.507567614113376,0.7613514211699624,7.329214294644886,29.43213712652528,63.23864857883004,84
inferred first interview,age 26-64 at interview 5,income/reporting at interview 5,valid flags plus explicit finance-charge record,exclude fifth-only panels,FMLI interviews 2-5,2767,2224,543,24,60,-36,0.507567614113376,0.7613514211699624,7.329214294644886,29.43213712652528,63.23864857883004,84
inferred first interview,age 26-64 at interview 5,income/reporting at interview 5,valid flags plus explicit finance-charge record,exclude fifth-only panels,consecutive FMLI interviews 2-5,2767,2224,543,24,60,-36,0.507567614113376,0.7613514211699624,7.329214294644886,29.43213712652528,63.23864857883004,84
inferred first interview,age 26-64 at interview 5,income/reporting at interview 5,valid flags; absent balance record is zero,exclude fifth-only panels,12 MTBI nonmissing-cost months,2767,2224,543,24,60,-36,0.507567614113376,0.7613514211699624,7.329214294644886,29.43213712652528,63.23864857883004,84
inferred first interview,age 26-64 at interview 5,income/reporting at interview 5,valid flags; absent balance record is zero,exclude fifth-only panels,12 MTBI record months,2767,2224,543,24,60,-36,0.507567614113376,0.7613514211699624,7.329214294644886,29.43213712652528,63.23864857883004,84
inferred first interview,age 26-64 at interview 5,income/reporting at interview 5,valid flags; absent balance record is zero,exclude fifth-only panels,FMLI interviews 2-5,2767,2224,543,24,60,-36,0.507567614113376,0.7613514211699624,7.329214294644886,29.43213712652528,63.23864857883004,84
inferred first interview,age 26-64 at interview 5,income/reporting at interview 5,valid flags; absent balance record is zero,exclude fifth-only panels,consecutive FMLI interviews 2-5,2767,2224,543,24,60,-36,0.507567614113376,0.7613514211699624,7.329214294644886,29.43213712652528,63.23864857883004,84
earliest observed public interview,age 25-64 at earliest observed interview,INCLASS complete at interview 5,valid flags plus explicit finance-charge record,exclude fifth-only panels,12 MTBI nonmissing-cost months,2727,2255,472,-16,91,-107,1.1649888808056879,1.747483321208577,8.231895965450418,29.51558735575807,62.25251667879142,107
earliest observed public interview,age 25-64 at earliest observed interview,INCLASS complete at interview 5,valid flags plus explicit finance-charge record,exclude fifth-only panels,12 MTBI record months,2727,2255,472,-16,91,-107,1.1649888808056879,1.747483321208577,8.231895965450418,29.51558735575807,62.25251667879142,107
earliest observed public interview,age 25-64 at earliest observed interview,INCLASS complete at interview 5,valid flags plus explicit finance-charge record,exclude fifth-only panels,FMLI interviews 2-5,2727,2255,472,-16,91,-107,1.1649888808056879,1.747483321208577,8.231895965450418,29.51558735575807,62.25251667879142,107
earliest observed public interview,age 25-64 at earliest observed interview,INCLASS complete at interview 5,valid flags plus explicit finance-charge record,exclude fifth-only panels,consecutive FMLI interviews 2-5,2727,2255,472,-16,91,-107,1.1649888808056879,1.747483321208577,8.231895965450418,29.51558735575807,62.25251667879142,107
earliest observed public interview,age 25-64 at earliest observed interview,INCLASS complete at interview 5,valid flags; absent balance record is zero,exclude fifth-only panels,12 MTBI nonmissing-cost months,2727,2255,472,-16,91,-107,1.1649888808056879,1.747483321208577,8.231895965450418,29.51558735575807,62.25251667879142,107
earliest observed public interview,age 25-64 at earliest observed interview,INCLASS complete at interview 5,valid flags; absent balance record is zero,exclude fifth-only panels,12 MTBI record months,2727,2255,472,-16,91,-107,1.1649888808056879,1.747483321208577,8.231895965450418,29.51558735575807,62.25251667879142,107
earliest observed public interview,age 25-64 at earliest observed interview,INCLASS complete at interview 5,valid flags; absent balance record is zero,exclude fifth-only panels,FMLI interviews 2-5,2727,2255,472,-16,91,-107,1.1649888808056879,1.747483321208577,8.231895965450418,29.51558735575807,62.25251667879142,107
earliest observed public interview,age 25-64 at earliest observed interview,INCLASS complete at interview 5,valid flags; absent balance record is zero,exclude fifth-only panels,consecutive FMLI interviews 2-5,2727,2255,472,-16,91,-107,1.1649888808056879,1.747483321208577,8.231895965450418,29.51558735575807,62.25251667879142,107
earliest observed public interview,age 25-64 at earliest observed interview,income/reporting at interview 5,valid flags plus explicit finance-charge record,exclude fifth-only panels,12 MTBI nonmissing-cost months,2727,2255,472,-16,91,-107,1.1649888808056879,1.747483321208577,8.231895965450418,29.51558735575807,62.25251667879142,107
earliest observed public interview,age 25-64 at earliest observed interview,income/reporting at interview 5,valid flags plus explicit finance-charge record,exclude fifth-only panels,12 MTBI record months,2727,2255,472,-16,91,-107,1.1649888808056879,1.747483321208577,8.231895965450418,29.51558735575807,62.25251667879142,107
earliest observed public interview,age 25-64 at earliest observed interview,income/reporting at interview 5,valid flags plus explicit finance-charge record,exclude fifth-only panels,FMLI interviews 2-5,2727,2255,472,-16,91,-107,1.1649888808056879,1.747483321208577,8.231895965450418,29.51558735575807,62.25251667879142,107
earliest observed public interview,age 25-64 at earliest observed interview,income/reporting at interview 5,valid flags plus explicit finance-charge record,exclude fifth-only panels,consecutive FMLI interviews 2-5,2727,2255,472,-16,91,-107,1.1649888808056879,1.747483321208577,8.231895965450418,29.51558735575807,62.25251667879142,107
earliest observed public interview,age 25-64 at earliest observed interview,income/reporting at interview 5,valid flags; absent balance record is zero,exclude fifth-only panels,12 MTBI nonmissing-cost months,2727,2255,472,-16,91,-107,1.1649888808056879,1.747483321208577,8.231895965450418,29.51558735575807,62.25251667879142,107
earliest observed public interview,age 25-64 at earliest observed interview,income/reporting at interview 5,valid flags; absent balance record is zero,exclude fifth-only panels,12 MTBI record months,2727,2255,472,-16,91,-107,1.1649888808056879,1.747483321208577,8.231895965450418,29.51558735575807,62.25251667879142,107
earliest observed public interview,age 25-64 at earliest observed interview,income/reporting at interview 5,valid flags; absent balance record is zero,exclude fifth-only panels,FMLI interviews 2-5,2727,2255,472,-16,91,-107,1.1649888808056879,1.747483321208577,8.231895965450418,29.51558735575807,62.25251667879142,107
earliest observed public interview,age 25-64 at earliest observed interview,income/reporting at interview 5,valid flags; absent balance record is zero,exclude fifth-only panels,consecutive FMLI interviews 2-5,2727,2255,472,-16,91,-107,1.1649888808056879,1.747483321208577,8.231895965450418,29.51558735575807,62.25251667879142,107
earliest observed public interview,age 25-64 at earliest observed interview,income strictly above $200/month at interview 5,valid flags plus explicit finance-charge record,exclude fifth-only panels,12 MTBI nonmissing-cost months,2726,2255,471,-17,91,-108,1.1752033808334257,1.7628050712501775,8.235237302176841,29.527567769073258,62.23719492874982,108
earliest observed public interview,age 25-64 at earliest observed interview,income strictly above $200/month at interview 5,valid flags plus explicit finance-charge record,exclude fifth-only panels,12 MTBI record months,2726,2255,471,-17,91,-108,1.1752033808334257,1.7628050712501775,8.235237302176841,29.527567769073258,62.23719492874982,108
earliest observed public interview,age 25-64 at earliest observed interview,income strictly above $200/month at interview 5,valid flags plus explicit finance-charge record,exclude fifth-only panels,FMLI interviews 2-5,2726,2255,471,-17,91,-108,1.1752033808334257,1.7628050712501775,8.235237302176841,29.527567769073258,62.23719492874982,108
earliest observed public interview,age 25-64 at earliest observed interview,income strictly above $200/month at interview 5,valid flags plus explicit finance-charge record,exclude fifth-only panels,consecutive FMLI interviews 2-5,2726,2255,471,-17,91,-108,1.1752033808334257,1.7628050712501775,8.235237302176841,29.527567769073258,62.23719492874982,108
earliest observed public interview,age 25-64 at earliest observed interview,income strictly above $200/month at interview 5,valid flags; absent balance record is zero,exclude fifth-only panels,12 MTBI nonmissing-cost months,2726,2255,471,-17,91,-108,1.1752033808334257,1.7628050712501775,8.235237302176841,29.527567769073258,62.23719492874982,108
earliest observed public interview,age 25-64 at earliest observed interview,income strictly above $200/month at interview 5,valid flags; absent balance record is zero,exclude fifth-only panels,12 MTBI record months,2726,2255,471,-17,91,-108,1.1752033808334257,1.7628050712501775,8.235237302176841,29.527567769073258,62.23719492874982,108
earliest observed public interview,age 25-64 at earliest observed interview,income strictly above $200/month at interview 5,valid flags; absent balance record is zero,exclude fifth-only panels,FMLI interviews 2-5,2726,2255,471,-17,91,-108,1.1752033808334257,1.7628050712501775,8.235237302176841,29.527567769073258,62.23719492874982,108
earliest observed public interview,age 25-64 at earliest observed interview,income strictly above $200/month at interview 5,valid flags; absent balance record is zero,exclude fifth-only panels,consecutive FMLI interviews 2-5,2726,2255,471,-17,91,-108,1.1752033808334257,1.7628050712501775,8.235237302176841,29.527567769073258,62.23719492874982,108
earliest observed public interview,age 25-64 at interview 5,INCLASS complete at interview 5,valid flags plus explicit finance-charge record,exclude fifth-only panels,12 MTBI nonmissing-cost months,2718,2251,467,-25,87,-112,1.008283309398374,1.5124249640976117,8.18207117436119,29.33035378973632,62.48757503590239,112
earliest observed public interview,age 25-64 at interview 5,INCLASS complete at interview 5,valid flags plus explicit finance-charge record,exclude fifth-only panels,12 MTBI record months,2718,2251,467,-25,87,-112,1.008283309398374,1.5124249640976117,8.18207117436119,29.33035378973632,62.48757503590239,112
earliest observed public interview,age 25-64 at interview 5,INCLASS complete at interview 5,valid flags plus explicit finance-charge record,exclude fifth-only panels,FMLI interviews 2-5,2718,2251,467,-25,87,-112,1.008283309398374,1.5124249640976117,8.18207117436119,29.33035378973632,62.48757503590239,112
earliest observed public interview,age 25-64 at interview 5,INCLASS complete at interview 5,valid flags plus explicit finance-charge record,exclude fifth-only panels,consecutive FMLI interviews 2-5,2718,2251,467,-25,87,-112,1.008283309398374,1.5124249640976117,8.18207117436119,29.33035378973632,62.48757503590239,112
earliest observed public interview,age 25-64 at interview 5,INCLASS complete at interview 5,valid flags; absent balance record is zero,exclude fifth-only panels,12 MTBI nonmissing-cost months,2718,2251,467,-25,87,-112,1.008283309398374,1.5124249640976117,8.18207117436119,29.33035378973632,62.48757503590239,112
earliest observed public interview,age 25-64 at interview 5,INCLASS complete at interview 5,valid flags; absent balance record is zero,exclude fifth-only panels,12 MTBI record months,2718,2251,467,-25,87,-112,1.008283309398374,1.5124249640976117,8.18207117436119,29.33035378973632,62.48757503590239,112
earliest observed public interview,age 25-64 at interview 5,INCLASS complete at interview 5,valid flags; absent balance record is zero,exclude fifth-only panels,FMLI interviews 2-5,2718,2251,467,-25,87,-112,1.008283309398374,1.5124249640976117,8.18207117436119,29.33035378973632,62.48757503590239,112
earliest observed public interview,age 25-64 at interview 5,INCLASS complete at interview 5,valid flags; absent balance record is zero,exclude fifth-only panels,consecutive FMLI interviews 2-5,2718,2251,467,-25,87,-112,1.008283309398374,1.5124249640976117,8.18207117436119,29.33035378973632,62.48757503590239,112
earliest observed public interview,age 25-64 at interview 5,income/reporting at interview 5,valid flags plus explicit finance-charge record,exclude fifth-only panels,12 MTBI nonmissing-cost months,2718,2251,467,-25,87,-112,1.008283309398374,1.5124249640976117,8.18207117436119,29.33035378973632,62.48757503590239,112
earliest observed public interview,age 25-64 at interview 5,income/reporting at interview 5,valid flags plus explicit finance-charge record,exclude fifth-only panels,12 MTBI record months,2718,2251,467,-25,87,-112,1.008283309398374,1.5124249640976117,8.18207117436119,29.33035378973632,62.48757503590239,112
earliest observed public interview,age 25-64 at interview 5,income/reporting at interview 5,valid flags plus explicit finance-charge record,exclude fifth-only panels,FMLI interviews 2-5,2718,2251,467,-25,87,-112,1.008283309398374,1.5124249640976117,8.18207117436119,29.33035378973632,62.48757503590239,112
earliest observed public interview,age 25-64 at interview 5,income/reporting at interview 5,valid flags plus explicit finance-charge record,exclude fifth-only panels,consecutive FMLI interviews 2-5,2718,2251,467,-25,87,-112,1.008283309398374,1.5124249640976117,8.18207117436119,29.33035378973632,62.48757503590239,112
earliest observed public interview,age 25-64 at interview 5,income/reporting at interview 5,valid flags; absent balance record is zero,exclude fifth-only panels,12 MTBI nonmissing-cost months,2718,2251,467,-25,87,-112,1.008283309398374,1.5124249640976117,8.18207117436119,29.33035378973632,62.48757503590239,112
earliest observed public interview,age 25-64 at interview 5,income/reporting at interview 5,valid flags; absent balance record is zero,exclude fifth-only panels,12 MTBI record months,2718,2251,467,-25,87,-112,1.008283309398374,1.5124249640976117,8.18207117436119,29.33035378973632,62.48757503590239,112
earliest observed public interview,age 25-64 at interview 5,income/reporting at interview 5,valid flags; absent balance record is zero,exclude fifth-only panels,FMLI interviews 2-5,2718,2251,467,-25,87,-112,1.008283309398374,1.5124249640976117,8.18207117436119,29.33035378973632,62.48757503590239,112
earliest observed public interview,age 25-64 at interview 5,income/reporting at interview 5,valid flags; absent balance record is zero,exclude fifth-only panels,consecutive FMLI interviews 2-5,2718,2251,467,-25,87,-112,1.008283309398374,1.5124249640976117,8.18207117436119,29.33035378973632,62.48757503590239,112
earliest observed public interview,age 25-64 at interview 5,income strictly above $200/month at interview 5,valid flags plus explicit finance-charge record,exclude fifth-only panels,12 MTBI nonmissing-cost months,2717,2251,466,-26,87,-113,1.0184506473379968,1.5276759710070493,8.185397667493346,29.342278303513595,62.47232402899295,113
earliest observed public interview,age 25-64 at interview 5,income strictly above $200/month at interview 5,valid flags plus explicit finance-charge record,exclude fifth-only panels,12 MTBI record months,2717,2251,466,-26,87,-113,1.0184506473379968,1.5276759710070493,8.185397667493346,29.342278303513595,62.47232402899295,113
earliest observed public interview,age 25-64 at interview 5,income strictly above $200/month at interview 5,valid flags plus explicit finance-charge record,exclude fifth-only panels,FMLI interviews 2-5,2717,2251,466,-26,87,-113,1.0184506473379968,1.5276759710070493,8.185397667493346,29.342278303513595,62.47232402899295,113
earliest observed public interview,age 25-64 at interview 5,income strictly above $200/month at interview 5,valid flags plus explicit finance-charge record,exclude fifth-only panels,consecutive FMLI interviews 2-5,2717,2251,466,-26,87,-113,1.0184506473379968,1.5276759710070493,8.185397667493346,29.342278303513595,62.47232402899295,113
earliest observed public interview,age 25-64 at interview 5,income strictly above $200/month at interview 5,valid flags; absent balance record is zero,exclude fifth-only panels,12 MTBI nonmissing-cost months,2717,2251,466,-26,87,-113,1.0184506473379968,1.5276759710070493,8.185397667493346,29.342278303513595,62.47232402899295,113
earliest observed public interview,age 25-64 at interview 5,income strictly above $200/month at interview 5,valid flags; absent balance record is zero,exclude fifth-only panels,12 MTBI record months,2717,2251,466,-26,87,-113,1.0184506473379968,1.5276759710070493,8.185397667493346,29.342278303513595,62.47232402899295,113
earliest observed public interview,age 25-64 at interview 5,income strictly above $200/month at interview 5,valid flags; absent balance record is zero,exclude fifth-only panels,FMLI interviews 2-5,2717,2251,466,-26,87,-113,1.0184506473379968,1.5276759710070493,8.185397667493346,29.342278303513595,62.47232402899295,113
earliest observed public interview,age 25-64 at interview 5,income strictly above $200/month at interview 5,valid flags; absent balance record is zero,exclude fifth-only panels,consecutive FMLI interviews 2-5,2717,2251,466,-26,87,-113,1.0184506473379968,1.5276759710070493,8.185397667493346,29.342278303513595,62.47232402899295,113
earliest observed public interview,age 25-64 throughout observed panel,INCLASS complete at interview 5,valid flags plus explicit finance-charge record,exclude fifth-only panels,12 MTBI nonmissing-cost months,2665,2202,463,-78,38,-116,1.2186009719439934,1.8279014579160702,8.226143316786395,29.601758141129515,62.17209854208393,116
earliest observed public interview,age 25-64 throughout observed panel,INCLASS complete at interview 5,valid flags plus explicit finance-charge record,exclude fifth-only panels,12 MTBI record months,2665,2202,463,-78,38,-116,1.2186009719439934,1.8279014579160702,8.226143316786395,29.601758141129515,62.17209854208393,116
earliest observed public interview,age 25-64 throughout observed panel,INCLASS complete at interview 5,valid flags plus explicit finance-charge record,exclude fifth-only panels,FMLI interviews 2-5,2665,2202,463,-78,38,-116,1.2186009719439934,1.8279014579160702,8.226143316786395,29.601758141129515,62.17209854208393,116
earliest observed public interview,age 25-64 throughout observed panel,INCLASS complete at interview 5,valid flags plus explicit finance-charge record,exclude fifth-only panels,consecutive FMLI interviews 2-5,2665,2202,463,-78,38,-116,1.2186009719439934,1.8279014579160702,8.226143316786395,29.601758141129515,62.17209854208393,116
earliest observed public interview,age 25-64 throughout observed panel,INCLASS complete at interview 5,valid flags; absent balance record is zero,exclude fifth-only panels,12 MTBI nonmissing-cost months,2665,2202,463,-78,38,-116,1.2186009719439934,1.8279014579160702,8.226143316786395,29.601758141129515,62.17209854208393,116
earliest observed public interview,age 25-64 throughout observed panel,INCLASS complete at interview 5,valid flags; absent balance record is zero,exclude fifth-only panels,12 MTBI record months,2665,2202,463,-78,38,-116,1.2186009719439934,1.8279014579160702,8.226143316786395,29.601758141129515,62.17209854208393,116
earliest observed public interview,age 25-64 throughout observed panel,INCLASS complete at interview 5,valid flags; absent balance record is zero,exclude fifth-only panels,FMLI interviews 2-5,2665,2202,463,-78,38,-116,1.2186009719439934,1.8279014579160702,8.226143316786395,29.601758141129515,62.17209854208393,116
earliest observed public interview,age 25-64 throughout observed panel,INCLASS complete at interview 5,valid flags; absent balance record is zero,exclude fifth-only panels,consecutive FMLI interviews 2-5,2665,2202,463,-78,38,-116,1.2186009719439934,1.8279014579160702,8.226143316786395,29.601758141129515,62.17209854208393,116
earliest observed public interview,age 25-64 throughout observed panel,income/reporting at interview 5,valid flags plus explicit finance-charge record,exclude fifth-only panels,12 MTBI nonmissing-cost months,2665,2202,463,-78,38,-116,1.2186009719439934,1.8279014579160702,8.226143316786395,29.601758141129515,62.17209854208393,116
earliest observed public interview,age 25-64 throughout observed panel,income/reporting at interview 5,valid flags plus explicit finance-charge record,exclude fifth-only panels,12 MTBI record months,2665,2202,463,-78,38,-116,1.2186009719439934,1.8279014579160702,8.226143316786395,29.601758141129515,62.17209854208393,116
earliest observed public interview,age 25-64 throughout observed panel,income/reporting at interview 5,valid flags plus explicit finance-charge record,exclude fifth-only panels,FMLI interviews 2-5,2665,2202,463,-78,38,-116,1.2186009719439934,1.8279014579160702,8.226143316786395,29.601758141129515,62.17209854208393,116
earliest observed public interview,age 25-64 throughout observed panel,income/reporting at interview 5,valid flags plus explicit finance-charge record,exclude fifth-only panels,consecutive FMLI interviews 2-5,2665,2202,463,-78,38,-116,1.2186009719439934,1.8279014579160702,8.226143316786395,29.601758141129515,62.17209854208393,116
earliest observed public interview,age 25-64 throughout observed panel,income/reporting at interview 5,valid flags; absent balance record is zero,exclude fifth-only panels,12 MTBI nonmissing-cost months,2665,2202,463,-78,38,-116,1.2186009719439934,1.8279014579160702,8.226143316786395,29.601758141129515,62.17209854208393,116
earliest observed public interview,age 25-64 throughout observed panel,income/reporting at interview 5,valid flags; absent balance record is zero,exclude fifth-only panels,12 MTBI record months,2665,2202,463,-78,38,-116,1.2186009719439934,1.8279014579160702,8.226143316786395,29.601758141129515,62.17209854208393,116
earliest observed public interview,age 25-64 throughout observed panel,income/reporting at interview 5,valid flags; absent balance record is zero,exclude fifth-only panels,FMLI interviews 2-5,2665,2202,463,-78,38,-116,1.2186009719439934,1.8279014579160702,8.226143316786395,29.601758141129515,62.17209854208393,116
earliest observed public interview,age 25-64 throughout observed panel,income/reporting at interview 5,valid flags; absent balance record is zero,exclude fifth-only panels,consecutive FMLI interviews 2-5,2665,2202,463,-78,38,-116,1.2186009719439934,1.8279014579160702,8.226143316786395,29.601758141129515,62.17209854208393,116
fifth interview in 2001,age 25-64 at interview 5,income strictly above $200/month at interview 5,valid flags plus explicit finance-charge record,exclude fifth-only panels,12 MTBI nonmissing-cost months,2773,2251,522,30,87,-57,1.1978853691171842,1.7968280536758954,8.380258565100021,29.416569488575636,62.203171946324105,117
fifth interview in 2001,age 25-64 at interview 5,income strictly above $200/month at interview 5,valid flags plus explicit finance-charge record,exclude fifth-only panels,12 MTBI record months,2773,2251,522,30,87,-57,1.1978853691171842,1.7968280536758954,8.380258565100021,29.416569488575636,62.203171946324105,117
fifth interview in 2001,age 25-64 at interview 5,income strictly above $200/month at interview 5,valid flags plus explicit finance-charge record,exclude fifth-only panels,FMLI interviews 2-5,2773,2251,522,30,87,-57,1.1978853691171842,1.7968280536758954,8.380258565100021,29.416569488575636,62.203171946324105,117
fifth interview in 2001,age 25-64 at interview 5,income strictly above $200/month at interview 5,valid flags plus explicit finance-charge record,exclude fifth-only panels,consecutive FMLI interviews 2-5,2773,2251,522,30,87,-57,1.1978853691171842,1.7968280536758954,8.380258565100021,29.416569488575636,62.203171946324105,117
fifth interview in 2001,age 25-64 at interview 5,income strictly above $200/month at interview 5,valid flags; absent balance record is zero,exclude fifth-only panels,12 MTBI nonmissing-cost months,2773,2251,522,30,87,-57,1.1978853691171842,1.7968280536758954,8.380258565100021,29.416569488575636,62.203171946324105,117
fifth interview in 2001,age 25-64 at interview 5,income strictly above $200/month at interview 5,valid flags; absent balance record is zero,exclude fifth-only panels,12 MTBI record months,2773,2251,522,30,87,-57,1.1978853691171842,1.7968280536758954,8.380258565100021,29.416569488575636,62.203171946324105,117
fifth interview in 2001,age 25-64 at interview 5,income strictly above $200/month at interview 5,valid flags; absent balance record is zero,exclude fifth-only panels,FMLI interviews 2-5,2773,2251,522,30,87,-57,1.1978853691171842,1.7968280536758954,8.380258565100021,29.416569488575636,62.203171946324105,117
fifth interview in 2001,age 25-64 at interview 5,income strictly above $200/month at interview 5,valid flags; absent balance record is zero,exclude fifth-only panels,consecutive FMLI interviews 2-5,2773,2251,522,30,87,-57,1.1978853691171842,1.7968280536758954,8.380258565100021,29.416569488575636,62.203171946324105,117
inferred public interview 2,age 25-64 at interview 5,income strictly above $200/month at interview 5,valid flags plus explicit finance-charge record,exclude fifth-only panels,12 MTBI nonmissing-cost months,2773,2251,522,30,87,-57,1.1978853691171842,1.7968280536758954,8.380258565100021,29.416569488575636,62.203171946324105,117
inferred public interview 2,age 25-64 at interview 5,income strictly above $200/month at interview 5,valid flags plus explicit finance-charge record,exclude fifth-only panels,12 MTBI record months,2773,2251,522,30,87,-57,1.1978853691171842,1.7968280536758954,8.380258565100021,29.416569488575636,62.203171946324105,117
inferred public interview 2,age 25-64 at interview 5,income strictly above $200/month at interview 5,valid flags plus explicit finance-charge record,exclude fifth-only panels,FMLI interviews 2-5,2773,2251,522,30,87,-57,1.1978853691171842,1.7968280536758954,8.380258565100021,29.416569488575636,62.203171946324105,117
inferred public interview 2,age 25-64 at interview 5,income strictly above $200/month at interview 5,valid flags plus explicit finance-charge record,exclude fifth-only panels,consecutive FMLI interviews 2-5,2773,2251,522,30,87,-57,1.1978853691171842,1.7968280536758954,8.380258565100021,29.416569488575636,62.203171946324105,117
inferred public interview 2,age 25-64 at interview 5,income strictly above $200/month at interview 5,valid flags; absent balance record is zero,exclude fifth-only panels,12 MTBI nonmissing-cost months,2773,2251,522,30,87,-57,1.1978853691171842,1.7968280536758954,8.380258565100021,29.416569488575636,62.203171946324105,117
inferred public interview 2,age 25-64 at interview 5,income strictly above $200/month at interview 5,valid flags; absent balance record is zero,exclude fifth-only panels,12 MTBI record months,2773,2251,522,30,87,-57,1.1978853691171842,1.7968280536758954,8.380258565100021,29.416569488575636,62.203171946324105,117
inferred public interview 2,age 25-64 at interview 5,income strictly above $200/month at interview 5,valid flags; absent balance record is zero,exclude fifth-only panels,FMLI interviews 2-5,2773,2251,522,30,87,-57,1.1978853691171842,1.7968280536758954,8.380258565100021,29.416569488575636,62.203171946324105,117
inferred public interview 2,age 25-64 at interview 5,income strictly above $200/month at interview 5,valid flags; absent balance record is zero,exclude fifth-only panels,consecutive FMLI interviews 2-5,2773,2251,522,30,87,-57,1.1978853691171842,1.7968280536758954,8.380258565100021,29.416569488575636,62.203171946324105,117
earliest observed public interview,age 25-64 throughout observed panel,income strictly above $200/month at interview 5,valid flags plus explicit finance-charge record,exclude fifth-only panels,12 MTBI nonmissing-cost months,2664,2202,462,-79,38,-117,1.229067612067541,1.843601418101393,8.229557466595786,29.614043951505444,62.15639858189861,117
earliest observed public interview,age 25-64 throughout observed panel,income strictly above $200/month at interview 5,valid flags plus explicit finance-charge record,exclude fifth-only panels,12 MTBI record months,2664,2202,462,-79,38,-117,1.229067612067541,1.843601418101393,8.229557466595786,29.614043951505444,62.15639858189861,117
earliest observed public interview,age 25-64 throughout observed panel,income strictly above $200/month at interview 5,valid flags plus explicit finance-charge record,exclude fifth-only panels,FMLI interviews 2-5,2664,2202,462,-79,38,-117,1.229067612067541,1.843601418101393,8.229557466595786,29.614043951505444,62.15639858189861,117
earliest observed public interview,age 25-64 throughout observed panel,income strictly above $200/month at interview 5,valid flags plus explicit finance-charge record,exclude fifth-only panels,consecutive FMLI interviews 2-5,2664,2202,462,-79,38,-117,1.229067612067541,1.843601418101393,8.229557466595786,29.614043951505444,62.15639858189861,117
earliest observed public interview,age 25-64 throughout observed panel,income strictly above $200/month at interview 5,valid flags; absent balance record is zero,exclude fifth-only panels,12 MTBI nonmissing-cost months,2664,2202,462,-79,38,-117,1.229067612067541,1.843601418101393,8.229557466595786,29.614043951505444,62.15639858189861,117
earliest observed public interview,age 25-64 throughout observed panel,income strictly above $200/month at interview 5,valid flags; absent balance record is zero,exclude fifth-only panels,12 MTBI record months,2664,2202,462,-79,38,-117,1.229067612067541,1.843601418101393,8.229557466595786,29.614043951505444,62.15639858189861,117
earliest observed public interview,age 25-64 throughout observed panel,income strictly above $200/month at interview 5,valid flags; absent balance record is zero,exclude fifth-only panels,FMLI interviews 2-5,2664,2202,462,-79,38,-117,1.229067612067541,1.843601418101393,8.229557466595786,29.614043951505444,62.15639858189861,117
earliest observed public interview,age 25-64 throughout observed panel,income strictly above $200/month at interview 5,valid flags; absent balance record is zero,exclude fifth-only panels,consecutive FMLI interviews 2-5,2664,2202,462,-79,38,-117,1.229067612067541,1.843601418101393,8.229557466595786,29.614043951505444,62.15639858189861,117
earliest observed public interview,age 25-63 at interview 5,INCLASS complete at interview 5,valid flags plus explicit finance-charge record,exclude fifth-only panels,12 MTBI nonmissing-cost months,2672,2211,461,-71,47,-118,1.172580102889307,1.7588701543340335,8.32420961317187,29.434660541162017,62.24112984566597,118
earliest observed public interview,age 25-63 at interview 5,INCLASS complete at interview 5,valid flags plus explicit finance-charge record,exclude fifth-only panels,12 MTBI record months,2672,2211,461,-71,47,-118,1.172580102889307,1.7588701543340335,8.32420961317187,29.434660541162017,62.24112984566597,118
earliest observed public interview,age 25-63 at interview 5,INCLASS complete at interview 5,valid flags plus explicit finance-charge record,exclude fifth-only panels,FMLI interviews 2-5,2672,2211,461,-71,47,-118,1.172580102889307,1.7588701543340335,8.32420961317187,29.434660541162017,62.24112984566597,118
earliest observed public interview,age 25-63 at interview 5,INCLASS complete at interview 5,valid flags plus explicit finance-charge record,exclude fifth-only panels,consecutive FMLI interviews 2-5,2672,2211,461,-71,47,-118,1.172580102889307,1.7588701543340335,8.32420961317187,29.434660541162017,62.24112984566597,118
earliest observed public interview,age 25-63 at interview 5,INCLASS complete at interview 5,valid flags; absent balance record is zero,exclude fifth-only panels,12 MTBI nonmissing-cost months,2672,2211,461,-71,47,-118,1.172580102889307,1.7588701543340335,8.32420961317187,29.434660541162017,62.24112984566597,118
earliest observed public interview,age 25-63 at interview 5,INCLASS complete at interview 5,valid flags; absent balance record is zero,exclude fifth-only panels,12 MTBI record months,2672,2211,461,-71,47,-118,1.172580102889307,1.7588701543340335,8.32420961317187,29.434660541162017,62.24112984566597,118
earliest observed public interview,age 25-63 at interview 5,INCLASS complete at interview 5,valid flags; absent balance record is zero,exclude fifth-only panels,FMLI interviews 2-5,2672,2211,461,-71,47,-118,1.172580102889307,1.7588701543340335,8.32420961317187,29.434660541162017,62.24112984566597,118
earliest observed public interview,age 25-63 at interview 5,INCLASS complete at interview 5,valid flags; absent balance record is zero,exclude fifth-only panels,consecutive FMLI interviews 2-5,2672,2211,461,-71,47,-118,1.172580102889307,1.7588701543340335,8.32420961317187,29.434660541162017,62.24112984566597,118
earliest observed public interview,age 25-63 at interview 5,income/reporting at interview 5,valid flags plus explicit finance-charge record,exclude fifth-only panels,12 MTBI nonmissing-cost months,2672,2211,461,-71,47,-118,1.172580102889307,1.7588701543340335,8.32420961317187,29.434660541162017,62.24112984566597,118
earliest observed public interview,age 25-63 at interview 5,income/reporting at interview 5,valid flags plus explicit finance-charge record,exclude fifth-only panels,12 MTBI record months,2672,2211,461,-71,47,-118,1.172580102889307,1.7588701543340335,8.32420961317187,29.434660541162017,62.24112984566597,118
earliest observed public interview,age 25-63 at interview 5,income/reporting at interview 5,valid flags plus explicit finance-charge record,exclude fifth-only panels,FMLI interviews 2-5,2672,2211,461,-71,47,-118,1.172580102889307,1.7588701543340335,8.32420961317187,29.434660541162017,62.24112984566597,118
earliest observed public interview,age 25-63 at interview 5,income/reporting at interview 5,valid flags plus explicit finance-charge record,exclude fifth-only panels,consecutive FMLI interviews 2-5,2672,2211,461,-71,47,-118,1.172580102889307,1.7588701543340335,8.32420961317187,29.434660541162017,62.24112984566597,118
earliest observed public interview,age 25-63 at interview 5,income/reporting at interview 5,valid flags; absent balance record is zero,exclude fifth-only panels,12 MTBI nonmissing-cost months,2672,2211,461,-71,47,-118,1.172580102889307,1.7588701543340335,8.32420961317187,29.434660541162017,62.24112984566597,118
earliest observed public interview,age 25-63 at interview 5,income/reporting at interview 5,valid flags; absent balance record is zero,exclude fifth-only panels,12 MTBI record months,2672,2211,461,-71,47,-118,1.172580102889307,1.7588701543340335,8.32420961317187,29.434660541162017,62.24112984566597,118
earliest observed public interview,age 25-63 at interview 5,income/reporting at interview 5,valid flags; absent balance record is zero,exclude fifth-only panels,FMLI interviews 2-5,2672,2211,461,-71,47,-118,1.172580102889307,1.7588701543340335,8.32420961317187,29.434660541162017,62.24112984566597,118
earliest observed public interview,age 25-63 at interview 5,income/reporting at interview 5,valid flags; absent balance record is zero,exclude fifth-only panels,consecutive FMLI interviews 2-5,2672,2211,461,-71,47,-118,1.172580102889307,1.7588701543340335,8.32420961317187,29.434660541162017,62.24112984566597,118
fifth interview in 2001,age 25-64 at interview 5,INCLASS complete at interview 5,valid flags plus explicit finance-charge record,exclude fifth-only panels,12 MTBI nonmissing-cost months,2774,2251,523,31,87,-56,1.1878560323415848,1.7817840485124847,8.37692302982852,29.40486101868375,62.218215951487515,118
fifth interview in 2001,age 25-64 at interview 5,INCLASS complete at interview 5,valid flags plus explicit finance-charge record,exclude fifth-only panels,12 MTBI record months,2774,2251,523,31,87,-56,1.1878560323415848,1.7817840485124847,8.37692302982852,29.40486101868375,62.218215951487515,118
fifth interview in 2001,age 25-64 at interview 5,INCLASS complete at interview 5,valid flags plus explicit finance-charge record,exclude fifth-only panels,FMLI interviews 2-5,2774,2251,523,31,87,-56,1.1878560323415848,1.7817840485124847,8.37692302982852,29.40486101868375,62.218215951487515,118
fifth interview in 2001,age 25-64 at interview 5,INCLASS complete at interview 5,valid flags plus explicit finance-charge record,exclude fifth-only panels,consecutive FMLI interviews 2-5,2774,2251,523,31,87,-56,1.1878560323415848,1.7817840485124847,8.37692302982852,29.40486101868375,62.218215951487515,118
fifth interview in 2001,age 25-64 at interview 5,INCLASS complete at interview 5,valid flags; absent balance record is zero,exclude fifth-only panels,12 MTBI nonmissing-cost months,2774,2251,523,31,87,-56,1.1878560323415848,1.7817840485124847,8.37692302982852,29.40486101868375,62.218215951487515,118
fifth interview in 2001,age 25-64 at interview 5,INCLASS complete at interview 5,valid flags; absent balance record is zero,exclude fifth-only panels,12 MTBI record months,2774,2251,523,31,87,-56,1.1878560323415848,1.7817840485124847,8.37692302982852,29.40486101868375,62.218215951487515,118
fifth interview in 2001,age 25-64 at interview 5,INCLASS complete at interview 5,valid flags; absent balance record is zero,exclude fifth-only panels,FMLI interviews 2-5,2774,2251,523,31,87,-56,1.1878560323415848,1.7817840485124847,8.37692302982852,29.40486101868375,62.218215951487515,118
fifth interview in 2001,age 25-64 at interview 5,INCLASS complete at interview 5,valid flags; absent balance record is zero,exclude fifth-only panels,consecutive FMLI interviews 2-5,2774,2251,523,31,87,-56,1.1878560323415848,1.7817840485124847,8.37692302982852,29.40486101868375,62.218215951487515,118
fifth interview in 2001,age 25-64 at interview 5,income/reporting at interview 5,valid flags plus explicit finance-charge record,exclude fifth-only panels,12 MTBI nonmissing-cost months,2774,2251,523,31,87,-56,1.1878560323415848,1.7817840485124847,8.37692302982852,29.40486101868375,62.218215951487515,118
fifth interview in 2001,age 25-64 at interview 5,income/reporting at interview 5,valid flags plus explicit finance-charge record,exclude fifth-only panels,12 MTBI record months,2774,2251,523,31,87,-56,1.1878560323415848,1.7817840485124847,8.37692302982852,29.40486101868375,62.218215951487515,118
fifth interview in 2001,age 25-64 at interview 5,income/reporting at interview 5,valid flags plus explicit finance-charge record,exclude fifth-only panels,FMLI interviews 2-5,2774,2251,523,31,87,-56,1.1878560323415848,1.7817840485124847,8.37692302982852,29.40486101868375,62.218215951487515,118
fifth interview in 2001,age 25-64 at interview 5,income/reporting at interview 5,valid flags plus explicit finance-charge record,exclude fifth-only panels,consecutive FMLI interviews 2-5,2774,2251,523,31,87,-56,1.1878560323415848,1.7817840485124847,8.37692302982852,29.40486101868375,62.218215951487515,118
fifth interview in 2001,age 25-64 at interview 5,income/reporting at interview 5,valid flags; absent balance record is zero,exclude fifth-only panels,12 MTBI nonmissing-cost months,2774,2251,523,31,87,-56,1.1878560323415848,1.7817840485124847,8.37692302982852,29.40486101868375,62.218215951487515,118
fifth interview in 2001,age 25-64 at interview 5,income/reporting at interview 5,valid flags; absent balance record is zero,exclude fifth-only panels,12 MTBI record months,2774,2251,523,31,87,-56,1.1878560323415848,1.7817840485124847,8.37692302982852,29.40486101868375,62.218215951487515,118
fifth interview in 2001,age 25-64 at interview 5,income/reporting at interview 5,valid flags; absent balance record is zero,exclude fifth-only panels,FMLI interviews 2-5,2774,2251,523,31,87,-56,1.1878560323415848,1.7817840485124847,8.37692302982852,29.40486101868375,62.218215951487515,118
fifth interview in 2001,age 25-64 at interview 5,income/reporting at interview 5,valid flags; absent balance record is zero,exclude fifth-only panels,consecutive FMLI interviews 2-5,2774,2251,523,31,87,-56,1.1878560323415848,1.7817840485124847,8.37692302982852,29.40486101868375,62.218215951487515,118
inferred public interview 2,age 25-64 at interview 5,INCLASS complete at interview 5,valid flags plus explicit finance-charge record,exclude fifth-only panels,12 MTBI nonmissing-cost months,2774,2251,523,31,87,-56,1.1878560323415848,1.7817840485124847,8.37692302982852,29.40486101868375,62.218215951487515,118
inferred public interview 2,age 25-64 at interview 5,INCLASS complete at interview 5,valid flags plus explicit finance-charge record,exclude fifth-only panels,12 MTBI record months,2774,2251,523,31,87,-56,1.1878560323415848,1.7817840485124847,8.37692302982852,29.40486101868375,62.218215951487515,118
inferred public interview 2,age 25-64 at interview 5,INCLASS complete at interview 5,valid flags plus explicit finance-charge record,exclude fifth-only panels,FMLI interviews 2-5,2774,2251,523,31,87,-56,1.1878560323415848,1.7817840485124847,8.37692302982852,29.40486101868375,62.218215951487515,118
inferred public interview 2,age 25-64 at interview 5,INCLASS complete at interview 5,valid flags plus explicit finance-charge record,exclude fifth-only panels,consecutive FMLI interviews 2-5,2774,2251,523,31,87,-56,1.1878560323415848,1.7817840485124847,8.37692302982852,29.40486101868375,62.218215951487515,118
inferred public interview 2,age 25-64 at interview 5,INCLASS complete at interview 5,valid flags; absent balance record is zero,exclude fifth-only panels,12 MTBI nonmissing-cost months,2774,2251,523,31,87,-56,1.1878560323415848,1.7817840485124847,8.37692302982852,29.40486101868375,62.218215951487515,118
inferred public interview 2,age 25-64 at interview 5,INCLASS complete at interview 5,valid flags; absent balance record is zero,exclude fifth-only panels,12 MTBI record months,2774,2251,523,31,87,-56,1.1878560323415848,1.7817840485124847,8.37692302982852,29.40486101868375,62.218215951487515,118
inferred public interview 2,age 25-64 at interview 5,INCLASS complete at interview 5,valid flags; absent balance record is zero,exclude fifth-only panels,FMLI interviews 2-5,2774,2251,523,31,87,-56,1.1878560323415848,1.7817840485124847,8.37692302982852,29.40486101868375,62.218215951487515,118
inferred public interview 2,age 25-64 at interview 5,INCLASS complete at interview 5,valid flags; absent balance record is zero,exclude fifth-only panels,consecutive FMLI interviews 2-5,2774,2251,523,31,87,-56,1.1878560323415848,1.7817840485124847,8.37692302982852,29.40486101868375,62.218215951487515,118
inferred public interview 2,age 25-64 at interview 5,income/reporting at interview 5,valid flags plus explicit finance-charge record,exclude fifth-only panels,12 MTBI nonmissing-cost months,2774,2251,523,31,87,-56,1.1878560323415848,1.7817840485124847,8.37692302982852,29.40486101868375,62.218215951487515,118
inferred public interview 2,age 25-64 at interview 5,income/reporting at interview 5,valid flags plus explicit finance-charge record,exclude fifth-only panels,12 MTBI record months,2774,2251,523,31,87,-56,1.1878560323415848,1.7817840485124847,8.37692302982852,29.40486101868375,62.218215951487515,118
inferred public interview 2,age 25-64 at interview 5,income/reporting at interview 5,valid flags plus explicit finance-charge record,exclude fifth-only panels,FMLI interviews 2-5,2774,2251,523,31,87,-56,1.1878560323415848,1.7817840485124847,8.37692302982852,29.40486101868375,62.218215951487515,118
inferred public interview 2,age 25-64 at interview 5,income/reporting at interview 5,valid flags plus explicit finance-charge record,exclude fifth-only panels,consecutive FMLI interviews 2-5,2774,2251,523,31,87,-56,1.1878560323415848,1.7817840485124847,8.37692302982852,29.40486101868375,62.218215951487515,118
inferred public interview 2,age 25-64 at interview 5,income/reporting at interview 5,valid flags; absent balance record is zero,exclude fifth-only panels,12 MTBI nonmissing-cost months,2774,2251,523,31,87,-56,1.1878560323415848,1.7817840485124847,8.37692302982852,29.40486101868375,62.218215951487515,118
inferred public interview 2,age 25-64 at interview 5,income/reporting at interview 5,valid flags; absent balance record is zero,exclude fifth-only panels,12 MTBI record months,2774,2251,523,31,87,-56,1.1878560323415848,1.7817840485124847,8.37692302982852,29.40486101868375,62.218215951487515,118
inferred public interview 2,age 25-64 at interview 5,income/reporting at interview 5,valid flags; absent balance record is zero,exclude fifth-only panels,FMLI interviews 2-5,2774,2251,523,31,87,-56,1.1878560323415848,1.7817840485124847,8.37692302982852,29.40486101868375,62.218215951487515,118
inferred public interview 2,age 25-64 at interview 5,income/reporting at interview 5,valid flags; absent balance record is zero,exclude fifth-only panels,consecutive FMLI interviews 2-5,2774,2251,523,31,87,-56,1.1878560323415848,1.7817840485124847,8.37692302982852,29.40486101868375,62.218215951487515,118
earliest observed public interview,age 25-63 at interview 5,income strictly above $200/month at interview 5,valid flags plus explicit finance-charge record,exclude fifth-only panels,12 MTBI nonmissing-cost months,2671,2211,460,-72,47,-119,1.1829920974276955,1.7744881461416142,8.327652709774384,29.44683543636709,62.225511853858386,119
earliest observed public interview,age 25-63 at interview 5,income strictly above $200/month at interview 5,valid flags plus explicit finance-charge record,exclude fifth-only panels,12 MTBI record months,2671,2211,460,-72,47,-119,1.1829920974276955,1.7744881461416142,8.327652709774384,29.44683543636709,62.225511853858386,119
earliest observed public interview,age 25-63 at interview 5,income strictly above $200/month at interview 5,valid flags plus explicit finance-charge record,exclude fifth-only panels,FMLI interviews 2-5,2671,2211,460,-72,47,-119,1.1829920974276955,1.7744881461416142,8.327652709774384,29.44683543636709,62.225511853858386,119
earliest observed public interview,age 25-63 at interview 5,income strictly above $200/month at interview 5,valid flags plus explicit finance-charge record,exclude fifth-only panels,consecutive FMLI interviews 2-5,2671,2211,460,-72,47,-119,1.1829920974276955,1.7744881461416142,8.327652709774384,29.44683543636709,62.225511853858386,119
earliest observed public interview,age 25-63 at interview 5,income strictly above $200/month at interview 5,valid flags; absent balance record is zero,exclude fifth-only panels,12 MTBI nonmissing-cost months,2671,2211,460,-72,47,-119,1.1829920974276955,1.7744881461416142,8.327652709774384,29.44683543636709,62.225511853858386,119
earliest observed public interview,age 25-63 at interview 5,income strictly above $200/month at interview 5,valid flags; absent balance record is zero,exclude fifth-only panels,12 MTBI record months,2671,2211,460,-72,47,-119,1.1829920974276955,1.7744881461416142,8.327652709774384,29.44683543636709,62.225511853858386,119
earliest observed public interview,age 25-63 at interview 5,income strictly above $200/month at interview 5,valid flags; absent balance record is zero,exclude fifth-only panels,FMLI interviews 2-5,2671,2211,460,-72,47,-119,1.1829920974276955,1.7744881461416142,8.327652709774384,29.44683543636709,62.225511853858386,119
earliest observed public interview,age 25-63 at interview 5,income strictly above $200/month at interview 5,valid flags; absent balance record is zero,exclude fifth-only panels,consecutive FMLI interviews 2-5,2671,2211,460,-72,47,-119,1.1829920974276955,1.7744881461416142,8.327652709774384,29.44683543636709,62.225511853858386,119
earliest observed public interview,age 26-64 at interview 5,INCLASS complete at interview 5,valid flags plus explicit finance-charge record,exclude fifth-only panels,12 MTBI nonmissing-cost months,2677,2222,455,-66,58,-124,1.125033062083805,1.6875495931257873,8.254296114723143,29.433253478402484,62.31245040687421,124
earliest observed public interview,age 26-64 at interview 5,INCLASS complete at interview 5,valid flags plus explicit finance-charge record,exclude fifth-only panels,12 MTBI record months,2677,2222,455,-66,58,-124,1.125033062083805,1.6875495931257873,8.254296114723143,29.433253478402484,62.31245040687421,124
earliest observed public interview,age 26-64 at interview 5,INCLASS complete at interview 5,valid flags plus explicit finance-charge record,exclude fifth-only panels,FMLI interviews 2-5,2677,2222,455,-66,58,-124,1.125033062083805,1.6875495931257873,8.254296114723143,29.433253478402484,62.31245040687421,124
earliest observed public interview,age 26-64 at interview 5,INCLASS complete at interview 5,valid flags plus explicit finance-charge record,exclude fifth-only panels,consecutive FMLI interviews 2-5,2677,2222,455,-66,58,-124,1.125033062083805,1.6875495931257873,8.254296114723143,29.433253478402484,62.31245040687421,124
earliest observed public interview,age 26-64 at interview 5,INCLASS complete at interview 5,valid flags; absent balance record is zero,exclude fifth-only panels,12 MTBI nonmissing-cost months,2677,2222,455,-66,58,-124,1.125033062083805,1.6875495931257873,8.254296114723143,29.433253478402484,62.31245040687421,124
earliest observed public interview,age 26-64 at interview 5,INCLASS complete at interview 5,valid flags; absent balance record is zero,exclude fifth-only panels,12 MTBI record months,2677,2222,455,-66,58,-124,1.125033062083805,1.6875495931257873,8.254296114723143,29.433253478402484,62.31245040687421,124
earliest observed public interview,age 26-64 at interview 5,INCLASS complete at interview 5,valid flags; absent balance record is zero,exclude fifth-only panels,FMLI interviews 2-5,2677,2222,455,-66,58,-124,1.125033062083805,1.6875495931257873,8.254296114723143,29.433253478402484,62.31245040687421,124
earliest observed public interview,age 26-64 at interview 5,INCLASS complete at interview 5,valid flags; absent balance record is zero,exclude fifth-only panels,consecutive FMLI interviews 2-5,2677,2222,455,-66,58,-124,1.125033062083805,1.6875495931257873,8.254296114723143,29.433253478402484,62.31245040687421,124
earliest observed public interview,age 26-64 at interview 5,income/reporting at interview 5,valid flags plus explicit finance-charge record,exclude fifth-only panels,12 MTBI nonmissing-cost months,2677,2222,455,-66,58,-124,1.125033062083805,1.6875495931257873,8.254296114723143,29.433253478402484,62.31245040687421,124
earliest observed public interview,age 26-64 at interview 5,income/reporting at interview 5,valid flags plus explicit finance-charge record,exclude fifth-only panels,12 MTBI record months,2677,2222,455,-66,58,-124,1.125033062083805,1.6875495931257873,8.254296114723143,29.433253478402484,62.31245040687421,124
earliest observed public interview,age 26-64 at interview 5,income/reporting at interview 5,valid flags plus explicit finance-charge record,exclude fifth-only panels,FMLI interviews 2-5,2677,2222,455,-66,58,-124,1.125033062083805,1.6875495931257873,8.254296114723143,29.433253478402484,62.31245040687421,124
earliest observed public interview,age 26-64 at interview 5,income/reporting at interview 5,valid flags plus explicit finance-charge record,exclude fifth-only panels,consecutive FMLI interviews 2-5,2677,2222,455,-66,58,-124,1.125033062083805,1.6875495931257873,8.254296114723143,29.433253478402484,62.31245040687421,124
earliest observed public interview,age 26-64 at interview 5,income/reporting at interview 5,valid flags; absent balance record is zero,exclude fifth-only panels,12 MTBI nonmissing-cost months,2677,2222,455,-66,58,-124,1.125033062083805,1.6875495931257873,8.254296114723143,29.433253478402484,62.31245040687421,124
earliest observed public interview,age 26-64 at interview 5,income/reporting at interview 5,valid flags; absent balance record is zero,exclude fifth-only panels,12 MTBI record months,2677,2222,455,-66,58,-124,1.125033062083805,1.6875495931257873,8.254296114723143,29.433253478402484,62.31245040687421,124
earliest observed public interview,age 26-64 at interview 5,income/reporting at interview 5,valid flags; absent balance record is zero,exclude fifth-only panels,FMLI interviews 2-5,2677,2222,455,-66,58,-124,1.125033062083805,1.6875495931257873,8.254296114723143,29.433253478402484,62.31245040687421,124
earliest observed public interview,age 26-64 at interview 5,income/reporting at interview 5,valid flags; absent balance record is zero,exclude fifth-only panels,consecutive FMLI interviews 2-5,2677,2222,455,-66,58,-124,1.125033062083805,1.6875495931257873,8.254296114723143,29.433253478402484,62.31245040687421,124
earliest observed public interview,age 26-64 at interview 5,income strictly above $200/month at interview 5,valid flags plus explicit finance-charge record,exclude fifth-only panels,12 MTBI nonmissing-cost months,2676,2222,454,-67,58,-125,1.135409819790248,1.7031147296854456,8.257705178130466,29.44540955155483,62.296885270314554,125
earliest observed public interview,age 26-64 at interview 5,income strictly above $200/month at interview 5,valid flags plus explicit finance-charge record,exclude fifth-only panels,12 MTBI record months,2676,2222,454,-67,58,-125,1.135409819790248,1.7031147296854456,8.257705178130466,29.44540955155483,62.296885270314554,125
earliest observed public interview,age 26-64 at interview 5,income strictly above $200/month at interview 5,valid flags plus explicit finance-charge record,exclude fifth-only panels,FMLI interviews 2-5,2676,2222,454,-67,58,-125,1.135409819790248,1.7031147296854456,8.257705178130466,29.44540955155483,62.296885270314554,125
earliest observed public interview,age 26-64 at interview 5,income strictly above $200/month at interview 5,valid flags plus explicit finance-charge record,exclude fifth-only panels,consecutive FMLI interviews 2-5,2676,2222,454,-67,58,-125,1.135409819790248,1.7031147296854456,8.257705178130466,29.44540955155483,62.296885270314554,125
earliest observed public interview,age 26-64 at interview 5,income strictly above $200/month at interview 5,valid flags; absent balance record is zero,exclude fifth-only panels,12 MTBI nonmissing-cost months,2676,2222,454,-67,58,-125,1.135409819790248,1.7031147296854456,8.257705178130466,29.44540955155483,62.296885270314554,125
earliest observed public interview,age 26-64 at interview 5,income strictly above $200/month at interview 5,valid flags; absent balance record is zero,exclude fifth-only panels,12 MTBI record months,2676,2222,454,-67,58,-125,1.135409819790248,1.7031147296854456,8.257705178130466,29.44540955155483,62.296885270314554,125
earliest observed public interview,age 26-64 at interview 5,income strictly above $200/month at interview 5,valid flags; absent balance record is zero,exclude fifth-only panels,FMLI interviews 2-5,2676,2222,454,-67,58,-125,1.135409819790248,1.7031147296854456,8.257705178130466,29.44540955155483,62.296885270314554,125
earliest observed public interview,age 26-64 at interview 5,income strictly above $200/month at interview 5,valid flags; absent balance record is zero,exclude fifth-only panels,consecutive FMLI interviews 2-5,2676,2222,454,-67,58,-125,1.135409819790248,1.7031147296854456,8.257705178130466,29.44540955155483,62.296885270314554,125
earliest observed public interview,age strictly between 25 and 64 at interview 5,INCLASS complete at interview 5,valid flags plus explicit finance-charge record,exclude fifth-only panels,12 MTBI nonmissing-cost months,2631,2182,449,-112,18,-130,1.294040523345399,1.9410607850181805,8.400001893056267,29.54105889196175,62.05893921498182,130
earliest observed public interview,age strictly between 25 and 64 at interview 5,INCLASS complete at interview 5,valid flags plus explicit finance-charge record,exclude fifth-only panels,12 MTBI record months,2631,2182,449,-112,18,-130,1.294040523345399,1.9410607850181805,8.400001893056267,29.54105889196175,62.05893921498182,130
earliest observed public interview,age strictly between 25 and 64 at interview 5,INCLASS complete at interview 5,valid flags plus explicit finance-charge record,exclude fifth-only panels,FMLI interviews 2-5,2631,2182,449,-112,18,-130,1.294040523345399,1.9410607850181805,8.400001893056267,29.54105889196175,62.05893921498182,130
earliest observed public interview,age strictly between 25 and 64 at interview 5,INCLASS complete at interview 5,valid flags plus explicit finance-charge record,exclude fifth-only panels,consecutive FMLI interviews 2-5,2631,2182,449,-112,18,-130,1.294040523345399,1.9410607850181805,8.400001893056267,29.54105889196175,62.05893921498182,130
earliest observed public interview,age strictly between 25 and 64 at interview 5,INCLASS complete at interview 5,valid flags; absent balance record is zero,exclude fifth-only panels,12 MTBI nonmissing-cost months,2631,2182,449,-112,18,-130,1.294040523345399,1.9410607850181805,8.400001893056267,29.54105889196175,62.05893921498182,130
earliest observed public interview,age strictly between 25 and 64 at interview 5,INCLASS complete at interview 5,valid flags; absent balance record is zero,exclude fifth-only panels,12 MTBI record months,2631,2182,449,-112,18,-130,1.294040523345399,1.9410607850181805,8.400001893056267,29.54105889196175,62.05893921498182,130
earliest observed public interview,age strictly between 25 and 64 at interview 5,INCLASS complete at interview 5,valid flags; absent balance record is zero,exclude fifth-only panels,FMLI interviews 2-5,2631,2182,449,-112,18,-130,1.294040523345399,1.9410607850181805,8.400001893056267,29.54105889196175,62.05893921498182,130
earliest observed public interview,age strictly between 25 and 64 at interview 5,INCLASS complete at interview 5,valid flags; absent balance record is zero,exclude fifth-only panels,consecutive FMLI interviews 2-5,2631,2182,449,-112,18,-130,1.294040523345399,1.9410607850181805,8.400001893056267,29.54105889196175,62.05893921498182,130
earliest observed public interview,age strictly between 25 and 64 at interview 5,income/reporting at interview 5,valid flags plus explicit finance-charge record,exclude fifth-only panels,12 MTBI nonmissing-cost months,2631,2182,449,-112,18,-130,1.294040523345399,1.9410607850181805,8.400001893056267,29.54105889196175,62.05893921498182,130
earliest observed public interview,age strictly between 25 and 64 at interview 5,income/reporting at interview 5,valid flags plus explicit finance-charge record,exclude fifth-only panels,12 MTBI record months,2631,2182,449,-112,18,-130,1.294040523345399,1.9410607850181805,8.400001893056267,29.54105889196175,62.05893921498182,130
earliest observed public interview,age strictly between 25 and 64 at interview 5,income/reporting at interview 5,valid flags plus explicit finance-charge record,exclude fifth-only panels,FMLI interviews 2-5,2631,2182,449,-112,18,-130,1.294040523345399,1.9410607850181805,8.400001893056267,29.54105889196175,62.05893921498182,130
earliest observed public interview,age strictly between 25 and 64 at interview 5,income/reporting at interview 5,valid flags plus explicit finance-charge record,exclude fifth-only panels,consecutive FMLI interviews 2-5,2631,2182,449,-112,18,-130,1.294040523345399,1.9410607850181805,8.400001893056267,29.54105889196175,62.05893921498182,130
earliest observed public interview,age strictly between 25 and 64 at interview 5,income/reporting at interview 5,valid flags; absent balance record is zero,exclude fifth-only panels,12 MTBI nonmissing-cost months,2631,2182,449,-112,18,-130,1.294040523345399,1.9410607850181805,8.400001893056267,29.54105889196175,62.05893921498182,130
earliest observed public interview,age strictly between 25 and 64 at interview 5,income/reporting at interview 5,valid flags; absent balance record is zero,exclude fifth-only panels,12 MTBI record months,2631,2182,449,-112,18,-130,1.294040523345399,1.9410607850181805,8.400001893056267,29.54105889196175,62.05893921498182,130
earliest observed public interview,age strictly between 25 and 64 at interview 5,income/reporting at interview 5,valid flags; absent balance record is zero,exclude fifth-only panels,FMLI interviews 2-5,2631,2182,449,-112,18,-130,1.294040523345399,1.9410607850181805,8.400001893056267,29.54105889196175,62.05893921498182,130
earliest observed public interview,age strictly between 25 and 64 at interview 5,income/reporting at interview 5,valid flags; absent balance record is zero,exclude fifth-only panels,consecutive FMLI interviews 2-5,2631,2182,449,-112,18,-130,1.294040523345399,1.9410607850181805,8.400001893056267,29.54105889196175,62.05893921498182,130
earliest observed public interview,age strictly between 25 and 64 at interview 5,income strictly above $200/month at interview 5,valid flags plus explicit finance-charge record,exclude fifth-only panels,12 MTBI nonmissing-cost months,2630,2182,448,-113,18,-131,1.304671563284834,1.9570073449273266,8.403532398810539,29.553474946116637,62.04299265507267,131
earliest observed public interview,age strictly between 25 and 64 at interview 5,income strictly above $200/month at interview 5,valid flags plus explicit finance-charge record,exclude fifth-only panels,12 MTBI record months,2630,2182,448,-113,18,-131,1.304671563284834,1.9570073449273266,8.403532398810539,29.553474946116637,62.04299265507267,131
earliest observed public interview,age strictly between 25 and 64 at interview 5,income strictly above $200/month at interview 5,valid flags plus explicit finance-charge record,exclude fifth-only panels,FMLI interviews 2-5,2630,2182,448,-113,18,-131,1.304671563284834,1.9570073449273266,8.403532398810539,29.553474946116637,62.04299265507267,131
earliest observed public interview,age strictly between 25 and 64 at interview 5,income strictly above $200/month at interview 5,valid flags plus explicit finance-charge record,exclude fifth-only panels,consecutive FMLI interviews 2-5,2630,2182,448,-113,18,-131,1.304671563284834,1.9570073449273266,8.403532398810539,29.553474946116637,62.04299265507267,131
earliest observed public interview,age strictly between 25 and 64 at interview 5,income strictly above $200/month at interview 5,valid flags; absent balance record is zero,exclude fifth-only panels,12 MTBI nonmissing-cost months,2630,2182,448,-113,18,-131,1.304671563284834,1.9570073449273266,8.403532398810539,29.553474946116637,62.04299265507267,131
earliest observed public interview,age strictly between 25 and 64 at interview 5,income strictly above $200/month at interview 5,valid flags; absent balance record is zero,exclude fifth-only panels,12 MTBI record months,2630,2182,448,-113,18,-131,1.304671563284834,1.9570073449273266,8.403532398810539,29.553474946116637,62.04299265507267,131
earliest observed public interview,age strictly between 25 and 64 at interview 5,income strictly above $200/month at interview 5,valid flags; absent balance record is zero,exclude fifth-only panels,FMLI interviews 2-5,2630,2182,448,-113,18,-131,1.304671563284834,1.9570073449273266,8.403532398810539,29.553474946116637,62.04299265507267,131
earliest observed public interview,age strictly between 25 and 64 at interview 5,income strictly above $200/month at interview 5,valid flags; absent balance record is zero,exclude fifth-only panels,consecutive FMLI interviews 2-5,2630,2182,448,-113,18,-131,1.304671563284834,1.9570073449273266,8.403532398810539,29.553474946116637,62.04299265507267,131
fifth interview in 2001,age 25-64 at earliest observed interview,income strictly above $200/month at interview 5,valid flags plus explicit finance-charge record,exclude fifth-only panels,12 MTBI nonmissing-cost months,2783,2255,528,40,91,-51,1.3345612727470104,2.001841909120607,8.424335285729464,29.57750662339096,61.99815809087939,131
fifth interview in 2001,age 25-64 at earliest observed interview,income strictly above $200/month at interview 5,valid flags plus explicit finance-charge record,exclude fifth-only panels,12 MTBI record months,2783,2255,528,40,91,-51,1.3345612727470104,2.001841909120607,8.424335285729464,29.57750662339096,61.99815809087939,131
fifth interview in 2001,age 25-64 at earliest observed interview,income strictly above $200/month at interview 5,valid flags plus explicit finance-charge record,exclude fifth-only panels,FMLI interviews 2-5,2783,2255,528,40,91,-51,1.3345612727470104,2.001841909120607,8.424335285729464,29.57750662339096,61.99815809087939,131
fifth interview in 2001,age 25-64 at earliest observed interview,income strictly above $200/month at interview 5,valid flags plus explicit finance-charge record,exclude fifth-only panels,consecutive FMLI interviews 2-5,2783,2255,528,40,91,-51,1.3345612727470104,2.001841909120607,8.424335285729464,29.57750662339096,61.99815809087939,131
fifth interview in 2001,age 25-64 at earliest observed interview,income strictly above $200/month at interview 5,valid flags; absent balance record is zero,exclude fifth-only panels,12 MTBI nonmissing-cost months,2783,2255,528,40,91,-51,1.3345612727470104,2.001841909120607,8.424335285729464,29.57750662339096,61.99815809087939,131
fifth interview in 2001,age 25-64 at earliest observed interview,income strictly above $200/month at interview 5,valid flags; absent balance record is zero,exclude fifth-only panels,12 MTBI record months,2783,2255,528,40,91,-51,1.3345612727470104,2.001841909120607,8.424335285729464,29.57750662339096,61.99815809087939,131
fifth interview in 2001,age 25-64 at earliest observed interview,income strictly above $200/month at interview 5,valid flags; absent balance record is zero,exclude fifth-only panels,FMLI interviews 2-5,2783,2255,528,40,91,-51,1.3345612727470104,2.001841909120607,8.424335285729464,29.57750662339096,61.99815809087939,131
fifth interview in 2001,age 25-64 at earliest observed interview,income strictly above $200/month at interview 5,valid flags; absent balance record is zero,exclude fifth-only panels,consecutive FMLI interviews 2-5,2783,2255,528,40,91,-51,1.3345612727470104,2.001841909120607,8.424335285729464,29.57750662339096,61.99815809087939,131
inferred public interview 2,age 25-64 at earliest observed interview,income strictly above $200/month at interview 5,valid flags plus explicit finance-charge record,exclude fifth-only panels,12 MTBI nonmissing-cost months,2783,2255,528,40,91,-51,1.3345612727470104,2.001841909120607,8.424335285729464,29.57750662339096,61.99815809087939,131
inferred public interview 2,age 25-64 at earliest observed interview,income strictly above $200/month at interview 5,valid flags plus explicit finance-charge record,exclude fifth-only panels,12 MTBI record months,2783,2255,528,40,91,-51,1.3345612727470104,2.001841909120607,8.424335285729464,29.57750662339096,61.99815809087939,131
inferred public interview 2,age 25-64 at earliest observed interview,income strictly above $200/month at interview 5,valid flags plus explicit finance-charge record,exclude fifth-only panels,FMLI interviews 2-5,2783,2255,528,40,91,-51,1.3345612727470104,2.001841909120607,8.424335285729464,29.57750662339096,61.99815809087939,131
inferred public interview 2,age 25-64 at earliest observed interview,income strictly above $200/month at interview 5,valid flags plus explicit finance-charge record,exclude fifth-only panels,consecutive FMLI interviews 2-5,2783,2255,528,40,91,-51,1.3345612727470104,2.001841909120607,8.424335285729464,29.57750662339096,61.99815809087939,131
inferred public interview 2,age 25-64 at earliest observed interview,income strictly above $200/month at interview 5,valid flags; absent balance record is zero,exclude fifth-only panels,12 MTBI nonmissing-cost months,2783,2255,528,40,91,-51,1.3345612727470104,2.001841909120607,8.424335285729464,29.57750662339096,61.99815809087939,131
inferred public interview 2,age 25-64 at earliest observed interview,income strictly above $200/month at interview 5,valid flags; absent balance record is zero,exclude fifth-only panels,12 MTBI record months,2783,2255,528,40,91,-51,1.3345612727470104,2.001841909120607,8.424335285729464,29.57750662339096,61.99815809087939,131
inferred public interview 2,age 25-64 at earliest observed interview,income strictly above $200/month at interview 5,valid flags; absent balance record is zero,exclude fifth-only panels,FMLI interviews 2-5,2783,2255,528,40,91,-51,1.3345612727470104,2.001841909120607,8.424335285729464,29.57750662339096,61.99815809087939,131
inferred public interview 2,age 25-64 at earliest observed interview,income strictly above $200/month at interview 5,valid flags; absent balance record is zero,exclude fifth-only panels,consecutive FMLI interviews 2-5,2783,2255,528,40,91,-51,1.3345612727470104,2.001841909120607,8.424335285729464,29.57750662339096,61.99815809087939,131
fifth interview in 2001,age 25-64 at earliest observed interview,INCLASS complete at interview 5,valid flags plus explicit finance-charge record,exclude fifth-only panels,12 MTBI nonmissing-cost months,2784,2255,529,41,91,-50,1.3244982412683395,1.9867473619026015,8.420989091956677,29.56575826994574,62.0132526380974,132
fifth interview in 2001,age 25-64 at earliest observed interview,INCLASS complete at interview 5,valid flags plus explicit finance-charge record,exclude fifth-only panels,12 MTBI record months,2784,2255,529,41,91,-50,1.3244982412683395,1.9867473619026015,8.420989091956677,29.56575826994574,62.0132526380974,132
fifth interview in 2001,age 25-64 at earliest observed interview,INCLASS complete at interview 5,valid flags plus explicit finance-charge record,exclude fifth-only panels,FMLI interviews 2-5,2784,2255,529,41,91,-50,1.3244982412683395,1.9867473619026015,8.420989091956677,29.56575826994574,62.0132526380974,132
fifth interview in 2001,age 25-64 at earliest observed interview,INCLASS complete at interview 5,valid flags plus explicit finance-charge record,exclude fifth-only panels,consecutive FMLI interviews 2-5,2784,2255,529,41,91,-50,1.3244982412683395,1.9867473619026015,8.420989091956677,29.56575826994574,62.0132526380974,132
fifth interview in 2001,age 25-64 at earliest observed interview,INCLASS complete at interview 5,valid flags; absent balance record is zero,exclude fifth-only panels,12 MTBI nonmissing-cost months,2784,2255,529,41,91,-50,1.3244982412683395,1.9867473619026015,8.420989091956677,29.56575826994574,62.0132526380974,132
fifth interview in 2001,age 25-64 at earliest observed interview,INCLASS complete at interview 5,valid flags; absent balance record is zero,exclude fifth-only panels,12 MTBI record months,2784,2255,529,41,91,-50,1.3244982412683395,1.9867473619026015,8.420989091956677,29.56575826994574,62.0132526380974,132
fifth interview in 2001,age 25-64 at earliest observed interview,INCLASS complete at interview 5,valid flags; absent balance record is zero,exclude fifth-only panels,FMLI interviews 2-5,2784,2255,529,41,91,-50,1.3244982412683395,1.9867473619026015,8.420989091956677,29.56575826994574,62.0132526380974,132
fifth interview in 2001,age 25-64 at earliest observed interview,INCLASS complete at interview 5,valid flags; absent balance record is zero,exclude fifth-only panels,consecutive FMLI interviews 2-5,2784,2255,529,41,91,-50,1.3244982412683395,1.9867473619026015,8.420989091956677,29.56575826994574,62.0132526380974,132
fifth interview in 2001,age 25-64 at earliest observed interview,income/reporting at interview 5,valid flags plus explicit finance-charge record,exclude fifth-only panels,12 MTBI nonmissing-cost months,2784,2255,529,41,91,-50,1.3244982412683395,1.9867473619026015,8.420989091956677,29.56575826994574,62.0132526380974,132
fifth interview in 2001,age 25-64 at earliest observed interview,income/reporting at interview 5,valid flags plus explicit finance-charge record,exclude fifth-only panels,12 MTBI record months,2784,2255,529,41,91,-50,1.3244982412683395,1.9867473619026015,8.420989091956677,29.56575826994574,62.0132526380974,132
fifth interview in 2001,age 25-64 at earliest observed interview,income/reporting at interview 5,valid flags plus explicit finance-charge record,exclude fifth-only panels,FMLI interviews 2-5,2784,2255,529,41,91,-50,1.3244982412683395,1.9867473619026015,8.420989091956677,29.56575826994574,62.0132526380974,132
fifth interview in 2001,age 25-64 at earliest observed interview,income/reporting at interview 5,valid flags plus explicit finance-charge record,exclude fifth-only panels,consecutive FMLI interviews 2-5,2784,2255,529,41,91,-50,1.3244982412683395,1.9867473619026015,8.420989091956677,29.56575826994574,62.0132526380974,132
fifth interview in 2001,age 25-64 at earliest observed interview,income/reporting at interview 5,valid flags; absent balance record is zero,exclude fifth-only panels,12 MTBI nonmissing-cost months,2784,2255,529,41,91,-50,1.3244982412683395,1.9867473619026015,8.420989091956677,29.56575826994574,62.0132526380974,132
fifth interview in 2001,age 25-64 at earliest observed interview,income/reporting at interview 5,valid flags; absent balance record is zero,exclude fifth-only panels,12 MTBI record months,2784,2255,529,41,91,-50,1.3244982412683395,1.9867473619026015,8.420989091956677,29.56575826994574,62.0132526380974,132
fifth interview in 2001,age 25-64 at earliest observed interview,income/reporting at interview 5,valid flags; absent balance record is zero,exclude fifth-only panels,FMLI interviews 2-5,2784,2255,529,41,91,-50,1.3244982412683395,1.9867473619026015,8.420989091956677,29.56575826994574,62.0132526380974,132
fifth interview in 2001,age 25-64 at earliest observed interview,income/reporting at interview 5,valid flags; absent balance record is zero,exclude fifth-only panels,consecutive FMLI interviews 2-5,2784,2255,529,41,91,-50,1.3244982412683395,1.9867473619026015,8.420989091956677,29.56575826994574,62.0132526380974,132
inferred public interview 2,age 25-64 at earliest observed interview,INCLASS complete at interview 5,valid flags plus explicit finance-charge record,exclude fifth-only panels,12 MTBI nonmissing-cost months,2784,2255,529,41,91,-50,1.3244982412683395,1.9867473619026015,8.420989091956677,29.56575826994574,62.0132526380974,132
inferred public interview 2,age 25-64 at earliest observed interview,INCLASS complete at interview 5,valid flags plus explicit finance-charge record,exclude fifth-only panels,12 MTBI record months,2784,2255,529,41,91,-50,1.3244982412683395,1.9867473619026015,8.420989091956677,29.56575826994574,62.0132526380974,132
inferred public interview 2,age 25-64 at earliest observed interview,INCLASS complete at interview 5,valid flags plus explicit finance-charge record,exclude fifth-only panels,FMLI interviews 2-5,2784,2255,529,41,91,-50,1.3244982412683395,1.9867473619026015,8.420989091956677,29.56575826994574,62.0132526380974,132
inferred public interview 2,age 25-64 at earliest observed interview,INCLASS complete at interview 5,valid flags plus explicit finance-charge record,exclude fifth-only panels,consecutive FMLI interviews 2-5,2784,2255,529,41,91,-50,1.3244982412683395,1.9867473619026015,8.420989091956677,29.56575826994574,62.0132526380974,132
inferred public interview 2,age 25-64 at earliest observed interview,INCLASS complete at interview 5,valid flags; absent balance record is zero,exclude fifth-only panels,12 MTBI nonmissing-cost months,2784,2255,529,41,91,-50,1.3244982412683395,1.9867473619026015,8.420989091956677,29.56575826994574,62.0132526380974,132
inferred public interview 2,age 25-64 at earliest observed interview,INCLASS complete at interview 5,valid flags; absent balance record is zero,exclude fifth-only panels,12 MTBI record months,2784,2255,529,41,91,-50,1.3244982412683395,1.9867473619026015,8.420989091956677,29.56575826994574,62.0132526380974,132
inferred public interview 2,age 25-64 at earliest observed interview,INCLASS complete at interview 5,valid flags; absent balance record is zero,exclude fifth-only panels,FMLI interviews 2-5,2784,2255,529,41,91,-50,1.3244982412683395,1.9867473619026015,8.420989091956677,29.56575826994574,62.0132526380974,132
inferred public interview 2,age 25-64 at earliest observed interview,INCLASS complete at interview 5,valid flags; absent balance record is zero,exclude fifth-only panels,consecutive FMLI interviews 2-5,2784,2255,529,41,91,-50,1.3244982412683395,1.9867473619026015,8.420989091956677,29.56575826994574,62.0132526380974,132
inferred public interview 2,age 25-64 at earliest observed interview,income/reporting at interview 5,valid flags plus explicit finance-charge record,exclude fifth-only panels,12 MTBI nonmissing-cost months,2784,2255,529,41,91,-50,1.3244982412683395,1.9867473619026015,8.420989091956677,29.56575826994574,62.0132526380974,132
inferred public interview 2,age 25-64 at earliest observed interview,income/reporting at interview 5,valid flags plus explicit finance-charge record,exclude fifth-only panels,12 MTBI record months,2784,2255,529,41,91,-50,1.3244982412683395,1.9867473619026015,8.420989091956677,29.56575826994574,62.0132526380974,132
inferred public interview 2,age 25-64 at earliest observed interview,income/reporting at interview 5,valid flags plus explicit finance-charge record,exclude fifth-only panels,FMLI interviews 2-5,2784,2255,529,41,91,-50,1.3244982412683395,1.9867473619026015,8.420989091956677,29.56575826994574,62.0132526380974,132
inferred public interview 2,age 25-64 at earliest observed interview,income/reporting at interview 5,valid flags plus explicit finance-charge record,exclude fifth-only panels,consecutive FMLI interviews 2-5,2784,2255,529,41,91,-50,1.3244982412683395,1.9867473619026015,8.420989091956677,29.56575826994574,62.0132526380974,132
inferred public interview 2,age 25-64 at earliest observed interview,income/reporting at interview 5,valid flags; absent balance record is zero,exclude fifth-only panels,12 MTBI nonmissing-cost months,2784,2255,529,41,91,-50,1.3244982412683395,1.9867473619026015,8.420989091956677,29.56575826994574,62.0132526380974,132
inferred public interview 2,age 25-64 at earliest observed interview,income/reporting at interview 5,valid flags; absent balance record is zero,exclude fifth-only panels,12 MTBI record months,2784,2255,529,41,91,-50,1.3244982412683395,1.9867473619026015,8.420989091956677,29.56575826994574,62.0132526380974,132
inferred public interview 2,age 25-64 at earliest observed interview,income/reporting at interview 5,valid flags; absent balance record is zero,exclude fifth-only panels,FMLI interviews 2-5,2784,2255,529,41,91,-50,1.3244982412683395,1.9867473619026015,8.420989091956677,29.56575826994574,62.0132526380974,132
inferred public interview 2,age 25-64 at earliest observed interview,income/reporting at interview 5,valid flags; absent balance record is zero,exclude fifth-only panels,consecutive FMLI interviews 2-5,2784,2255,529,41,91,-50,1.3244982412683395,1.9867473619026015,8.420989091956677,29.56575826994574,62.0132526380974,132
fifth interview in 2001,age strictly between 25 and 64 at interview 5,income strictly above $200/month at interview 5,valid flags plus explicit finance-charge record,retain fifth-only panels,12 MTBI nonmissing-cost months,2860,2182,678,117,18,99,1.1872143835601054,1.7808215753402692,8.672681596003047,29.108139979337,62.21917842465973,135
fifth interview in 2001,age strictly between 25 and 64 at interview 5,income strictly above $200/month at interview 5,valid flags plus explicit finance-charge record,retain fifth-only panels,12 MTBI record months,2860,2182,678,117,18,99,1.1872143835601054,1.7808215753402692,8.672681596003047,29.108139979337,62.21917842465973,135
fifth interview in 2001,age strictly between 25 and 64 at interview 5,income strictly above $200/month at interview 5,valid flags plus explicit finance-charge record,retain fifth-only panels,FMLI interviews 2-5,2860,2182,678,117,18,99,1.1872143835601054,1.7808215753402692,8.672681596003047,29.108139979337,62.21917842465973,135
fifth interview in 2001,age strictly between 25 and 64 at interview 5,income strictly above $200/month at interview 5,valid flags plus explicit finance-charge record,retain fifth-only panels,consecutive FMLI interviews 2-5,2860,2182,678,117,18,99,1.1872143835601054,1.7808215753402692,8.672681596003047,29.108139979337,62.21917842465973,135
fifth interview in 2001,age strictly between 25 and 64 at interview 5,income strictly above $200/month at interview 5,valid flags; absent balance record is zero,retain fifth-only panels,12 MTBI nonmissing-cost months,2860,2182,678,117,18,99,1.1872143835601054,1.7808215753402692,8.672681596003047,29.108139979337,62.21917842465973,135
fifth interview in 2001,age strictly between 25 and 64 at interview 5,income strictly above $200/month at interview 5,valid flags; absent balance record is zero,retain fifth-only panels,12 MTBI record months,2860,2182,678,117,18,99,1.1872143835601054,1.7808215753402692,8.672681596003047,29.108139979337,62.21917842465973,135
fifth interview in 2001,age strictly between 25 and 64 at interview 5,income strictly above $200/month at interview 5,valid flags; absent balance record is zero,retain fifth-only panels,FMLI interviews 2-5,2860,2182,678,117,18,99,1.1872143835601054,1.7808215753402692,8.672681596003047,29.108139979337,62.21917842465973,135
fifth interview in 2001,age strictly between 25 and 64 at interview 5,income strictly above $200/month at interview 5,valid flags; absent balance record is zero,retain fifth-only panels,consecutive FMLI interviews 2-5,2860,2182,678,117,18,99,1.1872143835601054,1.7808215753402692,8.672681596003047,29.108139979337,62.21917842465973,135
inferred public interview 2,age strictly between 25 and 64 at interview 5,income strictly above $200/month at interview 5,valid flags plus explicit finance-charge record,retain fifth-only panels,12 MTBI nonmissing-cost months,2860,2182,678,117,18,99,1.1872143835601054,1.7808215753402692,8.672681596003047,29.108139979337,62.21917842465973,135
inferred public interview 2,age strictly between 25 and 64 at interview 5,income strictly above $200/month at interview 5,valid flags plus explicit finance-charge record,retain fifth-only panels,12 MTBI record months,2860,2182,678,117,18,99,1.1872143835601054,1.7808215753402692,8.672681596003047,29.108139979337,62.21917842465973,135
inferred public interview 2,age strictly between 25 and 64 at interview 5,income strictly above $200/month at interview 5,valid flags plus explicit finance-charge record,retain fifth-only panels,FMLI interviews 2-5,2860,2182,678,117,18,99,1.1872143835601054,1.7808215753402692,8.672681596003047,29.108139979337,62.21917842465973,135
inferred public interview 2,age strictly between 25 and 64 at interview 5,income strictly above $200/month at interview 5,valid flags plus explicit finance-charge record,retain fifth-only panels,consecutive FMLI interviews 2-5,2860,2182,678,117,18,99,1.1872143835601054,1.7808215753402692,8.672681596003047,29.108139979337,62.21917842465973,135
inferred public interview 2,age strictly between 25 and 64 at interview 5,income strictly above $200/month at interview 5,valid flags; absent balance record is zero,retain fifth-only panels,12 MTBI nonmissing-cost months,2860,2182,678,117,18,99,1.1872143835601054,1.7808215753402692,8.672681596003047,29.108139979337,62.21917842465973,135
inferred public interview 2,age strictly between 25 and 64 at interview 5,income strictly above $200/month at interview 5,valid flags; absent balance record is zero,retain fifth-only panels,12 MTBI record months,2860,2182,678,117,18,99,1.1872143835601054,1.7808215753402692,8.672681596003047,29.108139979337,62.21917842465973,135
inferred public interview 2,age strictly between 25 and 64 at interview 5,income strictly above $200/month at interview 5,valid flags; absent balance record is zero,retain fifth-only panels,FMLI interviews 2-5,2860,2182,678,117,18,99,1.1872143835601054,1.7808215753402692,8.672681596003047,29.108139979337,62.21917842465973,135
inferred public interview 2,age strictly between 25 and 64 at interview 5,income strictly above $200/month at interview 5,valid flags; absent balance record is zero,retain fifth-only panels,consecutive FMLI interviews 2-5,2860,2182,678,117,18,99,1.1872143835601054,1.7808215753402692,8.672681596003047,29.108139979337,62.21917842465973,135
fifth interview in 2001,age strictly between 25 and 64 at interview 5,INCLASS complete at interview 5,valid flags plus explicit finance-charge record,retain fifth-only panels,12 MTBI nonmissing-cost months,2862,2182,680,119,18,101,1.1662511480976339,1.7493767221465575,8.665463351713726,29.08391337043262,62.25062327785344,137
fifth interview in 2001,age strictly between 25 and 64 at interview 5,INCLASS complete at interview 5,valid flags plus explicit finance-charge record,retain fifth-only panels,12 MTBI record months,2862,2182,680,119,18,101,1.1662511480976339,1.7493767221465575,8.665463351713726,29.08391337043262,62.25062327785344,137
fifth interview in 2001,age strictly between 25 and 64 at interview 5,INCLASS complete at interview 5,valid flags plus explicit finance-charge record,retain fifth-only panels,FMLI interviews 2-5,2862,2182,680,119,18,101,1.1662511480976339,1.7493767221465575,8.665463351713726,29.08391337043262,62.25062327785344,137
fifth interview in 2001,age strictly between 25 and 64 at interview 5,INCLASS complete at interview 5,valid flags plus explicit finance-charge record,retain fifth-only panels,consecutive FMLI interviews 2-5,2862,2182,680,119,18,101,1.1662511480976339,1.7493767221465575,8.665463351713726,29.08391337043262,62.25062327785344,137
fifth interview in 2001,age strictly between 25 and 64 at interview 5,INCLASS complete at interview 5,valid flags; absent balance record is zero,retain fifth-only panels,12 MTBI nonmissing-cost months,2862,2182,680,119,18,101,1.1662511480976339,1.7493767221465575,8.665463351713726,29.08391337043262,62.25062327785344,137
fifth interview in 2001,age strictly between 25 and 64 at interview 5,INCLASS complete at interview 5,valid flags; absent balance record is zero,retain fifth-only panels,12 MTBI record months,2862,2182,680,119,18,101,1.1662511480976339,1.7493767221465575,8.665463351713726,29.08391337043262,62.25062327785344,137
fifth interview in 2001,age strictly between 25 and 64 at interview 5,INCLASS complete at interview 5,valid flags; absent balance record is zero,retain fifth-only panels,FMLI interviews 2-5,2862,2182,680,119,18,101,1.1662511480976339,1.7493767221465575,8.665463351713726,29.08391337043262,62.25062327785344,137
fifth interview in 2001,age strictly between 25 and 64 at interview 5,INCLASS complete at interview 5,valid flags; absent balance record is zero,retain fifth-only panels,consecutive FMLI interviews 2-5,2862,2182,680,119,18,101,1.1662511480976339,1.7493767221465575,8.665463351713726,29.08391337043262,62.25062327785344,137
fifth interview in 2001,age strictly between 25 and 64 at interview 5,income/reporting at interview 5,valid flags plus explicit finance-charge record,retain fifth-only panels,12 MTBI nonmissing-cost months,2862,2182,680,119,18,101,1.1662511480976339,1.7493767221465575,8.665463351713726,29.08391337043262,62.25062327785344,137
fifth interview in 2001,age strictly between 25 and 64 at interview 5,income/reporting at interview 5,valid flags plus explicit finance-charge record,retain fifth-only panels,12 MTBI record months,2862,2182,680,119,18,101,1.1662511480976339,1.7493767221465575,8.665463351713726,29.08391337043262,62.25062327785344,137
fifth interview in 2001,age strictly between 25 and 64 at interview 5,income/reporting at interview 5,valid flags plus explicit finance-charge record,retain fifth-only panels,FMLI interviews 2-5,2862,2182,680,119,18,101,1.1662511480976339,1.7493767221465575,8.665463351713726,29.08391337043262,62.25062327785344,137
fifth interview in 2001,age strictly between 25 and 64 at interview 5,income/reporting at interview 5,valid flags plus explicit finance-charge record,retain fifth-only panels,consecutive FMLI interviews 2-5,2862,2182,680,119,18,101,1.1662511480976339,1.7493767221465575,8.665463351713726,29.08391337043262,62.25062327785344,137
fifth interview in 2001,age strictly between 25 and 64 at interview 5,income/reporting at interview 5,valid flags; absent balance record is zero,retain fifth-only panels,12 MTBI nonmissing-cost months,2862,2182,680,119,18,101,1.1662511480976339,1.7493767221465575,8.665463351713726,29.08391337043262,62.25062327785344,137
fifth interview in 2001,age strictly between 25 and 64 at interview 5,income/reporting at interview 5,valid flags; absent balance record is zero,retain fifth-only panels,12 MTBI record months,2862,2182,680,119,18,101,1.1662511480976339,1.7493767221465575,8.665463351713726,29.08391337043262,62.25062327785344,137
fifth interview in 2001,age strictly between 25 and 64 at interview 5,income/reporting at interview 5,valid flags; absent balance record is zero,retain fifth-only panels,FMLI interviews 2-5,2862,2182,680,119,18,101,1.1662511480976339,1.7493767221465575,8.665463351713726,29.08391337043262,62.25062327785344,137
fifth interview in 2001,age strictly between 25 and 64 at interview 5,income/reporting at interview 5,valid flags; absent balance record is zero,retain fifth-only panels,consecutive FMLI interviews 2-5,2862,2182,680,119,18,101,1.1662511480976339,1.7493767221465575,8.665463351713726,29.08391337043262,62.25062327785344,137
inferred public interview 2,age strictly between 25 and 64 at interview 5,INCLASS complete at interview 5,valid flags plus explicit finance-charge record,retain fifth-only panels,12 MTBI nonmissing-cost months,2862,2182,680,119,18,101,1.1662511480976339,1.7493767221465575,8.665463351713726,29.08391337043262,62.25062327785344,137
inferred public interview 2,age strictly between 25 and 64 at interview 5,INCLASS complete at interview 5,valid flags plus explicit finance-charge record,retain fifth-only panels,12 MTBI record months,2862,2182,680,119,18,101,1.1662511480976339,1.7493767221465575,8.665463351713726,29.08391337043262,62.25062327785344,137
inferred public interview 2,age strictly between 25 and 64 at interview 5,INCLASS complete at interview 5,valid flags plus explicit finance-charge record,retain fifth-only panels,FMLI interviews 2-5,2862,2182,680,119,18,101,1.1662511480976339,1.7493767221465575,8.665463351713726,29.08391337043262,62.25062327785344,137
inferred public interview 2,age strictly between 25 and 64 at interview 5,INCLASS complete at interview 5,valid flags plus explicit finance-charge record,retain fifth-only panels,consecutive FMLI interviews 2-5,2862,2182,680,119,18,101,1.1662511480976339,1.7493767221465575,8.665463351713726,29.08391337043262,62.25062327785344,137
inferred public interview 2,age strictly between 25 and 64 at interview 5,INCLASS complete at interview 5,valid flags; absent balance record is zero,retain fifth-only panels,12 MTBI nonmissing-cost months,2862,2182,680,119,18,101,1.1662511480976339,1.7493767221465575,8.665463351713726,29.08391337043262,62.25062327785344,137
inferred public interview 2,age strictly between 25 and 64 at interview 5,INCLASS complete at interview 5,valid flags; absent balance record is zero,retain fifth-only panels,12 MTBI record months,2862,2182,680,119,18,101,1.1662511480976339,1.7493767221465575,8.665463351713726,29.08391337043262,62.25062327785344,137
inferred public interview 2,age strictly between 25 and 64 at interview 5,INCLASS complete at interview 5,valid flags; absent balance record is zero,retain fifth-only panels,FMLI interviews 2-5,2862,2182,680,119,18,101,1.1662511480976339,1.7493767221465575,8.665463351713726,29.08391337043262,62.25062327785344,137
inferred public interview 2,age strictly between 25 and 64 at interview 5,INCLASS complete at interview 5,valid flags; absent balance record is zero,retain fifth-only panels,consecutive FMLI interviews 2-5,2862,2182,680,119,18,101,1.1662511480976339,1.7493767221465575,8.665463351713726,29.08391337043262,62.25062327785344,137
inferred public interview 2,age strictly between 25 and 64 at interview 5,income/reporting at interview 5,valid flags plus explicit finance-charge record,retain fifth-only panels,12 MTBI nonmissing-cost months,2862,2182,680,119,18,101,1.1662511480976339,1.7493767221465575,8.665463351713726,29.08391337043262,62.25062327785344,137
inferred public interview 2,age strictly between 25 and 64 at interview 5,income/reporting at interview 5,valid flags plus explicit finance-charge record,retain fifth-only panels,12 MTBI record months,2862,2182,680,119,18,101,1.1662511480976339,1.7493767221465575,8.665463351713726,29.08391337043262,62.25062327785344,137
inferred public interview 2,age strictly between 25 and 64 at interview 5,income/reporting at interview 5,valid flags plus explicit finance-charge record,retain fifth-only panels,FMLI interviews 2-5,2862,2182,680,119,18,101,1.1662511480976339,1.7493767221465575,8.665463351713726,29.08391337043262,62.25062327785344,137
inferred public interview 2,age strictly between 25 and 64 at interview 5,income/reporting at interview 5,valid flags plus explicit finance-charge record,retain fifth-only panels,consecutive FMLI interviews 2-5,2862,2182,680,119,18,101,1.1662511480976339,1.7493767221465575,8.665463351713726,29.08391337043262,62.25062327785344,137
inferred public interview 2,age strictly between 25 and 64 at interview 5,income/reporting at interview 5,valid flags; absent balance record is zero,retain fifth-only panels,12 MTBI nonmissing-cost months,2862,2182,680,119,18,101,1.1662511480976339,1.7493767221465575,8.665463351713726,29.08391337043262,62.25062327785344,137
inferred public interview 2,age strictly between 25 and 64 at interview 5,income/reporting at interview 5,valid flags; absent balance record is zero,retain fifth-only panels,12 MTBI record months,2862,2182,680,119,18,101,1.1662511480976339,1.7493767221465575,8.665463351713726,29.08391337043262,62.25062327785344,137
inferred public interview 2,age strictly between 25 and 64 at interview 5,income/reporting at interview 5,valid flags; absent balance record is zero,retain fifth-only panels,FMLI interviews 2-5,2862,2182,680,119,18,101,1.1662511480976339,1.7493767221465575,8.665463351713726,29.08391337043262,62.25062327785344,137
inferred public interview 2,age strictly between 25 and 64 at interview 5,income/reporting at interview 5,valid flags; absent balance record is zero,retain fifth-only panels,consecutive FMLI interviews 2-5,2862,2182,680,119,18,101,1.1662511480976339,1.7493767221465575,8.665463351713726,29.08391337043262,62.25062327785344,137
fifth interview in 2001,age 25-64 at earliest observed interview,income/reporting at earliest observed interview,valid flags plus explicit finance-charge record,retain fifth-only panels,12 MTBI nonmissing-cost months,2692,2078,614,-51,-86,35,1.4267162014509485,2.1400743021764654,8.628716840909021,29.51135746126736,61.859925697823535,137
fifth interview in 2001,age 25-64 at earliest observed interview,income/reporting at earliest observed interview,valid flags plus explicit finance-charge record,retain fifth-only panels,12 MTBI record months,2692,2078,614,-51,-86,35,1.4267162014509485,2.1400743021764654,8.628716840909021,29.51135746126736,61.859925697823535,137
fifth interview in 2001,age 25-64 at earliest observed interview,income/reporting at earliest observed interview,valid flags plus explicit finance-charge record,retain fifth-only panels,FMLI interviews 2-5,2692,2078,614,-51,-86,35,1.4267162014509485,2.1400743021764654,8.628716840909021,29.51135746126736,61.859925697823535,137
fifth interview in 2001,age 25-64 at earliest observed interview,income/reporting at earliest observed interview,valid flags plus explicit finance-charge record,retain fifth-only panels,consecutive FMLI interviews 2-5,2692,2078,614,-51,-86,35,1.4267162014509485,2.1400743021764654,8.628716840909021,29.51135746126736,61.859925697823535,137
fifth interview in 2001,age 25-64 at earliest observed interview,income/reporting at earliest observed interview,valid flags; absent balance record is zero,retain fifth-only panels,12 MTBI nonmissing-cost months,2692,2078,614,-51,-86,35,1.4267162014509485,2.1400743021764654,8.628716840909021,29.51135746126736,61.859925697823535,137
fifth interview in 2001,age 25-64 at earliest observed interview,income/reporting at earliest observed interview,valid flags; absent balance record is zero,retain fifth-only panels,12 MTBI record months,2692,2078,614,-51,-86,35,1.4267162014509485,2.1400743021764654,8.628716840909021,29.51135746126736,61.859925697823535,137
fifth interview in 2001,age 25-64 at earliest observed interview,income/reporting at earliest observed interview,valid flags; absent balance record is zero,retain fifth-only panels,FMLI interviews 2-5,2692,2078,614,-51,-86,35,1.4267162014509485,2.1400743021764654,8.628716840909021,29.51135746126736,61.859925697823535,137
fifth interview in 2001,age 25-64 at earliest observed interview,income/reporting at earliest observed interview,valid flags; absent balance record is zero,retain fifth-only panels,consecutive FMLI interviews 2-5,2692,2078,614,-51,-86,35,1.4267162014509485,2.1400743021764654,8.628716840909021,29.51135746126736,61.859925697823535,137
inferred public interview 2,age 25-64 at earliest observed interview,income/reporting at earliest observed interview,valid flags plus explicit finance-charge record,retain fifth-only panels,12 MTBI nonmissing-cost months,2692,2078,614,-51,-86,35,1.4267162014509485,2.1400743021764654,8.628716840909021,29.51135746126736,61.859925697823535,137
inferred public interview 2,age 25-64 at earliest observed interview,income/reporting at earliest observed interview,valid flags plus explicit finance-charge record,retain fifth-only panels,12 MTBI record months,2692,2078,614,-51,-86,35,1.4267162014509485,2.1400743021764654,8.628716840909021,29.51135746126736,61.859925697823535,137
inferred public interview 2,age 25-64 at earliest observed interview,income/reporting at earliest observed interview,valid flags plus explicit finance-charge record,retain fifth-only panels,FMLI interviews 2-5,2692,2078,614,-51,-86,35,1.4267162014509485,2.1400743021764654,8.628716840909021,29.51135746126736,61.859925697823535,137
inferred public interview 2,age 25-64 at earliest observed interview,income/reporting at earliest observed interview,valid flags plus explicit finance-charge record,retain fifth-only panels,consecutive FMLI interviews 2-5,2692,2078,614,-51,-86,35,1.4267162014509485,2.1400743021764654,8.628716840909021,29.51135746126736,61.859925697823535,137
inferred public interview 2,age 25-64 at earliest observed interview,income/reporting at earliest observed interview,valid flags; absent balance record is zero,retain fifth-only panels,12 MTBI nonmissing-cost months,2692,2078,614,-51,-86,35,1.4267162014509485,2.1400743021764654,8.628716840909021,29.51135746126736,61.859925697823535,137
inferred public interview 2,age 25-64 at earliest observed interview,income/reporting at earliest observed interview,valid flags; absent balance record is zero,retain fifth-only panels,12 MTBI record months,2692,2078,614,-51,-86,35,1.4267162014509485,2.1400743021764654,8.628716840909021,29.51135746126736,61.859925697823535,137
inferred public interview 2,age 25-64 at earliest observed interview,income/reporting at earliest observed interview,valid flags; absent balance record is zero,retain fifth-only panels,FMLI interviews 2-5,2692,2078,614,-51,-86,35,1.4267162014509485,2.1400743021764654,8.628716840909021,29.51135746126736,61.859925697823535,137
inferred public interview 2,age 25-64 at earliest observed interview,income/reporting at earliest observed interview,valid flags; absent balance record is zero,retain fifth-only panels,consecutive FMLI interviews 2-5,2692,2078,614,-51,-86,35,1.4267162014509485,2.1400743021764654,8.628716840909021,29.51135746126736,61.859925697823535,137
fifth interview in 2001,age 25-64 at interview 5,income/reporting at earliest observed interview,valid flags plus explicit finance-charge record,retain fifth-only panels,12 MTBI nonmissing-cost months,2685,2078,607,-58,-86,28,1.356650475159513,2.0349757127392962,8.541096984643907,29.493878728095336,61.965024287260704,144
fifth interview in 2001,age 25-64 at interview 5,income/reporting at earliest observed interview,valid flags plus explicit finance-charge record,retain fifth-only panels,12 MTBI record months,2685,2078,607,-58,-86,28,1.356650475159513,2.0349757127392962,8.541096984643907,29.493878728095336,61.965024287260704,144
fifth interview in 2001,age 25-64 at interview 5,income/reporting at earliest observed interview,valid flags plus explicit finance-charge record,retain fifth-only panels,FMLI interviews 2-5,2685,2078,607,-58,-86,28,1.356650475159513,2.0349757127392962,8.541096984643907,29.493878728095336,61.965024287260704,144
fifth interview in 2001,age 25-64 at interview 5,income/reporting at earliest observed interview,valid flags plus explicit finance-charge record,retain fifth-only panels,consecutive FMLI interviews 2-5,2685,2078,607,-58,-86,28,1.356650475159513,2.0349757127392962,8.541096984643907,29.493878728095336,61.965024287260704,144
fifth interview in 2001,age 25-64 at interview 5,income/reporting at earliest observed interview,valid flags; absent balance record is zero,retain fifth-only panels,12 MTBI nonmissing-cost months,2685,2078,607,-58,-86,28,1.356650475159513,2.0349757127392962,8.541096984643907,29.493878728095336,61.965024287260704,144
fifth interview in 2001,age 25-64 at interview 5,income/reporting at earliest observed interview,valid flags; absent balance record is zero,retain fifth-only panels,12 MTBI record months,2685,2078,607,-58,-86,28,1.356650475159513,2.0349757127392962,8.541096984643907,29.493878728095336,61.965024287260704,144
fifth interview in 2001,age 25-64 at interview 5,income/reporting at earliest observed interview,valid flags; absent balance record is zero,retain fifth-only panels,FMLI interviews 2-5,2685,2078,607,-58,-86,28,1.356650475159513,2.0349757127392962,8.541096984643907,29.493878728095336,61.965024287260704,144
fifth interview in 2001,age 25-64 at interview 5,income/reporting at earliest observed interview,valid flags; absent balance record is zero,retain fifth-only panels,consecutive FMLI interviews 2-5,2685,2078,607,-58,-86,28,1.356650475159513,2.0349757127392962,8.541096984643907,29.493878728095336,61.965024287260704,144
inferred public interview 2,age 25-64 at interview 5,income/reporting at earliest observed interview,valid flags plus explicit finance-charge record,retain fifth-only panels,12 MTBI nonmissing-cost months,2685,2078,607,-58,-86,28,1.356650475159513,2.0349757127392962,8.541096984643907,29.493878728095336,61.965024287260704,144
inferred public interview 2,age 25-64 at interview 5,income/reporting at earliest observed interview,valid flags plus explicit finance-charge record,retain fifth-only panels,12 MTBI record months,2685,2078,607,-58,-86,28,1.356650475159513,2.0349757127392962,8.541096984643907,29.493878728095336,61.965024287260704,144
inferred public interview 2,age 25-64 at interview 5,income/reporting at earliest observed interview,valid flags plus explicit finance-charge record,retain fifth-only panels,FMLI interviews 2-5,2685,2078,607,-58,-86,28,1.356650475159513,2.0349757127392962,8.541096984643907,29.493878728095336,61.965024287260704,144
inferred public interview 2,age 25-64 at interview 5,income/reporting at earliest observed interview,valid flags plus explicit finance-charge record,retain fifth-only panels,consecutive FMLI interviews 2-5,2685,2078,607,-58,-86,28,1.356650475159513,2.0349757127392962,8.541096984643907,29.493878728095336,61.965024287260704,144
inferred public interview 2,age 25-64 at interview 5,income/reporting at earliest observed interview,valid flags; absent balance record is zero,retain fifth-only panels,12 MTBI nonmissing-cost months,2685,2078,607,-58,-86,28,1.356650475159513,2.0349757127392962,8.541096984643907,29.493878728095336,61.965024287260704,144
inferred public interview 2,age 25-64 at interview 5,income/reporting at earliest observed interview,valid flags; absent balance record is zero,retain fifth-only panels,12 MTBI record months,2685,2078,607,-58,-86,28,1.356650475159513,2.0349757127392962,8.541096984643907,29.493878728095336,61.965024287260704,144
inferred public interview 2,age 25-64 at interview 5,income/reporting at earliest observed interview,valid flags; absent balance record is zero,retain fifth-only panels,FMLI interviews 2-5,2685,2078,607,-58,-86,28,1.356650475159513,2.0349757127392962,8.541096984643907,29.493878728095336,61.965024287260704,144
inferred public interview 2,age 25-64 at interview 5,income/reporting at earliest observed interview,valid flags; absent balance record is zero,retain fifth-only panels,consecutive FMLI interviews 2-5,2685,2078,607,-58,-86,28,1.356650475159513,2.0349757127392962,8.541096984643907,29.493878728095336,61.965024287260704,144
earliest observed public interview,age 25-64 at interview 5,income strictly above $200/month at interview 5,valid flags plus explicit finance-charge record,retain fifth-only panels,12 MTBI nonmissing-cost months,2804,2251,553,61,87,-26,0.8642663593341074,1.2963995390012357,8.231365578399693,29.065033960601394,62.703600460998764,148
earliest observed public interview,age 25-64 at interview 5,income strictly above $200/month at interview 5,valid flags plus explicit finance-charge record,retain fifth-only panels,12 MTBI record months,2804,2251,553,61,87,-26,0.8642663593341074,1.2963995390012357,8.231365578399693,29.065033960601394,62.703600460998764,148
earliest observed public interview,age 25-64 at interview 5,income strictly above $200/month at interview 5,valid flags plus explicit finance-charge record,retain fifth-only panels,FMLI interviews 2-5,2804,2251,553,61,87,-26,0.8642663593341074,1.2963995390012357,8.231365578399693,29.065033960601394,62.703600460998764,148
earliest observed public interview,age 25-64 at interview 5,income strictly above $200/month at interview 5,valid flags plus explicit finance-charge record,retain fifth-only panels,consecutive FMLI interviews 2-5,2804,2251,553,61,87,-26,0.8642663593341074,1.2963995390012357,8.231365578399693,29.065033960601394,62.703600460998764,148
earliest observed public interview,age 25-64 at interview 5,income strictly above $200/month at interview 5,valid flags; absent balance record is zero,retain fifth-only panels,12 MTBI nonmissing-cost months,2804,2251,553,61,87,-26,0.8642663593341074,1.2963995390012357,8.231365578399693,29.065033960601394,62.703600460998764,148
earliest observed public interview,age 25-64 at interview 5,income strictly above $200/month at interview 5,valid flags; absent balance record is zero,retain fifth-only panels,12 MTBI record months,2804,2251,553,61,87,-26,0.8642663593341074,1.2963995390012357,8.231365578399693,29.065033960601394,62.703600460998764,148
earliest observed public interview,age 25-64 at interview 5,income strictly above $200/month at interview 5,valid flags; absent balance record is zero,retain fifth-only panels,FMLI interviews 2-5,2804,2251,553,61,87,-26,0.8642663593341074,1.2963995390012357,8.231365578399693,29.065033960601394,62.703600460998764,148
earliest observed public interview,age 25-64 at interview 5,income strictly above $200/month at interview 5,valid flags; absent balance record is zero,retain fifth-only panels,consecutive FMLI interviews 2-5,2804,2251,553,61,87,-26,0.8642663593341074,1.2963995390012357,8.231365578399693,29.065033960601394,62.703600460998764,148
earliest observed public interview,age 25-64 at interview 5,INCLASS complete at interview 5,valid flags plus explicit finance-charge record,retain fifth-only panels,12 MTBI nonmissing-cost months,2805,2251,554,62,87,-25,0.8544852723279988,1.2817279084920798,8.228127529798623,29.053600378693293,62.71827209150792,149
earliest observed public interview,age 25-64 at interview 5,INCLASS complete at interview 5,valid flags plus explicit finance-charge record,retain fifth-only panels,12 MTBI record months,2805,2251,554,62,87,-25,0.8544852723279988,1.2817279084920798,8.228127529798623,29.053600378693293,62.71827209150792,149
earliest observed public interview,age 25-64 at interview 5,INCLASS complete at interview 5,valid flags plus explicit finance-charge record,retain fifth-only panels,FMLI interviews 2-5,2805,2251,554,62,87,-25,0.8544852723279988,1.2817279084920798,8.228127529798623,29.053600378693293,62.71827209150792,149
earliest observed public interview,age 25-64 at interview 5,INCLASS complete at interview 5,valid flags plus explicit finance-charge record,retain fifth-only panels,consecutive FMLI interviews 2-5,2805,2251,554,62,87,-25,0.8544852723279988,1.2817279084920798,8.228127529798623,29.053600378693293,62.71827209150792,149
earliest observed public interview,age 25-64 at interview 5,INCLASS complete at interview 5,valid flags; absent balance record is zero,retain fifth-only panels,12 MTBI nonmissing-cost months,2805,2251,554,62,87,-25,0.8544852723279988,1.2817279084920798,8.228127529798623,29.053600378693293,62.71827209150792,149
earliest observed public interview,age 25-64 at interview 5,INCLASS complete at interview 5,valid flags; absent balance record is zero,retain fifth-only panels,12 MTBI record months,2805,2251,554,62,87,-25,0.8544852723279988,1.2817279084920798,8.228127529798623,29.053600378693293,62.71827209150792,149
earliest observed public interview,age 25-64 at interview 5,INCLASS complete at interview 5,valid flags; absent balance record is zero,retain fifth-only panels,FMLI interviews 2-5,2805,2251,554,62,87,-25,0.8544852723279988,1.2817279084920798,8.228127529798623,29.053600378693293,62.71827209150792,149
earliest observed public interview,age 25-64 at interview 5,INCLASS complete at interview 5,valid flags; absent balance record is zero,retain fifth-only panels,consecutive FMLI interviews 2-5,2805,2251,554,62,87,-25,0.8544852723279988,1.2817279084920798,8.228127529798623,29.053600378693293,62.71827209150792,149
earliest observed public interview,age 25-64 at interview 5,income/reporting at interview 5,valid flags plus explicit finance-charge record,retain fifth-only panels,12 MTBI nonmissing-cost months,2805,2251,554,62,87,-25,0.8544852723279988,1.2817279084920798,8.228127529798623,29.053600378693293,62.71827209150792,149
earliest observed public interview,age 25-64 at interview 5,income/reporting at interview 5,valid flags plus explicit finance-charge record,retain fifth-only panels,12 MTBI record months,2805,2251,554,62,87,-25,0.8544852723279988,1.2817279084920798,8.228127529798623,29.053600378693293,62.71827209150792,149
earliest observed public interview,age 25-64 at interview 5,income/reporting at interview 5,valid flags plus explicit finance-charge record,retain fifth-only panels,FMLI interviews 2-5,2805,2251,554,62,87,-25,0.8544852723279988,1.2817279084920798,8.228127529798623,29.053600378693293,62.71827209150792,149
earliest observed public interview,age 25-64 at interview 5,income/reporting at interview 5,valid flags plus explicit finance-charge record,retain fifth-only panels,consecutive FMLI interviews 2-5,2805,2251,554,62,87,-25,0.8544852723279988,1.2817279084920798,8.228127529798623,29.053600378693293,62.71827209150792,149
earliest observed public interview,age 25-64 at interview 5,income/reporting at interview 5,valid flags; absent balance record is zero,retain fifth-only panels,12 MTBI nonmissing-cost months,2805,2251,554,62,87,-25,0.8544852723279988,1.2817279084920798,8.228127529798623,29.053600378693293,62.71827209150792,149
earliest observed public interview,age 25-64 at interview 5,income/reporting at interview 5,valid flags; absent balance record is zero,retain fifth-only panels,12 MTBI record months,2805,2251,554,62,87,-25,0.8544852723279988,1.2817279084920798,8.228127529798623,29.053600378693293,62.71827209150792,149
earliest observed public interview,age 25-64 at interview 5,income/reporting at interview 5,valid flags; absent balance record is zero,retain fifth-only panels,FMLI interviews 2-5,2805,2251,554,62,87,-25,0.8544852723279988,1.2817279084920798,8.228127529798623,29.053600378693293,62.71827209150792,149
earliest observed public interview,age 25-64 at interview 5,income/reporting at interview 5,valid flags; absent balance record is zero,retain fifth-only panels,consecutive FMLI interviews 2-5,2805,2251,554,62,87,-25,0.8544852723279988,1.2817279084920798,8.228127529798623,29.053600378693293,62.71827209150792,149
inferred first interview,age 25-63 at interview 5,income/reporting at earliest observed interview,valid flags plus explicit finance-charge record,retain fifth-only panels,12 MTBI nonmissing-cost months,2701,2053,648,-42,-111,69,0.8624941697807481,1.2937412546709908,7.545238554527064,29.74850270014419,62.70625874532901,153
inferred first interview,age 25-63 at interview 5,income/reporting at earliest observed interview,valid flags plus explicit finance-charge record,retain fifth-only panels,12 MTBI record months,2701,2053,648,-42,-111,69,0.8624941697807481,1.2937412546709908,7.545238554527064,29.74850270014419,62.70625874532901,153
inferred first interview,age 25-63 at interview 5,income/reporting at earliest observed interview,valid flags plus explicit finance-charge record,retain fifth-only panels,FMLI interviews 2-5,2701,2053,648,-42,-111,69,0.8624941697807481,1.2937412546709908,7.545238554527064,29.74850270014419,62.70625874532901,153
inferred first interview,age 25-63 at interview 5,income/reporting at earliest observed interview,valid flags plus explicit finance-charge record,retain fifth-only panels,consecutive FMLI interviews 2-5,2701,2053,648,-42,-111,69,0.8624941697807481,1.2937412546709908,7.545238554527064,29.74850270014419,62.70625874532901,153
inferred first interview,age 25-63 at interview 5,income/reporting at earliest observed interview,valid flags; absent balance record is zero,retain fifth-only panels,12 MTBI nonmissing-cost months,2701,2053,648,-42,-111,69,0.8624941697807481,1.2937412546709908,7.545238554527064,29.74850270014419,62.70625874532901,153
inferred first interview,age 25-63 at interview 5,income/reporting at earliest observed interview,valid flags; absent balance record is zero,retain fifth-only panels,12 MTBI record months,2701,2053,648,-42,-111,69,0.8624941697807481,1.2937412546709908,7.545238554527064,29.74850270014419,62.70625874532901,153
inferred first interview,age 25-63 at interview 5,income/reporting at earliest observed interview,valid flags; absent balance record is zero,retain fifth-only panels,FMLI interviews 2-5,2701,2053,648,-42,-111,69,0.8624941697807481,1.2937412546709908,7.545238554527064,29.74850270014419,62.70625874532901,153
inferred first interview,age 25-63 at interview 5,income/reporting at earliest observed interview,valid flags; absent balance record is zero,retain fifth-only panels,consecutive FMLI interviews 2-5,2701,2053,648,-42,-111,69,0.8624941697807481,1.2937412546709908,7.545238554527064,29.74850270014419,62.70625874532901,153
earliest observed public interview,age 25-64 at earliest observed interview,income strictly above $200/month at interview 5,valid flags plus explicit finance-charge record,retain fifth-only panels,12 MTBI nonmissing-cost months,2813,2255,558,70,91,-21,1.0162465473059357,1.5243698209589525,8.279539052925122,29.244830768033733,62.47563017904105,161
earliest observed public interview,age 25-64 at earliest observed interview,income strictly above $200/month at interview 5,valid flags plus explicit finance-charge record,retain fifth-only panels,12 MTBI record months,2813,2255,558,70,91,-21,1.0162465473059357,1.5243698209589525,8.279539052925122,29.244830768033733,62.47563017904105,161
earliest observed public interview,age 25-64 at earliest observed interview,income strictly above $200/month at interview 5,valid flags plus explicit finance-charge record,retain fifth-only panels,FMLI interviews 2-5,2813,2255,558,70,91,-21,1.0162465473059357,1.5243698209589525,8.279539052925122,29.244830768033733,62.47563017904105,161
earliest observed public interview,age 25-64 at earliest observed interview,income strictly above $200/month at interview 5,valid flags plus explicit finance-charge record,retain fifth-only panels,consecutive FMLI interviews 2-5,2813,2255,558,70,91,-21,1.0162465473059357,1.5243698209589525,8.279539052925122,29.244830768033733,62.47563017904105,161
earliest observed public interview,age 25-64 at earliest observed interview,income strictly above $200/month at interview 5,valid flags; absent balance record is zero,retain fifth-only panels,12 MTBI nonmissing-cost months,2813,2255,558,70,91,-21,1.0162465473059357,1.5243698209589525,8.279539052925122,29.244830768033733,62.47563017904105,161
earliest observed public interview,age 25-64 at earliest observed interview,income strictly above $200/month at interview 5,valid flags; absent balance record is zero,retain fifth-only panels,12 MTBI record months,2813,2255,558,70,91,-21,1.0162465473059357,1.5243698209589525,8.279539052925122,29.244830768033733,62.47563017904105,161
earliest observed public interview,age 25-64 at earliest observed interview,income strictly above $200/month at interview 5,valid flags; absent balance record is zero,retain fifth-only panels,FMLI interviews 2-5,2813,2255,558,70,91,-21,1.0162465473059357,1.5243698209589525,8.279539052925122,29.244830768033733,62.47563017904105,161
earliest observed public interview,age 25-64 at earliest observed interview,income strictly above $200/month at interview 5,valid flags; absent balance record is zero,retain fifth-only panels,consecutive FMLI interviews 2-5,2813,2255,558,70,91,-21,1.0162465473059357,1.5243698209589525,8.279539052925122,29.244830768033733,62.47563017904105,161
earliest observed public interview,age 25-64 at earliest observed interview,INCLASS complete at interview 5,valid flags plus explicit finance-charge record,retain fifth-only panels,12 MTBI nonmissing-cost months,2814,2255,559,71,91,-20,1.0064210761340118,1.5096316142010693,8.276287151320798,29.23334446288017,62.49036838579893,162
earliest observed public interview,age 25-64 at earliest observed interview,INCLASS complete at interview 5,valid flags plus explicit finance-charge record,retain fifth-only panels,12 MTBI record months,2814,2255,559,71,91,-20,1.0064210761340118,1.5096316142010693,8.276287151320798,29.23334446288017,62.49036838579893,162
earliest observed public interview,age 25-64 at earliest observed interview,INCLASS complete at interview 5,valid flags plus explicit finance-charge record,retain fifth-only panels,FMLI interviews 2-5,2814,2255,559,71,91,-20,1.0064210761340118,1.5096316142010693,8.276287151320798,29.23334446288017,62.49036838579893,162
earliest observed public interview,age 25-64 at earliest observed interview,INCLASS complete at interview 5,valid flags plus explicit finance-charge record,retain fifth-only panels,consecutive FMLI interviews 2-5,2814,2255,559,71,91,-20,1.0064210761340118,1.5096316142010693,8.276287151320798,29.23334446288017,62.49036838579893,162
earliest observed public interview,age 25-64 at earliest observed interview,INCLASS complete at interview 5,valid flags; absent balance record is zero,retain fifth-only panels,12 MTBI nonmissing-cost months,2814,2255,559,71,91,-20,1.0064210761340118,1.5096316142010693,8.276287151320798,29.23334446288017,62.49036838579893,162
earliest observed public interview,age 25-64 at earliest observed interview,INCLASS complete at interview 5,valid flags; absent balance record is zero,retain fifth-only panels,12 MTBI record months,2814,2255,559,71,91,-20,1.0064210761340118,1.5096316142010693,8.276287151320798,29.23334446288017,62.49036838579893,162
earliest observed public interview,age 25-64 at earliest observed interview,INCLASS complete at interview 5,valid flags; absent balance record is zero,retain fifth-only panels,FMLI interviews 2-5,2814,2255,559,71,91,-20,1.0064210761340118,1.5096316142010693,8.276287151320798,29.23334446288017,62.49036838579893,162
earliest observed public interview,age 25-64 at earliest observed interview,INCLASS complete at interview 5,valid flags; absent balance record is zero,retain fifth-only panels,consecutive FMLI interviews 2-5,2814,2255,559,71,91,-20,1.0064210761340118,1.5096316142010693,8.276287151320798,29.23334446288017,62.49036838579893,162
earliest observed public interview,age 25-64 at earliest observed interview,income/reporting at interview 5,valid flags plus explicit finance-charge record,retain fifth-only panels,12 MTBI nonmissing-cost months,2814,2255,559,71,91,-20,1.0064210761340118,1.5096316142010693,8.276287151320798,29.23334446288017,62.49036838579893,162
earliest observed public interview,age 25-64 at earliest observed interview,income/reporting at interview 5,valid flags plus explicit finance-charge record,retain fifth-only panels,12 MTBI record months,2814,2255,559,71,91,-20,1.0064210761340118,1.5096316142010693,8.276287151320798,29.23334446288017,62.49036838579893,162
earliest observed public interview,age 25-64 at earliest observed interview,income/reporting at interview 5,valid flags plus explicit finance-charge record,retain fifth-only panels,FMLI interviews 2-5,2814,2255,559,71,91,-20,1.0064210761340118,1.5096316142010693,8.276287151320798,29.23334446288017,62.49036838579893,162
earliest observed public interview,age 25-64 at earliest observed interview,income/reporting at interview 5,valid flags plus explicit finance-charge record,retain fifth-only panels,consecutive FMLI interviews 2-5,2814,2255,559,71,91,-20,1.0064210761340118,1.5096316142010693,8.276287151320798,29.23334446288017,62.49036838579893,162
earliest observed public interview,age 25-64 at earliest observed interview,income/reporting at interview 5,valid flags; absent balance record is zero,retain fifth-only panels,12 MTBI nonmissing-cost months,2814,2255,559,71,91,-20,1.0064210761340118,1.5096316142010693,8.276287151320798,29.23334446288017,62.49036838579893,162
earliest observed public interview,age 25-64 at earliest observed interview,income/reporting at interview 5,valid flags; absent balance record is zero,retain fifth-only panels,12 MTBI record months,2814,2255,559,71,91,-20,1.0064210761340118,1.5096316142010693,8.276287151320798,29.23334446288017,62.49036838579893,162
earliest observed public interview,age 25-64 at earliest observed interview,income/reporting at interview 5,valid flags; absent balance record is zero,retain fifth-only panels,FMLI interviews 2-5,2814,2255,559,71,91,-20,1.0064210761340118,1.5096316142010693,8.276287151320798,29.23334446288017,62.49036838579893,162
earliest observed public interview,age 25-64 at earliest observed interview,income/reporting at interview 5,valid flags; absent balance record is zero,retain fifth-only panels,consecutive FMLI interviews 2-5,2814,2255,559,71,91,-20,1.0064210761340118,1.5096316142010693,8.276287151320798,29.23334446288017,62.49036838579893,162
inferred first interview,age 25-64 at interview 5,income strictly above $200/month at interview 5,valid flags plus explicit finance-charge record,exclude fifth-only panels,12 MTBI nonmissing-cost months,2814,2256,558,71,92,-21,0.4876846616414774,0.7315269924621788,7.341708337185036,29.389818655277217,63.26847300753782,163
inferred first interview,age 25-64 at interview 5,income strictly above $200/month at interview 5,valid flags plus explicit finance-charge record,exclude fifth-only panels,12 MTBI record months,2814,2256,558,71,92,-21,0.4876846616414774,0.7315269924621788,7.341708337185036,29.389818655277217,63.26847300753782,163
inferred first interview,age 25-64 at interview 5,income strictly above $200/month at interview 5,valid flags plus explicit finance-charge record,exclude fifth-only panels,FMLI interviews 2-5,2814,2256,558,71,92,-21,0.4876846616414774,0.7315269924621788,7.341708337185036,29.389818655277217,63.26847300753782,163
inferred first interview,age 25-64 at interview 5,income strictly above $200/month at interview 5,valid flags plus explicit finance-charge record,exclude fifth-only panels,consecutive FMLI interviews 2-5,2814,2256,558,71,92,-21,0.4876846616414774,0.7315269924621788,7.341708337185036,29.389818655277217,63.26847300753782,163
inferred first interview,age 25-64 at interview 5,income strictly above $200/month at interview 5,valid flags; absent balance record is zero,exclude fifth-only panels,12 MTBI nonmissing-cost months,2814,2256,558,71,92,-21,0.4876846616414774,0.7315269924621788,7.341708337185036,29.389818655277217,63.26847300753782,163
inferred first interview,age 25-64 at interview 5,income strictly above $200/month at interview 5,valid flags; absent balance record is zero,exclude fifth-only panels,12 MTBI record months,2814,2256,558,71,92,-21,0.4876846616414774,0.7315269924621788,7.341708337185036,29.389818655277217,63.26847300753782,163
inferred first interview,age 25-64 at interview 5,income strictly above $200/month at interview 5,valid flags; absent balance record is zero,exclude fifth-only panels,FMLI interviews 2-5,2814,2256,558,71,92,-21,0.4876846616414774,0.7315269924621788,7.341708337185036,29.389818655277217,63.26847300753782,163
inferred first interview,age 25-64 at interview 5,income strictly above $200/month at interview 5,valid flags; absent balance record is zero,exclude fifth-only panels,consecutive FMLI interviews 2-5,2814,2256,558,71,92,-21,0.4876846616414774,0.7315269924621788,7.341708337185036,29.389818655277217,63.26847300753782,163
inferred first interview,age 26-64 at interview 5,income/reporting at earliest observed interview,valid flags plus explicit finance-charge record,retain fifth-only panels,12 MTBI nonmissing-cost months,2683,2058,625,-60,-106,46,0.8041879736907497,1.2062819605359536,7.360416286002526,29.84586567453377,62.793718039464046,166
inferred first interview,age 26-64 at interview 5,income/reporting at earliest observed interview,valid flags plus explicit finance-charge record,retain fifth-only panels,12 MTBI record months,2683,2058,625,-60,-106,46,0.8041879736907497,1.2062819605359536,7.360416286002526,29.84586567453377,62.793718039464046,166
inferred first interview,age 26-64 at interview 5,income/reporting at earliest observed interview,valid flags plus explicit finance-charge record,retain fifth-only panels,FMLI interviews 2-5,2683,2058,625,-60,-106,46,0.8041879736907497,1.2062819605359536,7.360416286002526,29.84586567453377,62.793718039464046,166
inferred first interview,age 26-64 at interview 5,income/reporting at earliest observed interview,valid flags plus explicit finance-charge record,retain fifth-only panels,consecutive FMLI interviews 2-5,2683,2058,625,-60,-106,46,0.8041879736907497,1.2062819605359536,7.360416286002526,29.84586567453377,62.793718039464046,166
inferred first interview,age 26-64 at interview 5,income/reporting at earliest observed interview,valid flags; absent balance record is zero,retain fifth-only panels,12 MTBI nonmissing-cost months,2683,2058,625,-60,-106,46,0.8041879736907497,1.2062819605359536,7.360416286002526,29.84586567453377,62.793718039464046,166
inferred first interview,age 26-64 at interview 5,income/reporting at earliest observed interview,valid flags; absent balance record is zero,retain fifth-only panels,12 MTBI record months,2683,2058,625,-60,-106,46,0.8041879736907497,1.2062819605359536,7.360416286002526,29.84586567453377,62.793718039464046,166
inferred first interview,age 26-64 at interview 5,income/reporting at earliest observed interview,valid flags; absent balance record is zero,retain fifth-only panels,FMLI interviews 2-5,2683,2058,625,-60,-106,46,0.8041879736907497,1.2062819605359536,7.360416286002526,29.84586567453377,62.793718039464046,166
inferred first interview,age 26-64 at interview 5,income/reporting at earliest observed interview,valid flags; absent balance record is zero,retain fifth-only panels,consecutive FMLI interviews 2-5,2683,2058,625,-60,-106,46,0.8041879736907497,1.2062819605359536,7.360416286002526,29.84586567453377,62.793718039464046,166
inferred first interview,age 25-64 at interview 5,INCLASS complete at interview 5,valid flags plus explicit finance-charge record,exclude fifth-only panels,12 MTBI nonmissing-cost months,2817,2258,559,74,94,-20,0.4538348754106843,0.6807523131159954,7.331559755919946,29.349192557196112,63.319247686884005,168
inferred first interview,age 25-64 at interview 5,INCLASS complete at interview 5,valid flags plus explicit finance-charge record,exclude fifth-only panels,12 MTBI record months,2817,2258,559,74,94,-20,0.4538348754106843,0.6807523131159954,7.331559755919946,29.349192557196112,63.319247686884005,168
inferred first interview,age 25-64 at interview 5,INCLASS complete at interview 5,valid flags plus explicit finance-charge record,exclude fifth-only panels,FMLI interviews 2-5,2817,2258,559,74,94,-20,0.4538348754106843,0.6807523131159954,7.331559755919946,29.349192557196112,63.319247686884005,168
inferred first interview,age 25-64 at interview 5,INCLASS complete at interview 5,valid flags plus explicit finance-charge record,exclude fifth-only panels,consecutive FMLI interviews 2-5,2817,2258,559,74,94,-20,0.4538348754106843,0.6807523131159954,7.331559755919946,29.349192557196112,63.319247686884005,168
inferred first interview,age 25-64 at interview 5,INCLASS complete at interview 5,valid flags; absent balance record is zero,exclude fifth-only panels,12 MTBI nonmissing-cost months,2817,2258,559,74,94,-20,0.4538348754106843,0.6807523131159954,7.331559755919946,29.349192557196112,63.319247686884005,168
inferred first interview,age 25-64 at interview 5,INCLASS complete at interview 5,valid flags; absent balance record is zero,exclude fifth-only panels,12 MTBI record months,2817,2258,559,74,94,-20,0.4538348754106843,0.6807523131159954,7.331559755919946,29.349192557196112,63.319247686884005,168
inferred first interview,age 25-64 at interview 5,INCLASS complete at interview 5,valid flags; absent balance record is zero,exclude fifth-only panels,FMLI interviews 2-5,2817,2258,559,74,94,-20,0.4538348754106843,0.6807523131159954,7.331559755919946,29.349192557196112,63.319247686884005,168
inferred first interview,age 25-64 at interview 5,INCLASS complete at interview 5,valid flags; absent balance record is zero,exclude fifth-only panels,consecutive FMLI interviews 2-5,2817,2258,559,74,94,-20,0.4538348754106843,0.6807523131159954,7.331559755919946,29.349192557196112,63.319247686884005,168
inferred first interview,age 25-64 at interview 5,income/reporting at interview 5,valid flags plus explicit finance-charge record,exclude fifth-only panels,12 MTBI nonmissing-cost months,2817,2258,559,74,94,-20,0.4538348754106843,0.6807523131159954,7.331559755919946,29.349192557196112,63.319247686884005,168
inferred first interview,age 25-64 at interview 5,income/reporting at interview 5,valid flags plus explicit finance-charge record,exclude fifth-only panels,12 MTBI record months,2817,2258,559,74,94,-20,0.4538348754106843,0.6807523131159954,7.331559755919946,29.349192557196112,63.319247686884005,168
inferred first interview,age 25-64 at interview 5,income/reporting at interview 5,valid flags plus explicit finance-charge record,exclude fifth-only panels,FMLI interviews 2-5,2817,2258,559,74,94,-20,0.4538348754106843,0.6807523131159954,7.331559755919946,29.349192557196112,63.319247686884005,168
inferred first interview,age 25-64 at interview 5,income/reporting at interview 5,valid flags plus explicit finance-charge record,exclude fifth-only panels,consecutive FMLI interviews 2-5,2817,2258,559,74,94,-20,0.4538348754106843,0.6807523131159954,7.331559755919946,29.349192557196112,63.319247686884005,168
inferred first interview,age 25-64 at interview 5,income/reporting at interview 5,valid flags; absent balance record is zero,exclude fifth-only panels,12 MTBI nonmissing-cost months,2817,2258,559,74,94,-20,0.4538348754106843,0.6807523131159954,7.331559755919946,29.349192557196112,63.319247686884005,168
inferred first interview,age 25-64 at interview 5,income/reporting at interview 5,valid flags; absent balance record is zero,exclude fifth-only panels,12 MTBI record months,2817,2258,559,74,94,-20,0.4538348754106843,0.6807523131159954,7.331559755919946,29.349192557196112,63.319247686884005,168
inferred first interview,age 25-64 at interview 5,income/reporting at interview 5,valid flags; absent balance record is zero,exclude fifth-only panels,FMLI interviews 2-5,2817,2258,559,74,94,-20,0.4538348754106843,0.6807523131159954,7.331559755919946,29.349192557196112,63.319247686884005,168
inferred first interview,age 25-64 at interview 5,income/reporting at interview 5,valid flags; absent balance record is zero,exclude fifth-only panels,consecutive FMLI interviews 2-5,2817,2258,559,74,94,-20,0.4538348754106843,0.6807523131159954,7.331559755919946,29.349192557196112,63.319247686884005,168
inferred first interview,age strictly between 25 and 64 at interview 5,income strictly above $200/month at interview 5,valid flags plus explicit finance-charge record,retain fifth-only panels,12 MTBI nonmissing-cost months,2896,2183,713,153,19,134,0.3636192776763452,0.5454289165145436,7.545428916514544,28.882928370328866,63.57164271315664,172
inferred first interview,age strictly between 25 and 64 at interview 5,income strictly above $200/month at interview 5,valid flags plus explicit finance-charge record,retain fifth-only panels,12 MTBI record months,2896,2183,713,153,19,134,0.3636192776763452,0.5454289165145436,7.545428916514544,28.882928370328866,63.57164271315664,172
inferred first interview,age strictly between 25 and 64 at interview 5,income strictly above $200/month at interview 5,valid flags plus explicit finance-charge record,retain fifth-only panels,FMLI interviews 2-5,2896,2183,713,153,19,134,0.3636192776763452,0.5454289165145436,7.545428916514544,28.882928370328866,63.57164271315664,172
inferred first interview,age strictly between 25 and 64 at interview 5,income strictly above $200/month at interview 5,valid flags plus explicit finance-charge record,retain fifth-only panels,consecutive FMLI interviews 2-5,2896,2183,713,153,19,134,0.3636192776763452,0.5454289165145436,7.545428916514544,28.882928370328866,63.57164271315664,172
inferred first interview,age strictly between 25 and 64 at interview 5,income strictly above $200/month at interview 5,valid flags; absent balance record is zero,retain fifth-only panels,12 MTBI nonmissing-cost months,2896,2183,713,153,19,134,0.3636192776763452,0.5454289165145436,7.545428916514544,28.882928370328866,63.57164271315664,172
inferred first interview,age strictly between 25 and 64 at interview 5,income strictly above $200/month at interview 5,valid flags; absent balance record is zero,retain fifth-only panels,12 MTBI record months,2896,2183,713,153,19,134,0.3636192776763452,0.5454289165145436,7.545428916514544,28.882928370328866,63.57164271315664,172
inferred first interview,age strictly between 25 and 64 at interview 5,income strictly above $200/month at interview 5,valid flags; absent balance record is zero,retain fifth-only panels,FMLI interviews 2-5,2896,2183,713,153,19,134,0.3636192776763452,0.5454289165145436,7.545428916514544,28.882928370328866,63.57164271315664,172
inferred first interview,age strictly between 25 and 64 at interview 5,income strictly above $200/month at interview 5,valid flags; absent balance record is zero,retain fifth-only panels,consecutive FMLI interviews 2-5,2896,2183,713,153,19,134,0.3636192776763452,0.5454289165145436,7.545428916514544,28.882928370328866,63.57164271315664,172
inferred first interview,age 25-64 throughout observed panel,income/reporting at earliest observed interview,valid flags plus explicit finance-charge record,retain fifth-only panels,12 MTBI nonmissing-cost months,2691,2043,648,-52,-121,69,0.8348009495695624,1.2522014243542046,7.480242701825028,29.771958722529455,62.747798575645795,173
inferred first interview,age 25-64 throughout observed panel,income/reporting at earliest observed interview,valid flags plus explicit finance-charge record,retain fifth-only panels,12 MTBI record months,2691,2043,648,-52,-121,69,0.8348009495695624,1.2522014243542046,7.480242701825028,29.771958722529455,62.747798575645795,173
inferred first interview,age 25-64 throughout observed panel,income/reporting at earliest observed interview,valid flags plus explicit finance-charge record,retain fifth-only panels,FMLI interviews 2-5,2691,2043,648,-52,-121,69,0.8348009495695624,1.2522014243542046,7.480242701825028,29.771958722529455,62.747798575645795,173
inferred first interview,age 25-64 throughout observed panel,income/reporting at earliest observed interview,valid flags plus explicit finance-charge record,retain fifth-only panels,consecutive FMLI interviews 2-5,2691,2043,648,-52,-121,69,0.8348009495695624,1.2522014243542046,7.480242701825028,29.771958722529455,62.747798575645795,173
inferred first interview,age 25-64 throughout observed panel,income/reporting at earliest observed interview,valid flags; absent balance record is zero,retain fifth-only panels,12 MTBI nonmissing-cost months,2691,2043,648,-52,-121,69,0.8348009495695624,1.2522014243542046,7.480242701825028,29.771958722529455,62.747798575645795,173
inferred first interview,age 25-64 throughout observed panel,income/reporting at earliest observed interview,valid flags; absent balance record is zero,retain fifth-only panels,12 MTBI record months,2691,2043,648,-52,-121,69,0.8348009495695624,1.2522014243542046,7.480242701825028,29.771958722529455,62.747798575645795,173
inferred first interview,age 25-64 throughout observed panel,income/reporting at earliest observed interview,valid flags; absent balance record is zero,retain fifth-only panels,FMLI interviews 2-5,2691,2043,648,-52,-121,69,0.8348009495695624,1.2522014243542046,7.480242701825028,29.771958722529455,62.747798575645795,173
inferred first interview,age 25-64 throughout observed panel,income/reporting at earliest observed interview,valid flags; absent balance record is zero,retain fifth-only panels,consecutive FMLI interviews 2-5,2691,2043,648,-52,-121,69,0.8348009495695624,1.2522014243542046,7.480242701825028,29.771958722529455,62.747798575645795,173
inferred first interview,age 25-64 at earliest observed interview,income strictly above $200/month at interview 5,valid flags plus explicit finance-charge record,exclude fifth-only panels,12 MTBI nonmissing-cost months,2821,2260,561,78,96,-18,0.6862639739813154,1.0293959609719252,7.440998700229066,29.588397260742955,62.970604039028075,174
inferred first interview,age 25-64 at earliest observed interview,income strictly above $200/month at interview 5,valid flags plus explicit finance-charge record,exclude fifth-only panels,12 MTBI record months,2821,2260,561,78,96,-18,0.6862639739813154,1.0293959609719252,7.440998700229066,29.588397260742955,62.970604039028075,174
inferred first interview,age 25-64 at earliest observed interview,income strictly above $200/month at interview 5,valid flags plus explicit finance-charge record,exclude fifth-only panels,FMLI interviews 2-5,2821,2260,561,78,96,-18,0.6862639739813154,1.0293959609719252,7.440998700229066,29.588397260742955,62.970604039028075,174
inferred first interview,age 25-64 at earliest observed interview,income strictly above $200/month at interview 5,valid flags plus explicit finance-charge record,exclude fifth-only panels,consecutive FMLI interviews 2-5,2821,2260,561,78,96,-18,0.6862639739813154,1.0293959609719252,7.440998700229066,29.588397260742955,62.970604039028075,174
inferred first interview,age 25-64 at earliest observed interview,income strictly above $200/month at interview 5,valid flags; absent balance record is zero,exclude fifth-only panels,12 MTBI nonmissing-cost months,2821,2260,561,78,96,-18,0.6862639739813154,1.0293959609719252,7.440998700229066,29.588397260742955,62.970604039028075,174
inferred first interview,age 25-64 at earliest observed interview,income strictly above $200/month at interview 5,valid flags; absent balance record is zero,exclude fifth-only panels,12 MTBI record months,2821,2260,561,78,96,-18,0.6862639739813154,1.0293959609719252,7.440998700229066,29.588397260742955,62.970604039028075,174
inferred first interview,age 25-64 at earliest observed interview,income strictly above $200/month at interview 5,valid flags; absent balance record is zero,exclude fifth-only panels,FMLI interviews 2-5,2821,2260,561,78,96,-18,0.6862639739813154,1.0293959609719252,7.440998700229066,29.588397260742955,62.970604039028075,174
inferred first interview,age 25-64 at earliest observed interview,income strictly above $200/month at interview 5,valid flags; absent balance record is zero,exclude fifth-only panels,consecutive FMLI interviews 2-5,2821,2260,561,78,96,-18,0.6862639739813154,1.0293959609719252,7.440998700229066,29.588397260742955,62.970604039028075,174
earliest observed public interview,age 25-64 at earliest observed interview,INCLASS complete at interview 5,valid flags plus explicit finance-charge record,exclude fifth-only panels,12 MTBI positive-total months,2727,2003,724,-16,-161,145,1.1649888808056879,1.747483321208577,8.231895965450418,29.51558735575807,62.25251667879142,177
earliest observed public interview,age 25-64 at earliest observed interview,INCLASS complete at interview 5,valid flags; absent balance record is zero,exclude fifth-only panels,12 MTBI positive-total months,2727,2003,724,-16,-161,145,1.1649888808056879,1.747483321208577,8.231895965450418,29.51558735575807,62.25251667879142,177
earliest observed public interview,age 25-64 at earliest observed interview,income/reporting at interview 5,valid flags plus explicit finance-charge record,exclude fifth-only panels,12 MTBI positive-total months,2727,2003,724,-16,-161,145,1.1649888808056879,1.747483321208577,8.231895965450418,29.51558735575807,62.25251667879142,177
earliest observed public interview,age 25-64 at earliest observed interview,income/reporting at interview 5,valid flags; absent balance record is zero,exclude fifth-only panels,12 MTBI positive-total months,2727,2003,724,-16,-161,145,1.1649888808056879,1.747483321208577,8.231895965450418,29.51558735575807,62.25251667879142,177
earliest observed public interview,age 25-64 at earliest observed interview,income strictly above $200/month at interview 5,valid flags plus explicit finance-charge record,exclude fifth-only panels,12 MTBI positive-total months,2726,2003,723,-17,-161,144,1.1752033808334257,1.7628050712501775,8.235237302176841,29.527567769073258,62.23719492874982,178
earliest observed public interview,age 25-64 at earliest observed interview,income strictly above $200/month at interview 5,valid flags; absent balance record is zero,exclude fifth-only panels,12 MTBI positive-total months,2726,2003,723,-17,-161,144,1.1752033808334257,1.7628050712501775,8.235237302176841,29.527567769073258,62.23719492874982,178
inferred first interview,age strictly between 25 and 64 at interview 5,INCLASS complete at interview 5,valid flags plus explicit finance-charge record,retain fifth-only panels,12 MTBI nonmissing-cost months,2901,2185,716,158,21,137,0.3524869699008268,0.5287304548512592,7.528730454851259,28.819008813541345,63.652260731607434,179
inferred first interview,age strictly between 25 and 64 at interview 5,INCLASS complete at interview 5,valid flags plus explicit finance-charge record,retain fifth-only panels,12 MTBI record months,2901,2185,716,158,21,137,0.3524869699008268,0.5287304548512592,7.528730454851259,28.819008813541345,63.652260731607434,179
inferred first interview,age strictly between 25 and 64 at interview 5,INCLASS complete at interview 5,valid flags plus explicit finance-charge record,retain fifth-only panels,FMLI interviews 2-5,2901,2185,716,158,21,137,0.3524869699008268,0.5287304548512592,7.528730454851259,28.819008813541345,63.652260731607434,179
inferred first interview,age strictly between 25 and 64 at interview 5,INCLASS complete at interview 5,valid flags plus explicit finance-charge record,retain fifth-only panels,consecutive FMLI interviews 2-5,2901,2185,716,158,21,137,0.3524869699008268,0.5287304548512592,7.528730454851259,28.819008813541345,63.652260731607434,179
inferred first interview,age strictly between 25 and 64 at interview 5,INCLASS complete at interview 5,valid flags; absent balance record is zero,retain fifth-only panels,12 MTBI nonmissing-cost months,2901,2185,716,158,21,137,0.3524869699008268,0.5287304548512592,7.528730454851259,28.819008813541345,63.652260731607434,179
inferred first interview,age strictly between 25 and 64 at interview 5,INCLASS complete at interview 5,valid flags; absent balance record is zero,retain fifth-only panels,12 MTBI record months,2901,2185,716,158,21,137,0.3524869699008268,0.5287304548512592,7.528730454851259,28.819008813541345,63.652260731607434,179
inferred first interview,age strictly between 25 and 64 at interview 5,INCLASS complete at interview 5,valid flags; absent balance record is zero,retain fifth-only panels,FMLI interviews 2-5,2901,2185,716,158,21,137,0.3524869699008268,0.5287304548512592,7.528730454851259,28.819008813541345,63.652260731607434,179
inferred first interview,age strictly between 25 and 64 at interview 5,INCLASS complete at interview 5,valid flags; absent balance record is zero,retain fifth-only panels,consecutive FMLI interviews 2-5,2901,2185,716,158,21,137,0.3524869699008268,0.5287304548512592,7.528730454851259,28.819008813541345,63.652260731607434,179
inferred first interview,age strictly between 25 and 64 at interview 5,income/reporting at interview 5,valid flags plus explicit finance-charge record,retain fifth-only panels,12 MTBI nonmissing-cost months,2901,2185,716,158,21,137,0.3524869699008268,0.5287304548512592,7.528730454851259,28.819008813541345,63.652260731607434,179
inferred first interview,age strictly between 25 and 64 at interview 5,income/reporting at interview 5,valid flags plus explicit finance-charge record,retain fifth-only panels,12 MTBI record months,2901,2185,716,158,21,137,0.3524869699008268,0.5287304548512592,7.528730454851259,28.819008813541345,63.652260731607434,179
inferred first interview,age strictly between 25 and 64 at interview 5,income/reporting at interview 5,valid flags plus explicit finance-charge record,retain fifth-only panels,FMLI interviews 2-5,2901,2185,716,158,21,137,0.3524869699008268,0.5287304548512592,7.528730454851259,28.819008813541345,63.652260731607434,179
inferred first interview,age strictly between 25 and 64 at interview 5,income/reporting at interview 5,valid flags plus explicit finance-charge record,retain fifth-only panels,consecutive FMLI interviews 2-5,2901,2185,716,158,21,137,0.3524869699008268,0.5287304548512592,7.528730454851259,28.819008813541345,63.652260731607434,179
inferred first interview,age strictly between 25 and 64 at interview 5,income/reporting at interview 5,valid flags; absent balance record is zero,retain fifth-only panels,12 MTBI nonmissing-cost months,2901,2185,716,158,21,137,0.3524869699008268,0.5287304548512592,7.528730454851259,28.819008813541345,63.652260731607434,179
inferred first interview,age strictly between 25 and 64 at interview 5,income/reporting at interview 5,valid flags; absent balance record is zero,retain fifth-only panels,12 MTBI record months,2901,2185,716,158,21,137,0.3524869699008268,0.5287304548512592,7.528730454851259,28.819008813541345,63.652260731607434,179
inferred first interview,age strictly between 25 and 64 at interview 5,income/reporting at interview 5,valid flags; absent balance record is zero,retain fifth-only panels,FMLI interviews 2-5,2901,2185,716,158,21,137,0.3524869699008268,0.5287304548512592,7.528730454851259,28.819008813541345,63.652260731607434,179
inferred first interview,age strictly between 25 and 64 at interview 5,income/reporting at interview 5,valid flags; absent balance record is zero,retain fifth-only panels,consecutive FMLI interviews 2-5,2901,2185,716,158,21,137,0.3524869699008268,0.5287304548512592,7.528730454851259,28.819008813541345,63.652260731607434,179
inferred first interview,age 25-64 at earliest observed interview,INCLASS complete at interview 5,valid flags plus explicit finance-charge record,exclude fifth-only panels,12 MTBI nonmissing-cost months,2824,2262,562,81,98,-17,0.652217673171552,0.9783265097572809,7.430736374575412,29.547590135181963,63.02167349024272,179
inferred first interview,age 25-64 at earliest observed interview,INCLASS complete at interview 5,valid flags plus explicit finance-charge record,exclude fifth-only panels,12 MTBI record months,2824,2262,562,81,98,-17,0.652217673171552,0.9783265097572809,7.430736374575412,29.547590135181963,63.02167349024272,179
inferred first interview,age 25-64 at earliest observed interview,INCLASS complete at interview 5,valid flags plus explicit finance-charge record,exclude fifth-only panels,FMLI interviews 2-5,2824,2262,562,81,98,-17,0.652217673171552,0.9783265097572809,7.430736374575412,29.547590135181963,63.02167349024272,179
inferred first interview,age 25-64 at earliest observed interview,INCLASS complete at interview 5,valid flags plus explicit finance-charge record,exclude fifth-only panels,consecutive FMLI interviews 2-5,2824,2262,562,81,98,-17,0.652217673171552,0.9783265097572809,7.430736374575412,29.547590135181963,63.02167349024272,179
inferred first interview,age 25-64 at earliest observed interview,INCLASS complete at interview 5,valid flags; absent balance record is zero,exclude fifth-only panels,12 MTBI nonmissing-cost months,2824,2262,562,81,98,-17,0.652217673171552,0.9783265097572809,7.430736374575412,29.547590135181963,63.02167349024272,179
inferred first interview,age 25-64 at earliest observed interview,INCLASS complete at interview 5,valid flags; absent balance record is zero,exclude fifth-only panels,12 MTBI record months,2824,2262,562,81,98,-17,0.652217673171552,0.9783265097572809,7.430736374575412,29.547590135181963,63.02167349024272,179
inferred first interview,age 25-64 at earliest observed interview,INCLASS complete at interview 5,valid flags; absent balance record is zero,exclude fifth-only panels,FMLI interviews 2-5,2824,2262,562,81,98,-17,0.652217673171552,0.9783265097572809,7.430736374575412,29.547590135181963,63.02167349024272,179
inferred first interview,age 25-64 at earliest observed interview,INCLASS complete at interview 5,valid flags; absent balance record is zero,exclude fifth-only panels,consecutive FMLI interviews 2-5,2824,2262,562,81,98,-17,0.652217673171552,0.9783265097572809,7.430736374575412,29.547590135181963,63.02167349024272,179
inferred first interview,age 25-64 at earliest observed interview,income/reporting at interview 5,valid flags plus explicit finance-charge record,exclude fifth-only panels,12 MTBI nonmissing-cost months,2824,2262,562,81,98,-17,0.652217673171552,0.9783265097572809,7.430736374575412,29.547590135181963,63.02167349024272,179
inferred first interview,age 25-64 at earliest observed interview,income/reporting at interview 5,valid flags plus explicit finance-charge record,exclude fifth-only panels,12 MTBI record months,2824,2262,562,81,98,-17,0.652217673171552,0.9783265097572809,7.430736374575412,29.547590135181963,63.02167349024272,179
inferred first interview,age 25-64 at earliest observed interview,income/reporting at interview 5,valid flags plus explicit finance-charge record,exclude fifth-only panels,FMLI interviews 2-5,2824,2262,562,81,98,-17,0.652217673171552,0.9783265097572809,7.430736374575412,29.547590135181963,63.02167349024272,179
inferred first interview,age 25-64 at earliest observed interview,income/reporting at interview 5,valid flags plus explicit finance-charge record,exclude fifth-only panels,consecutive FMLI interviews 2-5,2824,2262,562,81,98,-17,0.652217673171552,0.9783265097572809,7.430736374575412,29.547590135181963,63.02167349024272,179
inferred first interview,age 25-64 at earliest observed interview,income/reporting at interview 5,valid flags; absent balance record is zero,exclude fifth-only panels,12 MTBI nonmissing-cost months,2824,2262,562,81,98,-17,0.652217673171552,0.9783265097572809,7.430736374575412,29.547590135181963,63.02167349024272,179
inferred first interview,age 25-64 at earliest observed interview,income/reporting at interview 5,valid flags; absent balance record is zero,exclude fifth-only panels,12 MTBI record months,2824,2262,562,81,98,-17,0.652217673171552,0.9783265097572809,7.430736374575412,29.547590135181963,63.02167349024272,179
inferred first interview,age 25-64 at earliest observed interview,income/reporting at interview 5,valid flags; absent balance record is zero,exclude fifth-only panels,FMLI interviews 2-5,2824,2262,562,81,98,-17,0.652217673171552,0.9783265097572809,7.430736374575412,29.547590135181963,63.02167349024272,179
inferred first interview,age 25-64 at earliest observed interview,income/reporting at interview 5,valid flags; absent balance record is zero,exclude fifth-only panels,consecutive FMLI interviews 2-5,2824,2262,562,81,98,-17,0.652217673171552,0.9783265097572809,7.430736374575412,29.547590135181963,63.02167349024272,179
earliest observed public interview,age 25-64 at interview 5,INCLASS complete at interview 5,valid flags plus explicit finance-charge record,exclude fifth-only panels,12 MTBI positive-total months,2718,1996,722,-25,-168,143,1.008283309398374,1.5124249640976117,8.18207117436119,29.33035378973632,62.48757503590239,193
earliest observed public interview,age 25-64 at interview 5,INCLASS complete at interview 5,valid flags; absent balance record is zero,exclude fifth-only panels,12 MTBI positive-total months,2718,1996,722,-25,-168,143,1.008283309398374,1.5124249640976117,8.18207117436119,29.33035378973632,62.48757503590239,193
earliest observed public interview,age 25-64 at interview 5,income/reporting at interview 5,valid flags plus explicit finance-charge record,exclude fifth-only panels,12 MTBI positive-total months,2718,1996,722,-25,-168,143,1.008283309398374,1.5124249640976117,8.18207117436119,29.33035378973632,62.48757503590239,193
earliest observed public interview,age 25-64 at interview 5,income/reporting at interview 5,valid flags; absent balance record is zero,exclude fifth-only panels,12 MTBI positive-total months,2718,1996,722,-25,-168,143,1.008283309398374,1.5124249640976117,8.18207117436119,29.33035378973632,62.48757503590239,193
earliest observed public interview,age 25-64 at interview 5,income strictly above $200/month at interview 5,valid flags plus explicit finance-charge record,exclude fifth-only panels,12 MTBI positive-total months,2717,1996,721,-26,-168,142,1.0184506473379968,1.5276759710070493,8.185397667493346,29.342278303513595,62.47232402899295,194
earliest observed public interview,age 25-64 at interview 5,income strictly above $200/month at interview 5,valid flags; absent balance record is zero,exclude fifth-only panels,12 MTBI positive-total months,2717,1996,721,-26,-168,142,1.0184506473379968,1.5276759710070493,8.185397667493346,29.342278303513595,62.47232402899295,194
fifth interview in 2001,age 25-64 at interview 5,income strictly above $200/month at interview 5,valid flags plus explicit finance-charge record,exclude fifth-only panels,12 MTBI positive-total months,2773,1996,777,30,-168,198,1.1978853691171842,1.7968280536758954,8.380258565100021,29.416569488575636,62.203171946324105,198
fifth interview in 2001,age 25-64 at interview 5,income strictly above $200/month at interview 5,valid flags; absent balance record is zero,exclude fifth-only panels,12 MTBI positive-total months,2773,1996,777,30,-168,198,1.1978853691171842,1.7968280536758954,8.380258565100021,29.416569488575636,62.203171946324105,198
inferred public interview 2,age 25-64 at interview 5,income strictly above $200/month at interview 5,valid flags plus explicit finance-charge record,exclude fifth-only panels,12 MTBI positive-total months,2773,1996,777,30,-168,198,1.1978853691171842,1.7968280536758954,8.380258565100021,29.416569488575636,62.203171946324105,198
inferred public interview 2,age 25-64 at interview 5,income strictly above $200/month at interview 5,valid flags; absent balance record is zero,exclude fifth-only panels,12 MTBI positive-total months,2773,1996,777,30,-168,198,1.1978853691171842,1.7968280536758954,8.380258565100021,29.416569488575636,62.203171946324105,198
fifth interview in 2001,age 25-64 at interview 5,INCLASS complete at interview 5,valid flags plus explicit finance-charge record,exclude fifth-only panels,12 MTBI positive-total months,2774,1996,778,31,-168,199,1.1878560323415848,1.7817840485124847,8.37692302982852,29.40486101868375,62.218215951487515,199
fifth interview in 2001,age 25-64 at interview 5,INCLASS complete at interview 5,valid flags; absent balance record is zero,exclude fifth-only panels,12 MTBI positive-total months,2774,1996,778,31,-168,199,1.1878560323415848,1.7817840485124847,8.37692302982852,29.40486101868375,62.218215951487515,199
fifth interview in 2001,age 25-64 at interview 5,income/reporting at interview 5,valid flags plus explicit finance-charge record,exclude fifth-only panels,12 MTBI positive-total months,2774,1996,778,31,-168,199,1.1878560323415848,1.7817840485124847,8.37692302982852,29.40486101868375,62.218215951487515,199
fifth interview in 2001,age 25-64 at interview 5,income/reporting at interview 5,valid flags; absent balance record is zero,exclude fifth-only panels,12 MTBI positive-total months,2774,1996,778,31,-168,199,1.1878560323415848,1.7817840485124847,8.37692302982852,29.40486101868375,62.218215951487515,199
inferred public interview 2,age 25-64 at interview 5,INCLASS complete at interview 5,valid flags plus explicit finance-charge record,exclude fifth-only panels,12 MTBI positive-total months,2774,1996,778,31,-168,199,1.1878560323415848,1.7817840485124847,8.37692302982852,29.40486101868375,62.218215951487515,199
inferred public interview 2,age 25-64 at interview 5,INCLASS complete at interview 5,valid flags; absent balance record is zero,exclude fifth-only panels,12 MTBI positive-total months,2774,1996,778,31,-168,199,1.1878560323415848,1.7817840485124847,8.37692302982852,29.40486101868375,62.218215951487515,199
inferred public interview 2,age 25-64 at interview 5,income/reporting at interview 5,valid flags plus explicit finance-charge record,exclude fifth-only panels,12 MTBI positive-total months,2774,1996,778,31,-168,199,1.1878560323415848,1.7817840485124847,8.37692302982852,29.40486101868375,62.218215951487515,199
inferred public interview 2,age 25-64 at interview 5,income/reporting at interview 5,valid flags; absent balance record is zero,exclude fifth-only panels,12 MTBI positive-total months,2774,1996,778,31,-168,199,1.1878560323415848,1.7817840485124847,8.37692302982852,29.40486101868375,62.218215951487515,199
fifth interview in 2001,age 25-64 at earliest observed interview,income strictly above $200/month at interview 5,valid flags plus explicit finance-charge record,exclude fifth-only panels,12 MTBI positive-total months,2783,2003,780,40,-161,201,1.3345612727470104,2.001841909120607,8.424335285729464,29.57750662339096,61.99815809087939,201
fifth interview in 2001,age 25-64 at earliest observed interview,income strictly above $200/month at interview 5,valid flags; absent balance record is zero,exclude fifth-only panels,12 MTBI positive-total months,2783,2003,780,40,-161,201,1.3345612727470104,2.001841909120607,8.424335285729464,29.57750662339096,61.99815809087939,201
inferred public interview 2,age 25-64 at earliest observed interview,income strictly above $200/month at interview 5,valid flags plus explicit finance-charge record,exclude fifth-only panels,12 MTBI positive-total months,2783,2003,780,40,-161,201,1.3345612727470104,2.001841909120607,8.424335285729464,29.57750662339096,61.99815809087939,201
inferred public interview 2,age 25-64 at earliest observed interview,income strictly above $200/month at interview 5,valid flags; absent balance record is zero,exclude fifth-only panels,12 MTBI positive-total months,2783,2003,780,40,-161,201,1.3345612727470104,2.001841909120607,8.424335285729464,29.57750662339096,61.99815809087939,201
fifth interview in 2001,age 25-64 at earliest observed interview,INCLASS complete at interview 5,valid flags plus explicit finance-charge record,exclude fifth-only panels,12 MTBI positive-total months,2784,2003,781,41,-161,202,1.3244982412683395,1.9867473619026015,8.420989091956677,29.56575826994574,62.0132526380974,202
fifth interview in 2001,age 25-64 at earliest observed interview,INCLASS complete at interview 5,valid flags; absent balance record is zero,exclude fifth-only panels,12 MTBI positive-total months,2784,2003,781,41,-161,202,1.3244982412683395,1.9867473619026015,8.420989091956677,29.56575826994574,62.0132526380974,202
fifth interview in 2001,age 25-64 at earliest observed interview,income/reporting at interview 5,valid flags plus explicit finance-charge record,exclude fifth-only panels,12 MTBI positive-total months,2784,2003,781,41,-161,202,1.3244982412683395,1.9867473619026015,8.420989091956677,29.56575826994574,62.0132526380974,202
fifth interview in 2001,age 25-64 at earliest observed interview,income/reporting at interview 5,valid flags; absent balance record is zero,exclude fifth-only panels,12 MTBI positive-total months,2784,2003,781,41,-161,202,1.3244982412683395,1.9867473619026015,8.420989091956677,29.56575826994574,62.0132526380974,202
inferred public interview 2,age 25-64 at earliest observed interview,INCLASS complete at interview 5,valid flags plus explicit finance-charge record,exclude fifth-only panels,12 MTBI positive-total months,2784,2003,781,41,-161,202,1.3244982412683395,1.9867473619026015,8.420989091956677,29.56575826994574,62.0132526380974,202
inferred public interview 2,age 25-64 at earliest observed interview,INCLASS complete at interview 5,valid flags; absent balance record is zero,exclude fifth-only panels,12 MTBI positive-total months,2784,2003,781,41,-161,202,1.3244982412683395,1.9867473619026015,8.420989091956677,29.56575826994574,62.0132526380974,202
inferred public interview 2,age 25-64 at earliest observed interview,income/reporting at interview 5,valid flags plus explicit finance-charge record,exclude fifth-only panels,12 MTBI positive-total months,2784,2003,781,41,-161,202,1.3244982412683395,1.9867473619026015,8.420989091956677,29.56575826994574,62.0132526380974,202
inferred public interview 2,age 25-64 at earliest observed interview,income/reporting at interview 5,valid flags; absent balance record is zero,exclude fifth-only panels,12 MTBI positive-total months,2784,2003,781,41,-161,202,1.3244982412683395,1.9867473619026015,8.420989091956677,29.56575826994574,62.0132526380974,202
fifth interview in 2001,age 26-64 at interview 5,INCLASS complete at interview 5,valid flags plus explicit finance-charge record,exclude fifth-only panels,12 MTBI positive-total months,2732,1972,760,-11,-192,181,1.26063948705443,1.8909592305817569,8.445520832171564,29.44543839840997,62.10904076941824,203
fifth interview in 2001,age 26-64 at interview 5,INCLASS complete at interview 5,valid flags; absent balance record is zero,exclude fifth-only panels,12 MTBI positive-total months,2732,1972,760,-11,-192,181,1.26063948705443,1.8909592305817569,8.445520832171564,29.44543839840997,62.10904076941824,203
fifth interview in 2001,age 26-64 at interview 5,income/reporting at interview 5,valid flags plus explicit finance-charge record,exclude fifth-only panels,12 MTBI positive-total months,2732,1972,760,-11,-192,181,1.26063948705443,1.8909592305817569,8.445520832171564,29.44543839840997,62.10904076941824,203
fifth interview in 2001,age 26-64 at interview 5,income/reporting at interview 5,valid flags; absent balance record is zero,exclude fifth-only panels,12 MTBI positive-total months,2732,1972,760,-11,-192,181,1.26063948705443,1.8909592305817569,8.445520832171564,29.44543839840997,62.10904076941824,203
inferred public interview 2,age 26-64 at interview 5,INCLASS complete at interview 5,valid flags plus explicit finance-charge record,exclude fifth-only panels,12 MTBI positive-total months,2732,1972,760,-11,-192,181,1.26063948705443,1.8909592305817569,8.445520832171564,29.44543839840997,62.10904076941824,203
inferred public interview 2,age 26-64 at interview 5,INCLASS complete at interview 5,valid flags; absent balance record is zero,exclude fifth-only panels,12 MTBI positive-total months,2732,1972,760,-11,-192,181,1.26063948705443,1.8909592305817569,8.445520832171564,29.44543839840997,62.10904076941824,203
inferred public interview 2,age 26-64 at interview 5,income/reporting at interview 5,valid flags plus explicit finance-charge record,exclude fifth-only panels,12 MTBI positive-total months,2732,1972,760,-11,-192,181,1.26063948705443,1.8909592305817569,8.445520832171564,29.44543839840997,62.10904076941824,203
inferred public interview 2,age 26-64 at interview 5,income/reporting at interview 5,valid flags; absent balance record is zero,exclude fifth-only panels,12 MTBI positive-total months,2732,1972,760,-11,-192,181,1.26063948705443,1.8909592305817569,8.445520832171564,29.44543839840997,62.10904076941824,203
fifth interview in 2001,age 25-64 throughout observed panel,income strictly above $200/month at interview 5,valid flags plus explicit finance-charge record,retain fifth-only panels,12 MTBI nonmissing-cost months,2909,2202,707,166,38,128,1.0313922430361864,1.547088364554405,8.475494462678482,29.071593901875673,62.452911635445595,204
fifth interview in 2001,age 25-64 throughout observed panel,income strictly above $200/month at interview 5,valid flags plus explicit finance-charge record,retain fifth-only panels,12 MTBI record months,2909,2202,707,166,38,128,1.0313922430361864,1.547088364554405,8.475494462678482,29.071593901875673,62.452911635445595,204
fifth interview in 2001,age 25-64 throughout observed panel,income strictly above $200/month at interview 5,valid flags plus explicit finance-charge record,retain fifth-only panels,FMLI interviews 2-5,2909,2202,707,166,38,128,1.0313922430361864,1.547088364554405,8.475494462678482,29.071593901875673,62.452911635445595,204
fifth interview in 2001,age 25-64 throughout observed panel,income strictly above $200/month at interview 5,valid flags plus explicit finance-charge record,retain fifth-only panels,consecutive FMLI interviews 2-5,2909,2202,707,166,38,128,1.0313922430361864,1.547088364554405,8.475494462678482,29.071593901875673,62.452911635445595,204
fifth interview in 2001,age 25-64 throughout observed panel,income strictly above $200/month at interview 5,valid flags; absent balance record is zero,retain fifth-only panels,12 MTBI nonmissing-cost months,2909,2202,707,166,38,128,1.0313922430361864,1.547088364554405,8.475494462678482,29.071593901875673,62.452911635445595,204
fifth interview in 2001,age 25-64 throughout observed panel,income strictly above $200/month at interview 5,valid flags; absent balance record is zero,retain fifth-only panels,12 MTBI record months,2909,2202,707,166,38,128,1.0313922430361864,1.547088364554405,8.475494462678482,29.071593901875673,62.452911635445595,204
fifth interview in 2001,age 25-64 throughout observed panel,income strictly above $200/month at interview 5,valid flags; absent balance record is zero,retain fifth-only panels,FMLI interviews 2-5,2909,2202,707,166,38,128,1.0313922430361864,1.547088364554405,8.475494462678482,29.071593901875673,62.452911635445595,204
fifth interview in 2001,age 25-64 throughout observed panel,income strictly above $200/month at interview 5,valid flags; absent balance record is zero,retain fifth-only panels,consecutive FMLI interviews 2-5,2909,2202,707,166,38,128,1.0313922430361864,1.547088364554405,8.475494462678482,29.071593901875673,62.452911635445595,204
inferred public interview 2,age 25-64 throughout observed panel,income strictly above $200/month at interview 5,valid flags plus explicit finance-charge record,retain fifth-only panels,12 MTBI nonmissing-cost months,2909,2202,707,166,38,128,1.0313922430361864,1.547088364554405,8.475494462678482,29.071593901875673,62.452911635445595,204
inferred public interview 2,age 25-64 throughout observed panel,income strictly above $200/month at interview 5,valid flags plus explicit finance-charge record,retain fifth-only panels,12 MTBI record months,2909,2202,707,166,38,128,1.0313922430361864,1.547088364554405,8.475494462678482,29.071593901875673,62.452911635445595,204
inferred public interview 2,age 25-64 throughout observed panel,income strictly above $200/month at interview 5,valid flags plus explicit finance-charge record,retain fifth-only panels,FMLI interviews 2-5,2909,2202,707,166,38,128,1.0313922430361864,1.547088364554405,8.475494462678482,29.071593901875673,62.452911635445595,204
inferred public interview 2,age 25-64 throughout observed panel,income strictly above $200/month at interview 5,valid flags plus explicit finance-charge record,retain fifth-only panels,consecutive FMLI interviews 2-5,2909,2202,707,166,38,128,1.0313922430361864,1.547088364554405,8.475494462678482,29.071593901875673,62.452911635445595,204
inferred public interview 2,age 25-64 throughout observed panel,income strictly above $200/month at interview 5,valid flags; absent balance record is zero,retain fifth-only panels,12 MTBI nonmissing-cost months,2909,2202,707,166,38,128,1.0313922430361864,1.547088364554405,8.475494462678482,29.071593901875673,62.452911635445595,204
inferred public interview 2,age 25-64 throughout observed panel,income strictly above $200/month at interview 5,valid flags; absent balance record is zero,retain fifth-only panels,12 MTBI record months,2909,2202,707,166,38,128,1.0313922430361864,1.547088364554405,8.475494462678482,29.071593901875673,62.452911635445595,204
inferred public interview 2,age 25-64 throughout observed panel,income strictly above $200/month at interview 5,valid flags; absent balance record is zero,retain fifth-only panels,FMLI interviews 2-5,2909,2202,707,166,38,128,1.0313922430361864,1.547088364554405,8.475494462678482,29.071593901875673,62.452911635445595,204
inferred public interview 2,age 25-64 throughout observed panel,income strictly above $200/month at interview 5,valid flags; absent balance record is zero,retain fifth-only panels,consecutive FMLI interviews 2-5,2909,2202,707,166,38,128,1.0313922430361864,1.547088364554405,8.475494462678482,29.071593901875673,62.452911635445595,204
fifth interview in 2001,age 26-64 at interview 5,income strictly above $200/month at interview 5,valid flags plus explicit finance-charge record,exclude fifth-only panels,12 MTBI positive-total months,2731,1972,759,-12,-192,180,1.2708477256980917,1.9062715885472485,8.44893380563049,29.457337782916536,62.09372841145275,204
fifth interview in 2001,age 26-64 at interview 5,income strictly above $200/month at interview 5,valid flags; absent balance record is zero,exclude fifth-only panels,12 MTBI positive-total months,2731,1972,759,-12,-192,180,1.2708477256980917,1.9062715885472485,8.44893380563049,29.457337782916536,62.09372841145275,204
inferred public interview 2,age 26-64 at interview 5,income strictly above $200/month at interview 5,valid flags plus explicit finance-charge record,exclude fifth-only panels,12 MTBI positive-total months,2731,1972,759,-12,-192,180,1.2708477256980917,1.9062715885472485,8.44893380563049,29.457337782916536,62.09372841145275,204
inferred public interview 2,age 26-64 at interview 5,income strictly above $200/month at interview 5,valid flags; absent balance record is zero,exclude fifth-only panels,12 MTBI positive-total months,2731,1972,759,-12,-192,180,1.2708477256980917,1.9062715885472485,8.44893380563049,29.457337782916536,62.09372841145275,204
earliest observed public interview,age 26-64 at interview 5,income strictly above $200/month at interview 5,valid flags plus explicit finance-charge record,retain fifth-only panels,12 MTBI positive-total months,2757,1972,785,14,-192,206,0.942125199375934,1.4131877990639694,8.2390930923544,29.174094706709433,62.58681220093603,206
earliest observed public interview,age 26-64 at interview 5,income strictly above $200/month at interview 5,valid flags; absent balance record is zero,retain fifth-only panels,12 MTBI positive-total months,2757,1972,785,14,-192,206,0.942125199375934,1.4131877990639694,8.2390930923544,29.174094706709433,62.58681220093603,206
fifth interview in 2001,age 25-64 throughout observed panel,INCLASS complete at interview 5,valid flags plus explicit finance-charge record,retain fifth-only panels,12 MTBI nonmissing-cost months,2911,2202,709,168,38,130,1.0108870844905506,1.5163306267359502,8.468551526543628,29.047779100192074,62.48366937326405,206
fifth interview in 2001,age 25-64 throughout observed panel,INCLASS complete at interview 5,valid flags plus explicit finance-charge record,retain fifth-only panels,12 MTBI record months,2911,2202,709,168,38,130,1.0108870844905506,1.5163306267359502,8.468551526543628,29.047779100192074,62.48366937326405,206
fifth interview in 2001,age 25-64 throughout observed panel,INCLASS complete at interview 5,valid flags plus explicit finance-charge record,retain fifth-only panels,FMLI interviews 2-5,2911,2202,709,168,38,130,1.0108870844905506,1.5163306267359502,8.468551526543628,29.047779100192074,62.48366937326405,206
fifth interview in 2001,age 25-64 throughout observed panel,INCLASS complete at interview 5,valid flags plus explicit finance-charge record,retain fifth-only panels,consecutive FMLI interviews 2-5,2911,2202,709,168,38,130,1.0108870844905506,1.5163306267359502,8.468551526543628,29.047779100192074,62.48366937326405,206
fifth interview in 2001,age 25-64 throughout observed panel,INCLASS complete at interview 5,valid flags; absent balance record is zero,retain fifth-only panels,12 MTBI nonmissing-cost months,2911,2202,709,168,38,130,1.0108870844905506,1.5163306267359502,8.468551526543628,29.047779100192074,62.48366937326405,206
fifth interview in 2001,age 25-64 throughout observed panel,INCLASS complete at interview 5,valid flags; absent balance record is zero,retain fifth-only panels,12 MTBI record months,2911,2202,709,168,38,130,1.0108870844905506,1.5163306267359502,8.468551526543628,29.047779100192074,62.48366937326405,206
fifth interview in 2001,age 25-64 throughout observed panel,INCLASS complete at interview 5,valid flags; absent balance record is zero,retain fifth-only panels,FMLI interviews 2-5,2911,2202,709,168,38,130,1.0108870844905506,1.5163306267359502,8.468551526543628,29.047779100192074,62.48366937326405,206
fifth interview in 2001,age 25-64 throughout observed panel,INCLASS complete at interview 5,valid flags; absent balance record is zero,retain fifth-only panels,consecutive FMLI interviews 2-5,2911,2202,709,168,38,130,1.0108870844905506,1.5163306267359502,8.468551526543628,29.047779100192074,62.48366937326405,206
fifth interview in 2001,age 25-64 throughout observed panel,income/reporting at interview 5,valid flags plus explicit finance-charge record,retain fifth-only panels,12 MTBI nonmissing-cost months,2911,2202,709,168,38,130,1.0108870844905506,1.5163306267359502,8.468551526543628,29.047779100192074,62.48366937326405,206
fifth interview in 2001,age 25-64 throughout observed panel,income/reporting at interview 5,valid flags plus explicit finance-charge record,retain fifth-only panels,12 MTBI record months,2911,2202,709,168,38,130,1.0108870844905506,1.5163306267359502,8.468551526543628,29.047779100192074,62.48366937326405,206
fifth interview in 2001,age 25-64 throughout observed panel,income/reporting at interview 5,valid flags plus explicit finance-charge record,retain fifth-only panels,FMLI interviews 2-5,2911,2202,709,168,38,130,1.0108870844905506,1.5163306267359502,8.468551526543628,29.047779100192074,62.48366937326405,206
fifth interview in 2001,age 25-64 throughout observed panel,income/reporting at interview 5,valid flags plus explicit finance-charge record,retain fifth-only panels,consecutive FMLI interviews 2-5,2911,2202,709,168,38,130,1.0108870844905506,1.5163306267359502,8.468551526543628,29.047779100192074,62.48366937326405,206
fifth interview in 2001,age 25-64 throughout observed panel,income/reporting at interview 5,valid flags; absent balance record is zero,retain fifth-only panels,12 MTBI nonmissing-cost months,2911,2202,709,168,38,130,1.0108870844905506,1.5163306267359502,8.468551526543628,29.047779100192074,62.48366937326405,206
fifth interview in 2001,age 25-64 throughout observed panel,income/reporting at interview 5,valid flags; absent balance record is zero,retain fifth-only panels,12 MTBI record months,2911,2202,709,168,38,130,1.0108870844905506,1.5163306267359502,8.468551526543628,29.047779100192074,62.48366937326405,206
fifth interview in 2001,age 25-64 throughout observed panel,income/reporting at interview 5,valid flags; absent balance record is zero,retain fifth-only panels,FMLI interviews 2-5,2911,2202,709,168,38,130,1.0108870844905506,1.5163306267359502,8.468551526543628,29.047779100192074,62.48366937326405,206
fifth interview in 2001,age 25-64 throughout observed panel,income/reporting at interview 5,valid flags; absent balance record is zero,retain fifth-only panels,consecutive FMLI interviews 2-5,2911,2202,709,168,38,130,1.0108870844905506,1.5163306267359502,8.468551526543628,29.047779100192074,62.48366937326405,206
inferred public interview 2,age 25-64 throughout observed panel,INCLASS complete at interview 5,valid flags plus explicit finance-charge record,retain fifth-only panels,12 MTBI nonmissing-cost months,2911,2202,709,168,38,130,1.0108870844905506,1.5163306267359502,8.468551526543628,29.047779100192074,62.48366937326405,206
inferred public interview 2,age 25-64 throughout observed panel,INCLASS complete at interview 5,valid flags plus explicit finance-charge record,retain fifth-only panels,12 MTBI record months,2911,2202,709,168,38,130,1.0108870844905506,1.5163306267359502,8.468551526543628,29.047779100192074,62.48366937326405,206
inferred public interview 2,age 25-64 throughout observed panel,INCLASS complete at interview 5,valid flags plus explicit finance-charge record,retain fifth-only panels,FMLI interviews 2-5,2911,2202,709,168,38,130,1.0108870844905506,1.5163306267359502,8.468551526543628,29.047779100192074,62.48366937326405,206
inferred public interview 2,age 25-64 throughout observed panel,INCLASS complete at interview 5,valid flags plus explicit finance-charge record,retain fifth-only panels,consecutive FMLI interviews 2-5,2911,2202,709,168,38,130,1.0108870844905506,1.5163306267359502,8.468551526543628,29.047779100192074,62.48366937326405,206
inferred public interview 2,age 25-64 throughout observed panel,INCLASS complete at interview 5,valid flags; absent balance record is zero,retain fifth-only panels,12 MTBI nonmissing-cost months,2911,2202,709,168,38,130,1.0108870844905506,1.5163306267359502,8.468551526543628,29.047779100192074,62.48366937326405,206
inferred public interview 2,age 25-64 throughout observed panel,INCLASS complete at interview 5,valid flags; absent balance record is zero,retain fifth-only panels,12 MTBI record months,2911,2202,709,168,38,130,1.0108870844905506,1.5163306267359502,8.468551526543628,29.047779100192074,62.48366937326405,206
inferred public interview 2,age 25-64 throughout observed panel,INCLASS complete at interview 5,valid flags; absent balance record is zero,retain fifth-only panels,FMLI interviews 2-5,2911,2202,709,168,38,130,1.0108870844905506,1.5163306267359502,8.468551526543628,29.047779100192074,62.48366937326405,206
inferred public interview 2,age 25-64 throughout observed panel,INCLASS complete at interview 5,valid flags; absent balance record is zero,retain fifth-only panels,consecutive FMLI interviews 2-5,2911,2202,709,168,38,130,1.0108870844905506,1.5163306267359502,8.468551526543628,29.047779100192074,62.48366937326405,206
inferred public interview 2,age 25-64 throughout observed panel,income/reporting at interview 5,valid flags plus explicit finance-charge record,retain fifth-only panels,12 MTBI nonmissing-cost months,2911,2202,709,168,38,130,1.0108870844905506,1.5163306267359502,8.468551526543628,29.047779100192074,62.48366937326405,206
inferred public interview 2,age 25-64 throughout observed panel,income/reporting at interview 5,valid flags plus explicit finance-charge record,retain fifth-only panels,12 MTBI record months,2911,2202,709,168,38,130,1.0108870844905506,1.5163306267359502,8.468551526543628,29.047779100192074,62.48366937326405,206
inferred public interview 2,age 25-64 throughout observed panel,income/reporting at interview 5,valid flags plus explicit finance-charge record,retain fifth-only panels,FMLI interviews 2-5,2911,2202,709,168,38,130,1.0108870844905506,1.5163306267359502,8.468551526543628,29.047779100192074,62.48366937326405,206
inferred public interview 2,age 25-64 throughout observed panel,income/reporting at interview 5,valid flags plus explicit finance-charge record,retain fifth-only panels,consecutive FMLI interviews 2-5,2911,2202,709,168,38,130,1.0108870844905506,1.5163306267359502,8.468551526543628,29.047779100192074,62.48366937326405,206
inferred public interview 2,age 25-64 throughout observed panel,income/reporting at interview 5,valid flags; absent balance record is zero,retain fifth-only panels,12 MTBI nonmissing-cost months,2911,2202,709,168,38,130,1.0108870844905506,1.5163306267359502,8.468551526543628,29.047779100192074,62.48366937326405,206
inferred public interview 2,age 25-64 throughout observed panel,income/reporting at interview 5,valid flags; absent balance record is zero,retain fifth-only panels,12 MTBI record months,2911,2202,709,168,38,130,1.0108870844905506,1.5163306267359502,8.468551526543628,29.047779100192074,62.48366937326405,206
inferred public interview 2,age 25-64 throughout observed panel,income/reporting at interview 5,valid flags; absent balance record is zero,retain fifth-only panels,FMLI interviews 2-5,2911,2202,709,168,38,130,1.0108870844905506,1.5163306267359502,8.468551526543628,29.047779100192074,62.48366937326405,206
inferred public interview 2,age 25-64 throughout observed panel,income/reporting at interview 5,valid flags; absent balance record is zero,retain fifth-only panels,consecutive FMLI interviews 2-5,2911,2202,709,168,38,130,1.0108870844905506,1.5163306267359502,8.468551526543628,29.047779100192074,62.48366937326405,206
earliest observed public interview,age 26-64 at interview 5,INCLASS complete at interview 5,valid flags plus explicit finance-charge record,retain fifth-only panels,12 MTBI positive-total months,2758,1972,786,15,-192,207,0.9321435883783314,1.3982153825675638,8.235795882450931,29.1624195001165,62.601784617432436,207
earliest observed public interview,age 26-64 at interview 5,INCLASS complete at interview 5,valid flags; absent balance record is zero,retain fifth-only panels,12 MTBI positive-total months,2758,1972,786,15,-192,207,0.9321435883783314,1.3982153825675638,8.235795882450931,29.1624195001165,62.601784617432436,207
earliest observed public interview,age 26-64 at interview 5,income/reporting at interview 5,valid flags plus explicit finance-charge record,retain fifth-only panels,12 MTBI positive-total months,2758,1972,786,15,-192,207,0.9321435883783314,1.3982153825675638,8.235795882450931,29.1624195001165,62.601784617432436,207
earliest observed public interview,age 26-64 at interview 5,income/reporting at interview 5,valid flags; absent balance record is zero,retain fifth-only panels,12 MTBI positive-total months,2758,1972,786,15,-192,207,0.9321435883783314,1.3982153825675638,8.235795882450931,29.1624195001165,62.601784617432436,207
earliest observed public interview,age 25-64 throughout observed panel,income strictly above $200/month at interview 5,valid flags plus explicit finance-charge record,retain fifth-only panels,12 MTBI positive-total months,2751,1955,796,8,-209,217,1.064889764147314,1.5973346462210358,8.275009325219267,29.32232532100164,62.402665353778964,217
earliest observed public interview,age 25-64 throughout observed panel,income strictly above $200/month at interview 5,valid flags; absent balance record is zero,retain fifth-only panels,12 MTBI positive-total months,2751,1955,796,8,-209,217,1.064889764147314,1.5973346462210358,8.275009325219267,29.32232532100164,62.402665353778964,217
fifth interview in 2001,age 25-63 at interview 5,income strictly above $200/month at interview 5,valid flags plus explicit finance-charge record,retain fifth-only panels,12 MTBI nonmissing-cost months,2913,2211,702,170,47,123,1.0859913654831796,1.6289870482248574,8.606735150379384,29.022251897845297,62.37101295177514,217
fifth interview in 2001,age 25-63 at interview 5,income strictly above $200/month at interview 5,valid flags plus explicit finance-charge record,retain fifth-only panels,12 MTBI record months,2913,2211,702,170,47,123,1.0859913654831796,1.6289870482248574,8.606735150379384,29.022251897845297,62.37101295177514,217
fifth interview in 2001,age 25-63 at interview 5,income strictly above $200/month at interview 5,valid flags plus explicit finance-charge record,retain fifth-only panels,FMLI interviews 2-5,2913,2211,702,170,47,123,1.0859913654831796,1.6289870482248574,8.606735150379384,29.022251897845297,62.37101295177514,217
fifth interview in 2001,age 25-63 at interview 5,income strictly above $200/month at interview 5,valid flags plus explicit finance-charge record,retain fifth-only panels,consecutive FMLI interviews 2-5,2913,2211,702,170,47,123,1.0859913654831796,1.6289870482248574,8.606735150379384,29.022251897845297,62.37101295177514,217
fifth interview in 2001,age 25-63 at interview 5,income strictly above $200/month at interview 5,valid flags; absent balance record is zero,retain fifth-only panels,12 MTBI nonmissing-cost months,2913,2211,702,170,47,123,1.0859913654831796,1.6289870482248574,8.606735150379384,29.022251897845297,62.37101295177514,217
fifth interview in 2001,age 25-63 at interview 5,income strictly above $200/month at interview 5,valid flags; absent balance record is zero,retain fifth-only panels,12 MTBI record months,2913,2211,702,170,47,123,1.0859913654831796,1.6289870482248574,8.606735150379384,29.022251897845297,62.37101295177514,217
fifth interview in 2001,age 25-63 at interview 5,income strictly above $200/month at interview 5,valid flags; absent balance record is zero,retain fifth-only panels,FMLI interviews 2-5,2913,2211,702,170,47,123,1.0859913654831796,1.6289870482248574,8.606735150379384,29.022251897845297,62.37101295177514,217
fifth interview in 2001,age 25-63 at interview 5,income strictly above $200/month at interview 5,valid flags; absent balance record is zero,retain fifth-only panels,consecutive FMLI interviews 2-5,2913,2211,702,170,47,123,1.0859913654831796,1.6289870482248574,8.606735150379384,29.022251897845297,62.37101295177514,217
inferred public interview 2,age 25-63 at interview 5,income strictly above $200/month at interview 5,valid flags plus explicit finance-charge record,retain fifth-only panels,12 MTBI nonmissing-cost months,2913,2211,702,170,47,123,1.0859913654831796,1.6289870482248574,8.606735150379384,29.022251897845297,62.37101295177514,217
inferred public interview 2,age 25-63 at interview 5,income strictly above $200/month at interview 5,valid flags plus explicit finance-charge record,retain fifth-only panels,12 MTBI record months,2913,2211,702,170,47,123,1.0859913654831796,1.6289870482248574,8.606735150379384,29.022251897845297,62.37101295177514,217
inferred public interview 2,age 25-63 at interview 5,income strictly above $200/month at interview 5,valid flags plus explicit finance-charge record,retain fifth-only panels,FMLI interviews 2-5,2913,2211,702,170,47,123,1.0859913654831796,1.6289870482248574,8.606735150379384,29.022251897845297,62.37101295177514,217
inferred public interview 2,age 25-63 at interview 5,income strictly above $200/month at interview 5,valid flags plus explicit finance-charge record,retain fifth-only panels,consecutive FMLI interviews 2-5,2913,2211,702,170,47,123,1.0859913654831796,1.6289870482248574,8.606735150379384,29.022251897845297,62.37101295177514,217
inferred public interview 2,age 25-63 at interview 5,income strictly above $200/month at interview 5,valid flags; absent balance record is zero,retain fifth-only panels,12 MTBI nonmissing-cost months,2913,2211,702,170,47,123,1.0859913654831796,1.6289870482248574,8.606735150379384,29.022251897845297,62.37101295177514,217
inferred public interview 2,age 25-63 at interview 5,income strictly above $200/month at interview 5,valid flags; absent balance record is zero,retain fifth-only panels,12 MTBI record months,2913,2211,702,170,47,123,1.0859913654831796,1.6289870482248574,8.606735150379384,29.022251897845297,62.37101295177514,217
inferred public interview 2,age 25-63 at interview 5,income strictly above $200/month at interview 5,valid flags; absent balance record is zero,retain fifth-only panels,FMLI interviews 2-5,2913,2211,702,170,47,123,1.0859913654831796,1.6289870482248574,8.606735150379384,29.022251897845297,62.37101295177514,217
inferred public interview 2,age 25-63 at interview 5,income strictly above $200/month at interview 5,valid flags; absent balance record is zero,retain fifth-only panels,consecutive FMLI interviews 2-5,2913,2211,702,170,47,123,1.0859913654831796,1.6289870482248574,8.606735150379384,29.022251897845297,62.37101295177514,217
earliest observed public interview,age 25-63 at interview 5,income strictly above $200/month at interview 5,valid flags plus explicit finance-charge record,retain fifth-only panels,12 MTBI positive-total months,2756,1959,797,13,-205,218,1.0414606170149507,1.5621909255224722,8.376652128533543,29.185538796988837,62.43780907447753,218
earliest observed public interview,age 25-63 at interview 5,income strictly above $200/month at interview 5,valid flags; absent balance record is zero,retain fifth-only panels,12 MTBI positive-total months,2756,1959,797,13,-205,218,1.0414606170149507,1.5621909255224722,8.376652128533543,29.185538796988837,62.43780907447753,218
earliest observed public interview,age 25-64 throughout observed panel,INCLASS complete at interview 5,valid flags plus explicit finance-charge record,retain fifth-only panels,12 MTBI positive-total months,2752,1955,797,9,-209,218,1.0548309514380314,1.5822464271571093,8.271688474030487,29.310557953126498,62.41775357284289,218
earliest observed public interview,age 25-64 throughout observed panel,INCLASS complete at interview 5,valid flags; absent balance record is zero,retain fifth-only panels,12 MTBI positive-total months,2752,1955,797,9,-209,218,1.0548309514380314,1.5822464271571093,8.271688474030487,29.310557953126498,62.41775357284289,218
earliest observed public interview,age 25-64 throughout observed panel,income/reporting at interview 5,valid flags plus explicit finance-charge record,retain fifth-only panels,12 MTBI positive-total months,2752,1955,797,9,-209,218,1.0548309514380314,1.5822464271571093,8.271688474030487,29.310557953126498,62.41775357284289,218
earliest observed public interview,age 25-64 throughout observed panel,income/reporting at interview 5,valid flags; absent balance record is zero,retain fifth-only panels,12 MTBI positive-total months,2752,1955,797,9,-209,218,1.0548309514380314,1.5822464271571093,8.271688474030487,29.310557953126498,62.41775357284289,218
earliest observed public interview,age 25-63 at interview 5,INCLASS complete at interview 5,valid flags plus explicit finance-charge record,retain fifth-only panels,12 MTBI positive-total months,2757,1959,798,14,-205,219,1.0314360250657721,1.547154037598709,8.373298789015012,29.173855248583596,62.45284596240129,219
earliest observed public interview,age 25-63 at interview 5,INCLASS complete at interview 5,valid flags; absent balance record is zero,retain fifth-only panels,12 MTBI positive-total months,2757,1959,798,14,-205,219,1.0314360250657721,1.547154037598709,8.373298789015012,29.173855248583596,62.45284596240129,219
earliest observed public interview,age 25-63 at interview 5,income/reporting at interview 5,valid flags plus explicit finance-charge record,retain fifth-only panels,12 MTBI positive-total months,2757,1959,798,14,-205,219,1.0314360250657721,1.547154037598709,8.373298789015012,29.173855248583596,62.45284596240129,219
earliest observed public interview,age 25-63 at interview 5,income/reporting at interview 5,valid flags; absent balance record is zero,retain fifth-only panels,12 MTBI positive-total months,2757,1959,798,14,-205,219,1.0314360250657721,1.547154037598709,8.373298789015012,29.173855248583596,62.45284596240129,219
fifth interview in 2001,age 25-63 at interview 5,INCLASS complete at interview 5,valid flags plus explicit finance-charge record,retain fifth-only panels,12 MTBI nonmissing-cost months,2915,2211,704,172,47,125,1.066466174027181,1.5996992610406746,8.599699261040675,28.998526600256184,62.40177413870295,219
fifth interview in 2001,age 25-63 at interview 5,INCLASS complete at interview 5,valid flags plus explicit finance-charge record,retain fifth-only panels,12 MTBI record months,2915,2211,704,172,47,125,1.066466174027181,1.5996992610406746,8.599699261040675,28.998526600256184,62.40177413870295,219
fifth interview in 2001,age 25-63 at interview 5,INCLASS complete at interview 5,valid flags plus explicit finance-charge record,retain fifth-only panels,FMLI interviews 2-5,2915,2211,704,172,47,125,1.066466174027181,1.5996992610406746,8.599699261040675,28.998526600256184,62.40177413870295,219
fifth interview in 2001,age 25-63 at interview 5,INCLASS complete at interview 5,valid flags plus explicit finance-charge record,retain fifth-only panels,consecutive FMLI interviews 2-5,2915,2211,704,172,47,125,1.066466174027181,1.5996992610406746,8.599699261040675,28.998526600256184,62.40177413870295,219
fifth interview in 2001,age 25-63 at interview 5,INCLASS complete at interview 5,valid flags; absent balance record is zero,retain fifth-only panels,12 MTBI nonmissing-cost months,2915,2211,704,172,47,125,1.066466174027181,1.5996992610406746,8.599699261040675,28.998526600256184,62.40177413870295,219
fifth interview in 2001,age 25-63 at interview 5,INCLASS complete at interview 5,valid flags; absent balance record is zero,retain fifth-only panels,12 MTBI record months,2915,2211,704,172,47,125,1.066466174027181,1.5996992610406746,8.599699261040675,28.998526600256184,62.40177413870295,219
fifth interview in 2001,age 25-63 at interview 5,INCLASS complete at interview 5,valid flags; absent balance record is zero,retain fifth-only panels,FMLI interviews 2-5,2915,2211,704,172,47,125,1.066466174027181,1.5996992610406746,8.599699261040675,28.998526600256184,62.40177413870295,219
fifth interview in 2001,age 25-63 at interview 5,INCLASS complete at interview 5,valid flags; absent balance record is zero,retain fifth-only panels,consecutive FMLI interviews 2-5,2915,2211,704,172,47,125,1.066466174027181,1.5996992610406746,8.599699261040675,28.998526600256184,62.40177413870295,219
fifth interview in 2001,age 25-63 at interview 5,income/reporting at interview 5,valid flags plus explicit finance-charge record,retain fifth-only panels,12 MTBI nonmissing-cost months,2915,2211,704,172,47,125,1.066466174027181,1.5996992610406746,8.599699261040675,28.998526600256184,62.40177413870295,219
fifth interview in 2001,age 25-63 at interview 5,income/reporting at interview 5,valid flags plus explicit finance-charge record,retain fifth-only panels,12 MTBI record months,2915,2211,704,172,47,125,1.066466174027181,1.5996992610406746,8.599699261040675,28.998526600256184,62.40177413870295,219
fifth interview in 2001,age 25-63 at interview 5,income/reporting at interview 5,valid flags plus explicit finance-charge record,retain fifth-only panels,FMLI interviews 2-5,2915,2211,704,172,47,125,1.066466174027181,1.5996992610406746,8.599699261040675,28.998526600256184,62.40177413870295,219
fifth interview in 2001,age 25-63 at interview 5,income/reporting at interview 5,valid flags plus explicit finance-charge record,retain fifth-only panels,consecutive FMLI interviews 2-5,2915,2211,704,172,47,125,1.066466174027181,1.5996992610406746,8.599699261040675,28.998526600256184,62.40177413870295,219
fifth interview in 2001,age 25-63 at interview 5,income/reporting at interview 5,valid flags; absent balance record is zero,retain fifth-only panels,12 MTBI nonmissing-cost months,2915,2211,704,172,47,125,1.066466174027181,1.5996992610406746,8.599699261040675,28.998526600256184,62.40177413870295,219
fifth interview in 2001,age 25-63 at interview 5,income/reporting at interview 5,valid flags; absent balance record is zero,retain fifth-only panels,12 MTBI record months,2915,2211,704,172,47,125,1.066466174027181,1.5996992610406746,8.599699261040675,28.998526600256184,62.40177413870295,219
fifth interview in 2001,age 25-63 at interview 5,income/reporting at interview 5,valid flags; absent balance record is zero,retain fifth-only panels,FMLI interviews 2-5,2915,2211,704,172,47,125,1.066466174027181,1.5996992610406746,8.599699261040675,28.998526600256184,62.40177413870295,219
fifth interview in 2001,age 25-63 at interview 5,income/reporting at interview 5,valid flags; absent balance record is zero,retain fifth-only panels,consecutive FMLI interviews 2-5,2915,2211,704,172,47,125,1.066466174027181,1.5996992610406746,8.599699261040675,28.998526600256184,62.40177413870295,219
inferred public interview 2,age 25-63 at interview 5,INCLASS complete at interview 5,valid flags plus explicit finance-charge record,retain fifth-only panels,12 MTBI nonmissing-cost months,2915,2211,704,172,47,125,1.066466174027181,1.5996992610406746,8.599699261040675,28.998526600256184,62.40177413870295,219
inferred public interview 2,age 25-63 at interview 5,INCLASS complete at interview 5,valid flags plus explicit finance-charge record,retain fifth-only panels,12 MTBI record months,2915,2211,704,172,47,125,1.066466174027181,1.5996992610406746,8.599699261040675,28.998526600256184,62.40177413870295,219
inferred public interview 2,age 25-63 at interview 5,INCLASS complete at interview 5,valid flags plus explicit finance-charge record,retain fifth-only panels,FMLI interviews 2-5,2915,2211,704,172,47,125,1.066466174027181,1.5996992610406746,8.599699261040675,28.998526600256184,62.40177413870295,219
inferred public interview 2,age 25-63 at interview 5,INCLASS complete at interview 5,valid flags plus explicit finance-charge record,retain fifth-only panels,consecutive FMLI interviews 2-5,2915,2211,704,172,47,125,1.066466174027181,1.5996992610406746,8.599699261040675,28.998526600256184,62.40177413870295,219
inferred public interview 2,age 25-63 at interview 5,INCLASS complete at interview 5,valid flags; absent balance record is zero,retain fifth-only panels,12 MTBI nonmissing-cost months,2915,2211,704,172,47,125,1.066466174027181,1.5996992610406746,8.599699261040675,28.998526600256184,62.40177413870295,219
inferred public interview 2,age 25-63 at interview 5,INCLASS complete at interview 5,valid flags; absent balance record is zero,retain fifth-only panels,12 MTBI record months,2915,2211,704,172,47,125,1.066466174027181,1.5996992610406746,8.599699261040675,28.998526600256184,62.40177413870295,219
inferred public interview 2,age 25-63 at interview 5,INCLASS complete at interview 5,valid flags; absent balance record is zero,retain fifth-only panels,FMLI interviews 2-5,2915,2211,704,172,47,125,1.066466174027181,1.5996992610406746,8.599699261040675,28.998526600256184,62.40177413870295,219
inferred public interview 2,age 25-63 at interview 5,INCLASS complete at interview 5,valid flags; absent balance record is zero,retain fifth-only panels,consecutive FMLI interviews 2-5,2915,2211,704,172,47,125,1.066466174027181,1.5996992610406746,8.599699261040675,28.998526600256184,62.40177413870295,219
inferred public interview 2,age 25-63 at interview 5,income/reporting at interview 5,valid flags plus explicit finance-charge record,retain fifth-only panels,12 MTBI nonmissing-cost months,2915,2211,704,172,47,125,1.066466174027181,1.5996992610406746,8.599699261040675,28.998526600256184,62.40177413870295,219
inferred public interview 2,age 25-63 at interview 5,income/reporting at interview 5,valid flags plus explicit finance-charge record,retain fifth-only panels,12 MTBI record months,2915,2211,704,172,47,125,1.066466174027181,1.5996992610406746,8.599699261040675,28.998526600256184,62.40177413870295,219
inferred public interview 2,age 25-63 at interview 5,income/reporting at interview 5,valid flags plus explicit finance-charge record,retain fifth-only panels,FMLI interviews 2-5,2915,2211,704,172,47,125,1.066466174027181,1.5996992610406746,8.599699261040675,28.998526600256184,62.40177413870295,219
inferred public interview 2,age 25-63 at interview 5,income/reporting at interview 5,valid flags plus explicit finance-charge record,retain fifth-only panels,consecutive FMLI interviews 2-5,2915,2211,704,172,47,125,1.066466174027181,1.5996992610406746,8.599699261040675,28.998526600256184,62.40177413870295,219
inferred public interview 2,age 25-63 at interview 5,income/reporting at interview 5,valid flags; absent balance record is zero,retain fifth-only panels,12 MTBI nonmissing-cost months,2915,2211,704,172,47,125,1.066466174027181,1.5996992610406746,8.599699261040675,28.998526600256184,62.40177413870295,219
inferred public interview 2,age 25-63 at interview 5,income/reporting at interview 5,valid flags; absent balance record is zero,retain fifth-only panels,12 MTBI record months,2915,2211,704,172,47,125,1.066466174027181,1.5996992610406746,8.599699261040675,28.998526600256184,62.40177413870295,219
inferred public interview 2,age 25-63 at interview 5,income/reporting at interview 5,valid flags; absent balance record is zero,retain fifth-only panels,FMLI interviews 2-5,2915,2211,704,172,47,125,1.066466174027181,1.5996992610406746,8.599699261040675,28.998526600256184,62.40177413870295,219
inferred public interview 2,age 25-63 at interview 5,income/reporting at interview 5,valid flags; absent balance record is zero,retain fifth-only panels,consecutive FMLI interviews 2-5,2915,2211,704,172,47,125,1.066466174027181,1.5996992610406746,8.599699261040675,28.998526600256184,62.40177413870295,219
fifth interview in 2001,age 26-64 at interview 5,income/reporting at earliest observed interview,valid flags plus explicit finance-charge record,retain fifth-only panels,12 MTBI nonmissing-cost months,2635,2052,583,-108,-112,4,1.4200816216597616,2.130122432489678,8.559301348754307,29.5708210837353,61.86987756751032,220
fifth interview in 2001,age 26-64 at interview 5,income/reporting at earliest observed interview,valid flags plus explicit finance-charge record,retain fifth-only panels,12 MTBI record months,2635,2052,583,-108,-112,4,1.4200816216597616,2.130122432489678,8.559301348754307,29.5708210837353,61.86987756751032,220
fifth interview in 2001,age 26-64 at interview 5,income/reporting at earliest observed interview,valid flags plus explicit finance-charge record,retain fifth-only panels,FMLI interviews 2-5,2635,2052,583,-108,-112,4,1.4200816216597616,2.130122432489678,8.559301348754307,29.5708210837353,61.86987756751032,220
fifth interview in 2001,age 26-64 at interview 5,income/reporting at earliest observed interview,valid flags plus explicit finance-charge record,retain fifth-only panels,consecutive FMLI interviews 2-5,2635,2052,583,-108,-112,4,1.4200816216597616,2.130122432489678,8.559301348754307,29.5708210837353,61.86987756751032,220
fifth interview in 2001,age 26-64 at interview 5,income/reporting at earliest observed interview,valid flags; absent balance record is zero,retain fifth-only panels,12 MTBI nonmissing-cost months,2635,2052,583,-108,-112,4,1.4200816216597616,2.130122432489678,8.559301348754307,29.5708210837353,61.86987756751032,220
fifth interview in 2001,age 26-64 at interview 5,income/reporting at earliest observed interview,valid flags; absent balance record is zero,retain fifth-only panels,12 MTBI record months,2635,2052,583,-108,-112,4,1.4200816216597616,2.130122432489678,8.559301348754307,29.5708210837353,61.86987756751032,220
fifth interview in 2001,age 26-64 at interview 5,income/reporting at earliest observed interview,valid flags; absent balance record is zero,retain fifth-only panels,FMLI interviews 2-5,2635,2052,583,-108,-112,4,1.4200816216597616,2.130122432489678,8.559301348754307,29.5708210837353,61.86987756751032,220
fifth interview in 2001,age 26-64 at interview 5,income/reporting at earliest observed interview,valid flags; absent balance record is zero,retain fifth-only panels,consecutive FMLI interviews 2-5,2635,2052,583,-108,-112,4,1.4200816216597616,2.130122432489678,8.559301348754307,29.5708210837353,61.86987756751032,220
inferred public interview 2,age 26-64 at interview 5,income/reporting at earliest observed interview,valid flags plus explicit finance-charge record,retain fifth-only panels,12 MTBI nonmissing-cost months,2635,2052,583,-108,-112,4,1.4200816216597616,2.130122432489678,8.559301348754307,29.5708210837353,61.86987756751032,220
inferred public interview 2,age 26-64 at interview 5,income/reporting at earliest observed interview,valid flags plus explicit finance-charge record,retain fifth-only panels,12 MTBI record months,2635,2052,583,-108,-112,4,1.4200816216597616,2.130122432489678,8.559301348754307,29.5708210837353,61.86987756751032,220
inferred public interview 2,age 26-64 at interview 5,income/reporting at earliest observed interview,valid flags plus explicit finance-charge record,retain fifth-only panels,FMLI interviews 2-5,2635,2052,583,-108,-112,4,1.4200816216597616,2.130122432489678,8.559301348754307,29.5708210837353,61.86987756751032,220
inferred public interview 2,age 26-64 at interview 5,income/reporting at earliest observed interview,valid flags plus explicit finance-charge record,retain fifth-only panels,consecutive FMLI interviews 2-5,2635,2052,583,-108,-112,4,1.4200816216597616,2.130122432489678,8.559301348754307,29.5708210837353,61.86987756751032,220
inferred public interview 2,age 26-64 at interview 5,income/reporting at earliest observed interview,valid flags; absent balance record is zero,retain fifth-only panels,12 MTBI nonmissing-cost months,2635,2052,583,-108,-112,4,1.4200816216597616,2.130122432489678,8.559301348754307,29.5708210837353,61.86987756751032,220
inferred public interview 2,age 26-64 at interview 5,income/reporting at earliest observed interview,valid flags; absent balance record is zero,retain fifth-only panels,12 MTBI record months,2635,2052,583,-108,-112,4,1.4200816216597616,2.130122432489678,8.559301348754307,29.5708210837353,61.86987756751032,220
inferred public interview 2,age 26-64 at interview 5,income/reporting at earliest observed interview,valid flags; absent balance record is zero,retain fifth-only panels,FMLI interviews 2-5,2635,2052,583,-108,-112,4,1.4200816216597616,2.130122432489678,8.559301348754307,29.5708210837353,61.86987756751032,220
inferred public interview 2,age 26-64 at interview 5,income/reporting at earliest observed interview,valid flags; absent balance record is zero,retain fifth-only panels,consecutive FMLI interviews 2-5,2635,2052,583,-108,-112,4,1.4200816216597616,2.130122432489678,8.559301348754307,29.5708210837353,61.86987756751032,220
fifth interview in 2001,age 25-63 at interview 5,INCLASS complete at interview 5,valid flags plus explicit finance-charge record,exclude fifth-only panels,12 MTBI positive-total months,2727,1959,768,-16,-205,189,1.3853621960715266,2.0780432941073883,8.52279773264337,29.55524556146382,61.92195670589261,221
fifth interview in 2001,age 25-63 at interview 5,INCLASS complete at interview 5,valid flags; absent balance record is zero,exclude fifth-only panels,12 MTBI positive-total months,2727,1959,768,-16,-205,189,1.3853621960715266,2.0780432941073883,8.52279773264337,29.55524556146382,61.92195670589261,221
fifth interview in 2001,age 25-63 at interview 5,income/reporting at interview 5,valid flags plus explicit finance-charge record,exclude fifth-only panels,12 MTBI positive-total months,2727,1959,768,-16,-205,189,1.3853621960715266,2.0780432941073883,8.52279773264337,29.55524556146382,61.92195670589261,221
fifth interview in 2001,age 25-63 at interview 5,income/reporting at interview 5,valid flags; absent balance record is zero,exclude fifth-only panels,12 MTBI positive-total months,2727,1959,768,-16,-205,189,1.3853621960715266,2.0780432941073883,8.52279773264337,29.55524556146382,61.92195670589261,221
inferred public interview 2,age 25-63 at interview 5,INCLASS complete at interview 5,valid flags plus explicit finance-charge record,exclude fifth-only panels,12 MTBI positive-total months,2727,1959,768,-16,-205,189,1.3853621960715266,2.0780432941073883,8.52279773264337,29.55524556146382,61.92195670589261,221
inferred public interview 2,age 25-63 at interview 5,INCLASS complete at interview 5,valid flags; absent balance record is zero,exclude fifth-only panels,12 MTBI positive-total months,2727,1959,768,-16,-205,189,1.3853621960715266,2.0780432941073883,8.52279773264337,29.55524556146382,61.92195670589261,221
inferred public interview 2,age 25-63 at interview 5,income/reporting at interview 5,valid flags plus explicit finance-charge record,exclude fifth-only panels,12 MTBI positive-total months,2727,1959,768,-16,-205,189,1.3853621960715266,2.0780432941073883,8.52279773264337,29.55524556146382,61.92195670589261,221
inferred public interview 2,age 25-63 at interview 5,income/reporting at interview 5,valid flags; absent balance record is zero,exclude fifth-only panels,12 MTBI positive-total months,2727,1959,768,-16,-205,189,1.3853621960715266,2.0780432941073883,8.52279773264337,29.55524556146382,61.92195670589261,221
inferred first interview,age 26-64 at interview 5,income strictly above $200/month at interview 5,valid flags plus explicit finance-charge record,exclude fifth-only panels,12 MTBI positive-total months,2764,1963,801,21,-201,222,0.5420315758564233,0.8130473637845412,7.33952106049919,29.47352630328554,63.18695263621546,222
inferred first interview,age 26-64 at interview 5,income strictly above $200/month at interview 5,valid flags; absent balance record is zero,exclude fifth-only panels,12 MTBI positive-total months,2764,1963,801,21,-201,222,0.5420315758564233,0.8130473637845412,7.33952106049919,29.47352630328554,63.18695263621546,222
fifth interview in 2001,age 25-63 at interview 5,income strictly above $200/month at interview 5,valid flags plus explicit finance-charge record,exclude fifth-only panels,12 MTBI positive-total months,2726,1959,767,-17,-205,188,1.3956462665604257,2.0934693998407354,8.526250472532135,29.567218927308407,61.906530600159265,222
fifth interview in 2001,age 25-63 at interview 5,income strictly above $200/month at interview 5,valid flags; absent balance record is zero,exclude fifth-only panels,12 MTBI positive-total months,2726,1959,767,-17,-205,188,1.3956462665604257,2.0934693998407354,8.526250472532135,29.567218927308407,61.906530600159265,222
inferred public interview 2,age 25-63 at interview 5,income strictly above $200/month at interview 5,valid flags plus explicit finance-charge record,exclude fifth-only panels,12 MTBI positive-total months,2726,1959,767,-17,-205,188,1.3956462665604257,2.0934693998407354,8.526250472532135,29.567218927308407,61.906530600159265,222
inferred public interview 2,age 25-63 at interview 5,income strictly above $200/month at interview 5,valid flags; absent balance record is zero,exclude fifth-only panels,12 MTBI positive-total months,2726,1959,767,-17,-205,188,1.3956462665604257,2.0934693998407354,8.526250472532135,29.567218927308407,61.906530600159265,222
inferred first interview,age 26-64 at interview 5,INCLASS complete at interview 5,valid flags plus explicit finance-charge record,exclude fifth-only panels,12 MTBI positive-total months,2767,1965,802,24,-199,223,0.507567614113376,0.7613514211699624,7.329214294644886,29.43213712652528,63.23864857883004,223
inferred first interview,age 26-64 at interview 5,INCLASS complete at interview 5,valid flags; absent balance record is zero,exclude fifth-only panels,12 MTBI positive-total months,2767,1965,802,24,-199,223,0.507567614113376,0.7613514211699624,7.329214294644886,29.43213712652528,63.23864857883004,223
inferred first interview,age 26-64 at interview 5,income/reporting at interview 5,valid flags plus explicit finance-charge record,exclude fifth-only panels,12 MTBI positive-total months,2767,1965,802,24,-199,223,0.507567614113376,0.7613514211699624,7.329214294644886,29.43213712652528,63.23864857883004,223
inferred first interview,age 26-64 at interview 5,income/reporting at interview 5,valid flags; absent balance record is zero,exclude fifth-only panels,12 MTBI positive-total months,2767,1965,802,24,-199,223,0.507567614113376,0.7613514211699624,7.329214294644886,29.43213712652528,63.23864857883004,223
fifth interview in 2001,age 26-64 at interview 5,income strictly above $200/month at interview 5,valid flags plus explicit finance-charge record,retain fifth-only panels,12 MTBI nonmissing-cost months,2910,2222,688,167,58,109,1.0147239408904831,1.5220859113356209,8.52208591133562,28.94050171275599,62.53741237590818,225
fifth interview in 2001,age 26-64 at interview 5,income strictly above $200/month at interview 5,valid flags plus explicit finance-charge record,retain fifth-only panels,12 MTBI record months,2910,2222,688,167,58,109,1.0147239408904831,1.5220859113356209,8.52208591133562,28.94050171275599,62.53741237590818,225
fifth interview in 2001,age 26-64 at interview 5,income strictly above $200/month at interview 5,valid flags plus explicit finance-charge record,retain fifth-only panels,FMLI interviews 2-5,2910,2222,688,167,58,109,1.0147239408904831,1.5220859113356209,8.52208591133562,28.94050171275599,62.53741237590818,225
fifth interview in 2001,age 26-64 at interview 5,income strictly above $200/month at interview 5,valid flags plus explicit finance-charge record,retain fifth-only panels,consecutive FMLI interviews 2-5,2910,2222,688,167,58,109,1.0147239408904831,1.5220859113356209,8.52208591133562,28.94050171275599,62.53741237590818,225
fifth interview in 2001,age 26-64 at interview 5,income strictly above $200/month at interview 5,valid flags; absent balance record is zero,retain fifth-only panels,12 MTBI nonmissing-cost months,2910,2222,688,167,58,109,1.0147239408904831,1.5220859113356209,8.52208591133562,28.94050171275599,62.53741237590818,225
fifth interview in 2001,age 26-64 at interview 5,income strictly above $200/month at interview 5,valid flags; absent balance record is zero,retain fifth-only panels,12 MTBI record months,2910,2222,688,167,58,109,1.0147239408904831,1.5220859113356209,8.52208591133562,28.94050171275599,62.53741237590818,225
fifth interview in 2001,age 26-64 at interview 5,income strictly above $200/month at interview 5,valid flags; absent balance record is zero,retain fifth-only panels,FMLI interviews 2-5,2910,2222,688,167,58,109,1.0147239408904831,1.5220859113356209,8.52208591133562,28.94050171275599,62.53741237590818,225
fifth interview in 2001,age 26-64 at interview 5,income strictly above $200/month at interview 5,valid flags; absent balance record is zero,retain fifth-only panels,consecutive FMLI interviews 2-5,2910,2222,688,167,58,109,1.0147239408904831,1.5220859113356209,8.52208591133562,28.94050171275599,62.53741237590818,225
inferred public interview 2,age 26-64 at interview 5,income strictly above $200/month at interview 5,valid flags plus explicit finance-charge record,retain fifth-only panels,12 MTBI nonmissing-cost months,2910,2222,688,167,58,109,1.0147239408904831,1.5220859113356209,8.52208591133562,28.94050171275599,62.53741237590818,225
inferred public interview 2,age 26-64 at interview 5,income strictly above $200/month at interview 5,valid flags plus explicit finance-charge record,retain fifth-only panels,12 MTBI record months,2910,2222,688,167,58,109,1.0147239408904831,1.5220859113356209,8.52208591133562,28.94050171275599,62.53741237590818,225
inferred public interview 2,age 26-64 at interview 5,income strictly above $200/month at interview 5,valid flags plus explicit finance-charge record,retain fifth-only panels,FMLI interviews 2-5,2910,2222,688,167,58,109,1.0147239408904831,1.5220859113356209,8.52208591133562,28.94050171275599,62.53741237590818,225
inferred public interview 2,age 26-64 at interview 5,income strictly above $200/month at interview 5,valid flags plus explicit finance-charge record,retain fifth-only panels,consecutive FMLI interviews 2-5,2910,2222,688,167,58,109,1.0147239408904831,1.5220859113356209,8.52208591133562,28.94050171275599,62.53741237590818,225
inferred public interview 2,age 26-64 at interview 5,income strictly above $200/month at interview 5,valid flags; absent balance record is zero,retain fifth-only panels,12 MTBI nonmissing-cost months,2910,2222,688,167,58,109,1.0147239408904831,1.5220859113356209,8.52208591133562,28.94050171275599,62.53741237590818,225
inferred public interview 2,age 26-64 at interview 5,income strictly above $200/month at interview 5,valid flags; absent balance record is zero,retain fifth-only panels,12 MTBI record months,2910,2222,688,167,58,109,1.0147239408904831,1.5220859113356209,8.52208591133562,28.94050171275599,62.53741237590818,225
inferred public interview 2,age 26-64 at interview 5,income strictly above $200/month at interview 5,valid flags; absent balance record is zero,retain fifth-only panels,FMLI interviews 2-5,2910,2222,688,167,58,109,1.0147239408904831,1.5220859113356209,8.52208591133562,28.94050171275599,62.53741237590818,225
inferred public interview 2,age 26-64 at interview 5,income strictly above $200/month at interview 5,valid flags; absent balance record is zero,retain fifth-only panels,consecutive FMLI interviews 2-5,2910,2222,688,167,58,109,1.0147239408904831,1.5220859113356209,8.52208591133562,28.94050171275599,62.53741237590818,225
fifth interview in 2001,age 26-64 at interview 5,INCLASS complete at interview 5,valid flags plus explicit finance-charge record,retain fifth-only panels,12 MTBI nonmissing-cost months,2912,2222,690,169,58,111,1.0100773802958596,1.5151160704436695,8.51511607044367,28.916832543685203,62.56805138587089,227
fifth interview in 2001,age 26-64 at interview 5,INCLASS complete at interview 5,valid flags plus explicit finance-charge record,retain fifth-only panels,12 MTBI record months,2912,2222,690,169,58,111,1.0100773802958596,1.5151160704436695,8.51511607044367,28.916832543685203,62.56805138587089,227
fifth interview in 2001,age 26-64 at interview 5,INCLASS complete at interview 5,valid flags plus explicit finance-charge record,retain fifth-only panels,FMLI interviews 2-5,2912,2222,690,169,58,111,1.0100773802958596,1.5151160704436695,8.51511607044367,28.916832543685203,62.56805138587089,227
fifth interview in 2001,age 26-64 at interview 5,INCLASS complete at interview 5,valid flags plus explicit finance-charge record,retain fifth-only panels,consecutive FMLI interviews 2-5,2912,2222,690,169,58,111,1.0100773802958596,1.5151160704436695,8.51511607044367,28.916832543685203,62.56805138587089,227
fifth interview in 2001,age 26-64 at interview 5,INCLASS complete at interview 5,valid flags; absent balance record is zero,retain fifth-only panels,12 MTBI nonmissing-cost months,2912,2222,690,169,58,111,1.0100773802958596,1.5151160704436695,8.51511607044367,28.916832543685203,62.56805138587089,227
fifth interview in 2001,age 26-64 at interview 5,INCLASS complete at interview 5,valid flags; absent balance record is zero,retain fifth-only panels,12 MTBI record months,2912,2222,690,169,58,111,1.0100773802958596,1.5151160704436695,8.51511607044367,28.916832543685203,62.56805138587089,227
fifth interview in 2001,age 26-64 at interview 5,INCLASS complete at interview 5,valid flags; absent balance record is zero,retain fifth-only panels,FMLI interviews 2-5,2912,2222,690,169,58,111,1.0100773802958596,1.5151160704436695,8.51511607044367,28.916832543685203,62.56805138587089,227
fifth interview in 2001,age 26-64 at interview 5,INCLASS complete at interview 5,valid flags; absent balance record is zero,retain fifth-only panels,consecutive FMLI interviews 2-5,2912,2222,690,169,58,111,1.0100773802958596,1.5151160704436695,8.51511607044367,28.916832543685203,62.56805138587089,227
fifth interview in 2001,age 26-64 at interview 5,income/reporting at interview 5,valid flags plus explicit finance-charge record,retain fifth-only panels,12 MTBI nonmissing-cost months,2912,2222,690,169,58,111,1.0100773802958596,1.5151160704436695,8.51511607044367,28.916832543685203,62.56805138587089,227
fifth interview in 2001,age 26-64 at interview 5,income/reporting at interview 5,valid flags plus explicit finance-charge record,retain fifth-only panels,12 MTBI record months,2912,2222,690,169,58,111,1.0100773802958596,1.5151160704436695,8.51511607044367,28.916832543685203,62.56805138587089,227
fifth interview in 2001,age 26-64 at interview 5,income/reporting at interview 5,valid flags plus explicit finance-charge record,retain fifth-only panels,FMLI interviews 2-5,2912,2222,690,169,58,111,1.0100773802958596,1.5151160704436695,8.51511607044367,28.916832543685203,62.56805138587089,227
fifth interview in 2001,age 26-64 at interview 5,income/reporting at interview 5,valid flags plus explicit finance-charge record,retain fifth-only panels,consecutive FMLI interviews 2-5,2912,2222,690,169,58,111,1.0100773802958596,1.5151160704436695,8.51511607044367,28.916832543685203,62.56805138587089,227
fifth interview in 2001,age 26-64 at interview 5,income/reporting at interview 5,valid flags; absent balance record is zero,retain fifth-only panels,12 MTBI nonmissing-cost months,2912,2222,690,169,58,111,1.0100773802958596,1.5151160704436695,8.51511607044367,28.916832543685203,62.56805138587089,227
fifth interview in 2001,age 26-64 at interview 5,income/reporting at interview 5,valid flags; absent balance record is zero,retain fifth-only panels,12 MTBI record months,2912,2222,690,169,58,111,1.0100773802958596,1.5151160704436695,8.51511607044367,28.916832543685203,62.56805138587089,227
fifth interview in 2001,age 26-64 at interview 5,income/reporting at interview 5,valid flags; absent balance record is zero,retain fifth-only panels,FMLI interviews 2-5,2912,2222,690,169,58,111,1.0100773802958596,1.5151160704436695,8.51511607044367,28.916832543685203,62.56805138587089,227
fifth interview in 2001,age 26-64 at interview 5,income/reporting at interview 5,valid flags; absent balance record is zero,retain fifth-only panels,consecutive FMLI interviews 2-5,2912,2222,690,169,58,111,1.0100773802958596,1.5151160704436695,8.51511607044367,28.916832543685203,62.56805138587089,227
inferred public interview 2,age 26-64 at interview 5,INCLASS complete at interview 5,valid flags plus explicit finance-charge record,retain fifth-only panels,12 MTBI nonmissing-cost months,2912,2222,690,169,58,111,1.0100773802958596,1.5151160704436695,8.51511607044367,28.916832543685203,62.56805138587089,227
inferred public interview 2,age 26-64 at interview 5,INCLASS complete at interview 5,valid flags plus explicit finance-charge record,retain fifth-only panels,12 MTBI record months,2912,2222,690,169,58,111,1.0100773802958596,1.5151160704436695,8.51511607044367,28.916832543685203,62.56805138587089,227
inferred public interview 2,age 26-64 at interview 5,INCLASS complete at interview 5,valid flags plus explicit finance-charge record,retain fifth-only panels,FMLI interviews 2-5,2912,2222,690,169,58,111,1.0100773802958596,1.5151160704436695,8.51511607044367,28.916832543685203,62.56805138587089,227
inferred public interview 2,age 26-64 at interview 5,INCLASS complete at interview 5,valid flags plus explicit finance-charge record,retain fifth-only panels,consecutive FMLI interviews 2-5,2912,2222,690,169,58,111,1.0100773802958596,1.5151160704436695,8.51511607044367,28.916832543685203,62.56805138587089,227
inferred public interview 2,age 26-64 at interview 5,INCLASS complete at interview 5,valid flags; absent balance record is zero,retain fifth-only panels,12 MTBI nonmissing-cost months,2912,2222,690,169,58,111,1.0100773802958596,1.5151160704436695,8.51511607044367,28.916832543685203,62.56805138587089,227
inferred public interview 2,age 26-64 at interview 5,INCLASS complete at interview 5,valid flags; absent balance record is zero,retain fifth-only panels,12 MTBI record months,2912,2222,690,169,58,111,1.0100773802958596,1.5151160704436695,8.51511607044367,28.916832543685203,62.56805138587089,227
inferred public interview 2,age 26-64 at interview 5,INCLASS complete at interview 5,valid flags; absent balance record is zero,retain fifth-only panels,FMLI interviews 2-5,2912,2222,690,169,58,111,1.0100773802958596,1.5151160704436695,8.51511607044367,28.916832543685203,62.56805138587089,227
inferred public interview 2,age 26-64 at interview 5,INCLASS complete at interview 5,valid flags; absent balance record is zero,retain fifth-only panels,consecutive FMLI interviews 2-5,2912,2222,690,169,58,111,1.0100773802958596,1.5151160704436695,8.51511607044367,28.916832543685203,62.56805138587089,227
inferred public interview 2,age 26-64 at interview 5,income/reporting at interview 5,valid flags plus explicit finance-charge record,retain fifth-only panels,12 MTBI nonmissing-cost months,2912,2222,690,169,58,111,1.0100773802958596,1.5151160704436695,8.51511607044367,28.916832543685203,62.56805138587089,227
inferred public interview 2,age 26-64 at interview 5,income/reporting at interview 5,valid flags plus explicit finance-charge record,retain fifth-only panels,12 MTBI record months,2912,2222,690,169,58,111,1.0100773802958596,1.5151160704436695,8.51511607044367,28.916832543685203,62.56805138587089,227
inferred public interview 2,age 26-64 at interview 5,income/reporting at interview 5,valid flags plus explicit finance-charge record,retain fifth-only panels,FMLI interviews 2-5,2912,2222,690,169,58,111,1.0100773802958596,1.5151160704436695,8.51511607044367,28.916832543685203,62.56805138587089,227
inferred public interview 2,age 26-64 at interview 5,income/reporting at interview 5,valid flags plus explicit finance-charge record,retain fifth-only panels,consecutive FMLI interviews 2-5,2912,2222,690,169,58,111,1.0100773802958596,1.5151160704436695,8.51511607044367,28.916832543685203,62.56805138587089,227
inferred public interview 2,age 26-64 at interview 5,income/reporting at interview 5,valid flags; absent balance record is zero,retain fifth-only panels,12 MTBI nonmissing-cost months,2912,2222,690,169,58,111,1.0100773802958596,1.5151160704436695,8.51511607044367,28.916832543685203,62.56805138587089,227
inferred public interview 2,age 26-64 at interview 5,income/reporting at interview 5,valid flags; absent balance record is zero,retain fifth-only panels,12 MTBI record months,2912,2222,690,169,58,111,1.0100773802958596,1.5151160704436695,8.51511607044367,28.916832543685203,62.56805138587089,227
inferred public interview 2,age 26-64 at interview 5,income/reporting at interview 5,valid flags; absent balance record is zero,retain fifth-only panels,FMLI interviews 2-5,2912,2222,690,169,58,111,1.0100773802958596,1.5151160704436695,8.51511607044367,28.916832543685203,62.56805138587089,227
inferred public interview 2,age 26-64 at interview 5,income/reporting at interview 5,valid flags; absent balance record is zero,retain fifth-only panels,consecutive FMLI interviews 2-5,2912,2222,690,169,58,111,1.0100773802958596,1.5151160704436695,8.51511607044367,28.916832543685203,62.56805138587089,227
inferred first interview,age 25-64 throughout observed panel,income strictly above $200/month at interview 5,valid flags plus explicit finance-charge record,exclude fifth-only panels,12 MTBI positive-total months,2755,1948,807,12,-216,228,0.6147556666843063,0.922133500026348,7.350014533229369,29.572118966797202,63.07786649997365,228
inferred first interview,age 25-64 throughout observed panel,income strictly above $200/month at interview 5,valid flags; absent balance record is zero,exclude fifth-only panels,12 MTBI positive-total months,2755,1948,807,12,-216,228,0.6147556666843063,0.922133500026348,7.350014533229369,29.572118966797202,63.07786649997365,228
fifth interview in 2001,age 25-63 at interview 5,income/reporting at earliest observed interview,valid flags plus explicit finance-charge record,retain fifth-only panels,12 MTBI nonmissing-cost months,2639,2040,599,-104,-124,20,1.5406312142457093,2.3109468213685957,8.669575461642271,29.64137135972626,61.689053178631404,228
fifth interview in 2001,age 25-63 at interview 5,income/reporting at earliest observed interview,valid flags plus explicit finance-charge record,retain fifth-only panels,12 MTBI record months,2639,2040,599,-104,-124,20,1.5406312142457093,2.3109468213685957,8.669575461642271,29.64137135972626,61.689053178631404,228
fifth interview in 2001,age 25-63 at interview 5,income/reporting at earliest observed interview,valid flags plus explicit finance-charge record,retain fifth-only panels,FMLI interviews 2-5,2639,2040,599,-104,-124,20,1.5406312142457093,2.3109468213685957,8.669575461642271,29.64137135972626,61.689053178631404,228
fifth interview in 2001,age 25-63 at interview 5,income/reporting at earliest observed interview,valid flags plus explicit finance-charge record,retain fifth-only panels,consecutive FMLI interviews 2-5,2639,2040,599,-104,-124,20,1.5406312142457093,2.3109468213685957,8.669575461642271,29.64137135972626,61.689053178631404,228
fifth interview in 2001,age 25-63 at interview 5,income/reporting at earliest observed interview,valid flags; absent balance record is zero,retain fifth-only panels,12 MTBI nonmissing-cost months,2639,2040,599,-104,-124,20,1.5406312142457093,2.3109468213685957,8.669575461642271,29.64137135972626,61.689053178631404,228
fifth interview in 2001,age 25-63 at interview 5,income/reporting at earliest observed interview,valid flags; absent balance record is zero,retain fifth-only panels,12 MTBI record months,2639,2040,599,-104,-124,20,1.5406312142457093,2.3109468213685957,8.669575461642271,29.64137135972626,61.689053178631404,228
fifth interview in 2001,age 25-63 at interview 5,income/reporting at earliest observed interview,valid flags; absent balance record is zero,retain fifth-only panels,FMLI interviews 2-5,2639,2040,599,-104,-124,20,1.5406312142457093,2.3109468213685957,8.669575461642271,29.64137135972626,61.689053178631404,228
fifth interview in 2001,age 25-63 at interview 5,income/reporting at earliest observed interview,valid flags; absent balance record is zero,retain fifth-only panels,consecutive FMLI interviews 2-5,2639,2040,599,-104,-124,20,1.5406312142457093,2.3109468213685957,8.669575461642271,29.64137135972626,61.689053178631404,228
inferred public interview 2,age 25-63 at interview 5,income/reporting at earliest observed interview,valid flags plus explicit finance-charge record,retain fifth-only panels,12 MTBI nonmissing-cost months,2639,2040,599,-104,-124,20,1.5406312142457093,2.3109468213685957,8.669575461642271,29.64137135972626,61.689053178631404,228
inferred public interview 2,age 25-63 at interview 5,income/reporting at earliest observed interview,valid flags plus explicit finance-charge record,retain fifth-only panels,12 MTBI record months,2639,2040,599,-104,-124,20,1.5406312142457093,2.3109468213685957,8.669575461642271,29.64137135972626,61.689053178631404,228
inferred public interview 2,age 25-63 at interview 5,income/reporting at earliest observed interview,valid flags plus explicit finance-charge record,retain fifth-only panels,FMLI interviews 2-5,2639,2040,599,-104,-124,20,1.5406312142457093,2.3109468213685957,8.669575461642271,29.64137135972626,61.689053178631404,228
inferred public interview 2,age 25-63 at interview 5,income/reporting at earliest observed interview,valid flags plus explicit finance-charge record,retain fifth-only panels,consecutive FMLI interviews 2-5,2639,2040,599,-104,-124,20,1.5406312142457093,2.3109468213685957,8.669575461642271,29.64137135972626,61.689053178631404,228
inferred public interview 2,age 25-63 at interview 5,income/reporting at earliest observed interview,valid flags; absent balance record is zero,retain fifth-only panels,12 MTBI nonmissing-cost months,2639,2040,599,-104,-124,20,1.5406312142457093,2.3109468213685957,8.669575461642271,29.64137135972626,61.689053178631404,228
inferred public interview 2,age 25-63 at interview 5,income/reporting at earliest observed interview,valid flags; absent balance record is zero,retain fifth-only panels,12 MTBI record months,2639,2040,599,-104,-124,20,1.5406312142457093,2.3109468213685957,8.669575461642271,29.64137135972626,61.689053178631404,228
inferred public interview 2,age 25-63 at interview 5,income/reporting at earliest observed interview,valid flags; absent balance record is zero,retain fifth-only panels,FMLI interviews 2-5,2639,2040,599,-104,-124,20,1.5406312142457093,2.3109468213685957,8.669575461642271,29.64137135972626,61.689053178631404,228
inferred public interview 2,age 25-63 at interview 5,income/reporting at earliest observed interview,valid flags; absent balance record is zero,retain fifth-only panels,consecutive FMLI interviews 2-5,2639,2040,599,-104,-124,20,1.5406312142457093,2.3109468213685957,8.669575461642271,29.64137135972626,61.689053178631404,228
inferred first interview,age 25-64 throughout observed panel,INCLASS complete at interview 5,valid flags plus explicit finance-charge record,exclude fifth-only panels,12 MTBI positive-total months,2758,1950,808,15,-214,229,0.579986138710782,0.86997920806607,7.339632283680377,29.5303469243859,63.13002079193393,229
inferred first interview,age 25-64 throughout observed panel,INCLASS complete at interview 5,valid flags; absent balance record is zero,exclude fifth-only panels,12 MTBI positive-total months,2758,1950,808,15,-214,229,0.579986138710782,0.86997920806607,7.339632283680377,29.5303469243859,63.13002079193393,229
inferred first interview,age 25-64 throughout observed panel,income/reporting at interview 5,valid flags plus explicit finance-charge record,exclude fifth-only panels,12 MTBI positive-total months,2758,1950,808,15,-214,229,0.579986138710782,0.86997920806607,7.339632283680377,29.5303469243859,63.13002079193393,229
inferred first interview,age 25-64 throughout observed panel,income/reporting at interview 5,valid flags; absent balance record is zero,exclude fifth-only panels,12 MTBI positive-total months,2758,1950,808,15,-214,229,0.579986138710782,0.86997920806607,7.339632283680377,29.5303469243859,63.13002079193393,229
earliest observed public interview,age 25-64 at interview 5,income strictly above $200/month at interview 5,valid flags plus explicit finance-charge record,retain fifth-only panels,12 MTBI positive-total months,2804,1996,808,61,-168,229,0.8642663593341074,1.2963995390012357,8.231365578399693,29.065033960601394,62.703600460998764,229
earliest observed public interview,age 25-64 at interview 5,income strictly above $200/month at interview 5,valid flags; absent balance record is zero,retain fifth-only panels,12 MTBI positive-total months,2804,1996,808,61,-168,229,0.8642663593341074,1.2963995390012357,8.231365578399693,29.065033960601394,62.703600460998764,229
inferred first interview,age 25-63 at interview 5,income strictly above $200/month at interview 5,valid flags plus explicit finance-charge record,exclude fifth-only panels,12 MTBI positive-total months,2766,1957,809,23,-207,230,0.6311527544809395,0.9467291317213338,7.473090628804764,29.47363850291672,63.053270868278666,230
inferred first interview,age 25-63 at interview 5,income strictly above $200/month at interview 5,valid flags; absent balance record is zero,exclude fifth-only panels,12 MTBI positive-total months,2766,1957,809,23,-207,230,0.6311527544809395,0.9467291317213338,7.473090628804764,29.47363850291672,63.053270868278666,230
earliest observed public interview,age 25-64 at interview 5,INCLASS complete at interview 5,valid flags plus explicit finance-charge record,retain fifth-only panels,12 MTBI positive-total months,2805,1996,809,62,-168,230,0.8544852723279988,1.2817279084920798,8.228127529798623,29.053600378693293,62.71827209150792,230
earliest observed public interview,age 25-64 at interview 5,INCLASS complete at interview 5,valid flags; absent balance record is zero,retain fifth-only panels,12 MTBI positive-total months,2805,1996,809,62,-168,230,0.8544852723279988,1.2817279084920798,8.228127529798623,29.053600378693293,62.71827209150792,230
earliest observed public interview,age 25-64 at interview 5,income/reporting at interview 5,valid flags plus explicit finance-charge record,retain fifth-only panels,12 MTBI positive-total months,2805,1996,809,62,-168,230,0.8544852723279988,1.2817279084920798,8.228127529798623,29.053600378693293,62.71827209150792,230
earliest observed public interview,age 25-64 at interview 5,income/reporting at interview 5,valid flags; absent balance record is zero,retain fifth-only panels,12 MTBI positive-total months,2805,1996,809,62,-168,230,0.8544852723279988,1.2817279084920798,8.228127529798623,29.053600378693293,62.71827209150792,230
inferred first interview,age 25-63 at interview 5,INCLASS complete at interview 5,valid flags plus explicit finance-charge record,exclude fifth-only panels,12 MTBI positive-total months,2769,1959,810,26,-205,231,0.5964962048488266,0.8947443072731645,7.462575833217889,29.432168474055427,63.105255692726836,231
inferred first interview,age 25-63 at interview 5,INCLASS complete at interview 5,valid flags; absent balance record is zero,exclude fifth-only panels,12 MTBI positive-total months,2769,1959,810,26,-205,231,0.5964962048488266,0.8947443072731645,7.462575833217889,29.432168474055427,63.105255692726836,231
inferred first interview,age 25-63 at interview 5,income/reporting at interview 5,valid flags plus explicit finance-charge record,exclude fifth-only panels,12 MTBI positive-total months,2769,1959,810,26,-205,231,0.5964962048488266,0.8947443072731645,7.462575833217889,29.432168474055427,63.105255692726836,231
inferred first interview,age 25-63 at interview 5,income/reporting at interview 5,valid flags; absent balance record is zero,exclude fifth-only panels,12 MTBI positive-total months,2769,1959,810,26,-205,231,0.5964962048488266,0.8947443072731645,7.462575833217889,29.432168474055427,63.105255692726836,231
earliest observed public interview,age 25-64 at earliest observed interview,income strictly above $200/month at interview 5,valid flags plus explicit finance-charge record,retain fifth-only panels,12 MTBI positive-total months,2813,2003,810,70,-161,231,1.0162465473059357,1.5243698209589525,8.279539052925122,29.244830768033733,62.47563017904105,231
earliest observed public interview,age 25-64 at earliest observed interview,income strictly above $200/month at interview 5,valid flags; absent balance record is zero,retain fifth-only panels,12 MTBI positive-total months,2813,2003,810,70,-161,231,1.0162465473059357,1.5243698209589525,8.279539052925122,29.244830768033733,62.47563017904105,231
earliest observed public interview,age 25-64 at earliest observed interview,INCLASS complete at interview 5,valid flags plus explicit finance-charge record,retain fifth-only panels,12 MTBI positive-total months,2814,2003,811,71,-161,232,1.0064210761340118,1.5096316142010693,8.276287151320798,29.23334446288017,62.49036838579893,232
earliest observed public interview,age 25-64 at earliest observed interview,INCLASS complete at interview 5,valid flags; absent balance record is zero,retain fifth-only panels,12 MTBI positive-total months,2814,2003,811,71,-161,232,1.0064210761340118,1.5096316142010693,8.276287151320798,29.23334446288017,62.49036838579893,232
earliest observed public interview,age 25-64 at earliest observed interview,income/reporting at interview 5,valid flags plus explicit finance-charge record,retain fifth-only panels,12 MTBI positive-total months,2814,2003,811,71,-161,232,1.0064210761340118,1.5096316142010693,8.276287151320798,29.23334446288017,62.49036838579893,232
earliest observed public interview,age 25-64 at earliest observed interview,income/reporting at interview 5,valid flags; absent balance record is zero,retain fifth-only panels,12 MTBI positive-total months,2814,2003,811,71,-161,232,1.0064210761340118,1.5096316142010693,8.276287151320798,29.23334446288017,62.49036838579893,232
fifth interview in 2001,age 25-64 throughout observed panel,INCLASS complete at interview 5,valid flags plus explicit finance-charge record,exclude fifth-only panels,12 MTBI positive-total months,2720,1955,765,-23,-209,186,1.3574489912771561,2.0361734869158354,8.39191584052842,29.644257646387214,61.963826513084165,232
fifth interview in 2001,age 25-64 throughout observed panel,INCLASS complete at interview 5,valid flags; absent balance record is zero,exclude fifth-only panels,12 MTBI positive-total months,2720,1955,765,-23,-209,186,1.3574489912771561,2.0361734869158354,8.39191584052842,29.644257646387214,61.963826513084165,232
fifth interview in 2001,age 25-64 throughout observed panel,income/reporting at interview 5,valid flags plus explicit finance-charge record,exclude fifth-only panels,12 MTBI positive-total months,2720,1955,765,-23,-209,186,1.3574489912771561,2.0361734869158354,8.39191584052842,29.644257646387214,61.963826513084165,232
fifth interview in 2001,age 25-64 throughout observed panel,income/reporting at interview 5,valid flags; absent balance record is zero,exclude fifth-only panels,12 MTBI positive-total months,2720,1955,765,-23,-209,186,1.3574489912771561,2.0361734869158354,8.39191584052842,29.644257646387214,61.963826513084165,232
inferred public interview 2,age 25-64 throughout observed panel,INCLASS complete at interview 5,valid flags plus explicit finance-charge record,exclude fifth-only panels,12 MTBI positive-total months,2720,1955,765,-23,-209,186,1.3574489912771561,2.0361734869158354,8.39191584052842,29.644257646387214,61.963826513084165,232
inferred public interview 2,age 25-64 throughout observed panel,INCLASS complete at interview 5,valid flags; absent balance record is zero,exclude fifth-only panels,12 MTBI positive-total months,2720,1955,765,-23,-209,186,1.3574489912771561,2.0361734869158354,8.39191584052842,29.644257646387214,61.963826513084165,232
inferred public interview 2,age 25-64 throughout observed panel,income/reporting at interview 5,valid flags plus explicit finance-charge record,exclude fifth-only panels,12 MTBI positive-total months,2720,1955,765,-23,-209,186,1.3574489912771561,2.0361734869158354,8.39191584052842,29.644257646387214,61.963826513084165,232
inferred public interview 2,age 25-64 throughout observed panel,income/reporting at interview 5,valid flags; absent balance record is zero,exclude fifth-only panels,12 MTBI positive-total months,2720,1955,765,-23,-209,186,1.3574489912771561,2.0361734869158354,8.39191584052842,29.644257646387214,61.963826513084165,232
fifth interview in 2001,age 25-64 throughout observed panel,income strictly above $200/month at interview 5,valid flags plus explicit finance-charge record,exclude fifth-only panels,12 MTBI positive-total months,2719,1955,764,-24,-209,185,1.3677567140558402,2.051635071083865,8.395327127763817,29.656307943319838,61.948364928916135,233
fifth interview in 2001,age 25-64 throughout observed panel,income strictly above $200/month at interview 5,valid flags; absent balance record is zero,exclude fifth-only panels,12 MTBI positive-total months,2719,1955,764,-24,-209,185,1.3677567140558402,2.051635071083865,8.395327127763817,29.656307943319838,61.948364928916135,233
inferred public interview 2,age 25-64 throughout observed panel,income strictly above $200/month at interview 5,valid flags plus explicit finance-charge record,exclude fifth-only panels,12 MTBI positive-total months,2719,1955,764,-24,-209,185,1.3677567140558402,2.051635071083865,8.395327127763817,29.656307943319838,61.948364928916135,233
inferred public interview 2,age 25-64 throughout observed panel,income strictly above $200/month at interview 5,valid flags; absent balance record is zero,exclude fifth-only panels,12 MTBI positive-total months,2719,1955,764,-24,-209,185,1.3677567140558402,2.051635071083865,8.395327127763817,29.656307943319838,61.948364928916135,233
fifth interview in 2001,age 25-64 throughout observed panel,income/reporting at earliest observed interview,valid flags plus explicit finance-charge record,retain fifth-only panels,12 MTBI nonmissing-cost months,2635,2032,603,-108,-132,24,1.4991370473393253,2.248705571009033,8.586121736635965,29.662583834372978,61.75129442899097,240
fifth interview in 2001,age 25-64 throughout observed panel,income/reporting at earliest observed interview,valid flags plus explicit finance-charge record,retain fifth-only panels,12 MTBI record months,2635,2032,603,-108,-132,24,1.4991370473393253,2.248705571009033,8.586121736635965,29.662583834372978,61.75129442899097,240
fifth interview in 2001,age 25-64 throughout observed panel,income/reporting at earliest observed interview,valid flags plus explicit finance-charge record,retain fifth-only panels,FMLI interviews 2-5,2635,2032,603,-108,-132,24,1.4991370473393253,2.248705571009033,8.586121736635965,29.662583834372978,61.75129442899097,240
fifth interview in 2001,age 25-64 throughout observed panel,income/reporting at earliest observed interview,valid flags plus explicit finance-charge record,retain fifth-only panels,consecutive FMLI interviews 2-5,2635,2032,603,-108,-132,24,1.4991370473393253,2.248705571009033,8.586121736635965,29.662583834372978,61.75129442899097,240
fifth interview in 2001,age 25-64 throughout observed panel,income/reporting at earliest observed interview,valid flags; absent balance record is zero,retain fifth-only panels,12 MTBI nonmissing-cost months,2635,2032,603,-108,-132,24,1.4991370473393253,2.248705571009033,8.586121736635965,29.662583834372978,61.75129442899097,240
fifth interview in 2001,age 25-64 throughout observed panel,income/reporting at earliest observed interview,valid flags; absent balance record is zero,retain fifth-only panels,12 MTBI record months,2635,2032,603,-108,-132,24,1.4991370473393253,2.248705571009033,8.586121736635965,29.662583834372978,61.75129442899097,240
fifth interview in 2001,age 25-64 throughout observed panel,income/reporting at earliest observed interview,valid flags; absent balance record is zero,retain fifth-only panels,FMLI interviews 2-5,2635,2032,603,-108,-132,24,1.4991370473393253,2.248705571009033,8.586121736635965,29.662583834372978,61.75129442899097,240
fifth interview in 2001,age 25-64 throughout observed panel,income/reporting at earliest observed interview,valid flags; absent balance record is zero,retain fifth-only panels,consecutive FMLI interviews 2-5,2635,2032,603,-108,-132,24,1.4991370473393253,2.248705571009033,8.586121736635965,29.662583834372978,61.75129442899097,240
inferred public interview 2,age 25-64 throughout observed panel,income/reporting at earliest observed interview,valid flags plus explicit finance-charge record,retain fifth-only panels,12 MTBI nonmissing-cost months,2635,2032,603,-108,-132,24,1.4991370473393253,2.248705571009033,8.586121736635965,29.662583834372978,61.75129442899097,240
inferred public interview 2,age 25-64 throughout observed panel,income/reporting at earliest observed interview,valid flags plus explicit finance-charge record,retain fifth-only panels,12 MTBI record months,2635,2032,603,-108,-132,24,1.4991370473393253,2.248705571009033,8.586121736635965,29.662583834372978,61.75129442899097,240
inferred public interview 2,age 25-64 throughout observed panel,income/reporting at earliest observed interview,valid flags plus explicit finance-charge record,retain fifth-only panels,FMLI interviews 2-5,2635,2032,603,-108,-132,24,1.4991370473393253,2.248705571009033,8.586121736635965,29.662583834372978,61.75129442899097,240
inferred public interview 2,age 25-64 throughout observed panel,income/reporting at earliest observed interview,valid flags plus explicit finance-charge record,retain fifth-only panels,consecutive FMLI interviews 2-5,2635,2032,603,-108,-132,24,1.4991370473393253,2.248705571009033,8.586121736635965,29.662583834372978,61.75129442899097,240
inferred public interview 2,age 25-64 throughout observed panel,income/reporting at earliest observed interview,valid flags; absent balance record is zero,retain fifth-only panels,12 MTBI nonmissing-cost months,2635,2032,603,-108,-132,24,1.4991370473393253,2.248705571009033,8.586121736635965,29.662583834372978,61.75129442899097,240
inferred public interview 2,age 25-64 throughout observed panel,income/reporting at earliest observed interview,valid flags; absent balance record is zero,retain fifth-only panels,12 MTBI record months,2635,2032,603,-108,-132,24,1.4991370473393253,2.248705571009033,8.586121736635965,29.662583834372978,61.75129442899097,240
inferred public interview 2,age 25-64 throughout observed panel,income/reporting at earliest observed interview,valid flags; absent balance record is zero,retain fifth-only panels,FMLI interviews 2-5,2635,2032,603,-108,-132,24,1.4991370473393253,2.248705571009033,8.586121736635965,29.662583834372978,61.75129442899097,240
inferred public interview 2,age 25-64 throughout observed panel,income/reporting at earliest observed interview,valid flags; absent balance record is zero,retain fifth-only panels,consecutive FMLI interviews 2-5,2635,2032,603,-108,-132,24,1.4991370473393253,2.248705571009033,8.586121736635965,29.662583834372978,61.75129442899097,240
inferred first interview,age 25-64 at interview 5,income strictly above $200/month at interview 5,valid flags plus explicit finance-charge record,exclude fifth-only panels,12 MTBI positive-total months,2814,1993,821,71,-171,242,0.4876846616414774,0.7315269924621788,7.341708337185036,29.389818655277217,63.26847300753782,242
inferred first interview,age 25-64 at interview 5,income strictly above $200/month at interview 5,valid flags; absent balance record is zero,exclude fifth-only panels,12 MTBI positive-total months,2814,1993,821,71,-171,242,0.4876846616414774,0.7315269924621788,7.341708337185036,29.389818655277217,63.26847300753782,242
inferred first interview,age 25-64 at interview 5,INCLASS complete at interview 5,valid flags plus explicit finance-charge record,exclude fifth-only panels,12 MTBI positive-total months,2817,1995,822,74,-169,243,0.4538348754106843,0.6807523131159954,7.331559755919946,29.349192557196112,63.319247686884005,243
inferred first interview,age 25-64 at interview 5,INCLASS complete at interview 5,valid flags; absent balance record is zero,exclude fifth-only panels,12 MTBI positive-total months,2817,1995,822,74,-169,243,0.4538348754106843,0.6807523131159954,7.331559755919946,29.349192557196112,63.319247686884005,243
inferred first interview,age 25-64 at interview 5,income/reporting at interview 5,valid flags plus explicit finance-charge record,exclude fifth-only panels,12 MTBI positive-total months,2817,1995,822,74,-169,243,0.4538348754106843,0.6807523131159954,7.331559755919946,29.349192557196112,63.319247686884005,243
inferred first interview,age 25-64 at interview 5,income/reporting at interview 5,valid flags; absent balance record is zero,exclude fifth-only panels,12 MTBI positive-total months,2817,1995,822,74,-169,243,0.4538348754106843,0.6807523131159954,7.331559755919946,29.349192557196112,63.319247686884005,243
inferred first interview,age 25-64 at earliest observed interview,income strictly above $200/month at interview 5,valid flags plus explicit finance-charge record,exclude fifth-only panels,12 MTBI positive-total months,2821,1999,822,78,-165,243,0.6862639739813154,1.0293959609719252,7.440998700229066,29.588397260742955,62.970604039028075,243
inferred first interview,age 25-64 at earliest observed interview,income strictly above $200/month at interview 5,valid flags; absent balance record is zero,exclude fifth-only panels,12 MTBI positive-total months,2821,1999,822,78,-165,243,0.6862639739813154,1.0293959609719252,7.440998700229066,29.588397260742955,62.970604039028075,243
inferred first interview,age 25-64 at earliest observed interview,INCLASS complete at interview 5,valid flags plus explicit finance-charge record,exclude fifth-only panels,12 MTBI positive-total months,2824,2001,823,81,-163,244,0.652217673171552,0.9783265097572809,7.430736374575412,29.547590135181963,63.02167349024272,244
inferred first interview,age 25-64 at earliest observed interview,INCLASS complete at interview 5,valid flags; absent balance record is zero,exclude fifth-only panels,12 MTBI positive-total months,2824,2001,823,81,-163,244,0.652217673171552,0.9783265097572809,7.430736374575412,29.547590135181963,63.02167349024272,244
inferred first interview,age 25-64 at earliest observed interview,income/reporting at interview 5,valid flags plus explicit finance-charge record,exclude fifth-only panels,12 MTBI positive-total months,2824,2001,823,81,-163,244,0.652217673171552,0.9783265097572809,7.430736374575412,29.547590135181963,63.02167349024272,244
inferred first interview,age 25-64 at earliest observed interview,income/reporting at interview 5,valid flags; absent balance record is zero,exclude fifth-only panels,12 MTBI positive-total months,2824,2001,823,81,-163,244,0.652217673171552,0.9783265097572809,7.430736374575412,29.547590135181963,63.02167349024272,244
inferred first interview,age 25-64 throughout observed panel,income strictly above $200/month at interview 5,valid flags plus explicit finance-charge record,retain fifth-only panels,12 MTBI nonmissing-cost months,2948,2204,744,205,40,165,0.31042564982393017,0.46563847473597164,7.465638474735972,28.82334647321315,63.71101505205103,245
inferred first interview,age 25-64 throughout observed panel,income strictly above $200/month at interview 5,valid flags plus explicit finance-charge record,retain fifth-only panels,12 MTBI record months,2948,2204,744,205,40,165,0.31042564982393017,0.46563847473597164,7.465638474735972,28.82334647321315,63.71101505205103,245
inferred first interview,age 25-64 throughout observed panel,income strictly above $200/month at interview 5,valid flags plus explicit finance-charge record,retain fifth-only panels,FMLI interviews 2-5,2948,2204,744,205,40,165,0.31042564982393017,0.46563847473597164,7.465638474735972,28.82334647321315,63.71101505205103,245
inferred first interview,age 25-64 throughout observed panel,income strictly above $200/month at interview 5,valid flags plus explicit finance-charge record,retain fifth-only panels,consecutive FMLI interviews 2-5,2948,2204,744,205,40,165,0.31042564982393017,0.46563847473597164,7.465638474735972,28.82334647321315,63.71101505205103,245
inferred first interview,age 25-64 throughout observed panel,income strictly above $200/month at interview 5,valid flags; absent balance record is zero,retain fifth-only panels,12 MTBI nonmissing-cost months,2948,2204,744,205,40,165,0.31042564982393017,0.46563847473597164,7.465638474735972,28.82334647321315,63.71101505205103,245
inferred first interview,age 25-64 throughout observed panel,income strictly above $200/month at interview 5,valid flags; absent balance record is zero,retain fifth-only panels,12 MTBI record months,2948,2204,744,205,40,165,0.31042564982393017,0.46563847473597164,7.465638474735972,28.82334647321315,63.71101505205103,245
inferred first interview,age 25-64 throughout observed panel,income strictly above $200/month at interview 5,valid flags; absent balance record is zero,retain fifth-only panels,FMLI interviews 2-5,2948,2204,744,205,40,165,0.31042564982393017,0.46563847473597164,7.465638474735972,28.82334647321315,63.71101505205103,245
inferred first interview,age 25-64 throughout observed panel,income strictly above $200/month at interview 5,valid flags; absent balance record is zero,retain fifth-only panels,consecutive FMLI interviews 2-5,2948,2204,744,205,40,165,0.31042564982393017,0.46563847473597164,7.465638474735972,28.82334647321315,63.71101505205103,245
inferred first interview,age strictly between 25 and 64 at interview 5,income/reporting at earliest observed interview,valid flags plus explicit finance-charge record,retain fifth-only panels,12 MTBI nonmissing-cost months,2640,2022,618,-103,-142,39,0.9233522373080577,1.3850283559619427,7.459872048696909,29.925156307265322,62.61497164403806,245
inferred first interview,age strictly between 25 and 64 at interview 5,income/reporting at earliest observed interview,valid flags plus explicit finance-charge record,retain fifth-only panels,12 MTBI record months,2640,2022,618,-103,-142,39,0.9233522373080577,1.3850283559619427,7.459872048696909,29.925156307265322,62.61497164403806,245
inferred first interview,age strictly between 25 and 64 at interview 5,income/reporting at earliest observed interview,valid flags plus explicit finance-charge record,retain fifth-only panels,FMLI interviews 2-5,2640,2022,618,-103,-142,39,0.9233522373080577,1.3850283559619427,7.459872048696909,29.925156307265322,62.61497164403806,245
inferred first interview,age strictly between 25 and 64 at interview 5,income/reporting at earliest observed interview,valid flags plus explicit finance-charge record,retain fifth-only panels,consecutive FMLI interviews 2-5,2640,2022,618,-103,-142,39,0.9233522373080577,1.3850283559619427,7.459872048696909,29.925156307265322,62.61497164403806,245
inferred first interview,age strictly between 25 and 64 at interview 5,income/reporting at earliest observed interview,valid flags; absent balance record is zero,retain fifth-only panels,12 MTBI nonmissing-cost months,2640,2022,618,-103,-142,39,0.9233522373080577,1.3850283559619427,7.459872048696909,29.925156307265322,62.61497164403806,245
inferred first interview,age strictly between 25 and 64 at interview 5,income/reporting at earliest observed interview,valid flags; absent balance record is zero,retain fifth-only panels,12 MTBI record months,2640,2022,618,-103,-142,39,0.9233522373080577,1.3850283559619427,7.459872048696909,29.925156307265322,62.61497164403806,245
inferred first interview,age strictly between 25 and 64 at interview 5,income/reporting at earliest observed interview,valid flags; absent balance record is zero,retain fifth-only panels,FMLI interviews 2-5,2640,2022,618,-103,-142,39,0.9233522373080577,1.3850283559619427,7.459872048696909,29.925156307265322,62.61497164403806,245
inferred first interview,age strictly between 25 and 64 at interview 5,income/reporting at earliest observed interview,valid flags; absent balance record is zero,retain fifth-only panels,consecutive FMLI interviews 2-5,2640,2022,618,-103,-142,39,0.9233522373080577,1.3850283559619427,7.459872048696909,29.925156307265322,62.61497164403806,245
inferred first interview,age 25-64 throughout observed panel,INCLASS complete at interview 5,valid flags plus explicit finance-charge record,retain fifth-only panels,12 MTBI nonmissing-cost months,2953,2206,747,210,42,168,0.2995828731571919,0.44937430973586245,7.4493743097358625,28.76055376439366,63.79007192587063,252
inferred first interview,age 25-64 throughout observed panel,INCLASS complete at interview 5,valid flags plus explicit finance-charge record,retain fifth-only panels,12 MTBI record months,2953,2206,747,210,42,168,0.2995828731571919,0.44937430973586245,7.4493743097358625,28.76055376439366,63.79007192587063,252
inferred first interview,age 25-64 throughout observed panel,INCLASS complete at interview 5,valid flags plus explicit finance-charge record,retain fifth-only panels,FMLI interviews 2-5,2953,2206,747,210,42,168,0.2995828731571919,0.44937430973586245,7.4493743097358625,28.76055376439366,63.79007192587063,252
inferred first interview,age 25-64 throughout observed panel,INCLASS complete at interview 5,valid flags plus explicit finance-charge record,retain fifth-only panels,consecutive FMLI interviews 2-5,2953,2206,747,210,42,168,0.2995828731571919,0.44937430973586245,7.4493743097358625,28.76055376439366,63.79007192587063,252
inferred first interview,age 25-64 throughout observed panel,INCLASS complete at interview 5,valid flags; absent balance record is zero,retain fifth-only panels,12 MTBI nonmissing-cost months,2953,2206,747,210,42,168,0.2995828731571919,0.44937430973586245,7.4493743097358625,28.76055376439366,63.79007192587063,252
inferred first interview,age 25-64 throughout observed panel,INCLASS complete at interview 5,valid flags; absent balance record is zero,retain fifth-only panels,12 MTBI record months,2953,2206,747,210,42,168,0.2995828731571919,0.44937430973586245,7.4493743097358625,28.76055376439366,63.79007192587063,252
inferred first interview,age 25-64 throughout observed panel,INCLASS complete at interview 5,valid flags; absent balance record is zero,retain fifth-only panels,FMLI interviews 2-5,2953,2206,747,210,42,168,0.2995828731571919,0.44937430973586245,7.4493743097358625,28.76055376439366,63.79007192587063,252
inferred first interview,age 25-64 throughout observed panel,INCLASS complete at interview 5,valid flags; absent balance record is zero,retain fifth-only panels,consecutive FMLI interviews 2-5,2953,2206,747,210,42,168,0.2995828731571919,0.44937430973586245,7.4493743097358625,28.76055376439366,63.79007192587063,252
inferred first interview,age 25-64 throughout observed panel,income/reporting at interview 5,valid flags plus explicit finance-charge record,retain fifth-only panels,12 MTBI nonmissing-cost months,2953,2206,747,210,42,168,0.2995828731571919,0.44937430973586245,7.4493743097358625,28.76055376439366,63.79007192587063,252
inferred first interview,age 25-64 throughout observed panel,income/reporting at interview 5,valid flags plus explicit finance-charge record,retain fifth-only panels,12 MTBI record months,2953,2206,747,210,42,168,0.2995828731571919,0.44937430973586245,7.4493743097358625,28.76055376439366,63.79007192587063,252
inferred first interview,age 25-64 throughout observed panel,income/reporting at interview 5,valid flags plus explicit finance-charge record,retain fifth-only panels,FMLI interviews 2-5,2953,2206,747,210,42,168,0.2995828731571919,0.44937430973586245,7.4493743097358625,28.76055376439366,63.79007192587063,252
inferred first interview,age 25-64 throughout observed panel,income/reporting at interview 5,valid flags plus explicit finance-charge record,retain fifth-only panels,consecutive FMLI interviews 2-5,2953,2206,747,210,42,168,0.2995828731571919,0.44937430973586245,7.4493743097358625,28.76055376439366,63.79007192587063,252
inferred first interview,age 25-64 throughout observed panel,income/reporting at interview 5,valid flags; absent balance record is zero,retain fifth-only panels,12 MTBI nonmissing-cost months,2953,2206,747,210,42,168,0.2995828731571919,0.44937430973586245,7.4493743097358625,28.76055376439366,63.79007192587063,252
inferred first interview,age 25-64 throughout observed panel,income/reporting at interview 5,valid flags; absent balance record is zero,retain fifth-only panels,12 MTBI record months,2953,2206,747,210,42,168,0.2995828731571919,0.44937430973586245,7.4493743097358625,28.76055376439366,63.79007192587063,252
inferred first interview,age 25-64 throughout observed panel,income/reporting at interview 5,valid flags; absent balance record is zero,retain fifth-only panels,FMLI interviews 2-5,2953,2206,747,210,42,168,0.2995828731571919,0.44937430973586245,7.4493743097358625,28.76055376439366,63.79007192587063,252
inferred first interview,age 25-64 throughout observed panel,income/reporting at interview 5,valid flags; absent balance record is zero,retain fifth-only panels,consecutive FMLI interviews 2-5,2953,2206,747,210,42,168,0.2995828731571919,0.44937430973586245,7.4493743097358625,28.76055376439366,63.79007192587063,252
earliest observed public interview,age 26-64 at interview 5,INCLASS complete at interview 5,valid flags plus explicit finance-charge record,exclude fifth-only panels,12 MTBI positive-total months,2677,1972,705,-66,-192,126,1.125033062083805,1.6875495931257873,8.254296114723143,29.433253478402484,62.31245040687421,258
earliest observed public interview,age 26-64 at interview 5,INCLASS complete at interview 5,valid flags; absent balance record is zero,exclude fifth-only panels,12 MTBI positive-total months,2677,1972,705,-66,-192,126,1.125033062083805,1.6875495931257873,8.254296114723143,29.433253478402484,62.31245040687421,258
earliest observed public interview,age 26-64 at interview 5,income/reporting at interview 5,valid flags plus explicit finance-charge record,exclude fifth-only panels,12 MTBI positive-total months,2677,1972,705,-66,-192,126,1.125033062083805,1.6875495931257873,8.254296114723143,29.433253478402484,62.31245040687421,258
earliest observed public interview,age 26-64 at interview 5,income/reporting at interview 5,valid flags; absent balance record is zero,exclude fifth-only panels,12 MTBI positive-total months,2677,1972,705,-66,-192,126,1.125033062083805,1.6875495931257873,8.254296114723143,29.433253478402484,62.31245040687421,258
inferred first interview,age strictly between 25 and 64 at interview 5,INCLASS complete at interview 5,valid flags plus explicit finance-charge record,exclude fifth-only panels,12 MTBI positive-total months,2719,1929,790,-24,-235,211,0.6535126747343112,0.9802690121013669,7.462307367104068,29.5179616449975,63.01973098789863,259
inferred first interview,age strictly between 25 and 64 at interview 5,INCLASS complete at interview 5,valid flags; absent balance record is zero,exclude fifth-only panels,12 MTBI positive-total months,2719,1929,790,-24,-235,211,0.6535126747343112,0.9802690121013669,7.462307367104068,29.5179616449975,63.01973098789863,259
inferred first interview,age strictly between 25 and 64 at interview 5,income/reporting at interview 5,valid flags plus explicit finance-charge record,exclude fifth-only panels,12 MTBI positive-total months,2719,1929,790,-24,-235,211,0.6535126747343112,0.9802690121013669,7.462307367104068,29.5179616449975,63.01973098789863,259
inferred first interview,age strictly between 25 and 64 at interview 5,income/reporting at interview 5,valid flags; absent balance record is zero,exclude fifth-only panels,12 MTBI positive-total months,2719,1929,790,-24,-235,211,0.6535126747343112,0.9802690121013669,7.462307367104068,29.5179616449975,63.01973098789863,259
earliest observed public interview,age 26-64 at interview 5,income strictly above $200/month at interview 5,valid flags plus explicit finance-charge record,exclude fifth-only panels,12 MTBI positive-total months,2676,1972,704,-67,-192,125,1.135409819790248,1.7031147296854456,8.257705178130466,29.44540955155483,62.296885270314554,259
earliest observed public interview,age 26-64 at interview 5,income strictly above $200/month at interview 5,valid flags; absent balance record is zero,exclude fifth-only panels,12 MTBI positive-total months,2676,1972,704,-67,-192,125,1.135409819790248,1.7031147296854456,8.257705178130466,29.44540955155483,62.296885270314554,259
inferred first interview,age 26-64 at interview 5,income strictly above $200/month at interview 5,valid flags plus explicit finance-charge record,retain fifth-only panels,12 MTBI nonmissing-cost months,2945,2222,723,202,58,144,0.27800504817079236,0.4170075722562734,7.417007572256273,28.803978879830588,63.77901354791331,260
inferred first interview,age 26-64 at interview 5,income strictly above $200/month at interview 5,valid flags plus explicit finance-charge record,retain fifth-only panels,12 MTBI record months,2945,2222,723,202,58,144,0.27800504817079236,0.4170075722562734,7.417007572256273,28.803978879830588,63.77901354791331,260
inferred first interview,age 26-64 at interview 5,income strictly above $200/month at interview 5,valid flags plus explicit finance-charge record,retain fifth-only panels,FMLI interviews 2-5,2945,2222,723,202,58,144,0.27800504817079236,0.4170075722562734,7.417007572256273,28.803978879830588,63.77901354791331,260
inferred first interview,age 26-64 at interview 5,income strictly above $200/month at interview 5,valid flags plus explicit finance-charge record,retain fifth-only panels,consecutive FMLI interviews 2-5,2945,2222,723,202,58,144,0.27800504817079236,0.4170075722562734,7.417007572256273,28.803978879830588,63.77901354791331,260
inferred first interview,age 26-64 at interview 5,income strictly above $200/month at interview 5,valid flags; absent balance record is zero,retain fifth-only panels,12 MTBI nonmissing-cost months,2945,2222,723,202,58,144,0.27800504817079236,0.4170075722562734,7.417007572256273,28.803978879830588,63.77901354791331,260
inferred first interview,age 26-64 at interview 5,income strictly above $200/month at interview 5,valid flags; absent balance record is zero,retain fifth-only panels,12 MTBI record months,2945,2222,723,202,58,144,0.27800504817079236,0.4170075722562734,7.417007572256273,28.803978879830588,63.77901354791331,260
inferred first interview,age 26-64 at interview 5,income strictly above $200/month at interview 5,valid flags; absent balance record is zero,retain fifth-only panels,FMLI interviews 2-5,2945,2222,723,202,58,144,0.27800504817079236,0.4170075722562734,7.417007572256273,28.803978879830588,63.77901354791331,260
inferred first interview,age 26-64 at interview 5,income strictly above $200/month at interview 5,valid flags; absent balance record is zero,retain fifth-only panels,consecutive FMLI interviews 2-5,2945,2222,723,202,58,144,0.27800504817079236,0.4170075722562734,7.417007572256273,28.803978879830588,63.77901354791331,260
earliest observed public interview,age strictly between 25 and 64 at interview 5,INCLASS complete at interview 5,valid flags plus explicit finance-charge record,retain fifth-only panels,12 MTBI positive-total months,2710,1935,775,-33,-229,196,1.113607664699139,1.6704114970487751,8.38366368413895,29.28674781290969,62.329588502951225,262
earliest observed public interview,age strictly between 25 and 64 at interview 5,INCLASS complete at interview 5,valid flags; absent balance record is zero,retain fifth-only panels,12 MTBI positive-total months,2710,1935,775,-33,-229,196,1.113607664699139,1.6704114970487751,8.38366368413895,29.28674781290969,62.329588502951225,262
earliest observed public interview,age strictly between 25 and 64 at interview 5,income/reporting at interview 5,valid flags plus explicit finance-charge record,retain fifth-only panels,12 MTBI positive-total months,2710,1935,775,-33,-229,196,1.113607664699139,1.6704114970487751,8.38366368413895,29.28674781290969,62.329588502951225,262
earliest observed public interview,age strictly between 25 and 64 at interview 5,income/reporting at interview 5,valid flags; absent balance record is zero,retain fifth-only panels,12 MTBI positive-total months,2710,1935,775,-33,-229,196,1.113607664699139,1.6704114970487751,8.38366368413895,29.28674781290969,62.329588502951225,262
earliest observed public interview,age strictly between 25 and 64 at interview 5,income strictly above $200/month at interview 5,valid flags plus explicit finance-charge record,retain fifth-only panels,12 MTBI positive-total months,2709,1935,774,-34,-229,195,1.1238425156320926,1.6857637734482012,8.38708037955065,29.298683393897427,62.3142362265518,263
earliest observed public interview,age strictly between 25 and 64 at interview 5,income strictly above $200/month at interview 5,valid flags; absent balance record is zero,retain fifth-only panels,12 MTBI positive-total months,2709,1935,774,-34,-229,195,1.1238425156320926,1.6857637734482012,8.38708037955065,29.298683393897427,62.3142362265518,263
inferred first interview,age strictly between 25 and 64 at interview 5,income strictly above $200/month at interview 5,valid flags plus explicit finance-charge record,exclude fifth-only panels,12 MTBI positive-total months,2716,1927,789,-27,-237,210,0.6888123411272821,1.0332185116908263,7.472992130936953,29.560226380754067,62.966781488309174,264
inferred first interview,age strictly between 25 and 64 at interview 5,income strictly above $200/month at interview 5,valid flags; absent balance record is zero,exclude fifth-only panels,12 MTBI positive-total months,2716,1927,789,-27,-237,210,0.6888123411272821,1.0332185116908263,7.472992130936953,29.560226380754067,62.966781488309174,264
inferred first interview,age 26-64 at interview 5,INCLASS complete at interview 5,valid flags plus explicit finance-charge record,retain fifth-only panels,12 MTBI nonmissing-cost months,2950,2224,726,207,60,147,0.26724804878780734,0.40087207318179097,7.400872073181791,28.741316603969445,63.857811322848924,267
inferred first interview,age 26-64 at interview 5,INCLASS complete at interview 5,valid flags plus explicit finance-charge record,retain fifth-only panels,12 MTBI record months,2950,2224,726,207,60,147,0.26724804878780734,0.40087207318179097,7.400872073181791,28.741316603969445,63.857811322848924,267
inferred first interview,age 26-64 at interview 5,INCLASS complete at interview 5,valid flags plus explicit finance-charge record,retain fifth-only panels,FMLI interviews 2-5,2950,2224,726,207,60,147,0.26724804878780734,0.40087207318179097,7.400872073181791,28.741316603969445,63.857811322848924,267
inferred first interview,age 26-64 at interview 5,INCLASS complete at interview 5,valid flags plus explicit finance-charge record,retain fifth-only panels,consecutive FMLI interviews 2-5,2950,2224,726,207,60,147,0.26724804878780734,0.40087207318179097,7.400872073181791,28.741316603969445,63.857811322848924,267
inferred first interview,age 26-64 at interview 5,INCLASS complete at interview 5,valid flags; absent balance record is zero,retain fifth-only panels,12 MTBI nonmissing-cost months,2950,2224,726,207,60,147,0.26724804878780734,0.40087207318179097,7.400872073181791,28.741316603969445,63.857811322848924,267
inferred first interview,age 26-64 at interview 5,INCLASS complete at interview 5,valid flags; absent balance record is zero,retain fifth-only panels,12 MTBI record months,2950,2224,726,207,60,147,0.26724804878780734,0.40087207318179097,7.400872073181791,28.741316603969445,63.857811322848924,267
inferred first interview,age 26-64 at interview 5,INCLASS complete at interview 5,valid flags; absent balance record is zero,retain fifth-only panels,FMLI interviews 2-5,2950,2224,726,207,60,147,0.26724804878780734,0.40087207318179097,7.400872073181791,28.741316603969445,63.857811322848924,267
inferred first interview,age 26-64 at interview 5,INCLASS complete at interview 5,valid flags; absent balance record is zero,retain fifth-only panels,consecutive FMLI interviews 2-5,2950,2224,726,207,60,147,0.26724804878780734,0.40087207318179097,7.400872073181791,28.741316603969445,63.857811322848924,267
inferred first interview,age 26-64 at interview 5,income/reporting at interview 5,valid flags plus explicit finance-charge record,retain fifth-only panels,12 MTBI nonmissing-cost months,2950,2224,726,207,60,147,0.26724804878780734,0.40087207318179097,7.400872073181791,28.741316603969445,63.857811322848924,267
inferred first interview,age 26-64 at interview 5,income/reporting at interview 5,valid flags plus explicit finance-charge record,retain fifth-only panels,12 MTBI record months,2950,2224,726,207,60,147,0.26724804878780734,0.40087207318179097,7.400872073181791,28.741316603969445,63.857811322848924,267
inferred first interview,age 26-64 at interview 5,income/reporting at interview 5,valid flags plus explicit finance-charge record,retain fifth-only panels,FMLI interviews 2-5,2950,2224,726,207,60,147,0.26724804878780734,0.40087207318179097,7.400872073181791,28.741316603969445,63.857811322848924,267
inferred first interview,age 26-64 at interview 5,income/reporting at interview 5,valid flags plus explicit finance-charge record,retain fifth-only panels,consecutive FMLI interviews 2-5,2950,2224,726,207,60,147,0.26724804878780734,0.40087207318179097,7.400872073181791,28.741316603969445,63.857811322848924,267
inferred first interview,age 26-64 at interview 5,income/reporting at interview 5,valid flags; absent balance record is zero,retain fifth-only panels,12 MTBI nonmissing-cost months,2950,2224,726,207,60,147,0.26724804878780734,0.40087207318179097,7.400872073181791,28.741316603969445,63.857811322848924,267
inferred first interview,age 26-64 at interview 5,income/reporting at interview 5,valid flags; absent balance record is zero,retain fifth-only panels,12 MTBI record months,2950,2224,726,207,60,147,0.26724804878780734,0.40087207318179097,7.400872073181791,28.741316603969445,63.857811322848924,267
inferred first interview,age 26-64 at interview 5,income/reporting at interview 5,valid flags; absent balance record is zero,retain fifth-only panels,FMLI interviews 2-5,2950,2224,726,207,60,147,0.26724804878780734,0.40087207318179097,7.400872073181791,28.741316603969445,63.857811322848924,267
inferred first interview,age 26-64 at interview 5,income/reporting at interview 5,valid flags; absent balance record is zero,retain fifth-only panels,consecutive FMLI interviews 2-5,2950,2224,726,207,60,147,0.26724804878780734,0.40087207318179097,7.400872073181791,28.741316603969445,63.857811322848924,267
inferred first interview,age 25-64 at earliest observed interview,income/reporting at earliest observed interview,valid flags plus explicit finance-charge record,exclude fifth-only panels,12 MTBI nonmissing-cost months,2552,2088,464,-191,-76,-115,1.4464252933392718,2.169637940008819,7.4865049273098805,30.683133012699116,61.83036205999118,267
inferred first interview,age 25-64 at earliest observed interview,income/reporting at earliest observed interview,valid flags plus explicit finance-charge record,exclude fifth-only panels,12 MTBI record months,2552,2088,464,-191,-76,-115,1.4464252933392718,2.169637940008819,7.4865049273098805,30.683133012699116,61.83036205999118,267
inferred first interview,age 25-64 at earliest observed interview,income/reporting at earliest observed interview,valid flags plus explicit finance-charge record,exclude fifth-only panels,FMLI interviews 2-5,2552,2088,464,-191,-76,-115,1.4464252933392718,2.169637940008819,7.4865049273098805,30.683133012699116,61.83036205999118,267
inferred first interview,age 25-64 at earliest observed interview,income/reporting at earliest observed interview,valid flags plus explicit finance-charge record,exclude fifth-only panels,consecutive FMLI interviews 2-5,2552,2088,464,-191,-76,-115,1.4464252933392718,2.169637940008819,7.4865049273098805,30.683133012699116,61.83036205999118,267
inferred first interview,age 25-64 at earliest observed interview,income/reporting at earliest observed interview,valid flags; absent balance record is zero,exclude fifth-only panels,12 MTBI nonmissing-cost months,2552,2088,464,-191,-76,-115,1.4464252933392718,2.169637940008819,7.4865049273098805,30.683133012699116,61.83036205999118,267
inferred first interview,age 25-64 at earliest observed interview,income/reporting at earliest observed interview,valid flags; absent balance record is zero,exclude fifth-only panels,12 MTBI record months,2552,2088,464,-191,-76,-115,1.4464252933392718,2.169637940008819,7.4865049273098805,30.683133012699116,61.83036205999118,267
inferred first interview,age 25-64 at earliest observed interview,income/reporting at earliest observed interview,valid flags; absent balance record is zero,exclude fifth-only panels,FMLI interviews 2-5,2552,2088,464,-191,-76,-115,1.4464252933392718,2.169637940008819,7.4865049273098805,30.683133012699116,61.83036205999118,267
inferred first interview,age 25-64 at earliest observed interview,income/reporting at earliest observed interview,valid flags; absent balance record is zero,exclude fifth-only panels,consecutive FMLI interviews 2-5,2552,2088,464,-191,-76,-115,1.4464252933392718,2.169637940008819,7.4865049273098805,30.683133012699116,61.83036205999118,267
inferred first interview,age 25-63 at interview 5,income strictly above $200/month at interview 5,valid flags plus explicit finance-charge record,retain fifth-only panels,12 MTBI nonmissing-cost months,2958,2217,741,215,53,162,0.3881546407985394,0.582231961197837,7.582231961197837,28.743494592366066,63.67427344643615,268
inferred first interview,age 25-63 at interview 5,income strictly above $200/month at interview 5,valid flags plus explicit finance-charge record,retain fifth-only panels,12 MTBI record months,2958,2217,741,215,53,162,0.3881546407985394,0.582231961197837,7.582231961197837,28.743494592366066,63.67427344643615,268
inferred first interview,age 25-63 at interview 5,income strictly above $200/month at interview 5,valid flags plus explicit finance-charge record,retain fifth-only panels,FMLI interviews 2-5,2958,2217,741,215,53,162,0.3881546407985394,0.582231961197837,7.582231961197837,28.743494592366066,63.67427344643615,268
inferred first interview,age 25-63 at interview 5,income strictly above $200/month at interview 5,valid flags plus explicit finance-charge record,retain fifth-only panels,consecutive FMLI interviews 2-5,2958,2217,741,215,53,162,0.3881546407985394,0.582231961197837,7.582231961197837,28.743494592366066,63.67427344643615,268
inferred first interview,age 25-63 at interview 5,income strictly above $200/month at interview 5,valid flags; absent balance record is zero,retain fifth-only panels,12 MTBI nonmissing-cost months,2958,2217,741,215,53,162,0.3881546407985394,0.582231961197837,7.582231961197837,28.743494592366066,63.67427344643615,268
inferred first interview,age 25-63 at interview 5,income strictly above $200/month at interview 5,valid flags; absent balance record is zero,retain fifth-only panels,12 MTBI record months,2958,2217,741,215,53,162,0.3881546407985394,0.582231961197837,7.582231961197837,28.743494592366066,63.67427344643615,268
inferred first interview,age 25-63 at interview 5,income strictly above $200/month at interview 5,valid flags; absent balance record is zero,retain fifth-only panels,FMLI interviews 2-5,2958,2217,741,215,53,162,0.3881546407985394,0.582231961197837,7.582231961197837,28.743494592366066,63.67427344643615,268
inferred first interview,age 25-63 at interview 5,income strictly above $200/month at interview 5,valid flags; absent balance record is zero,retain fifth-only panels,consecutive FMLI interviews 2-5,2958,2217,741,215,53,162,0.3881546407985394,0.582231961197837,7.582231961197837,28.743494592366066,63.67427344643615,268
inferred first interview,age 25-64 at interview 5,income/reporting at earliest observed interview,valid flags plus explicit finance-charge record,exclude fifth-only panels,12 MTBI nonmissing-cost months,2549,2089,460,-194,-75,-119,1.272850839473522,1.9092762592101948,7.327259213376695,30.582017045833677,62.090723740789805,269
inferred first interview,age 25-64 at interview 5,income/reporting at earliest observed interview,valid flags plus explicit finance-charge record,exclude fifth-only panels,12 MTBI record months,2549,2089,460,-194,-75,-119,1.272850839473522,1.9092762592101948,7.327259213376695,30.582017045833677,62.090723740789805,269
inferred first interview,age 25-64 at interview 5,income/reporting at earliest observed interview,valid flags plus explicit finance-charge record,exclude fifth-only panels,FMLI interviews 2-5,2549,2089,460,-194,-75,-119,1.272850839473522,1.9092762592101948,7.327259213376695,30.582017045833677,62.090723740789805,269
inferred first interview,age 25-64 at interview 5,income/reporting at earliest observed interview,valid flags plus explicit finance-charge record,exclude fifth-only panels,consecutive FMLI interviews 2-5,2549,2089,460,-194,-75,-119,1.272850839473522,1.9092762592101948,7.327259213376695,30.582017045833677,62.090723740789805,269
inferred first interview,age 25-64 at interview 5,income/reporting at earliest observed interview,valid flags; absent balance record is zero,exclude fifth-only panels,12 MTBI nonmissing-cost months,2549,2089,460,-194,-75,-119,1.272850839473522,1.9092762592101948,7.327259213376695,30.582017045833677,62.090723740789805,269
inferred first interview,age 25-64 at interview 5,income/reporting at earliest observed interview,valid flags; absent balance record is zero,exclude fifth-only panels,12 MTBI record months,2549,2089,460,-194,-75,-119,1.272850839473522,1.9092762592101948,7.327259213376695,30.582017045833677,62.090723740789805,269
inferred first interview,age 25-64 at interview 5,income/reporting at earliest observed interview,valid flags; absent balance record is zero,exclude fifth-only panels,FMLI interviews 2-5,2549,2089,460,-194,-75,-119,1.272850839473522,1.9092762592101948,7.327259213376695,30.582017045833677,62.090723740789805,269
inferred first interview,age 25-64 at interview 5,income/reporting at earliest observed interview,valid flags; absent balance record is zero,exclude fifth-only panels,consecutive FMLI interviews 2-5,2549,2089,460,-194,-75,-119,1.272850839473522,1.9092762592101948,7.327259213376695,30.582017045833677,62.090723740789805,269
inferred first interview,age 25-63 at interview 5,INCLASS complete at interview 5,valid flags plus explicit finance-charge record,retain fifth-only panels,12 MTBI nonmissing-cost months,2963,2219,744,220,55,165,0.37717914749381115,0.5657687212407465,7.5657687212407465,28.681084071150003,63.75314720760931,275
inferred first interview,age 25-63 at interview 5,INCLASS complete at interview 5,valid flags plus explicit finance-charge record,retain fifth-only panels,12 MTBI record months,2963,2219,744,220,55,165,0.37717914749381115,0.5657687212407465,7.5657687212407465,28.681084071150003,63.75314720760931,275
inferred first interview,age 25-63 at interview 5,INCLASS complete at interview 5,valid flags plus explicit finance-charge record,retain fifth-only panels,FMLI interviews 2-5,2963,2219,744,220,55,165,0.37717914749381115,0.5657687212407465,7.5657687212407465,28.681084071150003,63.75314720760931,275
inferred first interview,age 25-63 at interview 5,INCLASS complete at interview 5,valid flags plus explicit finance-charge record,retain fifth-only panels,consecutive FMLI interviews 2-5,2963,2219,744,220,55,165,0.37717914749381115,0.5657687212407465,7.5657687212407465,28.681084071150003,63.75314720760931,275
inferred first interview,age 25-63 at interview 5,INCLASS complete at interview 5,valid flags; absent balance record is zero,retain fifth-only panels,12 MTBI nonmissing-cost months,2963,2219,744,220,55,165,0.37717914749381115,0.5657687212407465,7.5657687212407465,28.681084071150003,63.75314720760931,275
inferred first interview,age 25-63 at interview 5,INCLASS complete at interview 5,valid flags; absent balance record is zero,retain fifth-only panels,12 MTBI record months,2963,2219,744,220,55,165,0.37717914749381115,0.5657687212407465,7.5657687212407465,28.681084071150003,63.75314720760931,275
inferred first interview,age 25-63 at interview 5,INCLASS complete at interview 5,valid flags; absent balance record is zero,retain fifth-only panels,FMLI interviews 2-5,2963,2219,744,220,55,165,0.37717914749381115,0.5657687212407465,7.5657687212407465,28.681084071150003,63.75314720760931,275
inferred first interview,age 25-63 at interview 5,INCLASS complete at interview 5,valid flags; absent balance record is zero,retain fifth-only panels,consecutive FMLI interviews 2-5,2963,2219,744,220,55,165,0.37717914749381115,0.5657687212407465,7.5657687212407465,28.681084071150003,63.75314720760931,275
inferred first interview,age 25-63 at interview 5,income/reporting at interview 5,valid flags plus explicit finance-charge record,retain fifth-only panels,12 MTBI nonmissing-cost months,2963,2219,744,220,55,165,0.37717914749381115,0.5657687212407465,7.5657687212407465,28.681084071150003,63.75314720760931,275
inferred first interview,age 25-63 at interview 5,income/reporting at interview 5,valid flags plus explicit finance-charge record,retain fifth-only panels,12 MTBI record months,2963,2219,744,220,55,165,0.37717914749381115,0.5657687212407465,7.5657687212407465,28.681084071150003,63.75314720760931,275
inferred first interview,age 25-63 at interview 5,income/reporting at interview 5,valid flags plus explicit finance-charge record,retain fifth-only panels,FMLI interviews 2-5,2963,2219,744,220,55,165,0.37717914749381115,0.5657687212407465,7.5657687212407465,28.681084071150003,63.75314720760931,275
inferred first interview,age 25-63 at interview 5,income/reporting at interview 5,valid flags plus explicit finance-charge record,retain fifth-only panels,consecutive FMLI interviews 2-5,2963,2219,744,220,55,165,0.37717914749381115,0.5657687212407465,7.5657687212407465,28.681084071150003,63.75314720760931,275
inferred first interview,age 25-63 at interview 5,income/reporting at interview 5,valid flags; absent balance record is zero,retain fifth-only panels,12 MTBI nonmissing-cost months,2963,2219,744,220,55,165,0.37717914749381115,0.5657687212407465,7.5657687212407465,28.681084071150003,63.75314720760931,275
inferred first interview,age 25-63 at interview 5,income/reporting at interview 5,valid flags; absent balance record is zero,retain fifth-only panels,12 MTBI record months,2963,2219,744,220,55,165,0.37717914749381115,0.5657687212407465,7.5657687212407465,28.681084071150003,63.75314720760931,275
inferred first interview,age 25-63 at interview 5,income/reporting at interview 5,valid flags; absent balance record is zero,retain fifth-only panels,FMLI interviews 2-5,2963,2219,744,220,55,165,0.37717914749381115,0.5657687212407465,7.5657687212407465,28.681084071150003,63.75314720760931,275
inferred first interview,age 25-63 at interview 5,income/reporting at interview 5,valid flags; absent balance record is zero,retain fifth-only panels,consecutive FMLI interviews 2-5,2963,2219,744,220,55,165,0.37717914749381115,0.5657687212407465,7.5657687212407465,28.681084071150003,63.75314720760931,275
earliest observed public interview,age 25-63 at interview 5,INCLASS complete at interview 5,valid flags plus explicit finance-charge record,exclude fifth-only panels,12 MTBI positive-total months,2672,1959,713,-71,-205,134,1.172580102889307,1.7588701543340335,8.32420961317187,29.434660541162017,62.24112984566597,276
earliest observed public interview,age 25-63 at interview 5,INCLASS complete at interview 5,valid flags; absent balance record is zero,exclude fifth-only panels,12 MTBI positive-total months,2672,1959,713,-71,-205,134,1.172580102889307,1.7588701543340335,8.32420961317187,29.434660541162017,62.24112984566597,276
earliest observed public interview,age 25-63 at interview 5,income/reporting at interview 5,valid flags plus explicit finance-charge record,exclude fifth-only panels,12 MTBI positive-total months,2672,1959,713,-71,-205,134,1.172580102889307,1.7588701543340335,8.32420961317187,29.434660541162017,62.24112984566597,276
earliest observed public interview,age 25-63 at interview 5,income/reporting at interview 5,valid flags; absent balance record is zero,exclude fifth-only panels,12 MTBI positive-total months,2672,1959,713,-71,-205,134,1.172580102889307,1.7588701543340335,8.32420961317187,29.434660541162017,62.24112984566597,276
earliest observed public interview,age 25-63 at interview 5,income strictly above $200/month at interview 5,valid flags plus explicit finance-charge record,exclude fifth-only panels,12 MTBI positive-total months,2671,1959,712,-72,-205,133,1.1829920974276955,1.7744881461416142,8.327652709774384,29.44683543636709,62.225511853858386,277
earliest observed public interview,age 25-63 at interview 5,income strictly above $200/month at interview 5,valid flags; absent balance record is zero,exclude fifth-only panels,12 MTBI positive-total months,2671,1959,712,-72,-205,133,1.1829920974276955,1.7744881461416142,8.327652709774384,29.44683543636709,62.225511853858386,277
earliest observed public interview,age 25-64 throughout observed panel,INCLASS complete at interview 5,valid flags plus explicit finance-charge record,exclude fifth-only panels,12 MTBI positive-total months,2665,1955,710,-78,-209,131,1.2186009719439934,1.8279014579160702,8.226143316786395,29.601758141129515,62.17209854208393,287
earliest observed public interview,age 25-64 throughout observed panel,INCLASS complete at interview 5,valid flags; absent balance record is zero,exclude fifth-only panels,12 MTBI positive-total months,2665,1955,710,-78,-209,131,1.2186009719439934,1.8279014579160702,8.226143316786395,29.601758141129515,62.17209854208393,287
earliest observed public interview,age 25-64 throughout observed panel,income/reporting at interview 5,valid flags plus explicit finance-charge record,exclude fifth-only panels,12 MTBI positive-total months,2665,1955,710,-78,-209,131,1.2186009719439934,1.8279014579160702,8.226143316786395,29.601758141129515,62.17209854208393,287
earliest observed public interview,age 25-64 throughout observed panel,income/reporting at interview 5,valid flags; absent balance record is zero,exclude fifth-only panels,12 MTBI positive-total months,2665,1955,710,-78,-209,131,1.2186009719439934,1.8279014579160702,8.226143316786395,29.601758141129515,62.17209854208393,287
fifth interview in 2001,age strictly between 25 and 64 at interview 5,INCLASS complete at interview 5,valid flags plus explicit finance-charge record,exclude fifth-only panels,12 MTBI positive-total months,2685,1935,750,-58,-229,171,1.462427002811588,2.1936405042174343,8.594820030046408,29.59882047417092,61.806359495782566,287
fifth interview in 2001,age strictly between 25 and 64 at interview 5,INCLASS complete at interview 5,valid flags; absent balance record is zero,exclude fifth-only panels,12 MTBI positive-total months,2685,1935,750,-58,-229,171,1.462427002811588,2.1936405042174343,8.594820030046408,29.59882047417092,61.806359495782566,287
fifth interview in 2001,age strictly between 25 and 64 at interview 5,income/reporting at interview 5,valid flags plus explicit finance-charge record,exclude fifth-only panels,12 MTBI positive-total months,2685,1935,750,-58,-229,171,1.462427002811588,2.1936405042174343,8.594820030046408,29.59882047417092,61.806359495782566,287
fifth interview in 2001,age strictly between 25 and 64 at interview 5,income/reporting at interview 5,valid flags; absent balance record is zero,exclude fifth-only panels,12 MTBI positive-total months,2685,1935,750,-58,-229,171,1.462427002811588,2.1936405042174343,8.594820030046408,29.59882047417092,61.806359495782566,287
inferred public interview 2,age strictly between 25 and 64 at interview 5,INCLASS complete at interview 5,valid flags plus explicit finance-charge record,exclude fifth-only panels,12 MTBI positive-total months,2685,1935,750,-58,-229,171,1.462427002811588,2.1936405042174343,8.594820030046408,29.59882047417092,61.806359495782566,287
inferred public interview 2,age strictly between 25 and 64 at interview 5,INCLASS complete at interview 5,valid flags; absent balance record is zero,exclude fifth-only panels,12 MTBI positive-total months,2685,1935,750,-58,-229,171,1.462427002811588,2.1936405042174343,8.594820030046408,29.59882047417092,61.806359495782566,287
inferred public interview 2,age strictly between 25 and 64 at interview 5,income/reporting at interview 5,valid flags plus explicit finance-charge record,exclude fifth-only panels,12 MTBI positive-total months,2685,1935,750,-58,-229,171,1.462427002811588,2.1936405042174343,8.594820030046408,29.59882047417092,61.806359495782566,287
inferred public interview 2,age strictly between 25 and 64 at interview 5,income/reporting at interview 5,valid flags; absent balance record is zero,exclude fifth-only panels,12 MTBI positive-total months,2685,1935,750,-58,-229,171,1.462427002811588,2.1936405042174343,8.594820030046408,29.59882047417092,61.806359495782566,287
earliest observed public interview,age 25-64 throughout observed panel,income strictly above $200/month at interview 5,valid flags plus explicit finance-charge record,exclude fifth-only panels,12 MTBI positive-total months,2664,1955,709,-79,-209,130,1.229067612067541,1.843601418101393,8.229557466595786,29.614043951505444,62.15639858189861,288
earliest observed public interview,age 25-64 throughout observed panel,income strictly above $200/month at interview 5,valid flags; absent balance record is zero,exclude fifth-only panels,12 MTBI positive-total months,2664,1955,709,-79,-209,130,1.229067612067541,1.843601418101393,8.229557466595786,29.614043951505444,62.15639858189861,288
fifth interview in 2001,age strictly between 25 and 64 at interview 5,income strictly above $200/month at interview 5,valid flags plus explicit finance-charge record,exclude fifth-only panels,12 MTBI positive-total months,2684,1935,749,-59,-229,170,1.4728987638390347,2.2093481457585966,8.598354763849226,29.61099338190928,61.7906518542414,288
fifth interview in 2001,age strictly between 25 and 64 at interview 5,income strictly above $200/month at interview 5,valid flags; absent balance record is zero,exclude fifth-only panels,12 MTBI positive-total months,2684,1935,749,-59,-229,170,1.4728987638390347,2.2093481457585966,8.598354763849226,29.61099338190928,61.7906518542414,288
inferred public interview 2,age strictly between 25 and 64 at interview 5,income strictly above $200/month at interview 5,valid flags plus explicit finance-charge record,exclude fifth-only panels,12 MTBI positive-total months,2684,1935,749,-59,-229,170,1.4728987638390347,2.2093481457585966,8.598354763849226,29.61099338190928,61.7906518542414,288
inferred public interview 2,age strictly between 25 and 64 at interview 5,income strictly above $200/month at interview 5,valid flags; absent balance record is zero,exclude fifth-only panels,12 MTBI positive-total months,2684,1935,749,-59,-229,170,1.4728987638390347,2.2093481457585966,8.598354763849226,29.61099338190928,61.7906518542414,288
inferred first interview,age 25-64 at earliest observed interview,income/reporting throughout observed panel,valid flags plus explicit finance-charge record,retain fifth-only panels,12 MTBI nonmissing-cost months,2622,1989,633,-121,-175,54,1.0345909759924012,1.5518864639884669,7.605189499837259,29.946696964151478,62.44811353601153,296
inferred first interview,age 25-64 at earliest observed interview,income/reporting throughout observed panel,valid flags plus explicit finance-charge record,retain fifth-only panels,12 MTBI record months,2622,1989,633,-121,-175,54,1.0345909759924012,1.5518864639884669,7.605189499837259,29.946696964151478,62.44811353601153,296
inferred first interview,age 25-64 at earliest observed interview,income/reporting throughout observed panel,valid flags plus explicit finance-charge record,retain fifth-only panels,FMLI interviews 2-5,2622,1989,633,-121,-175,54,1.0345909759924012,1.5518864639884669,7.605189499837259,29.946696964151478,62.44811353601153,296
inferred first interview,age 25-64 at earliest observed interview,income/reporting throughout observed panel,valid flags plus explicit finance-charge record,retain fifth-only panels,consecutive FMLI interviews 2-5,2622,1989,633,-121,-175,54,1.0345909759924012,1.5518864639884669,7.605189499837259,29.946696964151478,62.44811353601153,296
inferred first interview,age 25-64 at earliest observed interview,income/reporting throughout observed panel,valid flags; absent balance record is zero,retain fifth-only panels,12 MTBI nonmissing-cost months,2622,1989,633,-121,-175,54,1.0345909759924012,1.5518864639884669,7.605189499837259,29.946696964151478,62.44811353601153,296
inferred first interview,age 25-64 at earliest observed interview,income/reporting throughout observed panel,valid flags; absent balance record is zero,retain fifth-only panels,12 MTBI record months,2622,1989,633,-121,-175,54,1.0345909759924012,1.5518864639884669,7.605189499837259,29.946696964151478,62.44811353601153,296
inferred first interview,age 25-64 at earliest observed interview,income/reporting throughout observed panel,valid flags; absent balance record is zero,retain fifth-only panels,FMLI interviews 2-5,2622,1989,633,-121,-175,54,1.0345909759924012,1.5518864639884669,7.605189499837259,29.946696964151478,62.44811353601153,296
inferred first interview,age 25-64 at earliest observed interview,income/reporting throughout observed panel,valid flags; absent balance record is zero,retain fifth-only panels,consecutive FMLI interviews 2-5,2622,1989,633,-121,-175,54,1.0345909759924012,1.5518864639884669,7.605189499837259,29.946696964151478,62.44811353601153,296
earliest observed public interview,age 25-64 at earliest observed interview,income/reporting at earliest observed interview,valid flags plus explicit finance-charge record,retain fifth-only panels,12 MTBI nonmissing-cost months,2530,2078,452,-213,-86,-127,1.5220317466029212,2.283047619904366,8.36721366363333,29.91583395627107,61.716952380095634,299
earliest observed public interview,age 25-64 at earliest observed interview,income/reporting at earliest observed interview,valid flags plus explicit finance-charge record,retain fifth-only panels,12 MTBI record months,2530,2078,452,-213,-86,-127,1.5220317466029212,2.283047619904366,8.36721366363333,29.91583395627107,61.716952380095634,299
earliest observed public interview,age 25-64 at earliest observed interview,income/reporting at earliest observed interview,valid flags plus explicit finance-charge record,retain fifth-only panels,FMLI interviews 2-5,2530,2078,452,-213,-86,-127,1.5220317466029212,2.283047619904366,8.36721366363333,29.91583395627107,61.716952380095634,299
earliest observed public interview,age 25-64 at earliest observed interview,income/reporting at earliest observed interview,valid flags plus explicit finance-charge record,retain fifth-only panels,consecutive FMLI interviews 2-5,2530,2078,452,-213,-86,-127,1.5220317466029212,2.283047619904366,8.36721366363333,29.91583395627107,61.716952380095634,299
earliest observed public interview,age 25-64 at earliest observed interview,income/reporting at earliest observed interview,valid flags; absent balance record is zero,retain fifth-only panels,12 MTBI nonmissing-cost months,2530,2078,452,-213,-86,-127,1.5220317466029212,2.283047619904366,8.36721366363333,29.91583395627107,61.716952380095634,299
earliest observed public interview,age 25-64 at earliest observed interview,income/reporting at earliest observed interview,valid flags; absent balance record is zero,retain fifth-only panels,12 MTBI record months,2530,2078,452,-213,-86,-127,1.5220317466029212,2.283047619904366,8.36721366363333,29.91583395627107,61.716952380095634,299
earliest observed public interview,age 25-64 at earliest observed interview,income/reporting at earliest observed interview,valid flags; absent balance record is zero,retain fifth-only panels,FMLI interviews 2-5,2530,2078,452,-213,-86,-127,1.5220317466029212,2.283047619904366,8.36721366363333,29.91583395627107,61.716952380095634,299
earliest observed public interview,age 25-64 at earliest observed interview,income/reporting at earliest observed interview,valid flags; absent balance record is zero,retain fifth-only panels,consecutive FMLI interviews 2-5,2530,2078,452,-213,-86,-127,1.5220317466029212,2.283047619904366,8.36721366363333,29.91583395627107,61.716952380095634,299
earliest observed public interview,age 25-64 at interview 5,income/reporting at earliest observed interview,valid flags plus explicit finance-charge record,retain fifth-only panels,12 MTBI nonmissing-cost months,2525,2078,447,-218,-86,-132,1.4459288716800138,2.1688933075200296,8.30441926964481,29.8644740378752,61.83110669247997,304
earliest observed public interview,age 25-64 at interview 5,income/reporting at earliest observed interview,valid flags plus explicit finance-charge record,retain fifth-only panels,12 MTBI record months,2525,2078,447,-218,-86,-132,1.4459288716800138,2.1688933075200296,8.30441926964481,29.8644740378752,61.83110669247997,304
earliest observed public interview,age 25-64 at interview 5,income/reporting at earliest observed interview,valid flags plus explicit finance-charge record,retain fifth-only panels,FMLI interviews 2-5,2525,2078,447,-218,-86,-132,1.4459288716800138,2.1688933075200296,8.30441926964481,29.8644740378752,61.83110669247997,304
earliest observed public interview,age 25-64 at interview 5,income/reporting at earliest observed interview,valid flags plus explicit finance-charge record,retain fifth-only panels,consecutive FMLI interviews 2-5,2525,2078,447,-218,-86,-132,1.4459288716800138,2.1688933075200296,8.30441926964481,29.8644740378752,61.83110669247997,304
earliest observed public interview,age 25-64 at interview 5,income/reporting at earliest observed interview,valid flags; absent balance record is zero,retain fifth-only panels,12 MTBI nonmissing-cost months,2525,2078,447,-218,-86,-132,1.4459288716800138,2.1688933075200296,8.30441926964481,29.8644740378752,61.83110669247997,304
earliest observed public interview,age 25-64 at interview 5,income/reporting at earliest observed interview,valid flags; absent balance record is zero,retain fifth-only panels,12 MTBI record months,2525,2078,447,-218,-86,-132,1.4459288716800138,2.1688933075200296,8.30441926964481,29.8644740378752,61.83110669247997,304
earliest observed public interview,age 25-64 at interview 5,income/reporting at earliest observed interview,valid flags; absent balance record is zero,retain fifth-only panels,FMLI interviews 2-5,2525,2078,447,-218,-86,-132,1.4459288716800138,2.1688933075200296,8.30441926964481,29.8644740378752,61.83110669247997,304
earliest observed public interview,age 25-64 at interview 5,income/reporting at earliest observed interview,valid flags; absent balance record is zero,retain fifth-only panels,consecutive FMLI interviews 2-5,2525,2078,447,-218,-86,-132,1.4459288716800138,2.1688933075200296,8.30441926964481,29.8644740378752,61.83110669247997,304
fifth interview in 2001,age strictly between 25 and 64 at interview 5,income/reporting at earliest observed interview,valid flags plus explicit finance-charge record,retain fifth-only panels,12 MTBI nonmissing-cost months,2589,2014,575,-154,-150,-4,1.608771392985597,2.4131570894784247,8.690583741285119,29.722573348193247,61.586842910521575,304
fifth interview in 2001,age strictly between 25 and 64 at interview 5,income/reporting at earliest observed interview,valid flags plus explicit finance-charge record,retain fifth-only panels,12 MTBI record months,2589,2014,575,-154,-150,-4,1.608771392985597,2.4131570894784247,8.690583741285119,29.722573348193247,61.586842910521575,304
fifth interview in 2001,age strictly between 25 and 64 at interview 5,income/reporting at earliest observed interview,valid flags plus explicit finance-charge record,retain fifth-only panels,FMLI interviews 2-5,2589,2014,575,-154,-150,-4,1.608771392985597,2.4131570894784247,8.690583741285119,29.722573348193247,61.586842910521575,304
fifth interview in 2001,age strictly between 25 and 64 at interview 5,income/reporting at earliest observed interview,valid flags plus explicit finance-charge record,retain fifth-only panels,consecutive FMLI interviews 2-5,2589,2014,575,-154,-150,-4,1.608771392985597,2.4131570894784247,8.690583741285119,29.722573348193247,61.586842910521575,304
fifth interview in 2001,age strictly between 25 and 64 at interview 5,income/reporting at earliest observed interview,valid flags; absent balance record is zero,retain fifth-only panels,12 MTBI nonmissing-cost months,2589,2014,575,-154,-150,-4,1.608771392985597,2.4131570894784247,8.690583741285119,29.722573348193247,61.586842910521575,304
fifth interview in 2001,age strictly between 25 and 64 at interview 5,income/reporting at earliest observed interview,valid flags; absent balance record is zero,retain fifth-only panels,12 MTBI record months,2589,2014,575,-154,-150,-4,1.608771392985597,2.4131570894784247,8.690583741285119,29.722573348193247,61.586842910521575,304
fifth interview in 2001,age strictly between 25 and 64 at interview 5,income/reporting at earliest observed interview,valid flags; absent balance record is zero,retain fifth-only panels,FMLI interviews 2-5,2589,2014,575,-154,-150,-4,1.608771392985597,2.4131570894784247,8.690583741285119,29.722573348193247,61.586842910521575,304
fifth interview in 2001,age strictly between 25 and 64 at interview 5,income/reporting at earliest observed interview,valid flags; absent balance record is zero,retain fifth-only panels,consecutive FMLI interviews 2-5,2589,2014,575,-154,-150,-4,1.608771392985597,2.4131570894784247,8.690583741285119,29.722573348193247,61.586842910521575,304
inferred public interview 2,age strictly between 25 and 64 at interview 5,income/reporting at earliest observed interview,valid flags plus explicit finance-charge record,retain fifth-only panels,12 MTBI nonmissing-cost months,2589,2014,575,-154,-150,-4,1.608771392985597,2.4131570894784247,8.690583741285119,29.722573348193247,61.586842910521575,304
inferred public interview 2,age strictly between 25 and 64 at interview 5,income/reporting at earliest observed interview,valid flags plus explicit finance-charge record,retain fifth-only panels,12 MTBI record months,2589,2014,575,-154,-150,-4,1.608771392985597,2.4131570894784247,8.690583741285119,29.722573348193247,61.586842910521575,304
inferred public interview 2,age strictly between 25 and 64 at interview 5,income/reporting at earliest observed interview,valid flags plus explicit finance-charge record,retain fifth-only panels,FMLI interviews 2-5,2589,2014,575,-154,-150,-4,1.608771392985597,2.4131570894784247,8.690583741285119,29.722573348193247,61.586842910521575,304
inferred public interview 2,age strictly between 25 and 64 at interview 5,income/reporting at earliest observed interview,valid flags plus explicit finance-charge record,retain fifth-only panels,consecutive FMLI interviews 2-5,2589,2014,575,-154,-150,-4,1.608771392985597,2.4131570894784247,8.690583741285119,29.722573348193247,61.586842910521575,304
inferred public interview 2,age strictly between 25 and 64 at interview 5,income/reporting at earliest observed interview,valid flags; absent balance record is zero,retain fifth-only panels,12 MTBI nonmissing-cost months,2589,2014,575,-154,-150,-4,1.608771392985597,2.4131570894784247,8.690583741285119,29.722573348193247,61.586842910521575,304
inferred public interview 2,age strictly between 25 and 64 at interview 5,income/reporting at earliest observed interview,valid flags; absent balance record is zero,retain fifth-only panels,12 MTBI record months,2589,2014,575,-154,-150,-4,1.608771392985597,2.4131570894784247,8.690583741285119,29.722573348193247,61.586842910521575,304
inferred public interview 2,age strictly between 25 and 64 at interview 5,income/reporting at earliest observed interview,valid flags; absent balance record is zero,retain fifth-only panels,FMLI interviews 2-5,2589,2014,575,-154,-150,-4,1.608771392985597,2.4131570894784247,8.690583741285119,29.722573348193247,61.586842910521575,304
inferred public interview 2,age strictly between 25 and 64 at interview 5,income/reporting at earliest observed interview,valid flags; absent balance record is zero,retain fifth-only panels,consecutive FMLI interviews 2-5,2589,2014,575,-154,-150,-4,1.608771392985597,2.4131570894784247,8.690583741285119,29.722573348193247,61.586842910521575,304
inferred first interview,age 25-64 at interview 5,income/reporting throughout observed panel,valid flags plus explicit finance-charge record,retain fifth-only panels,12 MTBI nonmissing-cost months,2615,1986,629,-128,-178,50,0.8277525341449262,1.2416288012172743,7.467949786993969,29.773679014223536,62.758371198782726,306
inferred first interview,age 25-64 at interview 5,income/reporting throughout observed panel,valid flags plus explicit finance-charge record,retain fifth-only panels,12 MTBI record months,2615,1986,629,-128,-178,50,0.8277525341449262,1.2416288012172743,7.467949786993969,29.773679014223536,62.758371198782726,306
inferred first interview,age 25-64 at interview 5,income/reporting throughout observed panel,valid flags plus explicit finance-charge record,retain fifth-only panels,FMLI interviews 2-5,2615,1986,629,-128,-178,50,0.8277525341449262,1.2416288012172743,7.467949786993969,29.773679014223536,62.758371198782726,306
inferred first interview,age 25-64 at interview 5,income/reporting throughout observed panel,valid flags plus explicit finance-charge record,retain fifth-only panels,consecutive FMLI interviews 2-5,2615,1986,629,-128,-178,50,0.8277525341449262,1.2416288012172743,7.467949786993969,29.773679014223536,62.758371198782726,306
inferred first interview,age 25-64 at interview 5,income/reporting throughout observed panel,valid flags; absent balance record is zero,retain fifth-only panels,12 MTBI nonmissing-cost months,2615,1986,629,-128,-178,50,0.8277525341449262,1.2416288012172743,7.467949786993969,29.773679014223536,62.758371198782726,306
inferred first interview,age 25-64 at interview 5,income/reporting throughout observed panel,valid flags; absent balance record is zero,retain fifth-only panels,12 MTBI record months,2615,1986,629,-128,-178,50,0.8277525341449262,1.2416288012172743,7.467949786993969,29.773679014223536,62.758371198782726,306
inferred first interview,age 25-64 at interview 5,income/reporting throughout observed panel,valid flags; absent balance record is zero,retain fifth-only panels,FMLI interviews 2-5,2615,1986,629,-128,-178,50,0.8277525341449262,1.2416288012172743,7.467949786993969,29.773679014223536,62.758371198782726,306
inferred first interview,age 25-64 at interview 5,income/reporting throughout observed panel,valid flags; absent balance record is zero,retain fifth-only panels,consecutive FMLI interviews 2-5,2615,1986,629,-128,-178,50,0.8277525341449262,1.2416288012172743,7.467949786993969,29.773679014223536,62.758371198782726,306
fifth interview in 2001,age 25-64 at interview 5,income strictly above $200/month at interview 5,valid flags plus explicit finance-charge record,retain fifth-only panels,12 MTBI nonmissing-cost months,2963,2251,712,220,87,133,0.9732671614590332,1.4599007421884451,8.459900742188445,28.859013453487815,62.68108580432353,307
fifth interview in 2001,age 25-64 at interview 5,income strictly above $200/month at interview 5,valid flags plus explicit finance-charge record,retain fifth-only panels,12 MTBI record months,2963,2251,712,220,87,133,0.9732671614590332,1.4599007421884451,8.459900742188445,28.859013453487815,62.68108580432353,307
fifth interview in 2001,age 25-64 at interview 5,income strictly above $200/month at interview 5,valid flags plus explicit finance-charge record,retain fifth-only panels,FMLI interviews 2-5,2963,2251,712,220,87,133,0.9732671614590332,1.4599007421884451,8.459900742188445,28.859013453487815,62.68108580432353,307
fifth interview in 2001,age 25-64 at interview 5,income strictly above $200/month at interview 5,valid flags plus explicit finance-charge record,retain fifth-only panels,consecutive FMLI interviews 2-5,2963,2251,712,220,87,133,0.9732671614590332,1.4599007421884451,8.459900742188445,28.859013453487815,62.68108580432353,307
fifth interview in 2001,age 25-64 at interview 5,income strictly above $200/month at interview 5,valid flags; absent balance record is zero,retain fifth-only panels,12 MTBI nonmissing-cost months,2963,2251,712,220,87,133,0.9732671614590332,1.4599007421884451,8.459900742188445,28.859013453487815,62.68108580432353,307
fifth interview in 2001,age 25-64 at interview 5,income strictly above $200/month at interview 5,valid flags; absent balance record is zero,retain fifth-only panels,12 MTBI record months,2963,2251,712,220,87,133,0.9732671614590332,1.4599007421884451,8.459900742188445,28.859013453487815,62.68108580432353,307
fifth interview in 2001,age 25-64 at interview 5,income strictly above $200/month at interview 5,valid flags; absent balance record is zero,retain fifth-only panels,FMLI interviews 2-5,2963,2251,712,220,87,133,0.9732671614590332,1.4599007421884451,8.459900742188445,28.859013453487815,62.68108580432353,307
fifth interview in 2001,age 25-64 at interview 5,income strictly above $200/month at interview 5,valid flags; absent balance record is zero,retain fifth-only panels,consecutive FMLI interviews 2-5,2963,2251,712,220,87,133,0.9732671614590332,1.4599007421884451,8.459900742188445,28.859013453487815,62.68108580432353,307
inferred public interview 2,age 25-64 at interview 5,income strictly above $200/month at interview 5,valid flags plus explicit finance-charge record,retain fifth-only panels,12 MTBI nonmissing-cost months,2963,2251,712,220,87,133,0.9732671614590332,1.4599007421884451,8.459900742188445,28.859013453487815,62.68108580432353,307
inferred public interview 2,age 25-64 at interview 5,income strictly above $200/month at interview 5,valid flags plus explicit finance-charge record,retain fifth-only panels,12 MTBI record months,2963,2251,712,220,87,133,0.9732671614590332,1.4599007421884451,8.459900742188445,28.859013453487815,62.68108580432353,307
inferred public interview 2,age 25-64 at interview 5,income strictly above $200/month at interview 5,valid flags plus explicit finance-charge record,retain fifth-only panels,FMLI interviews 2-5,2963,2251,712,220,87,133,0.9732671614590332,1.4599007421884451,8.459900742188445,28.859013453487815,62.68108580432353,307
inferred public interview 2,age 25-64 at interview 5,income strictly above $200/month at interview 5,valid flags plus explicit finance-charge record,retain fifth-only panels,consecutive FMLI interviews 2-5,2963,2251,712,220,87,133,0.9732671614590332,1.4599007421884451,8.459900742188445,28.859013453487815,62.68108580432353,307
inferred public interview 2,age 25-64 at interview 5,income strictly above $200/month at interview 5,valid flags; absent balance record is zero,retain fifth-only panels,12 MTBI nonmissing-cost months,2963,2251,712,220,87,133,0.9732671614590332,1.4599007421884451,8.459900742188445,28.859013453487815,62.68108580432353,307
inferred public interview 2,age 25-64 at interview 5,income strictly above $200/month at interview 5,valid flags; absent balance record is zero,retain fifth-only panels,12 MTBI record months,2963,2251,712,220,87,133,0.9732671614590332,1.4599007421884451,8.459900742188445,28.859013453487815,62.68108580432353,307
inferred public interview 2,age 25-64 at interview 5,income strictly above $200/month at interview 5,valid flags; absent balance record is zero,retain fifth-only panels,FMLI interviews 2-5,2963,2251,712,220,87,133,0.9732671614590332,1.4599007421884451,8.459900742188445,28.859013453487815,62.68108580432353,307
inferred public interview 2,age 25-64 at interview 5,income strictly above $200/month at interview 5,valid flags; absent balance record is zero,retain fifth-only panels,consecutive FMLI interviews 2-5,2963,2251,712,220,87,133,0.9732671614590332,1.4599007421884451,8.459900742188445,28.859013453487815,62.68108580432353,307
fifth interview in 2001,age 25-64 at interview 5,INCLASS complete at interview 5,valid flags plus explicit finance-charge record,retain fifth-only panels,12 MTBI nonmissing-cost months,2965,2251,714,222,87,135,0.9687351869799846,1.4531027804698713,8.453102780469871,28.835823764309282,62.711073455220635,309
fifth interview in 2001,age 25-64 at interview 5,INCLASS complete at interview 5,valid flags plus explicit finance-charge record,retain fifth-only panels,12 MTBI record months,2965,2251,714,222,87,135,0.9687351869799846,1.4531027804698713,8.453102780469871,28.835823764309282,62.711073455220635,309
fifth interview in 2001,age 25-64 at interview 5,INCLASS complete at interview 5,valid flags plus explicit finance-charge record,retain fifth-only panels,FMLI interviews 2-5,2965,2251,714,222,87,135,0.9687351869799846,1.4531027804698713,8.453102780469871,28.835823764309282,62.711073455220635,309
fifth interview in 2001,age 25-64 at interview 5,INCLASS complete at interview 5,valid flags plus explicit finance-charge record,retain fifth-only panels,consecutive FMLI interviews 2-5,2965,2251,714,222,87,135,0.9687351869799846,1.4531027804698713,8.453102780469871,28.835823764309282,62.711073455220635,309
fifth interview in 2001,age 25-64 at interview 5,INCLASS complete at interview 5,valid flags; absent balance record is zero,retain fifth-only panels,12 MTBI nonmissing-cost months,2965,2251,714,222,87,135,0.9687351869799846,1.4531027804698713,8.453102780469871,28.835823764309282,62.711073455220635,309
fifth interview in 2001,age 25-64 at interview 5,INCLASS complete at interview 5,valid flags; absent balance record is zero,retain fifth-only panels,12 MTBI record months,2965,2251,714,222,87,135,0.9687351869799846,1.4531027804698713,8.453102780469871,28.835823764309282,62.711073455220635,309
fifth interview in 2001,age 25-64 at interview 5,INCLASS complete at interview 5,valid flags; absent balance record is zero,retain fifth-only panels,FMLI interviews 2-5,2965,2251,714,222,87,135,0.9687351869799846,1.4531027804698713,8.453102780469871,28.835823764309282,62.711073455220635,309
fifth interview in 2001,age 25-64 at interview 5,INCLASS complete at interview 5,valid flags; absent balance record is zero,retain fifth-only panels,consecutive FMLI interviews 2-5,2965,2251,714,222,87,135,0.9687351869799846,1.4531027804698713,8.453102780469871,28.835823764309282,62.711073455220635,309
fifth interview in 2001,age 25-64 at interview 5,income/reporting at interview 5,valid flags plus explicit finance-charge record,retain fifth-only panels,12 MTBI nonmissing-cost months,2965,2251,714,222,87,135,0.9687351869799846,1.4531027804698713,8.453102780469871,28.835823764309282,62.711073455220635,309
fifth interview in 2001,age 25-64 at interview 5,income/reporting at interview 5,valid flags plus explicit finance-charge record,retain fifth-only panels,12 MTBI record months,2965,2251,714,222,87,135,0.9687351869799846,1.4531027804698713,8.453102780469871,28.835823764309282,62.711073455220635,309
fifth interview in 2001,age 25-64 at interview 5,income/reporting at interview 5,valid flags plus explicit finance-charge record,retain fifth-only panels,FMLI interviews 2-5,2965,2251,714,222,87,135,0.9687351869799846,1.4531027804698713,8.453102780469871,28.835823764309282,62.711073455220635,309
fifth interview in 2001,age 25-64 at interview 5,income/reporting at interview 5,valid flags plus explicit finance-charge record,retain fifth-only panels,consecutive FMLI interviews 2-5,2965,2251,714,222,87,135,0.9687351869799846,1.4531027804698713,8.453102780469871,28.835823764309282,62.711073455220635,309
fifth interview in 2001,age 25-64 at interview 5,income/reporting at interview 5,valid flags; absent balance record is zero,retain fifth-only panels,12 MTBI nonmissing-cost months,2965,2251,714,222,87,135,0.9687351869799846,1.4531027804698713,8.453102780469871,28.835823764309282,62.711073455220635,309
fifth interview in 2001,age 25-64 at interview 5,income/reporting at interview 5,valid flags; absent balance record is zero,retain fifth-only panels,12 MTBI record months,2965,2251,714,222,87,135,0.9687351869799846,1.4531027804698713,8.453102780469871,28.835823764309282,62.711073455220635,309
fifth interview in 2001,age 25-64 at interview 5,income/reporting at interview 5,valid flags; absent balance record is zero,retain fifth-only panels,FMLI interviews 2-5,2965,2251,714,222,87,135,0.9687351869799846,1.4531027804698713,8.453102780469871,28.835823764309282,62.711073455220635,309
fifth interview in 2001,age 25-64 at interview 5,income/reporting at interview 5,valid flags; absent balance record is zero,retain fifth-only panels,consecutive FMLI interviews 2-5,2965,2251,714,222,87,135,0.9687351869799846,1.4531027804698713,8.453102780469871,28.835823764309282,62.711073455220635,309
inferred public interview 2,age 25-64 at interview 5,INCLASS complete at interview 5,valid flags plus explicit finance-charge record,retain fifth-only panels,12 MTBI nonmissing-cost months,2965,2251,714,222,87,135,0.9687351869799846,1.4531027804698713,8.453102780469871,28.835823764309282,62.711073455220635,309
inferred public interview 2,age 25-64 at interview 5,INCLASS complete at interview 5,valid flags plus explicit finance-charge record,retain fifth-only panels,12 MTBI record months,2965,2251,714,222,87,135,0.9687351869799846,1.4531027804698713,8.453102780469871,28.835823764309282,62.711073455220635,309
inferred public interview 2,age 25-64 at interview 5,INCLASS complete at interview 5,valid flags plus explicit finance-charge record,retain fifth-only panels,FMLI interviews 2-5,2965,2251,714,222,87,135,0.9687351869799846,1.4531027804698713,8.453102780469871,28.835823764309282,62.711073455220635,309
inferred public interview 2,age 25-64 at interview 5,INCLASS complete at interview 5,valid flags plus explicit finance-charge record,retain fifth-only panels,consecutive FMLI interviews 2-5,2965,2251,714,222,87,135,0.9687351869799846,1.4531027804698713,8.453102780469871,28.835823764309282,62.711073455220635,309
inferred public interview 2,age 25-64 at interview 5,INCLASS complete at interview 5,valid flags; absent balance record is zero,retain fifth-only panels,12 MTBI nonmissing-cost months,2965,2251,714,222,87,135,0.9687351869799846,1.4531027804698713,8.453102780469871,28.835823764309282,62.711073455220635,309
inferred public interview 2,age 25-64 at interview 5,INCLASS complete at interview 5,valid flags; absent balance record is zero,retain fifth-only panels,12 MTBI record months,2965,2251,714,222,87,135,0.9687351869799846,1.4531027804698713,8.453102780469871,28.835823764309282,62.711073455220635,309
inferred public interview 2,age 25-64 at interview 5,INCLASS complete at interview 5,valid flags; absent balance record is zero,retain fifth-only panels,FMLI interviews 2-5,2965,2251,714,222,87,135,0.9687351869799846,1.4531027804698713,8.453102780469871,28.835823764309282,62.711073455220635,309
inferred public interview 2,age 25-64 at interview 5,INCLASS complete at interview 5,valid flags; absent balance record is zero,retain fifth-only panels,consecutive FMLI interviews 2-5,2965,2251,714,222,87,135,0.9687351869799846,1.4531027804698713,8.453102780469871,28.835823764309282,62.711073455220635,309
inferred public interview 2,age 25-64 at interview 5,income/reporting at interview 5,valid flags plus explicit finance-charge record,retain fifth-only panels,12 MTBI nonmissing-cost months,2965,2251,714,222,87,135,0.9687351869799846,1.4531027804698713,8.453102780469871,28.835823764309282,62.711073455220635,309
inferred public interview 2,age 25-64 at interview 5,income/reporting at interview 5,valid flags plus explicit finance-charge record,retain fifth-only panels,12 MTBI record months,2965,2251,714,222,87,135,0.9687351869799846,1.4531027804698713,8.453102780469871,28.835823764309282,62.711073455220635,309
inferred public interview 2,age 25-64 at interview 5,income/reporting at interview 5,valid flags plus explicit finance-charge record,retain fifth-only panels,FMLI interviews 2-5,2965,2251,714,222,87,135,0.9687351869799846,1.4531027804698713,8.453102780469871,28.835823764309282,62.711073455220635,309
inferred public interview 2,age 25-64 at interview 5,income/reporting at interview 5,valid flags plus explicit finance-charge record,retain fifth-only panels,consecutive FMLI interviews 2-5,2965,2251,714,222,87,135,0.9687351869799846,1.4531027804698713,8.453102780469871,28.835823764309282,62.711073455220635,309
inferred public interview 2,age 25-64 at interview 5,income/reporting at interview 5,valid flags; absent balance record is zero,retain fifth-only panels,12 MTBI nonmissing-cost months,2965,2251,714,222,87,135,0.9687351869799846,1.4531027804698713,8.453102780469871,28.835823764309282,62.711073455220635,309
inferred public interview 2,age 25-64 at interview 5,income/reporting at interview 5,valid flags; absent balance record is zero,retain fifth-only panels,12 MTBI record months,2965,2251,714,222,87,135,0.9687351869799846,1.4531027804698713,8.453102780469871,28.835823764309282,62.711073455220635,309
inferred public interview 2,age 25-64 at interview 5,income/reporting at interview 5,valid flags; absent balance record is zero,retain fifth-only panels,FMLI interviews 2-5,2965,2251,714,222,87,135,0.9687351869799846,1.4531027804698713,8.453102780469871,28.835823764309282,62.711073455220635,309
inferred public interview 2,age 25-64 at interview 5,income/reporting at interview 5,valid flags; absent balance record is zero,retain fifth-only panels,consecutive FMLI interviews 2-5,2965,2251,714,222,87,135,0.9687351869799846,1.4531027804698713,8.453102780469871,28.835823764309282,62.711073455220635,309
fifth interview in 2001,age 25-64 at earliest observed interview,income strictly above $200/month at interview 5,valid flags plus explicit finance-charge record,retain fifth-only panels,12 MTBI nonmissing-cost months,2973,2255,718,230,91,139,1.0074616075603113,1.5111924113405593,8.500889666439384,29.01030274490099,62.48880758865944,321
fifth interview in 2001,age 25-64 at earliest observed interview,income strictly above $200/month at interview 5,valid flags plus explicit finance-charge record,retain fifth-only panels,12 MTBI record months,2973,2255,718,230,91,139,1.0074616075603113,1.5111924113405593,8.500889666439384,29.01030274490099,62.48880758865944,321
fifth interview in 2001,age 25-64 at earliest observed interview,income strictly above $200/month at interview 5,valid flags plus explicit finance-charge record,retain fifth-only panels,FMLI interviews 2-5,2973,2255,718,230,91,139,1.0074616075603113,1.5111924113405593,8.500889666439384,29.01030274490099,62.48880758865944,321
fifth interview in 2001,age 25-64 at earliest observed interview,income strictly above $200/month at interview 5,valid flags plus explicit finance-charge record,retain fifth-only panels,consecutive FMLI interviews 2-5,2973,2255,718,230,91,139,1.0074616075603113,1.5111924113405593,8.500889666439384,29.01030274490099,62.48880758865944,321
fifth interview in 2001,age 25-64 at earliest observed interview,income strictly above $200/month at interview 5,valid flags; absent balance record is zero,retain fifth-only panels,12 MTBI nonmissing-cost months,2973,2255,718,230,91,139,1.0074616075603113,1.5111924113405593,8.500889666439384,29.01030274490099,62.48880758865944,321
fifth interview in 2001,age 25-64 at earliest observed interview,income strictly above $200/month at interview 5,valid flags; absent balance record is zero,retain fifth-only panels,12 MTBI record months,2973,2255,718,230,91,139,1.0074616075603113,1.5111924113405593,8.500889666439384,29.01030274490099,62.48880758865944,321
fifth interview in 2001,age 25-64 at earliest observed interview,income strictly above $200/month at interview 5,valid flags; absent balance record is zero,retain fifth-only panels,FMLI interviews 2-5,2973,2255,718,230,91,139,1.0074616075603113,1.5111924113405593,8.500889666439384,29.01030274490099,62.48880758865944,321
fifth interview in 2001,age 25-64 at earliest observed interview,income strictly above $200/month at interview 5,valid flags; absent balance record is zero,retain fifth-only panels,consecutive FMLI interviews 2-5,2973,2255,718,230,91,139,1.0074616075603113,1.5111924113405593,8.500889666439384,29.01030274490099,62.48880758865944,321
inferred public interview 2,age 25-64 at earliest observed interview,income strictly above $200/month at interview 5,valid flags plus explicit finance-charge record,retain fifth-only panels,12 MTBI nonmissing-cost months,2973,2255,718,230,91,139,1.0074616075603113,1.5111924113405593,8.500889666439384,29.01030274490099,62.48880758865944,321
inferred public interview 2,age 25-64 at earliest observed interview,income strictly above $200/month at interview 5,valid flags plus explicit finance-charge record,retain fifth-only panels,12 MTBI record months,2973,2255,718,230,91,139,1.0074616075603113,1.5111924113405593,8.500889666439384,29.01030274490099,62.48880758865944,321
inferred public interview 2,age 25-64 at earliest observed interview,income strictly above $200/month at interview 5,valid flags plus explicit finance-charge record,retain fifth-only panels,FMLI interviews 2-5,2973,2255,718,230,91,139,1.0074616075603113,1.5111924113405593,8.500889666439384,29.01030274490099,62.48880758865944,321
inferred public interview 2,age 25-64 at earliest observed interview,income strictly above $200/month at interview 5,valid flags plus explicit finance-charge record,retain fifth-only panels,consecutive FMLI interviews 2-5,2973,2255,718,230,91,139,1.0074616075603113,1.5111924113405593,8.500889666439384,29.01030274490099,62.48880758865944,321
inferred public interview 2,age 25-64 at earliest observed interview,income strictly above $200/month at interview 5,valid flags; absent balance record is zero,retain fifth-only panels,12 MTBI nonmissing-cost months,2973,2255,718,230,91,139,1.0074616075603113,1.5111924113405593,8.500889666439384,29.01030274490099,62.48880758865944,321
inferred public interview 2,age 25-64 at earliest observed interview,income strictly above $200/month at interview 5,valid flags; absent balance record is zero,retain fifth-only panels,12 MTBI record months,2973,2255,718,230,91,139,1.0074616075603113,1.5111924113405593,8.500889666439384,29.01030274490099,62.48880758865944,321
inferred public interview 2,age 25-64 at earliest observed interview,income strictly above $200/month at interview 5,valid flags; absent balance record is zero,retain fifth-only panels,FMLI interviews 2-5,2973,2255,718,230,91,139,1.0074616075603113,1.5111924113405593,8.500889666439384,29.01030274490099,62.48880758865944,321
inferred public interview 2,age 25-64 at earliest observed interview,income strictly above $200/month at interview 5,valid flags; absent balance record is zero,retain fifth-only panels,consecutive FMLI interviews 2-5,2973,2255,718,230,91,139,1.0074616075603113,1.5111924113405593,8.500889666439384,29.01030274490099,62.48880758865944,321
fifth interview in 2001,age 25-64 at earliest observed interview,INCLASS complete at interview 5,valid flags plus explicit finance-charge record,retain fifth-only panels,12 MTBI nonmissing-cost months,2975,2255,720,232,91,141,0.9960479032939938,1.4940718549408878,8.494071854940888,28.987036147710594,62.51889199734831,323
fifth interview in 2001,age 25-64 at earliest observed interview,INCLASS complete at interview 5,valid flags plus explicit finance-charge record,retain fifth-only panels,12 MTBI record months,2975,2255,720,232,91,141,0.9960479032939938,1.4940718549408878,8.494071854940888,28.987036147710594,62.51889199734831,323
fifth interview in 2001,age 25-64 at earliest observed interview,INCLASS complete at interview 5,valid flags plus explicit finance-charge record,retain fifth-only panels,FMLI interviews 2-5,2975,2255,720,232,91,141,0.9960479032939938,1.4940718549408878,8.494071854940888,28.987036147710594,62.51889199734831,323
fifth interview in 2001,age 25-64 at earliest observed interview,INCLASS complete at interview 5,valid flags plus explicit finance-charge record,retain fifth-only panels,consecutive FMLI interviews 2-5,2975,2255,720,232,91,141,0.9960479032939938,1.4940718549408878,8.494071854940888,28.987036147710594,62.51889199734831,323
fifth interview in 2001,age 25-64 at earliest observed interview,INCLASS complete at interview 5,valid flags; absent balance record is zero,retain fifth-only panels,12 MTBI nonmissing-cost months,2975,2255,720,232,91,141,0.9960479032939938,1.4940718549408878,8.494071854940888,28.987036147710594,62.51889199734831,323
fifth interview in 2001,age 25-64 at earliest observed interview,INCLASS complete at interview 5,valid flags; absent balance record is zero,retain fifth-only panels,12 MTBI record months,2975,2255,720,232,91,141,0.9960479032939938,1.4940718549408878,8.494071854940888,28.987036147710594,62.51889199734831,323
fifth interview in 2001,age 25-64 at earliest observed interview,INCLASS complete at interview 5,valid flags; absent balance record is zero,retain fifth-only panels,FMLI interviews 2-5,2975,2255,720,232,91,141,0.9960479032939938,1.4940718549408878,8.494071854940888,28.987036147710594,62.51889199734831,323
fifth interview in 2001,age 25-64 at earliest observed interview,INCLASS complete at interview 5,valid flags; absent balance record is zero,retain fifth-only panels,consecutive FMLI interviews 2-5,2975,2255,720,232,91,141,0.9960479032939938,1.4940718549408878,8.494071854940888,28.987036147710594,62.51889199734831,323
fifth interview in 2001,age 25-64 at earliest observed interview,income/reporting at interview 5,valid flags plus explicit finance-charge record,retain fifth-only panels,12 MTBI nonmissing-cost months,2975,2255,720,232,91,141,0.9960479032939938,1.4940718549408878,8.494071854940888,28.987036147710594,62.51889199734831,323
fifth interview in 2001,age 25-64 at earliest observed interview,income/reporting at interview 5,valid flags plus explicit finance-charge record,retain fifth-only panels,12 MTBI record months,2975,2255,720,232,91,141,0.9960479032939938,1.4940718549408878,8.494071854940888,28.987036147710594,62.51889199734831,323
fifth interview in 2001,age 25-64 at earliest observed interview,income/reporting at interview 5,valid flags plus explicit finance-charge record,retain fifth-only panels,FMLI interviews 2-5,2975,2255,720,232,91,141,0.9960479032939938,1.4940718549408878,8.494071854940888,28.987036147710594,62.51889199734831,323
fifth interview in 2001,age 25-64 at earliest observed interview,income/reporting at interview 5,valid flags plus explicit finance-charge record,retain fifth-only panels,consecutive FMLI interviews 2-5,2975,2255,720,232,91,141,0.9960479032939938,1.4940718549408878,8.494071854940888,28.987036147710594,62.51889199734831,323
fifth interview in 2001,age 25-64 at earliest observed interview,income/reporting at interview 5,valid flags; absent balance record is zero,retain fifth-only panels,12 MTBI nonmissing-cost months,2975,2255,720,232,91,141,0.9960479032939938,1.4940718549408878,8.494071854940888,28.987036147710594,62.51889199734831,323
fifth interview in 2001,age 25-64 at earliest observed interview,income/reporting at interview 5,valid flags; absent balance record is zero,retain fifth-only panels,12 MTBI record months,2975,2255,720,232,91,141,0.9960479032939938,1.4940718549408878,8.494071854940888,28.987036147710594,62.51889199734831,323
fifth interview in 2001,age 25-64 at earliest observed interview,income/reporting at interview 5,valid flags; absent balance record is zero,retain fifth-only panels,FMLI interviews 2-5,2975,2255,720,232,91,141,0.9960479032939938,1.4940718549408878,8.494071854940888,28.987036147710594,62.51889199734831,323
fifth interview in 2001,age 25-64 at earliest observed interview,income/reporting at interview 5,valid flags; absent balance record is zero,retain fifth-only panels,consecutive FMLI interviews 2-5,2975,2255,720,232,91,141,0.9960479032939938,1.4940718549408878,8.494071854940888,28.987036147710594,62.51889199734831,323
inferred public interview 2,age 25-64 at earliest observed interview,INCLASS complete at interview 5,valid flags plus explicit finance-charge record,retain fifth-only panels,12 MTBI nonmissing-cost months,2975,2255,720,232,91,141,0.9960479032939938,1.4940718549408878,8.494071854940888,28.987036147710594,62.51889199734831,323
inferred public interview 2,age 25-64 at earliest observed interview,INCLASS complete at interview 5,valid flags plus explicit finance-charge record,retain fifth-only panels,12 MTBI record months,2975,2255,720,232,91,141,0.9960479032939938,1.4940718549408878,8.494071854940888,28.987036147710594,62.51889199734831,323
inferred public interview 2,age 25-64 at earliest observed interview,INCLASS complete at interview 5,valid flags plus explicit finance-charge record,retain fifth-only panels,FMLI interviews 2-5,2975,2255,720,232,91,141,0.9960479032939938,1.4940718549408878,8.494071854940888,28.987036147710594,62.51889199734831,323
inferred public interview 2,age 25-64 at earliest observed interview,INCLASS complete at interview 5,valid flags plus explicit finance-charge record,retain fifth-only panels,consecutive FMLI interviews 2-5,2975,2255,720,232,91,141,0.9960479032939938,1.4940718549408878,8.494071854940888,28.987036147710594,62.51889199734831,323
inferred public interview 2,age 25-64 at earliest observed interview,INCLASS complete at interview 5,valid flags; absent balance record is zero,retain fifth-only panels,12 MTBI nonmissing-cost months,2975,2255,720,232,91,141,0.9960479032939938,1.4940718549408878,8.494071854940888,28.987036147710594,62.51889199734831,323
inferred public interview 2,age 25-64 at earliest observed interview,INCLASS complete at interview 5,valid flags; absent balance record is zero,retain fifth-only panels,12 MTBI record months,2975,2255,720,232,91,141,0.9960479032939938,1.4940718549408878,8.494071854940888,28.987036147710594,62.51889199734831,323
inferred public interview 2,age 25-64 at earliest observed interview,INCLASS complete at interview 5,valid flags; absent balance record is zero,retain fifth-only panels,FMLI interviews 2-5,2975,2255,720,232,91,141,0.9960479032939938,1.4940718549408878,8.494071854940888,28.987036147710594,62.51889199734831,323
inferred public interview 2,age 25-64 at earliest observed interview,INCLASS complete at interview 5,valid flags; absent balance record is zero,retain fifth-only panels,consecutive FMLI interviews 2-5,2975,2255,720,232,91,141,0.9960479032939938,1.4940718549408878,8.494071854940888,28.987036147710594,62.51889199734831,323
inferred public interview 2,age 25-64 at earliest observed interview,income/reporting at interview 5,valid flags plus explicit finance-charge record,retain fifth-only panels,12 MTBI nonmissing-cost months,2975,2255,720,232,91,141,0.9960479032939938,1.4940718549408878,8.494071854940888,28.987036147710594,62.51889199734831,323
inferred public interview 2,age 25-64 at earliest observed interview,income/reporting at interview 5,valid flags plus explicit finance-charge record,retain fifth-only panels,12 MTBI record months,2975,2255,720,232,91,141,0.9960479032939938,1.4940718549408878,8.494071854940888,28.987036147710594,62.51889199734831,323
inferred public interview 2,age 25-64 at earliest observed interview,income/reporting at interview 5,valid flags plus explicit finance-charge record,retain fifth-only panels,FMLI interviews 2-5,2975,2255,720,232,91,141,0.9960479032939938,1.4940718549408878,8.494071854940888,28.987036147710594,62.51889199734831,323
inferred public interview 2,age 25-64 at earliest observed interview,income/reporting at interview 5,valid flags plus explicit finance-charge record,retain fifth-only panels,consecutive FMLI interviews 2-5,2975,2255,720,232,91,141,0.9960479032939938,1.4940718549408878,8.494071854940888,28.987036147710594,62.51889199734831,323
inferred public interview 2,age 25-64 at earliest observed interview,income/reporting at interview 5,valid flags; absent balance record is zero,retain fifth-only panels,12 MTBI nonmissing-cost months,2975,2255,720,232,91,141,0.9960479032939938,1.4940718549408878,8.494071854940888,28.987036147710594,62.51889199734831,323
inferred public interview 2,age 25-64 at earliest observed interview,income/reporting at interview 5,valid flags; absent balance record is zero,retain fifth-only panels,12 MTBI record months,2975,2255,720,232,91,141,0.9960479032939938,1.4940718549408878,8.494071854940888,28.987036147710594,62.51889199734831,323
inferred public interview 2,age 25-64 at earliest observed interview,income/reporting at interview 5,valid flags; absent balance record is zero,retain fifth-only panels,FMLI interviews 2-5,2975,2255,720,232,91,141,0.9960479032939938,1.4940718549408878,8.494071854940888,28.987036147710594,62.51889199734831,323
inferred public interview 2,age 25-64 at earliest observed interview,income/reporting at interview 5,valid flags; absent balance record is zero,retain fifth-only panels,consecutive FMLI interviews 2-5,2975,2255,720,232,91,141,0.9960479032939938,1.4940718549408878,8.494071854940888,28.987036147710594,62.51889199734831,323
inferred first interview,age 25-64 at interview 5,income/reporting at earliest observed interview,valid flags plus explicit finance-charge record,retain fifth-only panels,12 MTBI positive-total months,2744,1838,906,1,-326,327,0.746776043038292,1.1201640645573079,7.446404108847106,29.673759955710462,62.87983593544269,327
inferred first interview,age 25-64 at interview 5,income/reporting at earliest observed interview,valid flags; absent balance record is zero,retain fifth-only panels,12 MTBI positive-total months,2744,1838,906,1,-326,327,0.746776043038292,1.1201640645573079,7.446404108847106,29.673759955710462,62.87983593544269,327
fifth interview in 2001,age 25-64 at earliest observed interview,income/reporting at earliest observed interview,valid flags plus explicit finance-charge record,exclude fifth-only panels,12 MTBI nonmissing-cost months,2501,2078,423,-242,-86,-156,1.8380543323039447,2.7570814984559036,8.557949753987257,30.199131744468673,61.242918501544096,328
fifth interview in 2001,age 25-64 at earliest observed interview,income/reporting at earliest observed interview,valid flags plus explicit finance-charge record,exclude fifth-only panels,12 MTBI record months,2501,2078,423,-242,-86,-156,1.8380543323039447,2.7570814984559036,8.557949753987257,30.199131744468673,61.242918501544096,328
fifth interview in 2001,age 25-64 at earliest observed interview,income/reporting at earliest observed interview,valid flags plus explicit finance-charge record,exclude fifth-only panels,FMLI interviews 2-5,2501,2078,423,-242,-86,-156,1.8380543323039447,2.7570814984559036,8.557949753987257,30.199131744468673,61.242918501544096,328
fifth interview in 2001,age 25-64 at earliest observed interview,income/reporting at earliest observed interview,valid flags plus explicit finance-charge record,exclude fifth-only panels,consecutive FMLI interviews 2-5,2501,2078,423,-242,-86,-156,1.8380543323039447,2.7570814984559036,8.557949753987257,30.199131744468673,61.242918501544096,328
fifth interview in 2001,age 25-64 at earliest observed interview,income/reporting at earliest observed interview,valid flags; absent balance record is zero,exclude fifth-only panels,12 MTBI nonmissing-cost months,2501,2078,423,-242,-86,-156,1.8380543323039447,2.7570814984559036,8.557949753987257,30.199131744468673,61.242918501544096,328
fifth interview in 2001,age 25-64 at earliest observed interview,income/reporting at earliest observed interview,valid flags; absent balance record is zero,exclude fifth-only panels,12 MTBI record months,2501,2078,423,-242,-86,-156,1.8380543323039447,2.7570814984559036,8.557949753987257,30.199131744468673,61.242918501544096,328
fifth interview in 2001,age 25-64 at earliest observed interview,income/reporting at earliest observed interview,valid flags; absent balance record is zero,exclude fifth-only panels,FMLI interviews 2-5,2501,2078,423,-242,-86,-156,1.8380543323039447,2.7570814984559036,8.557949753987257,30.199131744468673,61.242918501544096,328
fifth interview in 2001,age 25-64 at earliest observed interview,income/reporting at earliest observed interview,valid flags; absent balance record is zero,exclude fifth-only panels,consecutive FMLI interviews 2-5,2501,2078,423,-242,-86,-156,1.8380543323039447,2.7570814984559036,8.557949753987257,30.199131744468673,61.242918501544096,328
inferred public interview 2,age 25-64 at earliest observed interview,income/reporting at earliest observed interview,valid flags plus explicit finance-charge record,exclude fifth-only panels,12 MTBI nonmissing-cost months,2501,2078,423,-242,-86,-156,1.8380543323039447,2.7570814984559036,8.557949753987257,30.199131744468673,61.242918501544096,328
inferred public interview 2,age 25-64 at earliest observed interview,income/reporting at earliest observed interview,valid flags plus explicit finance-charge record,exclude fifth-only panels,12 MTBI record months,2501,2078,423,-242,-86,-156,1.8380543323039447,2.7570814984559036,8.557949753987257,30.199131744468673,61.242918501544096,328
inferred public interview 2,age 25-64 at earliest observed interview,income/reporting at earliest observed interview,valid flags plus explicit finance-charge record,exclude fifth-only panels,FMLI interviews 2-5,2501,2078,423,-242,-86,-156,1.8380543323039447,2.7570814984559036,8.557949753987257,30.199131744468673,61.242918501544096,328
inferred public interview 2,age 25-64 at earliest observed interview,income/reporting at earliest observed interview,valid flags plus explicit finance-charge record,exclude fifth-only panels,consecutive FMLI interviews 2-5,2501,2078,423,-242,-86,-156,1.8380543323039447,2.7570814984559036,8.557949753987257,30.199131744468673,61.242918501544096,328
inferred public interview 2,age 25-64 at earliest observed interview,income/reporting at earliest observed interview,valid flags; absent balance record is zero,exclude fifth-only panels,12 MTBI nonmissing-cost months,2501,2078,423,-242,-86,-156,1.8380543323039447,2.7570814984559036,8.557949753987257,30.199131744468673,61.242918501544096,328
inferred public interview 2,age 25-64 at earliest observed interview,income/reporting at earliest observed interview,valid flags; absent balance record is zero,exclude fifth-only panels,12 MTBI record months,2501,2078,423,-242,-86,-156,1.8380543323039447,2.7570814984559036,8.557949753987257,30.199131744468673,61.242918501544096,328
inferred public interview 2,age 25-64 at earliest observed interview,income/reporting at earliest observed interview,valid flags; absent balance record is zero,exclude fifth-only panels,FMLI interviews 2-5,2501,2078,423,-242,-86,-156,1.8380543323039447,2.7570814984559036,8.557949753987257,30.199131744468673,61.242918501544096,328
inferred public interview 2,age 25-64 at earliest observed interview,income/reporting at earliest observed interview,valid flags; absent balance record is zero,exclude fifth-only panels,consecutive FMLI interviews 2-5,2501,2078,423,-242,-86,-156,1.8380543323039447,2.7570814984559036,8.557949753987257,30.199131744468673,61.242918501544096,328
inferred first interview,age 25-64 at earliest observed interview,income/reporting at earliest observed interview,valid flags plus explicit finance-charge record,retain fifth-only panels,12 MTBI positive-total months,2747,1839,908,4,-325,329,0.907837787368671,1.3617566810528672,7.593577617828183,29.768179063224963,62.63824331894713,329
inferred first interview,age 25-64 at earliest observed interview,income/reporting at earliest observed interview,valid flags; absent balance record is zero,retain fifth-only panels,12 MTBI positive-total months,2747,1839,908,4,-325,329,0.907837787368671,1.3617566810528672,7.593577617828183,29.768179063224963,62.63824331894713,329
fifth interview in 2001,age 25-64 at interview 5,income/reporting at earliest observed interview,valid flags plus explicit finance-charge record,exclude fifth-only panels,12 MTBI nonmissing-cost months,2494,2078,416,-249,-86,-163,1.7629954721538728,2.6444932082308057,8.463193656362876,30.181299551867937,61.355506791769194,335
fifth interview in 2001,age 25-64 at interview 5,income/reporting at earliest observed interview,valid flags plus explicit finance-charge record,exclude fifth-only panels,12 MTBI record months,2494,2078,416,-249,-86,-163,1.7629954721538728,2.6444932082308057,8.463193656362876,30.181299551867937,61.355506791769194,335
fifth interview in 2001,age 25-64 at interview 5,income/reporting at earliest observed interview,valid flags plus explicit finance-charge record,exclude fifth-only panels,FMLI interviews 2-5,2494,2078,416,-249,-86,-163,1.7629954721538728,2.6444932082308057,8.463193656362876,30.181299551867937,61.355506791769194,335
fifth interview in 2001,age 25-64 at interview 5,income/reporting at earliest observed interview,valid flags plus explicit finance-charge record,exclude fifth-only panels,consecutive FMLI interviews 2-5,2494,2078,416,-249,-86,-163,1.7629954721538728,2.6444932082308057,8.463193656362876,30.181299551867937,61.355506791769194,335
fifth interview in 2001,age 25-64 at interview 5,income/reporting at earliest observed interview,valid flags; absent balance record is zero,exclude fifth-only panels,12 MTBI nonmissing-cost months,2494,2078,416,-249,-86,-163,1.7629954721538728,2.6444932082308057,8.463193656362876,30.181299551867937,61.355506791769194,335
fifth interview in 2001,age 25-64 at interview 5,income/reporting at earliest observed interview,valid flags; absent balance record is zero,exclude fifth-only panels,12 MTBI record months,2494,2078,416,-249,-86,-163,1.7629954721538728,2.6444932082308057,8.463193656362876,30.181299551867937,61.355506791769194,335
fifth interview in 2001,age 25-64 at interview 5,income/reporting at earliest observed interview,valid flags; absent balance record is zero,exclude fifth-only panels,FMLI interviews 2-5,2494,2078,416,-249,-86,-163,1.7629954721538728,2.6444932082308057,8.463193656362876,30.181299551867937,61.355506791769194,335
fifth interview in 2001,age 25-64 at interview 5,income/reporting at earliest observed interview,valid flags; absent balance record is zero,exclude fifth-only panels,consecutive FMLI interviews 2-5,2494,2078,416,-249,-86,-163,1.7629954721538728,2.6444932082308057,8.463193656362876,30.181299551867937,61.355506791769194,335
inferred public interview 2,age 25-64 at interview 5,income/reporting at earliest observed interview,valid flags plus explicit finance-charge record,exclude fifth-only panels,12 MTBI nonmissing-cost months,2494,2078,416,-249,-86,-163,1.7629954721538728,2.6444932082308057,8.463193656362876,30.181299551867937,61.355506791769194,335
inferred public interview 2,age 25-64 at interview 5,income/reporting at earliest observed interview,valid flags plus explicit finance-charge record,exclude fifth-only panels,12 MTBI record months,2494,2078,416,-249,-86,-163,1.7629954721538728,2.6444932082308057,8.463193656362876,30.181299551867937,61.355506791769194,335
inferred public interview 2,age 25-64 at interview 5,income/reporting at earliest observed interview,valid flags plus explicit finance-charge record,exclude fifth-only panels,FMLI interviews 2-5,2494,2078,416,-249,-86,-163,1.7629954721538728,2.6444932082308057,8.463193656362876,30.181299551867937,61.355506791769194,335
inferred public interview 2,age 25-64 at interview 5,income/reporting at earliest observed interview,valid flags plus explicit finance-charge record,exclude fifth-only panels,consecutive FMLI interviews 2-5,2494,2078,416,-249,-86,-163,1.7629954721538728,2.6444932082308057,8.463193656362876,30.181299551867937,61.355506791769194,335
inferred public interview 2,age 25-64 at interview 5,income/reporting at earliest observed interview,valid flags; absent balance record is zero,exclude fifth-only panels,12 MTBI nonmissing-cost months,2494,2078,416,-249,-86,-163,1.7629954721538728,2.6444932082308057,8.463193656362876,30.181299551867937,61.355506791769194,335
inferred public interview 2,age 25-64 at interview 5,income/reporting at earliest observed interview,valid flags; absent balance record is zero,exclude fifth-only panels,12 MTBI record months,2494,2078,416,-249,-86,-163,1.7629954721538728,2.6444932082308057,8.463193656362876,30.181299551867937,61.355506791769194,335
inferred public interview 2,age 25-64 at interview 5,income/reporting at earliest observed interview,valid flags; absent balance record is zero,exclude fifth-only panels,FMLI interviews 2-5,2494,2078,416,-249,-86,-163,1.7629954721538728,2.6444932082308057,8.463193656362876,30.181299551867937,61.355506791769194,335
inferred public interview 2,age 25-64 at interview 5,income/reporting at earliest observed interview,valid flags; absent balance record is zero,exclude fifth-only panels,consecutive FMLI interviews 2-5,2494,2078,416,-249,-86,-163,1.7629954721538728,2.6444932082308057,8.463193656362876,30.181299551867937,61.355506791769194,335
earliest observed public interview,age strictly between 25 and 64 at interview 5,INCLASS complete at interview 5,valid flags plus explicit finance-charge record,exclude fifth-only panels,12 MTBI positive-total months,2631,1935,696,-112,-229,117,1.294040523345399,1.9410607850181805,8.400001893056267,29.54105889196175,62.05893921498182,341
earliest observed public interview,age strictly between 25 and 64 at interview 5,INCLASS complete at interview 5,valid flags; absent balance record is zero,exclude fifth-only panels,12 MTBI positive-total months,2631,1935,696,-112,-229,117,1.294040523345399,1.9410607850181805,8.400001893056267,29.54105889196175,62.05893921498182,341
earliest observed public interview,age strictly between 25 and 64 at interview 5,income/reporting at interview 5,valid flags plus explicit finance-charge record,exclude fifth-only panels,12 MTBI positive-total months,2631,1935,696,-112,-229,117,1.294040523345399,1.9410607850181805,8.400001893056267,29.54105889196175,62.05893921498182,341
earliest observed public interview,age strictly between 25 and 64 at interview 5,income/reporting at interview 5,valid flags; absent balance record is zero,exclude fifth-only panels,12 MTBI positive-total months,2631,1935,696,-112,-229,117,1.294040523345399,1.9410607850181805,8.400001893056267,29.54105889196175,62.05893921498182,341
earliest observed public interview,age strictly between 25 and 64 at interview 5,income strictly above $200/month at interview 5,valid flags plus explicit finance-charge record,exclude fifth-only panels,12 MTBI positive-total months,2630,1935,695,-113,-229,116,1.304671563284834,1.9570073449273266,8.403532398810539,29.553474946116637,62.04299265507267,342
earliest observed public interview,age strictly between 25 and 64 at interview 5,income strictly above $200/month at interview 5,valid flags; absent balance record is zero,exclude fifth-only panels,12 MTBI positive-total months,2630,1935,695,-113,-229,116,1.304671563284834,1.9570073449273266,8.403532398810539,29.553474946116637,62.04299265507267,342
fifth interview in 2001,age strictly between 25 and 64 at interview 5,income strictly above $200/month at interview 5,valid flags plus explicit finance-charge record,retain fifth-only panels,12 MTBI positive-total months,2860,1935,925,117,-229,346,1.1872143835601054,1.7808215753402692,8.672681596003047,29.108139979337,62.21917842465973,346
fifth interview in 2001,age strictly between 25 and 64 at interview 5,income strictly above $200/month at interview 5,valid flags; absent balance record is zero,retain fifth-only panels,12 MTBI positive-total months,2860,1935,925,117,-229,346,1.1872143835601054,1.7808215753402692,8.672681596003047,29.108139979337,62.21917842465973,346
inferred public interview 2,age strictly between 25 and 64 at interview 5,income strictly above $200/month at interview 5,valid flags plus explicit finance-charge record,retain fifth-only panels,12 MTBI positive-total months,2860,1935,925,117,-229,346,1.1872143835601054,1.7808215753402692,8.672681596003047,29.108139979337,62.21917842465973,346
inferred public interview 2,age strictly between 25 and 64 at interview 5,income strictly above $200/month at interview 5,valid flags; absent balance record is zero,retain fifth-only panels,12 MTBI positive-total months,2860,1935,925,117,-229,346,1.1872143835601054,1.7808215753402692,8.672681596003047,29.108139979337,62.21917842465973,346
inferred first interview,age 25-63 at interview 5,income/reporting at earliest observed interview,valid flags plus explicit finance-charge record,exclude fifth-only panels,12 MTBI nonmissing-cost months,2507,2053,454,-236,-111,-125,1.398161418885185,2.0972421283277143,7.429298023538253,30.667944104789587,61.902757871672286,347
inferred first interview,age 25-63 at interview 5,income/reporting at earliest observed interview,valid flags plus explicit finance-charge record,exclude fifth-only panels,12 MTBI record months,2507,2053,454,-236,-111,-125,1.398161418885185,2.0972421283277143,7.429298023538253,30.667944104789587,61.902757871672286,347
inferred first interview,age 25-63 at interview 5,income/reporting at earliest observed interview,valid flags plus explicit finance-charge record,exclude fifth-only panels,FMLI interviews 2-5,2507,2053,454,-236,-111,-125,1.398161418885185,2.0972421283277143,7.429298023538253,30.667944104789587,61.902757871672286,347
inferred first interview,age 25-63 at interview 5,income/reporting at earliest observed interview,valid flags plus explicit finance-charge record,exclude fifth-only panels,consecutive FMLI interviews 2-5,2507,2053,454,-236,-111,-125,1.398161418885185,2.0972421283277143,7.429298023538253,30.667944104789587,61.902757871672286,347
inferred first interview,age 25-63 at interview 5,income/reporting at earliest observed interview,valid flags; absent balance record is zero,exclude fifth-only panels,12 MTBI nonmissing-cost months,2507,2053,454,-236,-111,-125,1.398161418885185,2.0972421283277143,7.429298023538253,30.667944104789587,61.902757871672286,347
inferred first interview,age 25-63 at interview 5,income/reporting at earliest observed interview,valid flags; absent balance record is zero,exclude fifth-only panels,12 MTBI record months,2507,2053,454,-236,-111,-125,1.398161418885185,2.0972421283277143,7.429298023538253,30.667944104789587,61.902757871672286,347
inferred first interview,age 25-63 at interview 5,income/reporting at earliest observed interview,valid flags; absent balance record is zero,exclude fifth-only panels,FMLI interviews 2-5,2507,2053,454,-236,-111,-125,1.398161418885185,2.0972421283277143,7.429298023538253,30.667944104789587,61.902757871672286,347
inferred first interview,age 25-63 at interview 5,income/reporting at earliest observed interview,valid flags; absent balance record is zero,exclude fifth-only panels,consecutive FMLI interviews 2-5,2507,2053,454,-236,-111,-125,1.398161418885185,2.0972421283277143,7.429298023538253,30.667944104789587,61.902757871672286,347
fifth interview in 2001,age strictly between 25 and 64 at interview 5,INCLASS complete at interview 5,valid flags plus explicit finance-charge record,retain fifth-only panels,12 MTBI positive-total months,2862,1935,927,119,-229,348,1.1662511480976339,1.7493767221465575,8.665463351713726,29.08391337043262,62.25062327785344,348
fifth interview in 2001,age strictly between 25 and 64 at interview 5,INCLASS complete at interview 5,valid flags; absent balance record is zero,retain fifth-only panels,12 MTBI positive-total months,2862,1935,927,119,-229,348,1.1662511480976339,1.7493767221465575,8.665463351713726,29.08391337043262,62.25062327785344,348
fifth interview in 2001,age strictly between 25 and 64 at interview 5,income/reporting at interview 5,valid flags plus explicit finance-charge record,retain fifth-only panels,12 MTBI positive-total months,2862,1935,927,119,-229,348,1.1662511480976339,1.7493767221465575,8.665463351713726,29.08391337043262,62.25062327785344,348
fifth interview in 2001,age strictly between 25 and 64 at interview 5,income/reporting at interview 5,valid flags; absent balance record is zero,retain fifth-only panels,12 MTBI positive-total months,2862,1935,927,119,-229,348,1.1662511480976339,1.7493767221465575,8.665463351713726,29.08391337043262,62.25062327785344,348
inferred public interview 2,age strictly between 25 and 64 at interview 5,INCLASS complete at interview 5,valid flags plus explicit finance-charge record,retain fifth-only panels,12 MTBI positive-total months,2862,1935,927,119,-229,348,1.1662511480976339,1.7493767221465575,8.665463351713726,29.08391337043262,62.25062327785344,348
inferred public interview 2,age strictly between 25 and 64 at interview 5,INCLASS complete at interview 5,valid flags; absent balance record is zero,retain fifth-only panels,12 MTBI positive-total months,2862,1935,927,119,-229,348,1.1662511480976339,1.7493767221465575,8.665463351713726,29.08391337043262,62.25062327785344,348
inferred public interview 2,age strictly between 25 and 64 at interview 5,income/reporting at interview 5,valid flags plus explicit finance-charge record,retain fifth-only panels,12 MTBI positive-total months,2862,1935,927,119,-229,348,1.1662511480976339,1.7493767221465575,8.665463351713726,29.08391337043262,62.25062327785344,348
inferred public interview 2,age strictly between 25 and 64 at interview 5,income/reporting at interview 5,valid flags; absent balance record is zero,retain fifth-only panels,12 MTBI positive-total months,2862,1935,927,119,-229,348,1.1662511480976339,1.7493767221465575,8.665463351713726,29.08391337043262,62.25062327785344,348
inferred first interview,age 26-64 at interview 5,income/reporting at earliest observed interview,valid flags plus explicit finance-charge record,exclude fifth-only panels,12 MTBI nonmissing-cost months,2500,2058,442,-243,-106,-137,1.3172552576063783,1.9758828864094795,7.277787196672135,30.69809568973752,62.02411711359052,349
inferred first interview,age 26-64 at interview 5,income/reporting at earliest observed interview,valid flags plus explicit finance-charge record,exclude fifth-only panels,12 MTBI record months,2500,2058,442,-243,-106,-137,1.3172552576063783,1.9758828864094795,7.277787196672135,30.69809568973752,62.02411711359052,349
inferred first interview,age 26-64 at interview 5,income/reporting at earliest observed interview,valid flags plus explicit finance-charge record,exclude fifth-only panels,FMLI interviews 2-5,2500,2058,442,-243,-106,-137,1.3172552576063783,1.9758828864094795,7.277787196672135,30.69809568973752,62.02411711359052,349
inferred first interview,age 26-64 at interview 5,income/reporting at earliest observed interview,valid flags plus explicit finance-charge record,exclude fifth-only panels,consecutive FMLI interviews 2-5,2500,2058,442,-243,-106,-137,1.3172552576063783,1.9758828864094795,7.277787196672135,30.69809568973752,62.02411711359052,349
inferred first interview,age 26-64 at interview 5,income/reporting at earliest observed interview,valid flags; absent balance record is zero,exclude fifth-only panels,12 MTBI nonmissing-cost months,2500,2058,442,-243,-106,-137,1.3172552576063783,1.9758828864094795,7.277787196672135,30.69809568973752,62.02411711359052,349
inferred first interview,age 26-64 at interview 5,income/reporting at earliest observed interview,valid flags; absent balance record is zero,exclude fifth-only panels,12 MTBI record months,2500,2058,442,-243,-106,-137,1.3172552576063783,1.9758828864094795,7.277787196672135,30.69809568973752,62.02411711359052,349
inferred first interview,age 26-64 at interview 5,income/reporting at earliest observed interview,valid flags; absent balance record is zero,exclude fifth-only panels,FMLI interviews 2-5,2500,2058,442,-243,-106,-137,1.3172552576063783,1.9758828864094795,7.277787196672135,30.69809568973752,62.02411711359052,349
inferred first interview,age 26-64 at interview 5,income/reporting at earliest observed interview,valid flags; absent balance record is zero,exclude fifth-only panels,consecutive FMLI interviews 2-5,2500,2058,442,-243,-106,-137,1.3172552576063783,1.9758828864094795,7.277787196672135,30.69809568973752,62.02411711359052,349
inferred first interview,age 25-64 at interview 5,income strictly above $200/month at interview 5,valid flags plus explicit finance-charge record,retain fifth-only panels,12 MTBI nonmissing-cost months,3007,2256,751,264,92,172,0.303722764934722,0.45558414740218023,7.45558414740218,28.66834232625306,63.87607352634495,356
inferred first interview,age 25-64 at interview 5,income strictly above $200/month at interview 5,valid flags plus explicit finance-charge record,retain fifth-only panels,12 MTBI record months,3007,2256,751,264,92,172,0.303722764934722,0.45558414740218023,7.45558414740218,28.66834232625306,63.87607352634495,356
inferred first interview,age 25-64 at interview 5,income strictly above $200/month at interview 5,valid flags plus explicit finance-charge record,retain fifth-only panels,FMLI interviews 2-5,3007,2256,751,264,92,172,0.303722764934722,0.45558414740218023,7.45558414740218,28.66834232625306,63.87607352634495,356
inferred first interview,age 25-64 at interview 5,income strictly above $200/month at interview 5,valid flags plus explicit finance-charge record,retain fifth-only panels,consecutive FMLI interviews 2-5,3007,2256,751,264,92,172,0.303722764934722,0.45558414740218023,7.45558414740218,28.66834232625306,63.87607352634495,356
inferred first interview,age 25-64 at interview 5,income strictly above $200/month at interview 5,valid flags; absent balance record is zero,retain fifth-only panels,12 MTBI nonmissing-cost months,3007,2256,751,264,92,172,0.303722764934722,0.45558414740218023,7.45558414740218,28.66834232625306,63.87607352634495,356
inferred first interview,age 25-64 at interview 5,income strictly above $200/month at interview 5,valid flags; absent balance record is zero,retain fifth-only panels,12 MTBI record months,3007,2256,751,264,92,172,0.303722764934722,0.45558414740218023,7.45558414740218,28.66834232625306,63.87607352634495,356
inferred first interview,age 25-64 at interview 5,income strictly above $200/month at interview 5,valid flags; absent balance record is zero,retain fifth-only panels,FMLI interviews 2-5,3007,2256,751,264,92,172,0.303722764934722,0.45558414740218023,7.45558414740218,28.66834232625306,63.87607352634495,356
inferred first interview,age 25-64 at interview 5,income strictly above $200/month at interview 5,valid flags; absent balance record is zero,retain fifth-only panels,consecutive FMLI interviews 2-5,3007,2256,751,264,92,172,0.303722764934722,0.45558414740218023,7.45558414740218,28.66834232625306,63.87607352634495,356
fifth interview in 2001,age 26-64 at interview 5,income strictly above $200/month at interview 5,valid flags plus explicit finance-charge record,retain fifth-only panels,12 MTBI positive-total months,2910,1972,938,167,-192,359,1.0147239408904831,1.5220859113356209,8.52208591133562,28.94050171275599,62.53741237590818,359
fifth interview in 2001,age 26-64 at interview 5,income strictly above $200/month at interview 5,valid flags; absent balance record is zero,retain fifth-only panels,12 MTBI positive-total months,2910,1972,938,167,-192,359,1.0147239408904831,1.5220859113356209,8.52208591133562,28.94050171275599,62.53741237590818,359
inferred public interview 2,age 26-64 at interview 5,income strictly above $200/month at interview 5,valid flags plus explicit finance-charge record,retain fifth-only panels,12 MTBI positive-total months,2910,1972,938,167,-192,359,1.0147239408904831,1.5220859113356209,8.52208591133562,28.94050171275599,62.53741237590818,359
inferred public interview 2,age 26-64 at interview 5,income strictly above $200/month at interview 5,valid flags; absent balance record is zero,retain fifth-only panels,12 MTBI positive-total months,2910,1972,938,167,-192,359,1.0147239408904831,1.5220859113356209,8.52208591133562,28.94050171275599,62.53741237590818,359
fifth interview in 2001,age 26-64 at interview 5,INCLASS complete at interview 5,valid flags plus explicit finance-charge record,retain fifth-only panels,12 MTBI positive-total months,2912,1972,940,169,-192,361,1.0100773802958596,1.5151160704436695,8.51511607044367,28.916832543685203,62.56805138587089,361
fifth interview in 2001,age 26-64 at interview 5,INCLASS complete at interview 5,valid flags; absent balance record is zero,retain fifth-only panels,12 MTBI positive-total months,2912,1972,940,169,-192,361,1.0100773802958596,1.5151160704436695,8.51511607044367,28.916832543685203,62.56805138587089,361
fifth interview in 2001,age 26-64 at interview 5,income/reporting at interview 5,valid flags plus explicit finance-charge record,retain fifth-only panels,12 MTBI positive-total months,2912,1972,940,169,-192,361,1.0100773802958596,1.5151160704436695,8.51511607044367,28.916832543685203,62.56805138587089,361
fifth interview in 2001,age 26-64 at interview 5,income/reporting at interview 5,valid flags; absent balance record is zero,retain fifth-only panels,12 MTBI positive-total months,2912,1972,940,169,-192,361,1.0100773802958596,1.5151160704436695,8.51511607044367,28.916832543685203,62.56805138587089,361
inferred public interview 2,age 26-64 at interview 5,INCLASS complete at interview 5,valid flags plus explicit finance-charge record,retain fifth-only panels,12 MTBI positive-total months,2912,1972,940,169,-192,361,1.0100773802958596,1.5151160704436695,8.51511607044367,28.916832543685203,62.56805138587089,361
inferred public interview 2,age 26-64 at interview 5,INCLASS complete at interview 5,valid flags; absent balance record is zero,retain fifth-only panels,12 MTBI positive-total months,2912,1972,940,169,-192,361,1.0100773802958596,1.5151160704436695,8.51511607044367,28.916832543685203,62.56805138587089,361
inferred public interview 2,age 26-64 at interview 5,income/reporting at interview 5,valid flags plus explicit finance-charge record,retain fifth-only panels,12 MTBI positive-total months,2912,1972,940,169,-192,361,1.0100773802958596,1.5151160704436695,8.51511607044367,28.916832543685203,62.56805138587089,361
inferred public interview 2,age 26-64 at interview 5,income/reporting at interview 5,valid flags; absent balance record is zero,retain fifth-only panels,12 MTBI positive-total months,2912,1972,940,169,-192,361,1.0100773802958596,1.5151160704436695,8.51511607044367,28.916832543685203,62.56805138587089,361
inferred first interview,age 25-64 at interview 5,INCLASS complete at interview 5,valid flags plus explicit finance-charge record,retain fifth-only panels,12 MTBI nonmissing-cost months,3012,2258,754,269,94,175,0.2931104771270305,0.4396657156906354,7.439665715690635,28.60713249472528,63.95320178958426,363
inferred first interview,age 25-64 at interview 5,INCLASS complete at interview 5,valid flags plus explicit finance-charge record,retain fifth-only panels,12 MTBI record months,3012,2258,754,269,94,175,0.2931104771270305,0.4396657156906354,7.439665715690635,28.60713249472528,63.95320178958426,363
inferred first interview,age 25-64 at interview 5,INCLASS complete at interview 5,valid flags plus explicit finance-charge record,retain fifth-only panels,FMLI interviews 2-5,3012,2258,754,269,94,175,0.2931104771270305,0.4396657156906354,7.439665715690635,28.60713249472528,63.95320178958426,363
inferred first interview,age 25-64 at interview 5,INCLASS complete at interview 5,valid flags plus explicit finance-charge record,retain fifth-only panels,consecutive FMLI interviews 2-5,3012,2258,754,269,94,175,0.2931104771270305,0.4396657156906354,7.439665715690635,28.60713249472528,63.95320178958426,363
inferred first interview,age 25-64 at interview 5,INCLASS complete at interview 5,valid flags; absent balance record is zero,retain fifth-only panels,12 MTBI nonmissing-cost months,3012,2258,754,269,94,175,0.2931104771270305,0.4396657156906354,7.439665715690635,28.60713249472528,63.95320178958426,363
inferred first interview,age 25-64 at interview 5,INCLASS complete at interview 5,valid flags; absent balance record is zero,retain fifth-only panels,12 MTBI record months,3012,2258,754,269,94,175,0.2931104771270305,0.4396657156906354,7.439665715690635,28.60713249472528,63.95320178958426,363
inferred first interview,age 25-64 at interview 5,INCLASS complete at interview 5,valid flags; absent balance record is zero,retain fifth-only panels,FMLI interviews 2-5,3012,2258,754,269,94,175,0.2931104771270305,0.4396657156906354,7.439665715690635,28.60713249472528,63.95320178958426,363
inferred first interview,age 25-64 at interview 5,INCLASS complete at interview 5,valid flags; absent balance record is zero,retain fifth-only panels,consecutive FMLI interviews 2-5,3012,2258,754,269,94,175,0.2931104771270305,0.4396657156906354,7.439665715690635,28.60713249472528,63.95320178958426,363
inferred first interview,age 25-64 at interview 5,income/reporting at interview 5,valid flags plus explicit finance-charge record,retain fifth-only panels,12 MTBI nonmissing-cost months,3012,2258,754,269,94,175,0.2931104771270305,0.4396657156906354,7.439665715690635,28.60713249472528,63.95320178958426,363
inferred first interview,age 25-64 at interview 5,income/reporting at interview 5,valid flags plus explicit finance-charge record,retain fifth-only panels,12 MTBI record months,3012,2258,754,269,94,175,0.2931104771270305,0.4396657156906354,7.439665715690635,28.60713249472528,63.95320178958426,363
inferred first interview,age 25-64 at interview 5,income/reporting at interview 5,valid flags plus explicit finance-charge record,retain fifth-only panels,FMLI interviews 2-5,3012,2258,754,269,94,175,0.2931104771270305,0.4396657156906354,7.439665715690635,28.60713249472528,63.95320178958426,363
inferred first interview,age 25-64 at interview 5,income/reporting at interview 5,valid flags plus explicit finance-charge record,retain fifth-only panels,consecutive FMLI interviews 2-5,3012,2258,754,269,94,175,0.2931104771270305,0.4396657156906354,7.439665715690635,28.60713249472528,63.95320178958426,363
inferred first interview,age 25-64 at interview 5,income/reporting at interview 5,valid flags; absent balance record is zero,retain fifth-only panels,12 MTBI nonmissing-cost months,3012,2258,754,269,94,175,0.2931104771270305,0.4396657156906354,7.439665715690635,28.60713249472528,63.95320178958426,363
inferred first interview,age 25-64 at interview 5,income/reporting at interview 5,valid flags; absent balance record is zero,retain fifth-only panels,12 MTBI record months,3012,2258,754,269,94,175,0.2931104771270305,0.4396657156906354,7.439665715690635,28.60713249472528,63.95320178958426,363
inferred first interview,age 25-64 at interview 5,income/reporting at interview 5,valid flags; absent balance record is zero,retain fifth-only panels,FMLI interviews 2-5,3012,2258,754,269,94,175,0.2931104771270305,0.4396657156906354,7.439665715690635,28.60713249472528,63.95320178958426,363
inferred first interview,age 25-64 at interview 5,income/reporting at interview 5,valid flags; absent balance record is zero,retain fifth-only panels,consecutive FMLI interviews 2-5,3012,2258,754,269,94,175,0.2931104771270305,0.4396657156906354,7.439665715690635,28.60713249472528,63.95320178958426,363
inferred first interview,age 25-64 at earliest observed interview,income strictly above $200/month at interview 5,valid flags plus explicit finance-charge record,retain fifth-only panels,12 MTBI nonmissing-cost months,3014,2260,754,271,96,175,0.3652848170335788,0.5479272255504828,7.547927225550483,28.85505212461065,63.597020649839095,367
inferred first interview,age 25-64 at earliest observed interview,income strictly above $200/month at interview 5,valid flags plus explicit finance-charge record,retain fifth-only panels,12 MTBI record months,3014,2260,754,271,96,175,0.3652848170335788,0.5479272255504828,7.547927225550483,28.85505212461065,63.597020649839095,367
inferred first interview,age 25-64 at earliest observed interview,income strictly above $200/month at interview 5,valid flags plus explicit finance-charge record,retain fifth-only panels,FMLI interviews 2-5,3014,2260,754,271,96,175,0.3652848170335788,0.5479272255504828,7.547927225550483,28.85505212461065,63.597020649839095,367
inferred first interview,age 25-64 at earliest observed interview,income strictly above $200/month at interview 5,valid flags plus explicit finance-charge record,retain fifth-only panels,consecutive FMLI interviews 2-5,3014,2260,754,271,96,175,0.3652848170335788,0.5479272255504828,7.547927225550483,28.85505212461065,63.597020649839095,367
inferred first interview,age 25-64 at earliest observed interview,income strictly above $200/month at interview 5,valid flags; absent balance record is zero,retain fifth-only panels,12 MTBI nonmissing-cost months,3014,2260,754,271,96,175,0.3652848170335788,0.5479272255504828,7.547927225550483,28.85505212461065,63.597020649839095,367
inferred first interview,age 25-64 at earliest observed interview,income strictly above $200/month at interview 5,valid flags; absent balance record is zero,retain fifth-only panels,12 MTBI record months,3014,2260,754,271,96,175,0.3652848170335788,0.5479272255504828,7.547927225550483,28.85505212461065,63.597020649839095,367
inferred first interview,age 25-64 at earliest observed interview,income strictly above $200/month at interview 5,valid flags; absent balance record is zero,retain fifth-only panels,FMLI interviews 2-5,3014,2260,754,271,96,175,0.3652848170335788,0.5479272255504828,7.547927225550483,28.85505212461065,63.597020649839095,367
inferred first interview,age 25-64 at earliest observed interview,income strictly above $200/month at interview 5,valid flags; absent balance record is zero,retain fifth-only panels,consecutive FMLI interviews 2-5,3014,2260,754,271,96,175,0.3652848170335788,0.5479272255504828,7.547927225550483,28.85505212461065,63.597020649839095,367
inferred first interview,age 25-64 throughout observed panel,income/reporting at earliest observed interview,valid flags plus explicit finance-charge record,exclude fifth-only panels,12 MTBI nonmissing-cost months,2496,2043,453,-247,-121,-126,1.3799051238902373,2.0698576858353093,7.361254642347419,30.708603043487983,61.93014231416469,368
inferred first interview,age 25-64 throughout observed panel,income/reporting at earliest observed interview,valid flags plus explicit finance-charge record,exclude fifth-only panels,12 MTBI record months,2496,2043,453,-247,-121,-126,1.3799051238902373,2.0698576858353093,7.361254642347419,30.708603043487983,61.93014231416469,368
inferred first interview,age 25-64 throughout observed panel,income/reporting at earliest observed interview,valid flags plus explicit finance-charge record,exclude fifth-only panels,FMLI interviews 2-5,2496,2043,453,-247,-121,-126,1.3799051238902373,2.0698576858353093,7.361254642347419,30.708603043487983,61.93014231416469,368
inferred first interview,age 25-64 throughout observed panel,income/reporting at earliest observed interview,valid flags plus explicit finance-charge record,exclude fifth-only panels,consecutive FMLI interviews 2-5,2496,2043,453,-247,-121,-126,1.3799051238902373,2.0698576858353093,7.361254642347419,30.708603043487983,61.93014231416469,368
inferred first interview,age 25-64 throughout observed panel,income/reporting at earliest observed interview,valid flags; absent balance record is zero,exclude fifth-only panels,12 MTBI nonmissing-cost months,2496,2043,453,-247,-121,-126,1.3799051238902373,2.0698576858353093,7.361254642347419,30.708603043487983,61.93014231416469,368
inferred first interview,age 25-64 throughout observed panel,income/reporting at earliest observed interview,valid flags; absent balance record is zero,exclude fifth-only panels,12 MTBI record months,2496,2043,453,-247,-121,-126,1.3799051238902373,2.0698576858353093,7.361254642347419,30.708603043487983,61.93014231416469,368
inferred first interview,age 25-64 throughout observed panel,income/reporting at earliest observed interview,valid flags; absent balance record is zero,exclude fifth-only panels,FMLI interviews 2-5,2496,2043,453,-247,-121,-126,1.3799051238902373,2.0698576858353093,7.361254642347419,30.708603043487983,61.93014231416469,368
inferred first interview,age 25-64 throughout observed panel,income/reporting at earliest observed interview,valid flags; absent balance record is zero,exclude fifth-only panels,consecutive FMLI interviews 2-5,2496,2043,453,-247,-121,-126,1.3799051238902373,2.0698576858353093,7.361254642347419,30.708603043487983,61.93014231416469,368
earliest observed public interview,age 26-64 at interview 5,income/reporting at earliest observed interview,valid flags plus explicit finance-charge record,retain fifth-only panels,12 MTBI nonmissing-cost months,2482,2052,430,-261,-112,-149,1.4785065010203684,2.217759751530572,8.255819033720151,29.961940717810382,61.78224024846943,373
earliest observed public interview,age 26-64 at interview 5,income/reporting at earliest observed interview,valid flags plus explicit finance-charge record,retain fifth-only panels,12 MTBI record months,2482,2052,430,-261,-112,-149,1.4785065010203684,2.217759751530572,8.255819033720151,29.961940717810382,61.78224024846943,373
earliest observed public interview,age 26-64 at interview 5,income/reporting at earliest observed interview,valid flags plus explicit finance-charge record,retain fifth-only panels,FMLI interviews 2-5,2482,2052,430,-261,-112,-149,1.4785065010203684,2.217759751530572,8.255819033720151,29.961940717810382,61.78224024846943,373
earliest observed public interview,age 26-64 at interview 5,income/reporting at earliest observed interview,valid flags plus explicit finance-charge record,retain fifth-only panels,consecutive FMLI interviews 2-5,2482,2052,430,-261,-112,-149,1.4785065010203684,2.217759751530572,8.255819033720151,29.961940717810382,61.78224024846943,373
earliest observed public interview,age 26-64 at interview 5,income/reporting at earliest observed interview,valid flags; absent balance record is zero,retain fifth-only panels,12 MTBI nonmissing-cost months,2482,2052,430,-261,-112,-149,1.4785065010203684,2.217759751530572,8.255819033720151,29.961940717810382,61.78224024846943,373
earliest observed public interview,age 26-64 at interview 5,income/reporting at earliest observed interview,valid flags; absent balance record is zero,retain fifth-only panels,12 MTBI record months,2482,2052,430,-261,-112,-149,1.4785065010203684,2.217759751530572,8.255819033720151,29.961940717810382,61.78224024846943,373
earliest observed public interview,age 26-64 at interview 5,income/reporting at earliest observed interview,valid flags; absent balance record is zero,retain fifth-only panels,FMLI interviews 2-5,2482,2052,430,-261,-112,-149,1.4785065010203684,2.217759751530572,8.255819033720151,29.961940717810382,61.78224024846943,373
earliest observed public interview,age 26-64 at interview 5,income/reporting at earliest observed interview,valid flags; absent balance record is zero,retain fifth-only panels,consecutive FMLI interviews 2-5,2482,2052,430,-261,-112,-149,1.4785065010203684,2.217759751530572,8.255819033720151,29.961940717810382,61.78224024846943,373
inferred first interview,age 25-64 at earliest observed interview,INCLASS complete at interview 5,valid flags plus explicit finance-charge record,retain fifth-only panels,12 MTBI nonmissing-cost months,3019,2262,757,276,98,178,0.35456396587104216,0.5318459488066773,7.531845948806677,28.793574838886165,63.674579212307385,374
inferred first interview,age 25-64 at earliest observed interview,INCLASS complete at interview 5,valid flags plus explicit finance-charge record,retain fifth-only panels,12 MTBI record months,3019,2262,757,276,98,178,0.35456396587104216,0.5318459488066773,7.531845948806677,28.793574838886165,63.674579212307385,374
inferred first interview,age 25-64 at earliest observed interview,INCLASS complete at interview 5,valid flags plus explicit finance-charge record,retain fifth-only panels,FMLI interviews 2-5,3019,2262,757,276,98,178,0.35456396587104216,0.5318459488066773,7.531845948806677,28.793574838886165,63.674579212307385,374
inferred first interview,age 25-64 at earliest observed interview,INCLASS complete at interview 5,valid flags plus explicit finance-charge record,retain fifth-only panels,consecutive FMLI interviews 2-5,3019,2262,757,276,98,178,0.35456396587104216,0.5318459488066773,7.531845948806677,28.793574838886165,63.674579212307385,374
inferred first interview,age 25-64 at earliest observed interview,INCLASS complete at interview 5,valid flags; absent balance record is zero,retain fifth-only panels,12 MTBI nonmissing-cost months,3019,2262,757,276,98,178,0.35456396587104216,0.5318459488066773,7.531845948806677,28.793574838886165,63.674579212307385,374
inferred first interview,age 25-64 at earliest observed interview,INCLASS complete at interview 5,valid flags; absent balance record is zero,retain fifth-only panels,12 MTBI record months,3019,2262,757,276,98,178,0.35456396587104216,0.5318459488066773,7.531845948806677,28.793574838886165,63.674579212307385,374
inferred first interview,age 25-64 at earliest observed interview,INCLASS complete at interview 5,valid flags; absent balance record is zero,retain fifth-only panels,FMLI interviews 2-5,3019,2262,757,276,98,178,0.35456396587104216,0.5318459488066773,7.531845948806677,28.793574838886165,63.674579212307385,374
inferred first interview,age 25-64 at earliest observed interview,INCLASS complete at interview 5,valid flags; absent balance record is zero,retain fifth-only panels,consecutive FMLI interviews 2-5,3019,2262,757,276,98,178,0.35456396587104216,0.5318459488066773,7.531845948806677,28.793574838886165,63.674579212307385,374
inferred first interview,age 25-64 at earliest observed interview,income/reporting at interview 5,valid flags plus explicit finance-charge record,retain fifth-only panels,12 MTBI nonmissing-cost months,3019,2262,757,276,98,178,0.35456396587104216,0.5318459488066773,7.531845948806677,28.793574838886165,63.674579212307385,374
inferred first interview,age 25-64 at earliest observed interview,income/reporting at interview 5,valid flags plus explicit finance-charge record,retain fifth-only panels,12 MTBI record months,3019,2262,757,276,98,178,0.35456396587104216,0.5318459488066773,7.531845948806677,28.793574838886165,63.674579212307385,374
inferred first interview,age 25-64 at earliest observed interview,income/reporting at interview 5,valid flags plus explicit finance-charge record,retain fifth-only panels,FMLI interviews 2-5,3019,2262,757,276,98,178,0.35456396587104216,0.5318459488066773,7.531845948806677,28.793574838886165,63.674579212307385,374
inferred first interview,age 25-64 at earliest observed interview,income/reporting at interview 5,valid flags plus explicit finance-charge record,retain fifth-only panels,consecutive FMLI interviews 2-5,3019,2262,757,276,98,178,0.35456396587104216,0.5318459488066773,7.531845948806677,28.793574838886165,63.674579212307385,374
inferred first interview,age 25-64 at earliest observed interview,income/reporting at interview 5,valid flags; absent balance record is zero,retain fifth-only panels,12 MTBI nonmissing-cost months,3019,2262,757,276,98,178,0.35456396587104216,0.5318459488066773,7.531845948806677,28.793574838886165,63.674579212307385,374
inferred first interview,age 25-64 at earliest observed interview,income/reporting at interview 5,valid flags; absent balance record is zero,retain fifth-only panels,12 MTBI record months,3019,2262,757,276,98,178,0.35456396587104216,0.5318459488066773,7.531845948806677,28.793574838886165,63.674579212307385,374
inferred first interview,age 25-64 at earliest observed interview,income/reporting at interview 5,valid flags; absent balance record is zero,retain fifth-only panels,FMLI interviews 2-5,3019,2262,757,276,98,178,0.35456396587104216,0.5318459488066773,7.531845948806677,28.793574838886165,63.674579212307385,374
inferred first interview,age 25-64 at earliest observed interview,income/reporting at interview 5,valid flags; absent balance record is zero,retain fifth-only panels,consecutive FMLI interviews 2-5,3019,2262,757,276,98,178,0.35456396587104216,0.5318459488066773,7.531845948806677,28.793574838886165,63.674579212307385,374
fifth interview in 2001,age 25-64 throughout observed panel,income strictly above $200/month at interview 5,valid flags plus explicit finance-charge record,retain fifth-only panels,12 MTBI positive-total months,2909,1955,954,166,-209,375,1.0313922430361864,1.547088364554405,8.475494462678482,29.071593901875673,62.452911635445595,375
fifth interview in 2001,age 25-64 throughout observed panel,income strictly above $200/month at interview 5,valid flags; absent balance record is zero,retain fifth-only panels,12 MTBI positive-total months,2909,1955,954,166,-209,375,1.0313922430361864,1.547088364554405,8.475494462678482,29.071593901875673,62.452911635445595,375
inferred public interview 2,age 25-64 throughout observed panel,income strictly above $200/month at interview 5,valid flags plus explicit finance-charge record,retain fifth-only panels,12 MTBI positive-total months,2909,1955,954,166,-209,375,1.0313922430361864,1.547088364554405,8.475494462678482,29.071593901875673,62.452911635445595,375
inferred public interview 2,age 25-64 throughout observed panel,income strictly above $200/month at interview 5,valid flags; absent balance record is zero,retain fifth-only panels,12 MTBI positive-total months,2909,1955,954,166,-209,375,1.0313922430361864,1.547088364554405,8.475494462678482,29.071593901875673,62.452911635445595,375
fifth interview in 2001,age 25-63 at interview 5,income strictly above $200/month at interview 5,valid flags plus explicit finance-charge record,retain fifth-only panels,12 MTBI positive-total months,2913,1959,954,170,-205,375,1.0859913654831796,1.6289870482248574,8.606735150379384,29.022251897845297,62.37101295177514,375
fifth interview in 2001,age 25-63 at interview 5,income strictly above $200/month at interview 5,valid flags; absent balance record is zero,retain fifth-only panels,12 MTBI positive-total months,2913,1959,954,170,-205,375,1.0859913654831796,1.6289870482248574,8.606735150379384,29.022251897845297,62.37101295177514,375
inferred public interview 2,age 25-63 at interview 5,income strictly above $200/month at interview 5,valid flags plus explicit finance-charge record,retain fifth-only panels,12 MTBI positive-total months,2913,1959,954,170,-205,375,1.0859913654831796,1.6289870482248574,8.606735150379384,29.022251897845297,62.37101295177514,375
inferred public interview 2,age 25-63 at interview 5,income strictly above $200/month at interview 5,valid flags; absent balance record is zero,retain fifth-only panels,12 MTBI positive-total months,2913,1959,954,170,-205,375,1.0859913654831796,1.6289870482248574,8.606735150379384,29.022251897845297,62.37101295177514,375
fifth interview in 2001,age 25-64 at earliest observed interview,income/reporting at earliest observed interview,valid flags plus explicit finance-charge record,retain fifth-only panels,12 MTBI positive-total months,2692,1839,853,-51,-325,274,1.4267162014509485,2.1400743021764654,8.628716840909021,29.51135746126736,61.859925697823535,376
fifth interview in 2001,age 25-64 at earliest observed interview,income/reporting at earliest observed interview,valid flags; absent balance record is zero,retain fifth-only panels,12 MTBI positive-total months,2692,1839,853,-51,-325,274,1.4267162014509485,2.1400743021764654,8.628716840909021,29.51135746126736,61.859925697823535,376
inferred public interview 2,age 25-64 at earliest observed interview,income/reporting at earliest observed interview,valid flags plus explicit finance-charge record,retain fifth-only panels,12 MTBI positive-total months,2692,1839,853,-51,-325,274,1.4267162014509485,2.1400743021764654,8.628716840909021,29.51135746126736,61.859925697823535,376
inferred public interview 2,age 25-64 at earliest observed interview,income/reporting at earliest observed interview,valid flags; absent balance record is zero,retain fifth-only panels,12 MTBI positive-total months,2692,1839,853,-51,-325,274,1.4267162014509485,2.1400743021764654,8.628716840909021,29.51135746126736,61.859925697823535,376
fifth interview in 2001,age 25-64 throughout observed panel,INCLASS complete at interview 5,valid flags plus explicit finance-charge record,retain fifth-only panels,12 MTBI positive-total months,2911,1955,956,168,-209,377,1.0108870844905506,1.5163306267359502,8.468551526543628,29.047779100192074,62.48366937326405,377
fifth interview in 2001,age 25-64 throughout observed panel,INCLASS complete at interview 5,valid flags; absent balance record is zero,retain fifth-only panels,12 MTBI positive-total months,2911,1955,956,168,-209,377,1.0108870844905506,1.5163306267359502,8.468551526543628,29.047779100192074,62.48366937326405,377
fifth interview in 2001,age 25-64 throughout observed panel,income/reporting at interview 5,valid flags plus explicit finance-charge record,retain fifth-only panels,12 MTBI positive-total months,2911,1955,956,168,-209,377,1.0108870844905506,1.5163306267359502,8.468551526543628,29.047779100192074,62.48366937326405,377
fifth interview in 2001,age 25-64 throughout observed panel,income/reporting at interview 5,valid flags; absent balance record is zero,retain fifth-only panels,12 MTBI positive-total months,2911,1955,956,168,-209,377,1.0108870844905506,1.5163306267359502,8.468551526543628,29.047779100192074,62.48366937326405,377
inferred public interview 2,age 25-64 throughout observed panel,INCLASS complete at interview 5,valid flags plus explicit finance-charge record,retain fifth-only panels,12 MTBI positive-total months,2911,1955,956,168,-209,377,1.0108870844905506,1.5163306267359502,8.468551526543628,29.047779100192074,62.48366937326405,377
inferred public interview 2,age 25-64 throughout observed panel,INCLASS complete at interview 5,valid flags; absent balance record is zero,retain fifth-only panels,12 MTBI positive-total months,2911,1955,956,168,-209,377,1.0108870844905506,1.5163306267359502,8.468551526543628,29.047779100192074,62.48366937326405,377
inferred public interview 2,age 25-64 throughout observed panel,income/reporting at interview 5,valid flags plus explicit finance-charge record,retain fifth-only panels,12 MTBI positive-total months,2911,1955,956,168,-209,377,1.0108870844905506,1.5163306267359502,8.468551526543628,29.047779100192074,62.48366937326405,377
inferred public interview 2,age 25-64 throughout observed panel,income/reporting at interview 5,valid flags; absent balance record is zero,retain fifth-only panels,12 MTBI positive-total months,2911,1955,956,168,-209,377,1.0108870844905506,1.5163306267359502,8.468551526543628,29.047779100192074,62.48366937326405,377
fifth interview in 2001,age 25-63 at interview 5,INCLASS complete at interview 5,valid flags plus explicit finance-charge record,retain fifth-only panels,12 MTBI positive-total months,2915,1959,956,172,-205,377,1.066466174027181,1.5996992610406746,8.599699261040675,28.998526600256184,62.40177413870295,377
fifth interview in 2001,age 25-63 at interview 5,INCLASS complete at interview 5,valid flags; absent balance record is zero,retain fifth-only panels,12 MTBI positive-total months,2915,1959,956,172,-205,377,1.066466174027181,1.5996992610406746,8.599699261040675,28.998526600256184,62.40177413870295,377
fifth interview in 2001,age 25-63 at interview 5,income/reporting at interview 5,valid flags plus explicit finance-charge record,retain fifth-only panels,12 MTBI positive-total months,2915,1959,956,172,-205,377,1.066466174027181,1.5996992610406746,8.599699261040675,28.998526600256184,62.40177413870295,377
fifth interview in 2001,age 25-63 at interview 5,income/reporting at interview 5,valid flags; absent balance record is zero,retain fifth-only panels,12 MTBI positive-total months,2915,1959,956,172,-205,377,1.066466174027181,1.5996992610406746,8.599699261040675,28.998526600256184,62.40177413870295,377
inferred public interview 2,age 25-63 at interview 5,INCLASS complete at interview 5,valid flags plus explicit finance-charge record,retain fifth-only panels,12 MTBI positive-total months,2915,1959,956,172,-205,377,1.066466174027181,1.5996992610406746,8.599699261040675,28.998526600256184,62.40177413870295,377
inferred public interview 2,age 25-63 at interview 5,INCLASS complete at interview 5,valid flags; absent balance record is zero,retain fifth-only panels,12 MTBI positive-total months,2915,1959,956,172,-205,377,1.066466174027181,1.5996992610406746,8.599699261040675,28.998526600256184,62.40177413870295,377
inferred public interview 2,age 25-63 at interview 5,income/reporting at interview 5,valid flags plus explicit finance-charge record,retain fifth-only panels,12 MTBI positive-total months,2915,1959,956,172,-205,377,1.066466174027181,1.5996992610406746,8.599699261040675,28.998526600256184,62.40177413870295,377
inferred public interview 2,age 25-63 at interview 5,income/reporting at interview 5,valid flags; absent balance record is zero,retain fifth-only panels,12 MTBI positive-total months,2915,1959,956,172,-205,377,1.066466174027181,1.5996992610406746,8.599699261040675,28.998526600256184,62.40177413870295,377
inferred first interview,age 25-63 at interview 5,income/reporting throughout observed panel,valid flags plus explicit finance-charge record,retain fifth-only panels,12 MTBI nonmissing-cost months,2574,1952,622,-169,-212,43,0.9830694942374203,1.474604241356019,7.5946624808134215,29.87994176054282,62.52539575864398,381
inferred first interview,age 25-63 at interview 5,income/reporting throughout observed panel,valid flags plus explicit finance-charge record,retain fifth-only panels,12 MTBI record months,2574,1952,622,-169,-212,43,0.9830694942374203,1.474604241356019,7.5946624808134215,29.87994176054282,62.52539575864398,381
inferred first interview,age 25-63 at interview 5,income/reporting throughout observed panel,valid flags plus explicit finance-charge record,retain fifth-only panels,FMLI interviews 2-5,2574,1952,622,-169,-212,43,0.9830694942374203,1.474604241356019,7.5946624808134215,29.87994176054282,62.52539575864398,381
inferred first interview,age 25-63 at interview 5,income/reporting throughout observed panel,valid flags plus explicit finance-charge record,retain fifth-only panels,consecutive FMLI interviews 2-5,2574,1952,622,-169,-212,43,0.9830694942374203,1.474604241356019,7.5946624808134215,29.87994176054282,62.52539575864398,381
inferred first interview,age 25-63 at interview 5,income/reporting throughout observed panel,valid flags; absent balance record is zero,retain fifth-only panels,12 MTBI nonmissing-cost months,2574,1952,622,-169,-212,43,0.9830694942374203,1.474604241356019,7.5946624808134215,29.87994176054282,62.52539575864398,381
inferred first interview,age 25-63 at interview 5,income/reporting throughout observed panel,valid flags; absent balance record is zero,retain fifth-only panels,12 MTBI record months,2574,1952,622,-169,-212,43,0.9830694942374203,1.474604241356019,7.5946624808134215,29.87994176054282,62.52539575864398,381
inferred first interview,age 25-63 at interview 5,income/reporting throughout observed panel,valid flags; absent balance record is zero,retain fifth-only panels,FMLI interviews 2-5,2574,1952,622,-169,-212,43,0.9830694942374203,1.474604241356019,7.5946624808134215,29.87994176054282,62.52539575864398,381
inferred first interview,age 25-63 at interview 5,income/reporting throughout observed panel,valid flags; absent balance record is zero,retain fifth-only panels,consecutive FMLI interviews 2-5,2574,1952,622,-169,-212,43,0.9830694942374203,1.474604241356019,7.5946624808134215,29.87994176054282,62.52539575864398,381
fifth interview in 2001,age 25-64 at interview 5,income/reporting at earliest observed interview,valid flags plus explicit finance-charge record,retain fifth-only panels,12 MTBI positive-total months,2685,1836,849,-58,-328,270,1.356650475159513,2.0349757127392962,8.541096984643907,29.493878728095336,61.965024287260704,386
fifth interview in 2001,age 25-64 at interview 5,income/reporting at earliest observed interview,valid flags; absent balance record is zero,retain fifth-only panels,12 MTBI positive-total months,2685,1836,849,-58,-328,270,1.356650475159513,2.0349757127392962,8.541096984643907,29.493878728095336,61.965024287260704,386
inferred public interview 2,age 25-64 at interview 5,income/reporting at earliest observed interview,valid flags plus explicit finance-charge record,retain fifth-only panels,12 MTBI positive-total months,2685,1836,849,-58,-328,270,1.356650475159513,2.0349757127392962,8.541096984643907,29.493878728095336,61.965024287260704,386
inferred public interview 2,age 25-64 at interview 5,income/reporting at earliest observed interview,valid flags; absent balance record is zero,retain fifth-only panels,12 MTBI positive-total months,2685,1836,849,-58,-328,270,1.356650475159513,2.0349757127392962,8.541096984643907,29.493878728095336,61.965024287260704,386
earliest observed public interview,age 25-64 at earliest observed interview,income/reporting at earliest observed interview,valid flags plus explicit finance-charge record,exclude fifth-only panels,12 MTBI nonmissing-cost months,2443,2078,365,-300,-86,-214,1.7184326327508188,2.577648949126221,8.320922693779746,30.25672625534649,61.42235105087378,386
earliest observed public interview,age 25-64 at earliest observed interview,income/reporting at earliest observed interview,valid flags plus explicit finance-charge record,exclude fifth-only panels,12 MTBI record months,2443,2078,365,-300,-86,-214,1.7184326327508188,2.577648949126221,8.320922693779746,30.25672625534649,61.42235105087378,386
earliest observed public interview,age 25-64 at earliest observed interview,income/reporting at earliest observed interview,valid flags plus explicit finance-charge record,exclude fifth-only panels,FMLI interviews 2-5,2443,2078,365,-300,-86,-214,1.7184326327508188,2.577648949126221,8.320922693779746,30.25672625534649,61.42235105087378,386
earliest observed public interview,age 25-64 at earliest observed interview,income/reporting at earliest observed interview,valid flags plus explicit finance-charge record,exclude fifth-only panels,consecutive FMLI interviews 2-5,2443,2078,365,-300,-86,-214,1.7184326327508188,2.577648949126221,8.320922693779746,30.25672625534649,61.42235105087378,386
earliest observed public interview,age 25-64 at earliest observed interview,income/reporting at earliest observed interview,valid flags; absent balance record is zero,exclude fifth-only panels,12 MTBI nonmissing-cost months,2443,2078,365,-300,-86,-214,1.7184326327508188,2.577648949126221,8.320922693779746,30.25672625534649,61.42235105087378,386
earliest observed public interview,age 25-64 at earliest observed interview,income/reporting at earliest observed interview,valid flags; absent balance record is zero,exclude fifth-only panels,12 MTBI record months,2443,2078,365,-300,-86,-214,1.7184326327508188,2.577648949126221,8.320922693779746,30.25672625534649,61.42235105087378,386
earliest observed public interview,age 25-64 at earliest observed interview,income/reporting at earliest observed interview,valid flags; absent balance record is zero,exclude fifth-only panels,FMLI interviews 2-5,2443,2078,365,-300,-86,-214,1.7184326327508188,2.577648949126221,8.320922693779746,30.25672625534649,61.42235105087378,386
earliest observed public interview,age 25-64 at earliest observed interview,income/reporting at earliest observed interview,valid flags; absent balance record is zero,exclude fifth-only panels,consecutive FMLI interviews 2-5,2443,2078,365,-300,-86,-214,1.7184326327508188,2.577648949126221,8.320922693779746,30.25672625534649,61.42235105087378,386
earliest observed public interview,age 25-63 at interview 5,income/reporting at earliest observed interview,valid flags plus explicit finance-charge record,retain fifth-only panels,12 MTBI nonmissing-cost months,2480,2040,440,-263,-124,-139,1.6071977739181513,2.4107966608772315,8.43331168719824,29.977484973678983,61.58920333912277,387
earliest observed public interview,age 25-63 at interview 5,income/reporting at earliest observed interview,valid flags plus explicit finance-charge record,retain fifth-only panels,12 MTBI record months,2480,2040,440,-263,-124,-139,1.6071977739181513,2.4107966608772315,8.43331168719824,29.977484973678983,61.58920333912277,387
earliest observed public interview,age 25-63 at interview 5,income/reporting at earliest observed interview,valid flags plus explicit finance-charge record,retain fifth-only panels,FMLI interviews 2-5,2480,2040,440,-263,-124,-139,1.6071977739181513,2.4107966608772315,8.43331168719824,29.977484973678983,61.58920333912277,387
earliest observed public interview,age 25-63 at interview 5,income/reporting at earliest observed interview,valid flags plus explicit finance-charge record,retain fifth-only panels,consecutive FMLI interviews 2-5,2480,2040,440,-263,-124,-139,1.6071977739181513,2.4107966608772315,8.43331168719824,29.977484973678983,61.58920333912277,387
earliest observed public interview,age 25-63 at interview 5,income/reporting at earliest observed interview,valid flags; absent balance record is zero,retain fifth-only panels,12 MTBI nonmissing-cost months,2480,2040,440,-263,-124,-139,1.6071977739181513,2.4107966608772315,8.43331168719824,29.977484973678983,61.58920333912277,387
earliest observed public interview,age 25-63 at interview 5,income/reporting at earliest observed interview,valid flags; absent balance record is zero,retain fifth-only panels,12 MTBI record months,2480,2040,440,-263,-124,-139,1.6071977739181513,2.4107966608772315,8.43331168719824,29.977484973678983,61.58920333912277,387
earliest observed public interview,age 25-63 at interview 5,income/reporting at earliest observed interview,valid flags; absent balance record is zero,retain fifth-only panels,FMLI interviews 2-5,2480,2040,440,-263,-124,-139,1.6071977739181513,2.4107966608772315,8.43331168719824,29.977484973678983,61.58920333912277,387
earliest observed public interview,age 25-63 at interview 5,income/reporting at earliest observed interview,valid flags; absent balance record is zero,retain fifth-only panels,consecutive FMLI interviews 2-5,2480,2040,440,-263,-124,-139,1.6071977739181513,2.4107966608772315,8.43331168719824,29.977484973678983,61.58920333912277,387
fifth interview in 2001,age 25-64 at interview 5,income strictly above $200/month at interview 5,valid flags plus explicit finance-charge record,retain fifth-only panels,12 MTBI positive-total months,2963,1996,967,220,-168,388,0.9732671614590332,1.4599007421884451,8.459900742188445,28.859013453487815,62.68108580432353,388
fifth interview in 2001,age 25-64 at interview 5,income strictly above $200/month at interview 5,valid flags; absent balance record is zero,retain fifth-only panels,12 MTBI positive-total months,2963,1996,967,220,-168,388,0.9732671614590332,1.4599007421884451,8.459900742188445,28.859013453487815,62.68108580432353,388
inferred public interview 2,age 25-64 at interview 5,income strictly above $200/month at interview 5,valid flags plus explicit finance-charge record,retain fifth-only panels,12 MTBI positive-total months,2963,1996,967,220,-168,388,0.9732671614590332,1.4599007421884451,8.459900742188445,28.859013453487815,62.68108580432353,388
inferred public interview 2,age 25-64 at interview 5,income strictly above $200/month at interview 5,valid flags; absent balance record is zero,retain fifth-only panels,12 MTBI positive-total months,2963,1996,967,220,-168,388,0.9732671614590332,1.4599007421884451,8.459900742188445,28.859013453487815,62.68108580432353,388
fifth interview in 2001,age 25-64 at earliest observed interview,income/reporting throughout observed panel,valid flags plus explicit finance-charge record,retain fifth-only panels,12 MTBI nonmissing-cost months,2551,1968,583,-192,-196,4,1.7495616962608054,2.6243425443911974,8.622511936098661,30.001830608292558,61.3756574556088,388
fifth interview in 2001,age 25-64 at earliest observed interview,income/reporting throughout observed panel,valid flags plus explicit finance-charge record,retain fifth-only panels,12 MTBI record months,2551,1968,583,-192,-196,4,1.7495616962608054,2.6243425443911974,8.622511936098661,30.001830608292558,61.3756574556088,388
fifth interview in 2001,age 25-64 at earliest observed interview,income/reporting throughout observed panel,valid flags plus explicit finance-charge record,retain fifth-only panels,FMLI interviews 2-5,2551,1968,583,-192,-196,4,1.7495616962608054,2.6243425443911974,8.622511936098661,30.001830608292558,61.3756574556088,388
fifth interview in 2001,age 25-64 at earliest observed interview,income/reporting throughout observed panel,valid flags plus explicit finance-charge record,retain fifth-only panels,consecutive FMLI interviews 2-5,2551,1968,583,-192,-196,4,1.7495616962608054,2.6243425443911974,8.622511936098661,30.001830608292558,61.3756574556088,388
fifth interview in 2001,age 25-64 at earliest observed interview,income/reporting throughout observed panel,valid flags; absent balance record is zero,retain fifth-only panels,12 MTBI nonmissing-cost months,2551,1968,583,-192,-196,4,1.7495616962608054,2.6243425443911974,8.622511936098661,30.001830608292558,61.3756574556088,388
fifth interview in 2001,age 25-64 at earliest observed interview,income/reporting throughout observed panel,valid flags; absent balance record is zero,retain fifth-only panels,12 MTBI record months,2551,1968,583,-192,-196,4,1.7495616962608054,2.6243425443911974,8.622511936098661,30.001830608292558,61.3756574556088,388
fifth interview in 2001,age 25-64 at earliest observed interview,income/reporting throughout observed panel,valid flags; absent balance record is zero,retain fifth-only panels,FMLI interviews 2-5,2551,1968,583,-192,-196,4,1.7495616962608054,2.6243425443911974,8.622511936098661,30.001830608292558,61.3756574556088,388
fifth interview in 2001,age 25-64 at earliest observed interview,income/reporting throughout observed panel,valid flags; absent balance record is zero,retain fifth-only panels,consecutive FMLI interviews 2-5,2551,1968,583,-192,-196,4,1.7495616962608054,2.6243425443911974,8.622511936098661,30.001830608292558,61.3756574556088,388
inferred public interview 2,age 25-64 at earliest observed interview,income/reporting throughout observed panel,valid flags plus explicit finance-charge record,retain fifth-only panels,12 MTBI nonmissing-cost months,2551,1968,583,-192,-196,4,1.7495616962608054,2.6243425443911974,8.622511936098661,30.001830608292558,61.3756574556088,388
inferred public interview 2,age 25-64 at earliest observed interview,income/reporting throughout observed panel,valid flags plus explicit finance-charge record,retain fifth-only panels,12 MTBI record months,2551,1968,583,-192,-196,4,1.7495616962608054,2.6243425443911974,8.622511936098661,30.001830608292558,61.3756574556088,388
inferred public interview 2,age 25-64 at earliest observed interview,income/reporting throughout observed panel,valid flags plus explicit finance-charge record,retain fifth-only panels,FMLI interviews 2-5,2551,1968,583,-192,-196,4,1.7495616962608054,2.6243425443911974,8.622511936098661,30.001830608292558,61.3756574556088,388
inferred public interview 2,age 25-64 at earliest observed interview,income/reporting throughout observed panel,valid flags plus explicit finance-charge record,retain fifth-only panels,consecutive FMLI interviews 2-5,2551,1968,583,-192,-196,4,1.7495616962608054,2.6243425443911974,8.622511936098661,30.001830608292558,61.3756574556088,388
inferred public interview 2,age 25-64 at earliest observed interview,income/reporting throughout observed panel,valid flags; absent balance record is zero,retain fifth-only panels,12 MTBI nonmissing-cost months,2551,1968,583,-192,-196,4,1.7495616962608054,2.6243425443911974,8.622511936098661,30.001830608292558,61.3756574556088,388
inferred public interview 2,age 25-64 at earliest observed interview,income/reporting throughout observed panel,valid flags; absent balance record is zero,retain fifth-only panels,12 MTBI record months,2551,1968,583,-192,-196,4,1.7495616962608054,2.6243425443911974,8.622511936098661,30.001830608292558,61.3756574556088,388
inferred public interview 2,age 25-64 at earliest observed interview,income/reporting throughout observed panel,valid flags; absent balance record is zero,retain fifth-only panels,FMLI interviews 2-5,2551,1968,583,-192,-196,4,1.7495616962608054,2.6243425443911974,8.622511936098661,30.001830608292558,61.3756574556088,388
inferred public interview 2,age 25-64 at earliest observed interview,income/reporting throughout observed panel,valid flags; absent balance record is zero,retain fifth-only panels,consecutive FMLI interviews 2-5,2551,1968,583,-192,-196,4,1.7495616962608054,2.6243425443911974,8.622511936098661,30.001830608292558,61.3756574556088,388
inferred first interview,age strictly between 25 and 64 at interview 5,income strictly above $200/month at interview 5,valid flags plus explicit finance-charge record,retain fifth-only panels,12 MTBI positive-total months,2896,1927,969,153,-237,390,0.3636192776763452,0.5454289165145436,7.545428916514544,28.882928370328866,63.57164271315664,390
inferred first interview,age strictly between 25 and 64 at interview 5,income strictly above $200/month at interview 5,valid flags; absent balance record is zero,retain fifth-only panels,12 MTBI positive-total months,2896,1927,969,153,-237,390,0.3636192776763452,0.5454289165145436,7.545428916514544,28.882928370328866,63.57164271315664,390
fifth interview in 2001,age 25-64 at interview 5,INCLASS complete at interview 5,valid flags plus explicit finance-charge record,retain fifth-only panels,12 MTBI positive-total months,2965,1996,969,222,-168,390,0.9687351869799846,1.4531027804698713,8.453102780469871,28.835823764309282,62.711073455220635,390
fifth interview in 2001,age 25-64 at interview 5,INCLASS complete at interview 5,valid flags; absent balance record is zero,retain fifth-only panels,12 MTBI positive-total months,2965,1996,969,222,-168,390,0.9687351869799846,1.4531027804698713,8.453102780469871,28.835823764309282,62.711073455220635,390
fifth interview in 2001,age 25-64 at interview 5,income/reporting at interview 5,valid flags plus explicit finance-charge record,retain fifth-only panels,12 MTBI positive-total months,2965,1996,969,222,-168,390,0.9687351869799846,1.4531027804698713,8.453102780469871,28.835823764309282,62.711073455220635,390
fifth interview in 2001,age 25-64 at interview 5,income/reporting at interview 5,valid flags; absent balance record is zero,retain fifth-only panels,12 MTBI positive-total months,2965,1996,969,222,-168,390,0.9687351869799846,1.4531027804698713,8.453102780469871,28.835823764309282,62.711073455220635,390
inferred public interview 2,age 25-64 at interview 5,INCLASS complete at interview 5,valid flags plus explicit finance-charge record,retain fifth-only panels,12 MTBI positive-total months,2965,1996,969,222,-168,390,0.9687351869799846,1.4531027804698713,8.453102780469871,28.835823764309282,62.711073455220635,390
inferred public interview 2,age 25-64 at interview 5,INCLASS complete at interview 5,valid flags; absent balance record is zero,retain fifth-only panels,12 MTBI positive-total months,2965,1996,969,222,-168,390,0.9687351869799846,1.4531027804698713,8.453102780469871,28.835823764309282,62.711073455220635,390
inferred public interview 2,age 25-64 at interview 5,income/reporting at interview 5,valid flags plus explicit finance-charge record,retain fifth-only panels,12 MTBI positive-total months,2965,1996,969,222,-168,390,0.9687351869799846,1.4531027804698713,8.453102780469871,28.835823764309282,62.711073455220635,390
inferred public interview 2,age 25-64 at interview 5,income/reporting at interview 5,valid flags; absent balance record is zero,retain fifth-only panels,12 MTBI positive-total months,2965,1996,969,222,-168,390,0.9687351869799846,1.4531027804698713,8.453102780469871,28.835823764309282,62.711073455220635,390
inferred first interview,age 26-64 at interview 5,income/reporting throughout observed panel,valid flags plus explicit finance-charge record,retain fifth-only panels,12 MTBI nonmissing-cost months,2559,1957,602,-184,-207,23,0.8879200799546988,1.3318801199319168,7.407303152824017,29.924576967108163,62.66811988006808,391
inferred first interview,age 26-64 at interview 5,income/reporting throughout observed panel,valid flags plus explicit finance-charge record,retain fifth-only panels,12 MTBI record months,2559,1957,602,-184,-207,23,0.8879200799546988,1.3318801199319168,7.407303152824017,29.924576967108163,62.66811988006808,391
inferred first interview,age 26-64 at interview 5,income/reporting throughout observed panel,valid flags plus explicit finance-charge record,retain fifth-only panels,FMLI interviews 2-5,2559,1957,602,-184,-207,23,0.8879200799546988,1.3318801199319168,7.407303152824017,29.924576967108163,62.66811988006808,391
inferred first interview,age 26-64 at interview 5,income/reporting throughout observed panel,valid flags plus explicit finance-charge record,retain fifth-only panels,consecutive FMLI interviews 2-5,2559,1957,602,-184,-207,23,0.8879200799546988,1.3318801199319168,7.407303152824017,29.924576967108163,62.66811988006808,391
inferred first interview,age 26-64 at interview 5,income/reporting throughout observed panel,valid flags; absent balance record is zero,retain fifth-only panels,12 MTBI nonmissing-cost months,2559,1957,602,-184,-207,23,0.8879200799546988,1.3318801199319168,7.407303152824017,29.924576967108163,62.66811988006808,391
inferred first interview,age 26-64 at interview 5,income/reporting throughout observed panel,valid flags; absent balance record is zero,retain fifth-only panels,12 MTBI record months,2559,1957,602,-184,-207,23,0.8879200799546988,1.3318801199319168,7.407303152824017,29.924576967108163,62.66811988006808,391
inferred first interview,age 26-64 at interview 5,income/reporting throughout observed panel,valid flags; absent balance record is zero,retain fifth-only panels,FMLI interviews 2-5,2559,1957,602,-184,-207,23,0.8879200799546988,1.3318801199319168,7.407303152824017,29.924576967108163,62.66811988006808,391
inferred first interview,age 26-64 at interview 5,income/reporting throughout observed panel,valid flags; absent balance record is zero,retain fifth-only panels,consecutive FMLI interviews 2-5,2559,1957,602,-184,-207,23,0.8879200799546988,1.3318801199319168,7.407303152824017,29.924576967108163,62.66811988006808,391
fifth interview in 2001,age 25-64 at earliest observed interview,income strictly above $200/month at interview 5,valid flags plus explicit finance-charge record,retain fifth-only panels,12 MTBI positive-total months,2973,2003,970,230,-161,391,1.0074616075603113,1.5111924113405593,8.500889666439384,29.01030274490099,62.48880758865944,391
fifth interview in 2001,age 25-64 at earliest observed interview,income strictly above $200/month at interview 5,valid flags; absent balance record is zero,retain fifth-only panels,12 MTBI positive-total months,2973,2003,970,230,-161,391,1.0074616075603113,1.5111924113405593,8.500889666439384,29.01030274490099,62.48880758865944,391
inferred public interview 2,age 25-64 at earliest observed interview,income strictly above $200/month at interview 5,valid flags plus explicit finance-charge record,retain fifth-only panels,12 MTBI positive-total months,2973,2003,970,230,-161,391,1.0074616075603113,1.5111924113405593,8.500889666439384,29.01030274490099,62.48880758865944,391
inferred public interview 2,age 25-64 at earliest observed interview,income strictly above $200/month at interview 5,valid flags; absent balance record is zero,retain fifth-only panels,12 MTBI positive-total months,2973,2003,970,230,-161,391,1.0074616075603113,1.5111924113405593,8.500889666439384,29.01030274490099,62.48880758865944,391
earliest observed public interview,age 25-64 at interview 5,income/reporting at earliest observed interview,valid flags plus explicit finance-charge record,exclude fifth-only panels,12 MTBI nonmissing-cost months,2438,2078,360,-305,-86,-219,1.6396444726288966,2.45946670894336,8.255776815723431,30.2036898932199,61.54053329105664,391
earliest observed public interview,age 25-64 at interview 5,income/reporting at earliest observed interview,valid flags plus explicit finance-charge record,exclude fifth-only panels,12 MTBI record months,2438,2078,360,-305,-86,-219,1.6396444726288966,2.45946670894336,8.255776815723431,30.2036898932199,61.54053329105664,391
earliest observed public interview,age 25-64 at interview 5,income/reporting at earliest observed interview,valid flags plus explicit finance-charge record,exclude fifth-only panels,FMLI interviews 2-5,2438,2078,360,-305,-86,-219,1.6396444726288966,2.45946670894336,8.255776815723431,30.2036898932199,61.54053329105664,391
earliest observed public interview,age 25-64 at interview 5,income/reporting at earliest observed interview,valid flags plus explicit finance-charge record,exclude fifth-only panels,consecutive FMLI interviews 2-5,2438,2078,360,-305,-86,-219,1.6396444726288966,2.45946670894336,8.255776815723431,30.2036898932199,61.54053329105664,391
earliest observed public interview,age 25-64 at interview 5,income/reporting at earliest observed interview,valid flags; absent balance record is zero,exclude fifth-only panels,12 MTBI nonmissing-cost months,2438,2078,360,-305,-86,-219,1.6396444726288966,2.45946670894336,8.255776815723431,30.2036898932199,61.54053329105664,391
earliest observed public interview,age 25-64 at interview 5,income/reporting at earliest observed interview,valid flags; absent balance record is zero,exclude fifth-only panels,12 MTBI record months,2438,2078,360,-305,-86,-219,1.6396444726288966,2.45946670894336,8.255776815723431,30.2036898932199,61.54053329105664,391
earliest observed public interview,age 25-64 at interview 5,income/reporting at earliest observed interview,valid flags; absent balance record is zero,exclude fifth-only panels,FMLI interviews 2-5,2438,2078,360,-305,-86,-219,1.6396444726288966,2.45946670894336,8.255776815723431,30.2036898932199,61.54053329105664,391
earliest observed public interview,age 25-64 at interview 5,income/reporting at earliest observed interview,valid flags; absent balance record is zero,exclude fifth-only panels,consecutive FMLI interviews 2-5,2438,2078,360,-305,-86,-219,1.6396444726288966,2.45946670894336,8.255776815723431,30.2036898932199,61.54053329105664,391
inferred first interview,age strictly between 25 and 64 at interview 5,INCLASS complete at interview 5,valid flags plus explicit finance-charge record,retain fifth-only panels,12 MTBI positive-total months,2901,1929,972,158,-235,393,0.3524869699008268,0.5287304548512592,7.528730454851259,28.819008813541345,63.652260731607434,393
inferred first interview,age strictly between 25 and 64 at interview 5,INCLASS complete at interview 5,valid flags; absent balance record is zero,retain fifth-only panels,12 MTBI positive-total months,2901,1929,972,158,-235,393,0.3524869699008268,0.5287304548512592,7.528730454851259,28.819008813541345,63.652260731607434,393
inferred first interview,age strictly between 25 and 64 at interview 5,income/reporting at interview 5,valid flags plus explicit finance-charge record,retain fifth-only panels,12 MTBI positive-total months,2901,1929,972,158,-235,393,0.3524869699008268,0.5287304548512592,7.528730454851259,28.819008813541345,63.652260731607434,393
inferred first interview,age strictly between 25 and 64 at interview 5,income/reporting at interview 5,valid flags; absent balance record is zero,retain fifth-only panels,12 MTBI positive-total months,2901,1929,972,158,-235,393,0.3524869699008268,0.5287304548512592,7.528730454851259,28.819008813541345,63.652260731607434,393
inferred first interview,age 25-64 throughout observed panel,income/reporting throughout observed panel,valid flags plus explicit finance-charge record,retain fifth-only panels,12 MTBI nonmissing-cost months,2569,1945,624,-174,-219,45,0.9303606675949337,1.3955410013922815,7.477184459659018,29.918356541733502,62.60445899860772,393
inferred first interview,age 25-64 throughout observed panel,income/reporting throughout observed panel,valid flags plus explicit finance-charge record,retain fifth-only panels,12 MTBI record months,2569,1945,624,-174,-219,45,0.9303606675949337,1.3955410013922815,7.477184459659018,29.918356541733502,62.60445899860772,393
inferred first interview,age 25-64 throughout observed panel,income/reporting throughout observed panel,valid flags plus explicit finance-charge record,retain fifth-only panels,FMLI interviews 2-5,2569,1945,624,-174,-219,45,0.9303606675949337,1.3955410013922815,7.477184459659018,29.918356541733502,62.60445899860772,393
inferred first interview,age 25-64 throughout observed panel,income/reporting throughout observed panel,valid flags plus explicit finance-charge record,retain fifth-only panels,consecutive FMLI interviews 2-5,2569,1945,624,-174,-219,45,0.9303606675949337,1.3955410013922815,7.477184459659018,29.918356541733502,62.60445899860772,393
inferred first interview,age 25-64 throughout observed panel,income/reporting throughout observed panel,valid flags; absent balance record is zero,retain fifth-only panels,12 MTBI nonmissing-cost months,2569,1945,624,-174,-219,45,0.9303606675949337,1.3955410013922815,7.477184459659018,29.918356541733502,62.60445899860772,393
inferred first interview,age 25-64 throughout observed panel,income/reporting throughout observed panel,valid flags; absent balance record is zero,retain fifth-only panels,12 MTBI record months,2569,1945,624,-174,-219,45,0.9303606675949337,1.3955410013922815,7.477184459659018,29.918356541733502,62.60445899860772,393
inferred first interview,age 25-64 throughout observed panel,income/reporting throughout observed panel,valid flags; absent balance record is zero,retain fifth-only panels,FMLI interviews 2-5,2569,1945,624,-174,-219,45,0.9303606675949337,1.3955410013922815,7.477184459659018,29.918356541733502,62.60445899860772,393
inferred first interview,age 25-64 throughout observed panel,income/reporting throughout observed panel,valid flags; absent balance record is zero,retain fifth-only panels,consecutive FMLI interviews 2-5,2569,1945,624,-174,-219,45,0.9303606675949337,1.3955410013922815,7.477184459659018,29.918356541733502,62.60445899860772,393
fifth interview in 2001,age 25-64 at earliest observed interview,INCLASS complete at interview 5,valid flags plus explicit finance-charge record,retain fifth-only panels,12 MTBI positive-total months,2975,2003,972,232,-161,393,0.9960479032939938,1.4940718549408878,8.494071854940888,28.987036147710594,62.51889199734831,393
fifth interview in 2001,age 25-64 at earliest observed interview,INCLASS complete at interview 5,valid flags; absent balance record is zero,retain fifth-only panels,12 MTBI positive-total months,2975,2003,972,232,-161,393,0.9960479032939938,1.4940718549408878,8.494071854940888,28.987036147710594,62.51889199734831,393
fifth interview in 2001,age 25-64 at earliest observed interview,income/reporting at interview 5,valid flags plus explicit finance-charge record,retain fifth-only panels,12 MTBI positive-total months,2975,2003,972,232,-161,393,0.9960479032939938,1.4940718549408878,8.494071854940888,28.987036147710594,62.51889199734831,393
fifth interview in 2001,age 25-64 at earliest observed interview,income/reporting at interview 5,valid flags; absent balance record is zero,retain fifth-only panels,12 MTBI positive-total months,2975,2003,972,232,-161,393,0.9960479032939938,1.4940718549408878,8.494071854940888,28.987036147710594,62.51889199734831,393
inferred public interview 2,age 25-64 at earliest observed interview,INCLASS complete at interview 5,valid flags plus explicit finance-charge record,retain fifth-only panels,12 MTBI positive-total months,2975,2003,972,232,-161,393,0.9960479032939938,1.4940718549408878,8.494071854940888,28.987036147710594,62.51889199734831,393
inferred public interview 2,age 25-64 at earliest observed interview,INCLASS complete at interview 5,valid flags; absent balance record is zero,retain fifth-only panels,12 MTBI positive-total months,2975,2003,972,232,-161,393,0.9960479032939938,1.4940718549408878,8.494071854940888,28.987036147710594,62.51889199734831,393
inferred public interview 2,age 25-64 at earliest observed interview,income/reporting at interview 5,valid flags plus explicit finance-charge record,retain fifth-only panels,12 MTBI positive-total months,2975,2003,972,232,-161,393,0.9960479032939938,1.4940718549408878,8.494071854940888,28.987036147710594,62.51889199734831,393
inferred public interview 2,age 25-64 at earliest observed interview,income/reporting at interview 5,valid flags; absent balance record is zero,retain fifth-only panels,12 MTBI positive-total months,2975,2003,972,232,-161,393,0.9960479032939938,1.4940718549408878,8.494071854940888,28.987036147710594,62.51889199734831,393
earliest observed public interview,age 25-64 throughout observed panel,income/reporting at earliest observed interview,valid flags plus explicit finance-charge record,retain fifth-only panels,12 MTBI nonmissing-cost months,2475,2032,443,-268,-132,-136,1.6266960088070082,2.4400440132105103,8.34616665404376,30.093877359166754,61.55995598678949,400
earliest observed public interview,age 25-64 throughout observed panel,income/reporting at earliest observed interview,valid flags plus explicit finance-charge record,retain fifth-only panels,12 MTBI record months,2475,2032,443,-268,-132,-136,1.6266960088070082,2.4400440132105103,8.34616665404376,30.093877359166754,61.55995598678949,400
earliest observed public interview,age 25-64 throughout observed panel,income/reporting at earliest observed interview,valid flags plus explicit finance-charge record,retain fifth-only panels,FMLI interviews 2-5,2475,2032,443,-268,-132,-136,1.6266960088070082,2.4400440132105103,8.34616665404376,30.093877359166754,61.55995598678949,400
earliest observed public interview,age 25-64 throughout observed panel,income/reporting at earliest observed interview,valid flags plus explicit finance-charge record,retain fifth-only panels,consecutive FMLI interviews 2-5,2475,2032,443,-268,-132,-136,1.6266960088070082,2.4400440132105103,8.34616665404376,30.093877359166754,61.55995598678949,400
earliest observed public interview,age 25-64 throughout observed panel,income/reporting at earliest observed interview,valid flags; absent balance record is zero,retain fifth-only panels,12 MTBI nonmissing-cost months,2475,2032,443,-268,-132,-136,1.6266960088070082,2.4400440132105103,8.34616665404376,30.093877359166754,61.55995598678949,400
earliest observed public interview,age 25-64 throughout observed panel,income/reporting at earliest observed interview,valid flags; absent balance record is zero,retain fifth-only panels,12 MTBI record months,2475,2032,443,-268,-132,-136,1.6266960088070082,2.4400440132105103,8.34616665404376,30.093877359166754,61.55995598678949,400
earliest observed public interview,age 25-64 throughout observed panel,income/reporting at earliest observed interview,valid flags; absent balance record is zero,retain fifth-only panels,FMLI interviews 2-5,2475,2032,443,-268,-132,-136,1.6266960088070082,2.4400440132105103,8.34616665404376,30.093877359166754,61.55995598678949,400
earliest observed public interview,age 25-64 throughout observed panel,income/reporting at earliest observed interview,valid flags; absent balance record is zero,retain fifth-only panels,consecutive FMLI interviews 2-5,2475,2032,443,-268,-132,-136,1.6266960088070082,2.4400440132105103,8.34616665404376,30.093877359166754,61.55995598678949,400
fifth interview in 2001,age 25-64 at interview 5,income/reporting throughout observed panel,valid flags plus explicit finance-charge record,retain fifth-only panels,12 MTBI nonmissing-cost months,2542,1965,577,-201,-199,-2,1.6502420311458597,2.475363046718762,8.538803064195845,29.936559982522972,61.52463695328124,400
fifth interview in 2001,age 25-64 at interview 5,income/reporting throughout observed panel,valid flags plus explicit finance-charge record,retain fifth-only panels,12 MTBI record months,2542,1965,577,-201,-199,-2,1.6502420311458597,2.475363046718762,8.538803064195845,29.936559982522972,61.52463695328124,400
fifth interview in 2001,age 25-64 at interview 5,income/reporting throughout observed panel,valid flags plus explicit finance-charge record,retain fifth-only panels,FMLI interviews 2-5,2542,1965,577,-201,-199,-2,1.6502420311458597,2.475363046718762,8.538803064195845,29.936559982522972,61.52463695328124,400
fifth interview in 2001,age 25-64 at interview 5,income/reporting throughout observed panel,valid flags plus explicit finance-charge record,retain fifth-only panels,consecutive FMLI interviews 2-5,2542,1965,577,-201,-199,-2,1.6502420311458597,2.475363046718762,8.538803064195845,29.936559982522972,61.52463695328124,400
fifth interview in 2001,age 25-64 at interview 5,income/reporting throughout observed panel,valid flags; absent balance record is zero,retain fifth-only panels,12 MTBI nonmissing-cost months,2542,1965,577,-201,-199,-2,1.6502420311458597,2.475363046718762,8.538803064195845,29.936559982522972,61.52463695328124,400
fifth interview in 2001,age 25-64 at interview 5,income/reporting throughout observed panel,valid flags; absent balance record is zero,retain fifth-only panels,12 MTBI record months,2542,1965,577,-201,-199,-2,1.6502420311458597,2.475363046718762,8.538803064195845,29.936559982522972,61.52463695328124,400
fifth interview in 2001,age 25-64 at interview 5,income/reporting throughout observed panel,valid flags; absent balance record is zero,retain fifth-only panels,FMLI interviews 2-5,2542,1965,577,-201,-199,-2,1.6502420311458597,2.475363046718762,8.538803064195845,29.936559982522972,61.52463695328124,400
fifth interview in 2001,age 25-64 at interview 5,income/reporting throughout observed panel,valid flags; absent balance record is zero,retain fifth-only panels,consecutive FMLI interviews 2-5,2542,1965,577,-201,-199,-2,1.6502420311458597,2.475363046718762,8.538803064195845,29.936559982522972,61.52463695328124,400
inferred public interview 2,age 25-64 at interview 5,income/reporting throughout observed panel,valid flags plus explicit finance-charge record,retain fifth-only panels,12 MTBI nonmissing-cost months,2542,1965,577,-201,-199,-2,1.6502420311458597,2.475363046718762,8.538803064195845,29.936559982522972,61.52463695328124,400
inferred public interview 2,age 25-64 at interview 5,income/reporting throughout observed panel,valid flags plus explicit finance-charge record,retain fifth-only panels,12 MTBI record months,2542,1965,577,-201,-199,-2,1.6502420311458597,2.475363046718762,8.538803064195845,29.936559982522972,61.52463695328124,400
inferred public interview 2,age 25-64 at interview 5,income/reporting throughout observed panel,valid flags plus explicit finance-charge record,retain fifth-only panels,FMLI interviews 2-5,2542,1965,577,-201,-199,-2,1.6502420311458597,2.475363046718762,8.538803064195845,29.936559982522972,61.52463695328124,400
inferred public interview 2,age 25-64 at interview 5,income/reporting throughout observed panel,valid flags plus explicit finance-charge record,retain fifth-only panels,consecutive FMLI interviews 2-5,2542,1965,577,-201,-199,-2,1.6502420311458597,2.475363046718762,8.538803064195845,29.936559982522972,61.52463695328124,400
inferred public interview 2,age 25-64 at interview 5,income/reporting throughout observed panel,valid flags; absent balance record is zero,retain fifth-only panels,12 MTBI nonmissing-cost months,2542,1965,577,-201,-199,-2,1.6502420311458597,2.475363046718762,8.538803064195845,29.936559982522972,61.52463695328124,400
inferred public interview 2,age 25-64 at interview 5,income/reporting throughout observed panel,valid flags; absent balance record is zero,retain fifth-only panels,12 MTBI record months,2542,1965,577,-201,-199,-2,1.6502420311458597,2.475363046718762,8.538803064195845,29.936559982522972,61.52463695328124,400
inferred public interview 2,age 25-64 at interview 5,income/reporting throughout observed panel,valid flags; absent balance record is zero,retain fifth-only panels,FMLI interviews 2-5,2542,1965,577,-201,-199,-2,1.6502420311458597,2.475363046718762,8.538803064195845,29.936559982522972,61.52463695328124,400
inferred public interview 2,age 25-64 at interview 5,income/reporting throughout observed panel,valid flags; absent balance record is zero,retain fifth-only panels,consecutive FMLI interviews 2-5,2542,1965,577,-201,-199,-2,1.6502420311458597,2.475363046718762,8.538803064195845,29.936559982522972,61.52463695328124,400
fifth interview in 2001,age 26-64 at interview 5,income/reporting at earliest observed interview,valid flags plus explicit finance-charge record,exclude fifth-only panels,12 MTBI nonmissing-cost months,2455,2052,403,-288,-112,-176,1.7974042430972954,2.696106364645935,8.485019542828299,30.211086821817652,61.303893635354065,400
fifth interview in 2001,age 26-64 at interview 5,income/reporting at earliest observed interview,valid flags plus explicit finance-charge record,exclude fifth-only panels,12 MTBI record months,2455,2052,403,-288,-112,-176,1.7974042430972954,2.696106364645935,8.485019542828299,30.211086821817652,61.303893635354065,400
fifth interview in 2001,age 26-64 at interview 5,income/reporting at earliest observed interview,valid flags plus explicit finance-charge record,exclude fifth-only panels,FMLI interviews 2-5,2455,2052,403,-288,-112,-176,1.7974042430972954,2.696106364645935,8.485019542828299,30.211086821817652,61.303893635354065,400
fifth interview in 2001,age 26-64 at interview 5,income/reporting at earliest observed interview,valid flags plus explicit finance-charge record,exclude fifth-only panels,consecutive FMLI interviews 2-5,2455,2052,403,-288,-112,-176,1.7974042430972954,2.696106364645935,8.485019542828299,30.211086821817652,61.303893635354065,400
fifth interview in 2001,age 26-64 at interview 5,income/reporting at earliest observed interview,valid flags; absent balance record is zero,exclude fifth-only panels,12 MTBI nonmissing-cost months,2455,2052,403,-288,-112,-176,1.7974042430972954,2.696106364645935,8.485019542828299,30.211086821817652,61.303893635354065,400
fifth interview in 2001,age 26-64 at interview 5,income/reporting at earliest observed interview,valid flags; absent balance record is zero,exclude fifth-only panels,12 MTBI record months,2455,2052,403,-288,-112,-176,1.7974042430972954,2.696106364645935,8.485019542828299,30.211086821817652,61.303893635354065,400
fifth interview in 2001,age 26-64 at interview 5,income/reporting at earliest observed interview,valid flags; absent balance record is zero,exclude fifth-only panels,FMLI interviews 2-5,2455,2052,403,-288,-112,-176,1.7974042430972954,2.696106364645935,8.485019542828299,30.211086821817652,61.303893635354065,400
fifth interview in 2001,age 26-64 at interview 5,income/reporting at earliest observed interview,valid flags; absent balance record is zero,exclude fifth-only panels,consecutive FMLI interviews 2-5,2455,2052,403,-288,-112,-176,1.7974042430972954,2.696106364645935,8.485019542828299,30.211086821817652,61.303893635354065,400
inferred public interview 2,age 26-64 at interview 5,income/reporting at earliest observed interview,valid flags plus explicit finance-charge record,exclude fifth-only panels,12 MTBI nonmissing-cost months,2455,2052,403,-288,-112,-176,1.7974042430972954,2.696106364645935,8.485019542828299,30.211086821817652,61.303893635354065,400
inferred public interview 2,age 26-64 at interview 5,income/reporting at earliest observed interview,valid flags plus explicit finance-charge record,exclude fifth-only panels,12 MTBI record months,2455,2052,403,-288,-112,-176,1.7974042430972954,2.696106364645935,8.485019542828299,30.211086821817652,61.303893635354065,400
inferred public interview 2,age 26-64 at interview 5,income/reporting at earliest observed interview,valid flags plus explicit finance-charge record,exclude fifth-only panels,FMLI interviews 2-5,2455,2052,403,-288,-112,-176,1.7974042430972954,2.696106364645935,8.485019542828299,30.211086821817652,61.303893635354065,400
inferred public interview 2,age 26-64 at interview 5,income/reporting at earliest observed interview,valid flags plus explicit finance-charge record,exclude fifth-only panels,consecutive FMLI interviews 2-5,2455,2052,403,-288,-112,-176,1.7974042430972954,2.696106364645935,8.485019542828299,30.211086821817652,61.303893635354065,400
inferred public interview 2,age 26-64 at interview 5,income/reporting at earliest observed interview,valid flags; absent balance record is zero,exclude fifth-only panels,12 MTBI nonmissing-cost months,2455,2052,403,-288,-112,-176,1.7974042430972954,2.696106364645935,8.485019542828299,30.211086821817652,61.303893635354065,400
inferred public interview 2,age 26-64 at interview 5,income/reporting at earliest observed interview,valid flags; absent balance record is zero,exclude fifth-only panels,12 MTBI record months,2455,2052,403,-288,-112,-176,1.7974042430972954,2.696106364645935,8.485019542828299,30.211086821817652,61.303893635354065,400
inferred public interview 2,age 26-64 at interview 5,income/reporting at earliest observed interview,valid flags; absent balance record is zero,exclude fifth-only panels,FMLI interviews 2-5,2455,2052,403,-288,-112,-176,1.7974042430972954,2.696106364645935,8.485019542828299,30.211086821817652,61.303893635354065,400
inferred public interview 2,age 26-64 at interview 5,income/reporting at earliest observed interview,valid flags; absent balance record is zero,exclude fifth-only panels,consecutive FMLI interviews 2-5,2455,2052,403,-288,-112,-176,1.7974042430972954,2.696106364645935,8.485019542828299,30.211086821817652,61.303893635354065,400
inferred first interview,age 25-63 at interview 5,income/reporting at earliest observed interview,valid flags plus explicit finance-charge record,retain fifth-only panels,12 MTBI positive-total months,2701,1805,896,-42,-359,317,0.8624941697807481,1.2937412546709908,7.545238554527064,29.74850270014419,62.70625874532901,401
inferred first interview,age 25-63 at interview 5,income/reporting at earliest observed interview,valid flags; absent balance record is zero,retain fifth-only panels,12 MTBI positive-total months,2701,1805,896,-42,-359,317,0.8624941697807481,1.2937412546709908,7.545238554527064,29.74850270014419,62.70625874532901,401
inferred first interview,age 26-64 at interview 5,income strictly above $200/month at interview 5,valid flags plus explicit finance-charge record,retain fifth-only panels,12 MTBI positive-total months,2945,1963,982,202,-201,403,0.27800504817079236,0.4170075722562734,7.417007572256273,28.803978879830588,63.77901354791331,403
inferred first interview,age 26-64 at interview 5,income strictly above $200/month at interview 5,valid flags; absent balance record is zero,retain fifth-only panels,12 MTBI positive-total months,2945,1963,982,202,-201,403,0.27800504817079236,0.4170075722562734,7.417007572256273,28.803978879830588,63.77901354791331,403
inferred first interview,age 26-64 at interview 5,INCLASS complete at interview 5,valid flags plus explicit finance-charge record,retain fifth-only panels,12 MTBI positive-total months,2950,1965,985,207,-199,406,0.26724804878780734,0.40087207318179097,7.400872073181791,28.741316603969445,63.857811322848924,406
inferred first interview,age 26-64 at interview 5,INCLASS complete at interview 5,valid flags; absent balance record is zero,retain fifth-only panels,12 MTBI positive-total months,2950,1965,985,207,-199,406,0.26724804878780734,0.40087207318179097,7.400872073181791,28.741316603969445,63.857811322848924,406
inferred first interview,age 26-64 at interview 5,income/reporting at interview 5,valid flags plus explicit finance-charge record,retain fifth-only panels,12 MTBI positive-total months,2950,1965,985,207,-199,406,0.26724804878780734,0.40087207318179097,7.400872073181791,28.741316603969445,63.857811322848924,406
inferred first interview,age 26-64 at interview 5,income/reporting at interview 5,valid flags; absent balance record is zero,retain fifth-only panels,12 MTBI positive-total months,2950,1965,985,207,-199,406,0.26724804878780734,0.40087207318179097,7.400872073181791,28.741316603969445,63.857811322848924,406
inferred first interview,age 26-64 at interview 5,income/reporting at earliest observed interview,valid flags plus explicit finance-charge record,retain fifth-only panels,12 MTBI positive-total months,2683,1811,872,-60,-353,293,0.8041879736907497,1.2062819605359536,7.360416286002526,29.84586567453377,62.793718039464046,413
inferred first interview,age 26-64 at interview 5,income/reporting at earliest observed interview,valid flags; absent balance record is zero,retain fifth-only panels,12 MTBI positive-total months,2683,1811,872,-60,-353,293,0.8041879736907497,1.2062819605359536,7.360416286002526,29.84586567453377,62.793718039464046,413
inferred first interview,age 25-64 throughout observed panel,income/reporting at earliest observed interview,valid flags plus explicit finance-charge record,retain fifth-only panels,12 MTBI positive-total months,2691,1800,891,-52,-364,312,0.8348009495695624,1.2522014243542046,7.480242701825028,29.771958722529455,62.747798575645795,416
inferred first interview,age 25-64 throughout observed panel,income/reporting at earliest observed interview,valid flags; absent balance record is zero,retain fifth-only panels,12 MTBI positive-total months,2691,1800,891,-52,-364,312,0.8348009495695624,1.2522014243542046,7.480242701825028,29.771958722529455,62.747798575645795,416
fifth interview in 2001,age 25-63 at interview 5,income/reporting at earliest observed interview,valid flags plus explicit finance-charge record,exclude fifth-only panels,12 MTBI nonmissing-cost months,2451,2040,411,-292,-124,-168,1.9359098879708625,2.9038648319562554,8.58934429244369,30.314520539512642,61.096135168043745,416
fifth interview in 2001,age 25-63 at interview 5,income/reporting at earliest observed interview,valid flags plus explicit finance-charge record,exclude fifth-only panels,12 MTBI record months,2451,2040,411,-292,-124,-168,1.9359098879708625,2.9038648319562554,8.58934429244369,30.314520539512642,61.096135168043745,416
fifth interview in 2001,age 25-63 at interview 5,income/reporting at earliest observed interview,valid flags plus explicit finance-charge record,exclude fifth-only panels,FMLI interviews 2-5,2451,2040,411,-292,-124,-168,1.9359098879708625,2.9038648319562554,8.58934429244369,30.314520539512642,61.096135168043745,416
fifth interview in 2001,age 25-63 at interview 5,income/reporting at earliest observed interview,valid flags plus explicit finance-charge record,exclude fifth-only panels,consecutive FMLI interviews 2-5,2451,2040,411,-292,-124,-168,1.9359098879708625,2.9038648319562554,8.58934429244369,30.314520539512642,61.096135168043745,416
fifth interview in 2001,age 25-63 at interview 5,income/reporting at earliest observed interview,valid flags; absent balance record is zero,exclude fifth-only panels,12 MTBI nonmissing-cost months,2451,2040,411,-292,-124,-168,1.9359098879708625,2.9038648319562554,8.58934429244369,30.314520539512642,61.096135168043745,416
fifth interview in 2001,age 25-63 at interview 5,income/reporting at earliest observed interview,valid flags; absent balance record is zero,exclude fifth-only panels,12 MTBI record months,2451,2040,411,-292,-124,-168,1.9359098879708625,2.9038648319562554,8.58934429244369,30.314520539512642,61.096135168043745,416
fifth interview in 2001,age 25-63 at interview 5,income/reporting at earliest observed interview,valid flags; absent balance record is zero,exclude fifth-only panels,FMLI interviews 2-5,2451,2040,411,-292,-124,-168,1.9359098879708625,2.9038648319562554,8.58934429244369,30.314520539512642,61.096135168043745,416
fifth interview in 2001,age 25-63 at interview 5,income/reporting at earliest observed interview,valid flags; absent balance record is zero,exclude fifth-only panels,consecutive FMLI interviews 2-5,2451,2040,411,-292,-124,-168,1.9359098879708625,2.9038648319562554,8.58934429244369,30.314520539512642,61.096135168043745,416
inferred public interview 2,age 25-63 at interview 5,income/reporting at earliest observed interview,valid flags plus explicit finance-charge record,exclude fifth-only panels,12 MTBI nonmissing-cost months,2451,2040,411,-292,-124,-168,1.9359098879708625,2.9038648319562554,8.58934429244369,30.314520539512642,61.096135168043745,416
inferred public interview 2,age 25-63 at interview 5,income/reporting at earliest observed interview,valid flags plus explicit finance-charge record,exclude fifth-only panels,12 MTBI record months,2451,2040,411,-292,-124,-168,1.9359098879708625,2.9038648319562554,8.58934429244369,30.314520539512642,61.096135168043745,416
inferred public interview 2,age 25-63 at interview 5,income/reporting at earliest observed interview,valid flags plus explicit finance-charge record,exclude fifth-only panels,FMLI interviews 2-5,2451,2040,411,-292,-124,-168,1.9359098879708625,2.9038648319562554,8.58934429244369,30.314520539512642,61.096135168043745,416
inferred public interview 2,age 25-63 at interview 5,income/reporting at earliest observed interview,valid flags plus explicit finance-charge record,exclude fifth-only panels,consecutive FMLI interviews 2-5,2451,2040,411,-292,-124,-168,1.9359098879708625,2.9038648319562554,8.58934429244369,30.314520539512642,61.096135168043745,416
inferred public interview 2,age 25-63 at interview 5,income/reporting at earliest observed interview,valid flags; absent balance record is zero,exclude fifth-only panels,12 MTBI nonmissing-cost months,2451,2040,411,-292,-124,-168,1.9359098879708625,2.9038648319562554,8.58934429244369,30.314520539512642,61.096135168043745,416
inferred public interview 2,age 25-63 at interview 5,income/reporting at earliest observed interview,valid flags; absent balance record is zero,exclude fifth-only panels,12 MTBI record months,2451,2040,411,-292,-124,-168,1.9359098879708625,2.9038648319562554,8.58934429244369,30.314520539512642,61.096135168043745,416
inferred public interview 2,age 25-63 at interview 5,income/reporting at earliest observed interview,valid flags; absent balance record is zero,exclude fifth-only panels,FMLI interviews 2-5,2451,2040,411,-292,-124,-168,1.9359098879708625,2.9038648319562554,8.58934429244369,30.314520539512642,61.096135168043745,416
inferred public interview 2,age 25-63 at interview 5,income/reporting at earliest observed interview,valid flags; absent balance record is zero,exclude fifth-only panels,consecutive FMLI interviews 2-5,2451,2040,411,-292,-124,-168,1.9359098879708625,2.9038648319562554,8.58934429244369,30.314520539512642,61.096135168043745,416
inferred first interview,age 25-64 throughout observed panel,income strictly above $200/month at interview 5,valid flags plus explicit finance-charge record,retain fifth-only panels,12 MTBI positive-total months,2948,1948,1000,205,-216,421,0.31042564982393017,0.46563847473597164,7.465638474735972,28.82334647321315,63.71101505205103,421
inferred first interview,age 25-64 throughout observed panel,income strictly above $200/month at interview 5,valid flags; absent balance record is zero,retain fifth-only panels,12 MTBI positive-total months,2948,1948,1000,205,-216,421,0.31042564982393017,0.46563847473597164,7.465638474735972,28.82334647321315,63.71101505205103,421
inferred first interview,age 25-63 at interview 5,income strictly above $200/month at interview 5,valid flags plus explicit finance-charge record,retain fifth-only panels,12 MTBI positive-total months,2958,1957,1001,215,-207,422,0.3881546407985394,0.582231961197837,7.582231961197837,28.743494592366066,63.67427344643615,422
inferred first interview,age 25-63 at interview 5,income strictly above $200/month at interview 5,valid flags; absent balance record is zero,retain fifth-only panels,12 MTBI positive-total months,2958,1957,1001,215,-207,422,0.3881546407985394,0.582231961197837,7.582231961197837,28.743494592366066,63.67427344643615,422
inferred first interview,age 25-64 throughout observed panel,INCLASS complete at interview 5,valid flags plus explicit finance-charge record,retain fifth-only panels,12 MTBI positive-total months,2953,1950,1003,210,-214,424,0.2995828731571919,0.44937430973586245,7.4493743097358625,28.76055376439366,63.79007192587063,424
inferred first interview,age 25-64 throughout observed panel,INCLASS complete at interview 5,valid flags; absent balance record is zero,retain fifth-only panels,12 MTBI positive-total months,2953,1950,1003,210,-214,424,0.2995828731571919,0.44937430973586245,7.4493743097358625,28.76055376439366,63.79007192587063,424
inferred first interview,age 25-64 throughout observed panel,income/reporting at interview 5,valid flags plus explicit finance-charge record,retain fifth-only panels,12 MTBI positive-total months,2953,1950,1003,210,-214,424,0.2995828731571919,0.44937430973586245,7.4493743097358625,28.76055376439366,63.79007192587063,424
inferred first interview,age 25-64 throughout observed panel,income/reporting at interview 5,valid flags; absent balance record is zero,retain fifth-only panels,12 MTBI positive-total months,2953,1950,1003,210,-214,424,0.2995828731571919,0.44937430973586245,7.4493743097358625,28.76055376439366,63.79007192587063,424
inferred first interview,age 25-63 at interview 5,INCLASS complete at interview 5,valid flags plus explicit finance-charge record,retain fifth-only panels,12 MTBI positive-total months,2963,1959,1004,220,-205,425,0.37717914749381115,0.5657687212407465,7.5657687212407465,28.681084071150003,63.75314720760931,425
inferred first interview,age 25-63 at interview 5,INCLASS complete at interview 5,valid flags; absent balance record is zero,retain fifth-only panels,12 MTBI positive-total months,2963,1959,1004,220,-205,425,0.37717914749381115,0.5657687212407465,7.5657687212407465,28.681084071150003,63.75314720760931,425
inferred first interview,age 25-63 at interview 5,income/reporting at interview 5,valid flags plus explicit finance-charge record,retain fifth-only panels,12 MTBI positive-total months,2963,1959,1004,220,-205,425,0.37717914749381115,0.5657687212407465,7.5657687212407465,28.681084071150003,63.75314720760931,425
inferred first interview,age 25-63 at interview 5,income/reporting at interview 5,valid flags; absent balance record is zero,retain fifth-only panels,12 MTBI positive-total months,2963,1959,1004,220,-205,425,0.37717914749381115,0.5657687212407465,7.5657687212407465,28.681084071150003,63.75314720760931,425
inferred first interview,age strictly between 25 and 64 at interview 5,income/reporting at earliest observed interview,valid flags plus explicit finance-charge record,exclude fifth-only panels,12 MTBI nonmissing-cost months,2458,2022,436,-285,-142,-143,1.4456303626815332,2.1684455440222337,7.380765473939417,30.78768007008295,61.831554455977766,427
inferred first interview,age strictly between 25 and 64 at interview 5,income/reporting at earliest observed interview,valid flags plus explicit finance-charge record,exclude fifth-only panels,12 MTBI record months,2458,2022,436,-285,-142,-143,1.4456303626815332,2.1684455440222337,7.380765473939417,30.78768007008295,61.831554455977766,427
inferred first interview,age strictly between 25 and 64 at interview 5,income/reporting at earliest observed interview,valid flags plus explicit finance-charge record,exclude fifth-only panels,FMLI interviews 2-5,2458,2022,436,-285,-142,-143,1.4456303626815332,2.1684455440222337,7.380765473939417,30.78768007008295,61.831554455977766,427
inferred first interview,age strictly between 25 and 64 at interview 5,income/reporting at earliest observed interview,valid flags plus explicit finance-charge record,exclude fifth-only panels,consecutive FMLI interviews 2-5,2458,2022,436,-285,-142,-143,1.4456303626815332,2.1684455440222337,7.380765473939417,30.78768007008295,61.831554455977766,427
inferred first interview,age strictly between 25 and 64 at interview 5,income/reporting at earliest observed interview,valid flags; absent balance record is zero,exclude fifth-only panels,12 MTBI nonmissing-cost months,2458,2022,436,-285,-142,-143,1.4456303626815332,2.1684455440222337,7.380765473939417,30.78768007008295,61.831554455977766,427
inferred first interview,age strictly between 25 and 64 at interview 5,income/reporting at earliest observed interview,valid flags; absent balance record is zero,exclude fifth-only panels,12 MTBI record months,2458,2022,436,-285,-142,-143,1.4456303626815332,2.1684455440222337,7.380765473939417,30.78768007008295,61.831554455977766,427
inferred first interview,age strictly between 25 and 64 at interview 5,income/reporting at earliest observed interview,valid flags; absent balance record is zero,exclude fifth-only panels,FMLI interviews 2-5,2458,2022,436,-285,-142,-143,1.4456303626815332,2.1684455440222337,7.380765473939417,30.78768007008295,61.831554455977766,427
inferred first interview,age strictly between 25 and 64 at interview 5,income/reporting at earliest observed interview,valid flags; absent balance record is zero,exclude fifth-only panels,consecutive FMLI interviews 2-5,2458,2022,436,-285,-142,-143,1.4456303626815332,2.1684455440222337,7.380765473939417,30.78768007008295,61.831554455977766,427
fifth interview in 2001,age 25-64 throughout observed panel,income/reporting at earliest observed interview,valid flags plus explicit finance-charge record,exclude fifth-only panels,12 MTBI nonmissing-cost months,2444,2032,412,-299,-132,-167,1.9260585050098762,2.889087757514787,8.51020343822094,30.378884319293903,61.11091224248521,431
fifth interview in 2001,age 25-64 throughout observed panel,income/reporting at earliest observed interview,valid flags plus explicit finance-charge record,exclude fifth-only panels,12 MTBI record months,2444,2032,412,-299,-132,-167,1.9260585050098762,2.889087757514787,8.51020343822094,30.378884319293903,61.11091224248521,431
fifth interview in 2001,age 25-64 throughout observed panel,income/reporting at earliest observed interview,valid flags plus explicit finance-charge record,exclude fifth-only panels,FMLI interviews 2-5,2444,2032,412,-299,-132,-167,1.9260585050098762,2.889087757514787,8.51020343822094,30.378884319293903,61.11091224248521,431
fifth interview in 2001,age 25-64 throughout observed panel,income/reporting at earliest observed interview,valid flags plus explicit finance-charge record,exclude fifth-only panels,consecutive FMLI interviews 2-5,2444,2032,412,-299,-132,-167,1.9260585050098762,2.889087757514787,8.51020343822094,30.378884319293903,61.11091224248521,431
fifth interview in 2001,age 25-64 throughout observed panel,income/reporting at earliest observed interview,valid flags; absent balance record is zero,exclude fifth-only panels,12 MTBI nonmissing-cost months,2444,2032,412,-299,-132,-167,1.9260585050098762,2.889087757514787,8.51020343822094,30.378884319293903,61.11091224248521,431
fifth interview in 2001,age 25-64 throughout observed panel,income/reporting at earliest observed interview,valid flags; absent balance record is zero,exclude fifth-only panels,12 MTBI record months,2444,2032,412,-299,-132,-167,1.9260585050098762,2.889087757514787,8.51020343822094,30.378884319293903,61.11091224248521,431
fifth interview in 2001,age 25-64 throughout observed panel,income/reporting at earliest observed interview,valid flags; absent balance record is zero,exclude fifth-only panels,FMLI interviews 2-5,2444,2032,412,-299,-132,-167,1.9260585050098762,2.889087757514787,8.51020343822094,30.378884319293903,61.11091224248521,431
fifth interview in 2001,age 25-64 throughout observed panel,income/reporting at earliest observed interview,valid flags; absent balance record is zero,exclude fifth-only panels,consecutive FMLI interviews 2-5,2444,2032,412,-299,-132,-167,1.9260585050098762,2.889087757514787,8.51020343822094,30.378884319293903,61.11091224248521,431
inferred public interview 2,age 25-64 throughout observed panel,income/reporting at earliest observed interview,valid flags plus explicit finance-charge record,exclude fifth-only panels,12 MTBI nonmissing-cost months,2444,2032,412,-299,-132,-167,1.9260585050098762,2.889087757514787,8.51020343822094,30.378884319293903,61.11091224248521,431
inferred public interview 2,age 25-64 throughout observed panel,income/reporting at earliest observed interview,valid flags plus explicit finance-charge record,exclude fifth-only panels,12 MTBI record months,2444,2032,412,-299,-132,-167,1.9260585050098762,2.889087757514787,8.51020343822094,30.378884319293903,61.11091224248521,431
inferred public interview 2,age 25-64 throughout observed panel,income/reporting at earliest observed interview,valid flags plus explicit finance-charge record,exclude fifth-only panels,FMLI interviews 2-5,2444,2032,412,-299,-132,-167,1.9260585050098762,2.889087757514787,8.51020343822094,30.378884319293903,61.11091224248521,431
inferred public interview 2,age 25-64 throughout observed panel,income/reporting at earliest observed interview,valid flags plus explicit finance-charge record,exclude fifth-only panels,consecutive FMLI interviews 2-5,2444,2032,412,-299,-132,-167,1.9260585050098762,2.889087757514787,8.51020343822094,30.378884319293903,61.11091224248521,431
inferred public interview 2,age 25-64 throughout observed panel,income/reporting at earliest observed interview,valid flags; absent balance record is zero,exclude fifth-only panels,12 MTBI nonmissing-cost months,2444,2032,412,-299,-132,-167,1.9260585050098762,2.889087757514787,8.51020343822094,30.378884319293903,61.11091224248521,431
inferred public interview 2,age 25-64 throughout observed panel,income/reporting at earliest observed interview,valid flags; absent balance record is zero,exclude fifth-only panels,12 MTBI record months,2444,2032,412,-299,-132,-167,1.9260585050098762,2.889087757514787,8.51020343822094,30.378884319293903,61.11091224248521,431
inferred public interview 2,age 25-64 throughout observed panel,income/reporting at earliest observed interview,valid flags; absent balance record is zero,exclude fifth-only panels,FMLI interviews 2-5,2444,2032,412,-299,-132,-167,1.9260585050098762,2.889087757514787,8.51020343822094,30.378884319293903,61.11091224248521,431
inferred public interview 2,age 25-64 throughout observed panel,income/reporting at earliest observed interview,valid flags; absent balance record is zero,exclude fifth-only panels,consecutive FMLI interviews 2-5,2444,2032,412,-299,-132,-167,1.9260585050098762,2.889087757514787,8.51020343822094,30.378884319293903,61.11091224248521,431
inferred first interview,age 25-64 at interview 5,income strictly above $200/month at interview 5,valid flags plus explicit finance-charge record,retain fifth-only panels,12 MTBI positive-total months,3007,1993,1014,264,-171,435,0.303722764934722,0.45558414740218023,7.45558414740218,28.66834232625306,63.87607352634495,435
inferred first interview,age 25-64 at interview 5,income strictly above $200/month at interview 5,valid flags; absent balance record is zero,retain fifth-only panels,12 MTBI positive-total months,3007,1993,1014,264,-171,435,0.303722764934722,0.45558414740218023,7.45558414740218,28.66834232625306,63.87607352634495,435
inferred first interview,age 25-64 at earliest observed interview,income strictly above $200/month at interview 5,valid flags plus explicit finance-charge record,retain fifth-only panels,12 MTBI positive-total months,3014,1999,1015,271,-165,436,0.3652848170335788,0.5479272255504828,7.547927225550483,28.85505212461065,63.597020649839095,436
inferred first interview,age 25-64 at earliest observed interview,income strictly above $200/month at interview 5,valid flags; absent balance record is zero,retain fifth-only panels,12 MTBI positive-total months,3014,1999,1015,271,-165,436,0.3652848170335788,0.5479272255504828,7.547927225550483,28.85505212461065,63.597020649839095,436
inferred first interview,age 25-64 at interview 5,INCLASS complete at interview 5,valid flags plus explicit finance-charge record,retain fifth-only panels,12 MTBI positive-total months,3012,1995,1017,269,-169,438,0.2931104771270305,0.4396657156906354,7.439665715690635,28.60713249472528,63.95320178958426,438
inferred first interview,age 25-64 at interview 5,INCLASS complete at interview 5,valid flags; absent balance record is zero,retain fifth-only panels,12 MTBI positive-total months,3012,1995,1017,269,-169,438,0.2931104771270305,0.4396657156906354,7.439665715690635,28.60713249472528,63.95320178958426,438
inferred first interview,age 25-64 at interview 5,income/reporting at interview 5,valid flags plus explicit finance-charge record,retain fifth-only panels,12 MTBI positive-total months,3012,1995,1017,269,-169,438,0.2931104771270305,0.4396657156906354,7.439665715690635,28.60713249472528,63.95320178958426,438
inferred first interview,age 25-64 at interview 5,income/reporting at interview 5,valid flags; absent balance record is zero,retain fifth-only panels,12 MTBI positive-total months,3012,1995,1017,269,-169,438,0.2931104771270305,0.4396657156906354,7.439665715690635,28.60713249472528,63.95320178958426,438
inferred first interview,age 25-64 at earliest observed interview,INCLASS complete at interview 5,valid flags plus explicit finance-charge record,retain fifth-only panels,12 MTBI positive-total months,3019,2001,1018,276,-163,439,0.35456396587104216,0.5318459488066773,7.531845948806677,28.793574838886165,63.674579212307385,439
inferred first interview,age 25-64 at earliest observed interview,INCLASS complete at interview 5,valid flags; absent balance record is zero,retain fifth-only panels,12 MTBI positive-total months,3019,2001,1018,276,-163,439,0.35456396587104216,0.5318459488066773,7.531845948806677,28.793574838886165,63.674579212307385,439
inferred first interview,age 25-64 at earliest observed interview,income/reporting at interview 5,valid flags plus explicit finance-charge record,retain fifth-only panels,12 MTBI positive-total months,3019,2001,1018,276,-163,439,0.35456396587104216,0.5318459488066773,7.531845948806677,28.793574838886165,63.674579212307385,439
inferred first interview,age 25-64 at earliest observed interview,income/reporting at interview 5,valid flags; absent balance record is zero,retain fifth-only panels,12 MTBI positive-total months,3019,2001,1018,276,-163,439,0.35456396587104216,0.5318459488066773,7.531845948806677,28.793574838886165,63.674579212307385,439
earliest observed public interview,age 26-64 at interview 5,income/reporting at earliest observed interview,valid flags plus explicit finance-charge record,exclude fifth-only panels,12 MTBI nonmissing-cost months,2401,2052,349,-342,-112,-230,1.7134411583780509,2.5701617375670907,8.277208259626736,30.292953477940326,61.42983826243291,454
earliest observed public interview,age 26-64 at interview 5,income/reporting at earliest observed interview,valid flags plus explicit finance-charge record,exclude fifth-only panels,12 MTBI record months,2401,2052,349,-342,-112,-230,1.7134411583780509,2.5701617375670907,8.277208259626736,30.292953477940326,61.42983826243291,454
earliest observed public interview,age 26-64 at interview 5,income/reporting at earliest observed interview,valid flags plus explicit finance-charge record,exclude fifth-only panels,FMLI interviews 2-5,2401,2052,349,-342,-112,-230,1.7134411583780509,2.5701617375670907,8.277208259626736,30.292953477940326,61.42983826243291,454
earliest observed public interview,age 26-64 at interview 5,income/reporting at earliest observed interview,valid flags plus explicit finance-charge record,exclude fifth-only panels,consecutive FMLI interviews 2-5,2401,2052,349,-342,-112,-230,1.7134411583780509,2.5701617375670907,8.277208259626736,30.292953477940326,61.42983826243291,454
earliest observed public interview,age 26-64 at interview 5,income/reporting at earliest observed interview,valid flags; absent balance record is zero,exclude fifth-only panels,12 MTBI nonmissing-cost months,2401,2052,349,-342,-112,-230,1.7134411583780509,2.5701617375670907,8.277208259626736,30.292953477940326,61.42983826243291,454
earliest observed public interview,age 26-64 at interview 5,income/reporting at earliest observed interview,valid flags; absent balance record is zero,exclude fifth-only panels,12 MTBI record months,2401,2052,349,-342,-112,-230,1.7134411583780509,2.5701617375670907,8.277208259626736,30.292953477940326,61.42983826243291,454
earliest observed public interview,age 26-64 at interview 5,income/reporting at earliest observed interview,valid flags; absent balance record is zero,exclude fifth-only panels,FMLI interviews 2-5,2401,2052,349,-342,-112,-230,1.7134411583780509,2.5701617375670907,8.277208259626736,30.292953477940326,61.42983826243291,454
earliest observed public interview,age 26-64 at interview 5,income/reporting at earliest observed interview,valid flags; absent balance record is zero,exclude fifth-only panels,consecutive FMLI interviews 2-5,2401,2052,349,-342,-112,-230,1.7134411583780509,2.5701617375670907,8.277208259626736,30.292953477940326,61.42983826243291,454
earliest observed public interview,age strictly between 25 and 64 at interview 5,income/reporting at earliest observed interview,valid flags plus explicit finance-charge record,retain fifth-only panels,12 MTBI nonmissing-cost months,2437,2014,423,-306,-150,-156,1.6433589399061859,2.465038409859332,8.386130944949649,30.078907464909577,61.53496159014067,456
earliest observed public interview,age strictly between 25 and 64 at interview 5,income/reporting at earliest observed interview,valid flags plus explicit finance-charge record,retain fifth-only panels,12 MTBI record months,2437,2014,423,-306,-150,-156,1.6433589399061859,2.465038409859332,8.386130944949649,30.078907464909577,61.53496159014067,456
earliest observed public interview,age strictly between 25 and 64 at interview 5,income/reporting at earliest observed interview,valid flags plus explicit finance-charge record,retain fifth-only panels,FMLI interviews 2-5,2437,2014,423,-306,-150,-156,1.6433589399061859,2.465038409859332,8.386130944949649,30.078907464909577,61.53496159014067,456
earliest observed public interview,age strictly between 25 and 64 at interview 5,income/reporting at earliest observed interview,valid flags plus explicit finance-charge record,retain fifth-only panels,consecutive FMLI interviews 2-5,2437,2014,423,-306,-150,-156,1.6433589399061859,2.465038409859332,8.386130944949649,30.078907464909577,61.53496159014067,456
earliest observed public interview,age strictly between 25 and 64 at interview 5,income/reporting at earliest observed interview,valid flags; absent balance record is zero,retain fifth-only panels,12 MTBI nonmissing-cost months,2437,2014,423,-306,-150,-156,1.6433589399061859,2.465038409859332,8.386130944949649,30.078907464909577,61.53496159014067,456
earliest observed public interview,age strictly between 25 and 64 at interview 5,income/reporting at earliest observed interview,valid flags; absent balance record is zero,retain fifth-only panels,12 MTBI record months,2437,2014,423,-306,-150,-156,1.6433589399061859,2.465038409859332,8.386130944949649,30.078907464909577,61.53496159014067,456
earliest observed public interview,age strictly between 25 and 64 at interview 5,income/reporting at earliest observed interview,valid flags; absent balance record is zero,retain fifth-only panels,FMLI interviews 2-5,2437,2014,423,-306,-150,-156,1.6433589399061859,2.465038409859332,8.386130944949649,30.078907464909577,61.53496159014067,456
earliest observed public interview,age strictly between 25 and 64 at interview 5,income/reporting at earliest observed interview,valid flags; absent balance record is zero,retain fifth-only panels,consecutive FMLI interviews 2-5,2437,2014,423,-306,-150,-156,1.6433589399061859,2.465038409859332,8.386130944949649,30.078907464909577,61.53496159014067,456
fifth interview in 2001,age 26-64 at interview 5,income/reporting at earliest observed interview,valid flags plus explicit finance-charge record,retain fifth-only panels,12 MTBI positive-total months,2635,1815,820,-108,-349,241,1.4200816216597616,2.130122432489678,8.559301348754307,29.5708210837353,61.86987756751032,457
fifth interview in 2001,age 26-64 at interview 5,income/reporting at earliest observed interview,valid flags; absent balance record is zero,retain fifth-only panels,12 MTBI positive-total months,2635,1815,820,-108,-349,241,1.4200816216597616,2.130122432489678,8.559301348754307,29.5708210837353,61.86987756751032,457
inferred public interview 2,age 26-64 at interview 5,income/reporting at earliest observed interview,valid flags plus explicit finance-charge record,retain fifth-only panels,12 MTBI positive-total months,2635,1815,820,-108,-349,241,1.4200816216597616,2.130122432489678,8.559301348754307,29.5708210837353,61.86987756751032,457
inferred public interview 2,age 26-64 at interview 5,income/reporting at earliest observed interview,valid flags; absent balance record is zero,retain fifth-only panels,12 MTBI positive-total months,2635,1815,820,-108,-349,241,1.4200816216597616,2.130122432489678,8.559301348754307,29.5708210837353,61.86987756751032,457
inferred first interview,age strictly between 25 and 64 at interview 5,income/reporting throughout observed panel,valid flags plus explicit finance-charge record,retain fifth-only panels,12 MTBI nonmissing-cost months,2518,1923,595,-225,-241,16,1.0473930791658426,1.5710896187486938,7.535507238806405,30.03558237994243,62.428910381251306,466
inferred first interview,age strictly between 25 and 64 at interview 5,income/reporting throughout observed panel,valid flags plus explicit finance-charge record,retain fifth-only panels,12 MTBI record months,2518,1923,595,-225,-241,16,1.0473930791658426,1.5710896187486938,7.535507238806405,30.03558237994243,62.428910381251306,466
inferred first interview,age strictly between 25 and 64 at interview 5,income/reporting throughout observed panel,valid flags plus explicit finance-charge record,retain fifth-only panels,FMLI interviews 2-5,2518,1923,595,-225,-241,16,1.0473930791658426,1.5710896187486938,7.535507238806405,30.03558237994243,62.428910381251306,466
inferred first interview,age strictly between 25 and 64 at interview 5,income/reporting throughout observed panel,valid flags plus explicit finance-charge record,retain fifth-only panels,consecutive FMLI interviews 2-5,2518,1923,595,-225,-241,16,1.0473930791658426,1.5710896187486938,7.535507238806405,30.03558237994243,62.428910381251306,466
inferred first interview,age strictly between 25 and 64 at interview 5,income/reporting throughout observed panel,valid flags; absent balance record is zero,retain fifth-only panels,12 MTBI nonmissing-cost months,2518,1923,595,-225,-241,16,1.0473930791658426,1.5710896187486938,7.535507238806405,30.03558237994243,62.428910381251306,466
inferred first interview,age strictly between 25 and 64 at interview 5,income/reporting throughout observed panel,valid flags; absent balance record is zero,retain fifth-only panels,12 MTBI record months,2518,1923,595,-225,-241,16,1.0473930791658426,1.5710896187486938,7.535507238806405,30.03558237994243,62.428910381251306,466
inferred first interview,age strictly between 25 and 64 at interview 5,income/reporting throughout observed panel,valid flags; absent balance record is zero,retain fifth-only panels,FMLI interviews 2-5,2518,1923,595,-225,-241,16,1.0473930791658426,1.5710896187486938,7.535507238806405,30.03558237994243,62.428910381251306,466
inferred first interview,age strictly between 25 and 64 at interview 5,income/reporting throughout observed panel,valid flags; absent balance record is zero,retain fifth-only panels,consecutive FMLI interviews 2-5,2518,1923,595,-225,-241,16,1.0473930791658426,1.5710896187486938,7.535507238806405,30.03558237994243,62.428910381251306,466
fifth interview in 2001,age 25-63 at interview 5,income/reporting at earliest observed interview,valid flags plus explicit finance-charge record,retain fifth-only panels,12 MTBI positive-total months,2639,1801,838,-104,-363,259,1.5406312142457093,2.3109468213685957,8.669575461642271,29.64137135972626,61.689053178631404,467
fifth interview in 2001,age 25-63 at interview 5,income/reporting at earliest observed interview,valid flags; absent balance record is zero,retain fifth-only panels,12 MTBI positive-total months,2639,1801,838,-104,-363,259,1.5406312142457093,2.3109468213685957,8.669575461642271,29.64137135972626,61.689053178631404,467
inferred public interview 2,age 25-63 at interview 5,income/reporting at earliest observed interview,valid flags plus explicit finance-charge record,retain fifth-only panels,12 MTBI positive-total months,2639,1801,838,-104,-363,259,1.5406312142457093,2.3109468213685957,8.669575461642271,29.64137135972626,61.689053178631404,467
inferred public interview 2,age 25-63 at interview 5,income/reporting at earliest observed interview,valid flags; absent balance record is zero,retain fifth-only panels,12 MTBI positive-total months,2639,1801,838,-104,-363,259,1.5406312142457093,2.3109468213685957,8.669575461642271,29.64137135972626,61.689053178631404,467
fifth interview in 2001,age 26-64 at interview 5,income/reporting throughout observed panel,valid flags plus explicit finance-charge record,retain fifth-only panels,12 MTBI nonmissing-cost months,2495,1941,554,-248,-223,-25,1.7417931740558135,2.6126897610837005,8.593049771373376,30.019639989710363,61.3873102389163,471
fifth interview in 2001,age 26-64 at interview 5,income/reporting throughout observed panel,valid flags plus explicit finance-charge record,retain fifth-only panels,12 MTBI record months,2495,1941,554,-248,-223,-25,1.7417931740558135,2.6126897610837005,8.593049771373376,30.019639989710363,61.3873102389163,471
fifth interview in 2001,age 26-64 at interview 5,income/reporting throughout observed panel,valid flags plus explicit finance-charge record,retain fifth-only panels,FMLI interviews 2-5,2495,1941,554,-248,-223,-25,1.7417931740558135,2.6126897610837005,8.593049771373376,30.019639989710363,61.3873102389163,471
fifth interview in 2001,age 26-64 at interview 5,income/reporting throughout observed panel,valid flags plus explicit finance-charge record,retain fifth-only panels,consecutive FMLI interviews 2-5,2495,1941,554,-248,-223,-25,1.7417931740558135,2.6126897610837005,8.593049771373376,30.019639989710363,61.3873102389163,471
fifth interview in 2001,age 26-64 at interview 5,income/reporting throughout observed panel,valid flags; absent balance record is zero,retain fifth-only panels,12 MTBI nonmissing-cost months,2495,1941,554,-248,-223,-25,1.7417931740558135,2.6126897610837005,8.593049771373376,30.019639989710363,61.3873102389163,471
fifth interview in 2001,age 26-64 at interview 5,income/reporting throughout observed panel,valid flags; absent balance record is zero,retain fifth-only panels,12 MTBI record months,2495,1941,554,-248,-223,-25,1.7417931740558135,2.6126897610837005,8.593049771373376,30.019639989710363,61.3873102389163,471
fifth interview in 2001,age 26-64 at interview 5,income/reporting throughout observed panel,valid flags; absent balance record is zero,retain fifth-only panels,FMLI interviews 2-5,2495,1941,554,-248,-223,-25,1.7417931740558135,2.6126897610837005,8.593049771373376,30.019639989710363,61.3873102389163,471
fifth interview in 2001,age 26-64 at interview 5,income/reporting throughout observed panel,valid flags; absent balance record is zero,retain fifth-only panels,consecutive FMLI interviews 2-5,2495,1941,554,-248,-223,-25,1.7417931740558135,2.6126897610837005,8.593049771373376,30.019639989710363,61.3873102389163,471
inferred public interview 2,age 26-64 at interview 5,income/reporting throughout observed panel,valid flags plus explicit finance-charge record,retain fifth-only panels,12 MTBI nonmissing-cost months,2495,1941,554,-248,-223,-25,1.7417931740558135,2.6126897610837005,8.593049771373376,30.019639989710363,61.3873102389163,471
inferred public interview 2,age 26-64 at interview 5,income/reporting throughout observed panel,valid flags plus explicit finance-charge record,retain fifth-only panels,12 MTBI record months,2495,1941,554,-248,-223,-25,1.7417931740558135,2.6126897610837005,8.593049771373376,30.019639989710363,61.3873102389163,471
inferred public interview 2,age 26-64 at interview 5,income/reporting throughout observed panel,valid flags plus explicit finance-charge record,retain fifth-only panels,FMLI interviews 2-5,2495,1941,554,-248,-223,-25,1.7417931740558135,2.6126897610837005,8.593049771373376,30.019639989710363,61.3873102389163,471
inferred public interview 2,age 26-64 at interview 5,income/reporting throughout observed panel,valid flags plus explicit finance-charge record,retain fifth-only panels,consecutive FMLI interviews 2-5,2495,1941,554,-248,-223,-25,1.7417931740558135,2.6126897610837005,8.593049771373376,30.019639989710363,61.3873102389163,471
inferred public interview 2,age 26-64 at interview 5,income/reporting throughout observed panel,valid flags; absent balance record is zero,retain fifth-only panels,12 MTBI nonmissing-cost months,2495,1941,554,-248,-223,-25,1.7417931740558135,2.6126897610837005,8.593049771373376,30.019639989710363,61.3873102389163,471
inferred public interview 2,age 26-64 at interview 5,income/reporting throughout observed panel,valid flags; absent balance record is zero,retain fifth-only panels,12 MTBI record months,2495,1941,554,-248,-223,-25,1.7417931740558135,2.6126897610837005,8.593049771373376,30.019639989710363,61.3873102389163,471
inferred public interview 2,age 26-64 at interview 5,income/reporting throughout observed panel,valid flags; absent balance record is zero,retain fifth-only panels,FMLI interviews 2-5,2495,1941,554,-248,-223,-25,1.7417931740558135,2.6126897610837005,8.593049771373376,30.019639989710363,61.3873102389163,471
inferred public interview 2,age 26-64 at interview 5,income/reporting throughout observed panel,valid flags; absent balance record is zero,retain fifth-only panels,consecutive FMLI interviews 2-5,2495,1941,554,-248,-223,-25,1.7417931740558135,2.6126897610837005,8.593049771373376,30.019639989710363,61.3873102389163,471
earliest observed public interview,age 25-63 at interview 5,income/reporting at earliest observed interview,valid flags plus explicit finance-charge record,exclude fifth-only panels,12 MTBI nonmissing-cost months,2395,2040,355,-348,-124,-224,1.786259898476495,2.679389847714731,8.380588657953728,30.298801189761026,61.32061015228527,472
earliest observed public interview,age 25-63 at interview 5,income/reporting at earliest observed interview,valid flags plus explicit finance-charge record,exclude fifth-only panels,12 MTBI record months,2395,2040,355,-348,-124,-224,1.786259898476495,2.679389847714731,8.380588657953728,30.298801189761026,61.32061015228527,472
earliest observed public interview,age 25-63 at interview 5,income/reporting at earliest observed interview,valid flags plus explicit finance-charge record,exclude fifth-only panels,FMLI interviews 2-5,2395,2040,355,-348,-124,-224,1.786259898476495,2.679389847714731,8.380588657953728,30.298801189761026,61.32061015228527,472
earliest observed public interview,age 25-63 at interview 5,income/reporting at earliest observed interview,valid flags plus explicit finance-charge record,exclude fifth-only panels,consecutive FMLI interviews 2-5,2395,2040,355,-348,-124,-224,1.786259898476495,2.679389847714731,8.380588657953728,30.298801189761026,61.32061015228527,472
earliest observed public interview,age 25-63 at interview 5,income/reporting at earliest observed interview,valid flags; absent balance record is zero,exclude fifth-only panels,12 MTBI nonmissing-cost months,2395,2040,355,-348,-124,-224,1.786259898476495,2.679389847714731,8.380588657953728,30.298801189761026,61.32061015228527,472
earliest observed public interview,age 25-63 at interview 5,income/reporting at earliest observed interview,valid flags; absent balance record is zero,exclude fifth-only panels,12 MTBI record months,2395,2040,355,-348,-124,-224,1.786259898476495,2.679389847714731,8.380588657953728,30.298801189761026,61.32061015228527,472
earliest observed public interview,age 25-63 at interview 5,income/reporting at earliest observed interview,valid flags; absent balance record is zero,exclude fifth-only panels,FMLI interviews 2-5,2395,2040,355,-348,-124,-224,1.786259898476495,2.679389847714731,8.380588657953728,30.298801189761026,61.32061015228527,472
earliest observed public interview,age 25-63 at interview 5,income/reporting at earliest observed interview,valid flags; absent balance record is zero,exclude fifth-only panels,consecutive FMLI interviews 2-5,2395,2040,355,-348,-124,-224,1.786259898476495,2.679389847714731,8.380588657953728,30.298801189761026,61.32061015228527,472
fifth interview in 2001,age 25-64 throughout observed panel,income/reporting at earliest observed interview,valid flags plus explicit finance-charge record,retain fifth-only panels,12 MTBI positive-total months,2635,1799,836,-108,-365,257,1.4991370473393253,2.248705571009033,8.586121736635965,29.662583834372978,61.75129442899097,473
fifth interview in 2001,age 25-64 throughout observed panel,income/reporting at earliest observed interview,valid flags; absent balance record is zero,retain fifth-only panels,12 MTBI positive-total months,2635,1799,836,-108,-365,257,1.4991370473393253,2.248705571009033,8.586121736635965,29.662583834372978,61.75129442899097,473
inferred public interview 2,age 25-64 throughout observed panel,income/reporting at earliest observed interview,valid flags plus explicit finance-charge record,retain fifth-only panels,12 MTBI positive-total months,2635,1799,836,-108,-365,257,1.4991370473393253,2.248705571009033,8.586121736635965,29.662583834372978,61.75129442899097,473
inferred public interview 2,age 25-64 throughout observed panel,income/reporting at earliest observed interview,valid flags; absent balance record is zero,retain fifth-only panels,12 MTBI positive-total months,2635,1799,836,-108,-365,257,1.4991370473393253,2.248705571009033,8.586121736635965,29.662583834372978,61.75129442899097,473
fifth interview in 2001,age 25-63 at interview 5,income/reporting throughout observed panel,valid flags plus explicit finance-charge record,retain fifth-only panels,12 MTBI nonmissing-cost months,2498,1929,569,-245,-235,-10,1.882611196972979,2.823916795459418,8.696575752727876,30.127341042731643,61.17608320454058,480
fifth interview in 2001,age 25-63 at interview 5,income/reporting throughout observed panel,valid flags plus explicit finance-charge record,retain fifth-only panels,12 MTBI record months,2498,1929,569,-245,-235,-10,1.882611196972979,2.823916795459418,8.696575752727876,30.127341042731643,61.17608320454058,480
fifth interview in 2001,age 25-63 at interview 5,income/reporting throughout observed panel,valid flags plus explicit finance-charge record,retain fifth-only panels,FMLI interviews 2-5,2498,1929,569,-245,-235,-10,1.882611196972979,2.823916795459418,8.696575752727876,30.127341042731643,61.17608320454058,480
fifth interview in 2001,age 25-63 at interview 5,income/reporting throughout observed panel,valid flags plus explicit finance-charge record,retain fifth-only panels,consecutive FMLI interviews 2-5,2498,1929,569,-245,-235,-10,1.882611196972979,2.823916795459418,8.696575752727876,30.127341042731643,61.17608320454058,480
fifth interview in 2001,age 25-63 at interview 5,income/reporting throughout observed panel,valid flags; absent balance record is zero,retain fifth-only panels,12 MTBI nonmissing-cost months,2498,1929,569,-245,-235,-10,1.882611196972979,2.823916795459418,8.696575752727876,30.127341042731643,61.17608320454058,480
fifth interview in 2001,age 25-63 at interview 5,income/reporting throughout observed panel,valid flags; absent balance record is zero,retain fifth-only panels,12 MTBI record months,2498,1929,569,-245,-235,-10,1.882611196972979,2.823916795459418,8.696575752727876,30.127341042731643,61.17608320454058,480
fifth interview in 2001,age 25-63 at interview 5,income/reporting throughout observed panel,valid flags; absent balance record is zero,retain fifth-only panels,FMLI interviews 2-5,2498,1929,569,-245,-235,-10,1.882611196972979,2.823916795459418,8.696575752727876,30.127341042731643,61.17608320454058,480
fifth interview in 2001,age 25-63 at interview 5,income/reporting throughout observed panel,valid flags; absent balance record is zero,retain fifth-only panels,consecutive FMLI interviews 2-5,2498,1929,569,-245,-235,-10,1.882611196972979,2.823916795459418,8.696575752727876,30.127341042731643,61.17608320454058,480
inferred public interview 2,age 25-63 at interview 5,income/reporting throughout observed panel,valid flags plus explicit finance-charge record,retain fifth-only panels,12 MTBI nonmissing-cost months,2498,1929,569,-245,-235,-10,1.882611196972979,2.823916795459418,8.696575752727876,30.127341042731643,61.17608320454058,480
inferred public interview 2,age 25-63 at interview 5,income/reporting throughout observed panel,valid flags plus explicit finance-charge record,retain fifth-only panels,12 MTBI record months,2498,1929,569,-245,-235,-10,1.882611196972979,2.823916795459418,8.696575752727876,30.127341042731643,61.17608320454058,480
inferred public interview 2,age 25-63 at interview 5,income/reporting throughout observed panel,valid flags plus explicit finance-charge record,retain fifth-only panels,FMLI interviews 2-5,2498,1929,569,-245,-235,-10,1.882611196972979,2.823916795459418,8.696575752727876,30.127341042731643,61.17608320454058,480
inferred public interview 2,age 25-63 at interview 5,income/reporting throughout observed panel,valid flags plus explicit finance-charge record,retain fifth-only panels,consecutive FMLI interviews 2-5,2498,1929,569,-245,-235,-10,1.882611196972979,2.823916795459418,8.696575752727876,30.127341042731643,61.17608320454058,480
inferred public interview 2,age 25-63 at interview 5,income/reporting throughout observed panel,valid flags; absent balance record is zero,retain fifth-only panels,12 MTBI nonmissing-cost months,2498,1929,569,-245,-235,-10,1.882611196972979,2.823916795459418,8.696575752727876,30.127341042731643,61.17608320454058,480
inferred public interview 2,age 25-63 at interview 5,income/reporting throughout observed panel,valid flags; absent balance record is zero,retain fifth-only panels,12 MTBI record months,2498,1929,569,-245,-235,-10,1.882611196972979,2.823916795459418,8.696575752727876,30.127341042731643,61.17608320454058,480
inferred public interview 2,age 25-63 at interview 5,income/reporting throughout observed panel,valid flags; absent balance record is zero,retain fifth-only panels,FMLI interviews 2-5,2498,1929,569,-245,-235,-10,1.882611196972979,2.823916795459418,8.696575752727876,30.127341042731643,61.17608320454058,480
inferred public interview 2,age 25-63 at interview 5,income/reporting throughout observed panel,valid flags; absent balance record is zero,retain fifth-only panels,consecutive FMLI interviews 2-5,2498,1929,569,-245,-235,-10,1.882611196972979,2.823916795459418,8.696575752727876,30.127341042731643,61.17608320454058,480
fifth interview in 2001,age strictly between 25 and 64 at interview 5,income/reporting at earliest observed interview,valid flags plus explicit finance-charge record,exclude fifth-only panels,12 MTBI nonmissing-cost months,2412,2014,398,-331,-150,-181,1.9737231823047257,2.9605847734570787,8.613592799343367,30.34699197411373,61.03941522654292,481
fifth interview in 2001,age strictly between 25 and 64 at interview 5,income/reporting at earliest observed interview,valid flags plus explicit finance-charge record,exclude fifth-only panels,12 MTBI record months,2412,2014,398,-331,-150,-181,1.9737231823047257,2.9605847734570787,8.613592799343367,30.34699197411373,61.03941522654292,481
fifth interview in 2001,age strictly between 25 and 64 at interview 5,income/reporting at earliest observed interview,valid flags plus explicit finance-charge record,exclude fifth-only panels,FMLI interviews 2-5,2412,2014,398,-331,-150,-181,1.9737231823047257,2.9605847734570787,8.613592799343367,30.34699197411373,61.03941522654292,481
fifth interview in 2001,age strictly between 25 and 64 at interview 5,income/reporting at earliest observed interview,valid flags plus explicit finance-charge record,exclude fifth-only panels,consecutive FMLI interviews 2-5,2412,2014,398,-331,-150,-181,1.9737231823047257,2.9605847734570787,8.613592799343367,30.34699197411373,61.03941522654292,481
fifth interview in 2001,age strictly between 25 and 64 at interview 5,income/reporting at earliest observed interview,valid flags; absent balance record is zero,exclude fifth-only panels,12 MTBI nonmissing-cost months,2412,2014,398,-331,-150,-181,1.9737231823047257,2.9605847734570787,8.613592799343367,30.34699197411373,61.03941522654292,481
fifth interview in 2001,age strictly between 25 and 64 at interview 5,income/reporting at earliest observed interview,valid flags; absent balance record is zero,exclude fifth-only panels,12 MTBI record months,2412,2014,398,-331,-150,-181,1.9737231823047257,2.9605847734570787,8.613592799343367,30.34699197411373,61.03941522654292,481
fifth interview in 2001,age strictly between 25 and 64 at interview 5,income/reporting at earliest observed interview,valid flags; absent balance record is zero,exclude fifth-only panels,FMLI interviews 2-5,2412,2014,398,-331,-150,-181,1.9737231823047257,2.9605847734570787,8.613592799343367,30.34699197411373,61.03941522654292,481
fifth interview in 2001,age strictly between 25 and 64 at interview 5,income/reporting at earliest observed interview,valid flags; absent balance record is zero,exclude fifth-only panels,consecutive FMLI interviews 2-5,2412,2014,398,-331,-150,-181,1.9737231823047257,2.9605847734570787,8.613592799343367,30.34699197411373,61.03941522654292,481
inferred public interview 2,age strictly between 25 and 64 at interview 5,income/reporting at earliest observed interview,valid flags plus explicit finance-charge record,exclude fifth-only panels,12 MTBI nonmissing-cost months,2412,2014,398,-331,-150,-181,1.9737231823047257,2.9605847734570787,8.613592799343367,30.34699197411373,61.03941522654292,481
inferred public interview 2,age strictly between 25 and 64 at interview 5,income/reporting at earliest observed interview,valid flags plus explicit finance-charge record,exclude fifth-only panels,12 MTBI record months,2412,2014,398,-331,-150,-181,1.9737231823047257,2.9605847734570787,8.613592799343367,30.34699197411373,61.03941522654292,481
inferred public interview 2,age strictly between 25 and 64 at interview 5,income/reporting at earliest observed interview,valid flags plus explicit finance-charge record,exclude fifth-only panels,FMLI interviews 2-5,2412,2014,398,-331,-150,-181,1.9737231823047257,2.9605847734570787,8.613592799343367,30.34699197411373,61.03941522654292,481
inferred public interview 2,age strictly between 25 and 64 at interview 5,income/reporting at earliest observed interview,valid flags plus explicit finance-charge record,exclude fifth-only panels,consecutive FMLI interviews 2-5,2412,2014,398,-331,-150,-181,1.9737231823047257,2.9605847734570787,8.613592799343367,30.34699197411373,61.03941522654292,481
inferred public interview 2,age strictly between 25 and 64 at interview 5,income/reporting at earliest observed interview,valid flags; absent balance record is zero,exclude fifth-only panels,12 MTBI nonmissing-cost months,2412,2014,398,-331,-150,-181,1.9737231823047257,2.9605847734570787,8.613592799343367,30.34699197411373,61.03941522654292,481
inferred public interview 2,age strictly between 25 and 64 at interview 5,income/reporting at earliest observed interview,valid flags; absent balance record is zero,exclude fifth-only panels,12 MTBI record months,2412,2014,398,-331,-150,-181,1.9737231823047257,2.9605847734570787,8.613592799343367,30.34699197411373,61.03941522654292,481
inferred public interview 2,age strictly between 25 and 64 at interview 5,income/reporting at earliest observed interview,valid flags; absent balance record is zero,exclude fifth-only panels,FMLI interviews 2-5,2412,2014,398,-331,-150,-181,1.9737231823047257,2.9605847734570787,8.613592799343367,30.34699197411373,61.03941522654292,481
inferred public interview 2,age strictly between 25 and 64 at interview 5,income/reporting at earliest observed interview,valid flags; absent balance record is zero,exclude fifth-only panels,consecutive FMLI interviews 2-5,2412,2014,398,-331,-150,-181,1.9737231823047257,2.9605847734570787,8.613592799343367,30.34699197411373,61.03941522654292,481
fifth interview in 2001,age 25-64 throughout observed panel,income/reporting throughout observed panel,valid flags plus explicit finance-charge record,retain fifth-only panels,12 MTBI nonmissing-cost months,2499,1925,574,-244,-239,-5,1.775420232080896,2.6631303481213067,8.558059119050213,30.105071229071168,61.33686965187869,483
fifth interview in 2001,age 25-64 throughout observed panel,income/reporting throughout observed panel,valid flags plus explicit finance-charge record,retain fifth-only panels,12 MTBI record months,2499,1925,574,-244,-239,-5,1.775420232080896,2.6631303481213067,8.558059119050213,30.105071229071168,61.33686965187869,483
fifth interview in 2001,age 25-64 throughout observed panel,income/reporting throughout observed panel,valid flags plus explicit finance-charge record,retain fifth-only panels,FMLI interviews 2-5,2499,1925,574,-244,-239,-5,1.775420232080896,2.6631303481213067,8.558059119050213,30.105071229071168,61.33686965187869,483
fifth interview in 2001,age 25-64 throughout observed panel,income/reporting throughout observed panel,valid flags plus explicit finance-charge record,retain fifth-only panels,consecutive FMLI interviews 2-5,2499,1925,574,-244,-239,-5,1.775420232080896,2.6631303481213067,8.558059119050213,30.105071229071168,61.33686965187869,483
fifth interview in 2001,age 25-64 throughout observed panel,income/reporting throughout observed panel,valid flags; absent balance record is zero,retain fifth-only panels,12 MTBI nonmissing-cost months,2499,1925,574,-244,-239,-5,1.775420232080896,2.6631303481213067,8.558059119050213,30.105071229071168,61.33686965187869,483
fifth interview in 2001,age 25-64 throughout observed panel,income/reporting throughout observed panel,valid flags; absent balance record is zero,retain fifth-only panels,12 MTBI record months,2499,1925,574,-244,-239,-5,1.775420232080896,2.6631303481213067,8.558059119050213,30.105071229071168,61.33686965187869,483
fifth interview in 2001,age 25-64 throughout observed panel,income/reporting throughout observed panel,valid flags; absent balance record is zero,retain fifth-only panels,FMLI interviews 2-5,2499,1925,574,-244,-239,-5,1.775420232080896,2.6631303481213067,8.558059119050213,30.105071229071168,61.33686965187869,483
fifth interview in 2001,age 25-64 throughout observed panel,income/reporting throughout observed panel,valid flags; absent balance record is zero,retain fifth-only panels,consecutive FMLI interviews 2-5,2499,1925,574,-244,-239,-5,1.775420232080896,2.6631303481213067,8.558059119050213,30.105071229071168,61.33686965187869,483
inferred public interview 2,age 25-64 throughout observed panel,income/reporting throughout observed panel,valid flags plus explicit finance-charge record,retain fifth-only panels,12 MTBI nonmissing-cost months,2499,1925,574,-244,-239,-5,1.775420232080896,2.6631303481213067,8.558059119050213,30.105071229071168,61.33686965187869,483
inferred public interview 2,age 25-64 throughout observed panel,income/reporting throughout observed panel,valid flags plus explicit finance-charge record,retain fifth-only panels,12 MTBI record months,2499,1925,574,-244,-239,-5,1.775420232080896,2.6631303481213067,8.558059119050213,30.105071229071168,61.33686965187869,483
inferred public interview 2,age 25-64 throughout observed panel,income/reporting throughout observed panel,valid flags plus explicit finance-charge record,retain fifth-only panels,FMLI interviews 2-5,2499,1925,574,-244,-239,-5,1.775420232080896,2.6631303481213067,8.558059119050213,30.105071229071168,61.33686965187869,483
inferred public interview 2,age 25-64 throughout observed panel,income/reporting throughout observed panel,valid flags plus explicit finance-charge record,retain fifth-only panels,consecutive FMLI interviews 2-5,2499,1925,574,-244,-239,-5,1.775420232080896,2.6631303481213067,8.558059119050213,30.105071229071168,61.33686965187869,483
inferred public interview 2,age 25-64 throughout observed panel,income/reporting throughout observed panel,valid flags; absent balance record is zero,retain fifth-only panels,12 MTBI nonmissing-cost months,2499,1925,574,-244,-239,-5,1.775420232080896,2.6631303481213067,8.558059119050213,30.105071229071168,61.33686965187869,483
inferred public interview 2,age 25-64 throughout observed panel,income/reporting throughout observed panel,valid flags; absent balance record is zero,retain fifth-only panels,12 MTBI record months,2499,1925,574,-244,-239,-5,1.775420232080896,2.6631303481213067,8.558059119050213,30.105071229071168,61.33686965187869,483
inferred public interview 2,age 25-64 throughout observed panel,income/reporting throughout observed panel,valid flags; absent balance record is zero,retain fifth-only panels,FMLI interviews 2-5,2499,1925,574,-244,-239,-5,1.775420232080896,2.6631303481213067,8.558059119050213,30.105071229071168,61.33686965187869,483
inferred public interview 2,age 25-64 throughout observed panel,income/reporting throughout observed panel,valid flags; absent balance record is zero,retain fifth-only panels,consecutive FMLI interviews 2-5,2499,1925,574,-244,-239,-5,1.775420232080896,2.6631303481213067,8.558059119050213,30.105071229071168,61.33686965187869,483
earliest observed public interview,age 25-64 throughout observed panel,income/reporting at earliest observed interview,valid flags plus explicit finance-charge record,exclude fifth-only panels,12 MTBI nonmissing-cost months,2388,2032,356,-355,-132,-223,1.831554455597617,2.7473316833964176,8.298019141453862,30.44931254194257,61.25266831660358,487
earliest observed public interview,age 25-64 throughout observed panel,income/reporting at earliest observed interview,valid flags plus explicit finance-charge record,exclude fifth-only panels,12 MTBI record months,2388,2032,356,-355,-132,-223,1.831554455597617,2.7473316833964176,8.298019141453862,30.44931254194257,61.25266831660358,487
earliest observed public interview,age 25-64 throughout observed panel,income/reporting at earliest observed interview,valid flags plus explicit finance-charge record,exclude fifth-only panels,FMLI interviews 2-5,2388,2032,356,-355,-132,-223,1.831554455597617,2.7473316833964176,8.298019141453862,30.44931254194257,61.25266831660358,487
earliest observed public interview,age 25-64 throughout observed panel,income/reporting at earliest observed interview,valid flags plus explicit finance-charge record,exclude fifth-only panels,consecutive FMLI interviews 2-5,2388,2032,356,-355,-132,-223,1.831554455597617,2.7473316833964176,8.298019141453862,30.44931254194257,61.25266831660358,487
earliest observed public interview,age 25-64 throughout observed panel,income/reporting at earliest observed interview,valid flags; absent balance record is zero,exclude fifth-only panels,12 MTBI nonmissing-cost months,2388,2032,356,-355,-132,-223,1.831554455597617,2.7473316833964176,8.298019141453862,30.44931254194257,61.25266831660358,487
earliest observed public interview,age 25-64 throughout observed panel,income/reporting at earliest observed interview,valid flags; absent balance record is zero,exclude fifth-only panels,12 MTBI record months,2388,2032,356,-355,-132,-223,1.831554455597617,2.7473316833964176,8.298019141453862,30.44931254194257,61.25266831660358,487
earliest observed public interview,age 25-64 throughout observed panel,income/reporting at earliest observed interview,valid flags; absent balance record is zero,exclude fifth-only panels,FMLI interviews 2-5,2388,2032,356,-355,-132,-223,1.831554455597617,2.7473316833964176,8.298019141453862,30.44931254194257,61.25266831660358,487
earliest observed public interview,age 25-64 throughout observed panel,income/reporting at earliest observed interview,valid flags; absent balance record is zero,exclude fifth-only panels,consecutive FMLI interviews 2-5,2388,2032,356,-355,-132,-223,1.831554455597617,2.7473316833964176,8.298019141453862,30.44931254194257,61.25266831660358,487
inferred first interview,age strictly between 25 and 64 at interview 5,income/reporting at earliest observed interview,valid flags plus explicit finance-charge record,retain fifth-only panels,12 MTBI positive-total months,2640,1778,862,-103,-386,283,0.9233522373080577,1.3850283559619427,7.459872048696909,29.925156307265322,62.61497164403806,489
inferred first interview,age strictly between 25 and 64 at interview 5,income/reporting at earliest observed interview,valid flags; absent balance record is zero,retain fifth-only panels,12 MTBI positive-total months,2640,1778,862,-103,-386,283,0.9233522373080577,1.3850283559619427,7.459872048696909,29.925156307265322,62.61497164403806,489
inferred first interview,age 25-64 at earliest observed interview,income/reporting throughout observed panel,valid flags plus explicit finance-charge record,exclude fifth-only panels,12 MTBI nonmissing-cost months,2427,1989,438,-316,-175,-141,1.6135168301335625,2.420275245200287,7.49324877039226,30.92702647480814,61.57972475479971,491
inferred first interview,age 25-64 at earliest observed interview,income/reporting throughout observed panel,valid flags plus explicit finance-charge record,exclude fifth-only panels,12 MTBI record months,2427,1989,438,-316,-175,-141,1.6135168301335625,2.420275245200287,7.49324877039226,30.92702647480814,61.57972475479971,491
inferred first interview,age 25-64 at earliest observed interview,income/reporting throughout observed panel,valid flags plus explicit finance-charge record,exclude fifth-only panels,FMLI interviews 2-5,2427,1989,438,-316,-175,-141,1.6135168301335625,2.420275245200287,7.49324877039226,30.92702647480814,61.57972475479971,491
inferred first interview,age 25-64 at earliest observed interview,income/reporting throughout observed panel,valid flags plus explicit finance-charge record,exclude fifth-only panels,consecutive FMLI interviews 2-5,2427,1989,438,-316,-175,-141,1.6135168301335625,2.420275245200287,7.49324877039226,30.92702647480814,61.57972475479971,491
inferred first interview,age 25-64 at earliest observed interview,income/reporting throughout observed panel,valid flags; absent balance record is zero,exclude fifth-only panels,12 MTBI nonmissing-cost months,2427,1989,438,-316,-175,-141,1.6135168301335625,2.420275245200287,7.49324877039226,30.92702647480814,61.57972475479971,491
inferred first interview,age 25-64 at earliest observed interview,income/reporting throughout observed panel,valid flags; absent balance record is zero,exclude fifth-only panels,12 MTBI record months,2427,1989,438,-316,-175,-141,1.6135168301335625,2.420275245200287,7.49324877039226,30.92702647480814,61.57972475479971,491
inferred first interview,age 25-64 at earliest observed interview,income/reporting throughout observed panel,valid flags; absent balance record is zero,exclude fifth-only panels,FMLI interviews 2-5,2427,1989,438,-316,-175,-141,1.6135168301335625,2.420275245200287,7.49324877039226,30.92702647480814,61.57972475479971,491
inferred first interview,age 25-64 at earliest observed interview,income/reporting throughout observed panel,valid flags; absent balance record is zero,exclude fifth-only panels,consecutive FMLI interviews 2-5,2427,1989,438,-316,-175,-141,1.6135168301335625,2.420275245200287,7.49324877039226,30.92702647480814,61.57972475479971,491
inferred first interview,age 25-64 at interview 5,income/reporting throughout observed panel,valid flags plus explicit finance-charge record,exclude fifth-only panels,12 MTBI nonmissing-cost months,2420,1986,434,-323,-178,-145,1.3910227955165972,2.086534193274872,7.343807914269201,30.74272627900572,61.91346580672513,501
inferred first interview,age 25-64 at interview 5,income/reporting throughout observed panel,valid flags plus explicit finance-charge record,exclude fifth-only panels,12 MTBI record months,2420,1986,434,-323,-178,-145,1.3910227955165972,2.086534193274872,7.343807914269201,30.74272627900572,61.91346580672513,501
inferred first interview,age 25-64 at interview 5,income/reporting throughout observed panel,valid flags plus explicit finance-charge record,exclude fifth-only panels,FMLI interviews 2-5,2420,1986,434,-323,-178,-145,1.3910227955165972,2.086534193274872,7.343807914269201,30.74272627900572,61.91346580672513,501
inferred first interview,age 25-64 at interview 5,income/reporting throughout observed panel,valid flags plus explicit finance-charge record,exclude fifth-only panels,consecutive FMLI interviews 2-5,2420,1986,434,-323,-178,-145,1.3910227955165972,2.086534193274872,7.343807914269201,30.74272627900572,61.91346580672513,501
inferred first interview,age 25-64 at interview 5,income/reporting throughout observed panel,valid flags; absent balance record is zero,exclude fifth-only panels,12 MTBI nonmissing-cost months,2420,1986,434,-323,-178,-145,1.3910227955165972,2.086534193274872,7.343807914269201,30.74272627900572,61.91346580672513,501
inferred first interview,age 25-64 at interview 5,income/reporting throughout observed panel,valid flags; absent balance record is zero,exclude fifth-only panels,12 MTBI record months,2420,1986,434,-323,-178,-145,1.3910227955165972,2.086534193274872,7.343807914269201,30.74272627900572,61.91346580672513,501
inferred first interview,age 25-64 at interview 5,income/reporting throughout observed panel,valid flags; absent balance record is zero,exclude fifth-only panels,FMLI interviews 2-5,2420,1986,434,-323,-178,-145,1.3910227955165972,2.086534193274872,7.343807914269201,30.74272627900572,61.91346580672513,501
inferred first interview,age 25-64 at interview 5,income/reporting throughout observed panel,valid flags; absent balance record is zero,exclude fifth-only panels,consecutive FMLI interviews 2-5,2420,1986,434,-323,-178,-145,1.3910227955165972,2.086534193274872,7.343807914269201,30.74272627900572,61.91346580672513,501
inferred first interview,age 25-64 at earliest observed interview,income/reporting at earliest observed interview,valid flags plus explicit finance-charge record,exclude fifth-only panels,12 MTBI positive-total months,2552,1839,713,-191,-325,134,1.4464252933392718,2.169637940008819,7.4865049273098805,30.683133012699116,61.83036205999118,516
inferred first interview,age 25-64 at earliest observed interview,income/reporting at earliest observed interview,valid flags; absent balance record is zero,exclude fifth-only panels,12 MTBI positive-total months,2552,1839,713,-191,-325,134,1.4464252933392718,2.169637940008819,7.4865049273098805,30.683133012699116,61.83036205999118,516
inferred first interview,age 25-64 at interview 5,income/reporting at earliest observed interview,valid flags plus explicit finance-charge record,exclude fifth-only panels,12 MTBI positive-total months,2549,1838,711,-194,-326,132,1.272850839473522,1.9092762592101948,7.327259213376695,30.582017045833677,62.090723740789805,520
inferred first interview,age 25-64 at interview 5,income/reporting at earliest observed interview,valid flags; absent balance record is zero,exclude fifth-only panels,12 MTBI positive-total months,2549,1838,711,-194,-326,132,1.272850839473522,1.9092762592101948,7.327259213376695,30.582017045833677,62.090723740789805,520
inferred first interview,age 25-64 at earliest observed interview,income/reporting throughout observed panel,valid flags plus explicit finance-charge record,retain fifth-only panels,12 MTBI positive-total months,2622,1754,868,-121,-410,289,1.0345909759924012,1.5518864639884669,7.605189499837259,29.946696964151478,62.44811353601153,531
inferred first interview,age 25-64 at earliest observed interview,income/reporting throughout observed panel,valid flags; absent balance record is zero,retain fifth-only panels,12 MTBI positive-total months,2622,1754,868,-121,-410,289,1.0345909759924012,1.5518864639884669,7.605189499837259,29.946696964151478,62.44811353601153,531
earliest observed public interview,age strictly between 25 and 64 at interview 5,income/reporting at earliest observed interview,valid flags plus explicit finance-charge record,exclude fifth-only panels,12 MTBI nonmissing-cost months,2358,2014,344,-385,-150,-235,1.8639058201851586,2.795858730277736,8.40450776082399,30.39135096945375,61.204141269722264,535
earliest observed public interview,age strictly between 25 and 64 at interview 5,income/reporting at earliest observed interview,valid flags plus explicit finance-charge record,exclude fifth-only panels,12 MTBI record months,2358,2014,344,-385,-150,-235,1.8639058201851586,2.795858730277736,8.40450776082399,30.39135096945375,61.204141269722264,535
earliest observed public interview,age strictly between 25 and 64 at interview 5,income/reporting at earliest observed interview,valid flags plus explicit finance-charge record,exclude fifth-only panels,FMLI interviews 2-5,2358,2014,344,-385,-150,-235,1.8639058201851586,2.795858730277736,8.40450776082399,30.39135096945375,61.204141269722264,535
earliest observed public interview,age strictly between 25 and 64 at interview 5,income/reporting at earliest observed interview,valid flags plus explicit finance-charge record,exclude fifth-only panels,consecutive FMLI interviews 2-5,2358,2014,344,-385,-150,-235,1.8639058201851586,2.795858730277736,8.40450776082399,30.39135096945375,61.204141269722264,535
earliest observed public interview,age strictly between 25 and 64 at interview 5,income/reporting at earliest observed interview,valid flags; absent balance record is zero,exclude fifth-only panels,12 MTBI nonmissing-cost months,2358,2014,344,-385,-150,-235,1.8639058201851586,2.795858730277736,8.40450776082399,30.39135096945375,61.204141269722264,535
earliest observed public interview,age strictly between 25 and 64 at interview 5,income/reporting at earliest observed interview,valid flags; absent balance record is zero,exclude fifth-only panels,12 MTBI record months,2358,2014,344,-385,-150,-235,1.8639058201851586,2.795858730277736,8.40450776082399,30.39135096945375,61.204141269722264,535
earliest observed public interview,age strictly between 25 and 64 at interview 5,income/reporting at earliest observed interview,valid flags; absent balance record is zero,exclude fifth-only panels,FMLI interviews 2-5,2358,2014,344,-385,-150,-235,1.8639058201851586,2.795858730277736,8.40450776082399,30.39135096945375,61.204141269722264,535
earliest observed public interview,age strictly between 25 and 64 at interview 5,income/reporting at earliest observed interview,valid flags; absent balance record is zero,exclude fifth-only panels,consecutive FMLI interviews 2-5,2358,2014,344,-385,-150,-235,1.8639058201851586,2.795858730277736,8.40450776082399,30.39135096945375,61.204141269722264,535
earliest observed public interview,age 25-64 at earliest observed interview,income/reporting at earliest observed interview,valid flags plus explicit finance-charge record,retain fifth-only panels,12 MTBI positive-total months,2530,1839,691,-213,-325,112,1.5220317466029212,2.283047619904366,8.36721366363333,29.91583395627107,61.716952380095634,538
earliest observed public interview,age 25-64 at earliest observed interview,income/reporting at earliest observed interview,valid flags; absent balance record is zero,retain fifth-only panels,12 MTBI positive-total months,2530,1839,691,-213,-325,112,1.5220317466029212,2.283047619904366,8.36721366363333,29.91583395627107,61.716952380095634,538
fifth interview in 2001,age strictly between 25 and 64 at interview 5,income/reporting at earliest observed interview,valid flags plus explicit finance-charge record,retain fifth-only panels,12 MTBI positive-total months,2589,1780,809,-154,-384,230,1.608771392985597,2.4131570894784247,8.690583741285119,29.722573348193247,61.586842910521575,538
fifth interview in 2001,age strictly between 25 and 64 at interview 5,income/reporting at earliest observed interview,valid flags; absent balance record is zero,retain fifth-only panels,12 MTBI positive-total months,2589,1780,809,-154,-384,230,1.608771392985597,2.4131570894784247,8.690583741285119,29.722573348193247,61.586842910521575,538
inferred public interview 2,age strictly between 25 and 64 at interview 5,income/reporting at earliest observed interview,valid flags plus explicit finance-charge record,retain fifth-only panels,12 MTBI positive-total months,2589,1780,809,-154,-384,230,1.608771392985597,2.4131570894784247,8.690583741285119,29.722573348193247,61.586842910521575,538
inferred public interview 2,age strictly between 25 and 64 at interview 5,income/reporting at earliest observed interview,valid flags; absent balance record is zero,retain fifth-only panels,12 MTBI positive-total months,2589,1780,809,-154,-384,230,1.608771392985597,2.4131570894784247,8.690583741285119,29.722573348193247,61.586842910521575,538
inferred first interview,age 25-64 at interview 5,income/reporting throughout observed panel,valid flags plus explicit finance-charge record,retain fifth-only panels,12 MTBI positive-total months,2615,1749,866,-128,-415,287,0.8277525341449262,1.2416288012172743,7.467949786993969,29.773679014223536,62.758371198782726,543
inferred first interview,age 25-64 at interview 5,income/reporting throughout observed panel,valid flags; absent balance record is zero,retain fifth-only panels,12 MTBI positive-total months,2615,1749,866,-128,-415,287,0.8277525341449262,1.2416288012172743,7.467949786993969,29.773679014223536,62.758371198782726,543
earliest observed public interview,age 25-64 at interview 5,income/reporting at earliest observed interview,valid flags plus explicit finance-charge record,retain fifth-only panels,12 MTBI positive-total months,2525,1836,689,-218,-328,110,1.4459288716800138,2.1688933075200296,8.30441926964481,29.8644740378752,61.83110669247997,546
earliest observed public interview,age 25-64 at interview 5,income/reporting at earliest observed interview,valid flags; absent balance record is zero,retain fifth-only panels,12 MTBI positive-total months,2525,1836,689,-218,-328,110,1.4459288716800138,2.1688933075200296,8.30441926964481,29.8644740378752,61.83110669247997,546
earliest observed public interview,age 25-64 at earliest observed interview,income/reporting throughout observed panel,valid flags plus explicit finance-charge record,retain fifth-only panels,12 MTBI nonmissing-cost months,2391,1968,423,-352,-196,-156,1.9095761245556773,2.864364186833484,8.321475049372328,30.54288913746122,61.135635813166516,548
earliest observed public interview,age 25-64 at earliest observed interview,income/reporting throughout observed panel,valid flags plus explicit finance-charge record,retain fifth-only panels,12 MTBI record months,2391,1968,423,-352,-196,-156,1.9095761245556773,2.864364186833484,8.321475049372328,30.54288913746122,61.135635813166516,548
earliest observed public interview,age 25-64 at earliest observed interview,income/reporting throughout observed panel,valid flags plus explicit finance-charge record,retain fifth-only panels,FMLI interviews 2-5,2391,1968,423,-352,-196,-156,1.9095761245556773,2.864364186833484,8.321475049372328,30.54288913746122,61.135635813166516,548
earliest observed public interview,age 25-64 at earliest observed interview,income/reporting throughout observed panel,valid flags plus explicit finance-charge record,retain fifth-only panels,consecutive FMLI interviews 2-5,2391,1968,423,-352,-196,-156,1.9095761245556773,2.864364186833484,8.321475049372328,30.54288913746122,61.135635813166516,548
earliest observed public interview,age 25-64 at earliest observed interview,income/reporting throughout observed panel,valid flags; absent balance record is zero,retain fifth-only panels,12 MTBI nonmissing-cost months,2391,1968,423,-352,-196,-156,1.9095761245556773,2.864364186833484,8.321475049372328,30.54288913746122,61.135635813166516,548
earliest observed public interview,age 25-64 at earliest observed interview,income/reporting throughout observed panel,valid flags; absent balance record is zero,retain fifth-only panels,12 MTBI record months,2391,1968,423,-352,-196,-156,1.9095761245556773,2.864364186833484,8.321475049372328,30.54288913746122,61.135635813166516,548
earliest observed public interview,age 25-64 at earliest observed interview,income/reporting throughout observed panel,valid flags; absent balance record is zero,retain fifth-only panels,FMLI interviews 2-5,2391,1968,423,-352,-196,-156,1.9095761245556773,2.864364186833484,8.321475049372328,30.54288913746122,61.135635813166516,548
earliest observed public interview,age 25-64 at earliest observed interview,income/reporting throughout observed panel,valid flags; absent balance record is zero,retain fifth-only panels,consecutive FMLI interviews 2-5,2391,1968,423,-352,-196,-156,1.9095761245556773,2.864364186833484,8.321475049372328,30.54288913746122,61.135635813166516,548
fifth interview in 2001,age strictly between 25 and 64 at interview 5,income/reporting throughout observed panel,valid flags plus explicit finance-charge record,retain fifth-only panels,12 MTBI nonmissing-cost months,2451,1905,546,-292,-259,-33,1.9802609860612008,2.9703914790917736,8.754814299353471,30.215577179738357,61.029608520908226,551
fifth interview in 2001,age strictly between 25 and 64 at interview 5,income/reporting throughout observed panel,valid flags plus explicit finance-charge record,retain fifth-only panels,12 MTBI record months,2451,1905,546,-292,-259,-33,1.9802609860612008,2.9703914790917736,8.754814299353471,30.215577179738357,61.029608520908226,551
fifth interview in 2001,age strictly between 25 and 64 at interview 5,income/reporting throughout observed panel,valid flags plus explicit finance-charge record,retain fifth-only panels,FMLI interviews 2-5,2451,1905,546,-292,-259,-33,1.9802609860612008,2.9703914790917736,8.754814299353471,30.215577179738357,61.029608520908226,551
fifth interview in 2001,age strictly between 25 and 64 at interview 5,income/reporting throughout observed panel,valid flags plus explicit finance-charge record,retain fifth-only panels,consecutive FMLI interviews 2-5,2451,1905,546,-292,-259,-33,1.9802609860612008,2.9703914790917736,8.754814299353471,30.215577179738357,61.029608520908226,551
fifth interview in 2001,age strictly between 25 and 64 at interview 5,income/reporting throughout observed panel,valid flags; absent balance record is zero,retain fifth-only panels,12 MTBI nonmissing-cost months,2451,1905,546,-292,-259,-33,1.9802609860612008,2.9703914790917736,8.754814299353471,30.215577179738357,61.029608520908226,551
fifth interview in 2001,age strictly between 25 and 64 at interview 5,income/reporting throughout observed panel,valid flags; absent balance record is zero,retain fifth-only panels,12 MTBI record months,2451,1905,546,-292,-259,-33,1.9802609860612008,2.9703914790917736,8.754814299353471,30.215577179738357,61.029608520908226,551
fifth interview in 2001,age strictly between 25 and 64 at interview 5,income/reporting throughout observed panel,valid flags; absent balance record is zero,retain fifth-only panels,FMLI interviews 2-5,2451,1905,546,-292,-259,-33,1.9802609860612008,2.9703914790917736,8.754814299353471,30.215577179738357,61.029608520908226,551
fifth interview in 2001,age strictly between 25 and 64 at interview 5,income/reporting throughout observed panel,valid flags; absent balance record is zero,retain fifth-only panels,consecutive FMLI interviews 2-5,2451,1905,546,-292,-259,-33,1.9802609860612008,2.9703914790917736,8.754814299353471,30.215577179738357,61.029608520908226,551
inferred public interview 2,age strictly between 25 and 64 at interview 5,income/reporting throughout observed panel,valid flags plus explicit finance-charge record,retain fifth-only panels,12 MTBI nonmissing-cost months,2451,1905,546,-292,-259,-33,1.9802609860612008,2.9703914790917736,8.754814299353471,30.215577179738357,61.029608520908226,551
inferred public interview 2,age strictly between 25 and 64 at interview 5,income/reporting throughout observed panel,valid flags plus explicit finance-charge record,retain fifth-only panels,12 MTBI record months,2451,1905,546,-292,-259,-33,1.9802609860612008,2.9703914790917736,8.754814299353471,30.215577179738357,61.029608520908226,551
inferred public interview 2,age strictly between 25 and 64 at interview 5,income/reporting throughout observed panel,valid flags plus explicit finance-charge record,retain fifth-only panels,FMLI interviews 2-5,2451,1905,546,-292,-259,-33,1.9802609860612008,2.9703914790917736,8.754814299353471,30.215577179738357,61.029608520908226,551
inferred public interview 2,age strictly between 25 and 64 at interview 5,income/reporting throughout observed panel,valid flags plus explicit finance-charge record,retain fifth-only panels,consecutive FMLI interviews 2-5,2451,1905,546,-292,-259,-33,1.9802609860612008,2.9703914790917736,8.754814299353471,30.215577179738357,61.029608520908226,551
inferred public interview 2,age strictly between 25 and 64 at interview 5,income/reporting throughout observed panel,valid flags; absent balance record is zero,retain fifth-only panels,12 MTBI nonmissing-cost months,2451,1905,546,-292,-259,-33,1.9802609860612008,2.9703914790917736,8.754814299353471,30.215577179738357,61.029608520908226,551
inferred public interview 2,age strictly between 25 and 64 at interview 5,income/reporting throughout observed panel,valid flags; absent balance record is zero,retain fifth-only panels,12 MTBI record months,2451,1905,546,-292,-259,-33,1.9802609860612008,2.9703914790917736,8.754814299353471,30.215577179738357,61.029608520908226,551
inferred public interview 2,age strictly between 25 and 64 at interview 5,income/reporting throughout observed panel,valid flags; absent balance record is zero,retain fifth-only panels,FMLI interviews 2-5,2451,1905,546,-292,-259,-33,1.9802609860612008,2.9703914790917736,8.754814299353471,30.215577179738357,61.029608520908226,551
inferred public interview 2,age strictly between 25 and 64 at interview 5,income/reporting throughout observed panel,valid flags; absent balance record is zero,retain fifth-only panels,consecutive FMLI interviews 2-5,2451,1905,546,-292,-259,-33,1.9802609860612008,2.9703914790917736,8.754814299353471,30.215577179738357,61.029608520908226,551
earliest observed public interview,age 25-64 at interview 5,income/reporting throughout observed panel,valid flags plus explicit finance-charge record,retain fifth-only panels,12 MTBI nonmissing-cost months,2383,1965,418,-360,-199,-161,1.8113923158457048,2.717088473768534,8.267132354503186,30.449956119265394,61.282911526231466,559
earliest observed public interview,age 25-64 at interview 5,income/reporting throughout observed panel,valid flags plus explicit finance-charge record,retain fifth-only panels,12 MTBI record months,2383,1965,418,-360,-199,-161,1.8113923158457048,2.717088473768534,8.267132354503186,30.449956119265394,61.282911526231466,559
earliest observed public interview,age 25-64 at interview 5,income/reporting throughout observed panel,valid flags plus explicit finance-charge record,retain fifth-only panels,FMLI interviews 2-5,2383,1965,418,-360,-199,-161,1.8113923158457048,2.717088473768534,8.267132354503186,30.449956119265394,61.282911526231466,559
earliest observed public interview,age 25-64 at interview 5,income/reporting throughout observed panel,valid flags plus explicit finance-charge record,retain fifth-only panels,consecutive FMLI interviews 2-5,2383,1965,418,-360,-199,-161,1.8113923158457048,2.717088473768534,8.267132354503186,30.449956119265394,61.282911526231466,559
earliest observed public interview,age 25-64 at interview 5,income/reporting throughout observed panel,valid flags; absent balance record is zero,retain fifth-only panels,12 MTBI nonmissing-cost months,2383,1965,418,-360,-199,-161,1.8113923158457048,2.717088473768534,8.267132354503186,30.449956119265394,61.282911526231466,559
earliest observed public interview,age 25-64 at interview 5,income/reporting throughout observed panel,valid flags; absent balance record is zero,retain fifth-only panels,12 MTBI record months,2383,1965,418,-360,-199,-161,1.8113923158457048,2.717088473768534,8.267132354503186,30.449956119265394,61.282911526231466,559
earliest observed public interview,age 25-64 at interview 5,income/reporting throughout observed panel,valid flags; absent balance record is zero,retain fifth-only panels,FMLI interviews 2-5,2383,1965,418,-360,-199,-161,1.8113923158457048,2.717088473768534,8.267132354503186,30.449956119265394,61.282911526231466,559
earliest observed public interview,age 25-64 at interview 5,income/reporting throughout observed panel,valid flags; absent balance record is zero,retain fifth-only panels,consecutive FMLI interviews 2-5,2383,1965,418,-360,-199,-161,1.8113923158457048,2.717088473768534,8.267132354503186,30.449956119265394,61.282911526231466,559
fifth interview in 2001,age 25-64 at earliest observed interview,income/reporting at earliest observed interview,valid flags plus explicit finance-charge record,exclude fifth-only panels,12 MTBI positive-total months,2501,1839,662,-242,-325,83,1.8380543323039447,2.7570814984559036,8.557949753987257,30.199131744468673,61.242918501544096,567
fifth interview in 2001,age 25-64 at earliest observed interview,income/reporting at earliest observed interview,valid flags; absent balance record is zero,exclude fifth-only panels,12 MTBI positive-total months,2501,1839,662,-242,-325,83,1.8380543323039447,2.7570814984559036,8.557949753987257,30.199131744468673,61.242918501544096,567
inferred public interview 2,age 25-64 at earliest observed interview,income/reporting at earliest observed interview,valid flags plus explicit finance-charge record,exclude fifth-only panels,12 MTBI positive-total months,2501,1839,662,-242,-325,83,1.8380543323039447,2.7570814984559036,8.557949753987257,30.199131744468673,61.242918501544096,567
inferred public interview 2,age 25-64 at earliest observed interview,income/reporting at earliest observed interview,valid flags; absent balance record is zero,exclude fifth-only panels,12 MTBI positive-total months,2501,1839,662,-242,-325,83,1.8380543323039447,2.7570814984559036,8.557949753987257,30.199131744468673,61.242918501544096,567
inferred first interview,age 26-64 at interview 5,income/reporting throughout observed panel,valid flags plus explicit finance-charge record,exclude fifth-only panels,12 MTBI nonmissing-cost months,2376,1957,419,-367,-207,-160,1.4365884237330704,2.1548826355995843,7.323904756586064,30.830977879013563,61.845117364400416,574
inferred first interview,age 26-64 at interview 5,income/reporting throughout observed panel,valid flags plus explicit finance-charge record,exclude fifth-only panels,12 MTBI record months,2376,1957,419,-367,-207,-160,1.4365884237330704,2.1548826355995843,7.323904756586064,30.830977879013563,61.845117364400416,574
inferred first interview,age 26-64 at interview 5,income/reporting throughout observed panel,valid flags plus explicit finance-charge record,exclude fifth-only panels,FMLI interviews 2-5,2376,1957,419,-367,-207,-160,1.4365884237330704,2.1548826355995843,7.323904756586064,30.830977879013563,61.845117364400416,574
inferred first interview,age 26-64 at interview 5,income/reporting throughout observed panel,valid flags plus explicit finance-charge record,exclude fifth-only panels,consecutive FMLI interviews 2-5,2376,1957,419,-367,-207,-160,1.4365884237330704,2.1548826355995843,7.323904756586064,30.830977879013563,61.845117364400416,574
inferred first interview,age 26-64 at interview 5,income/reporting throughout observed panel,valid flags; absent balance record is zero,exclude fifth-only panels,12 MTBI nonmissing-cost months,2376,1957,419,-367,-207,-160,1.4365884237330704,2.1548826355995843,7.323904756586064,30.830977879013563,61.845117364400416,574
inferred first interview,age 26-64 at interview 5,income/reporting throughout observed panel,valid flags; absent balance record is zero,exclude fifth-only panels,12 MTBI record months,2376,1957,419,-367,-207,-160,1.4365884237330704,2.1548826355995843,7.323904756586064,30.830977879013563,61.845117364400416,574
inferred first interview,age 26-64 at interview 5,income/reporting throughout observed panel,valid flags; absent balance record is zero,exclude fifth-only panels,FMLI interviews 2-5,2376,1957,419,-367,-207,-160,1.4365884237330704,2.1548826355995843,7.323904756586064,30.830977879013563,61.845117364400416,574
inferred first interview,age 26-64 at interview 5,income/reporting throughout observed panel,valid flags; absent balance record is zero,exclude fifth-only panels,consecutive FMLI interviews 2-5,2376,1957,419,-367,-207,-160,1.4365884237330704,2.1548826355995843,7.323904756586064,30.830977879013563,61.845117364400416,574
inferred first interview,age 25-63 at interview 5,income/reporting throughout observed panel,valid flags plus explicit finance-charge record,exclude fifth-only panels,12 MTBI nonmissing-cost months,2380,1952,428,-363,-212,-151,1.5601348392185628,2.340202258827837,7.47633765297423,30.86386460585362,61.65979774117216,575
inferred first interview,age 25-63 at interview 5,income/reporting throughout observed panel,valid flags plus explicit finance-charge record,exclude fifth-only panels,12 MTBI record months,2380,1952,428,-363,-212,-151,1.5601348392185628,2.340202258827837,7.47633765297423,30.86386460585362,61.65979774117216,575
inferred first interview,age 25-63 at interview 5,income/reporting throughout observed panel,valid flags plus explicit finance-charge record,exclude fifth-only panels,FMLI interviews 2-5,2380,1952,428,-363,-212,-151,1.5601348392185628,2.340202258827837,7.47633765297423,30.86386460585362,61.65979774117216,575
inferred first interview,age 25-63 at interview 5,income/reporting throughout observed panel,valid flags plus explicit finance-charge record,exclude fifth-only panels,consecutive FMLI interviews 2-5,2380,1952,428,-363,-212,-151,1.5601348392185628,2.340202258827837,7.47633765297423,30.86386460585362,61.65979774117216,575
inferred first interview,age 25-63 at interview 5,income/reporting throughout observed panel,valid flags; absent balance record is zero,exclude fifth-only panels,12 MTBI nonmissing-cost months,2380,1952,428,-363,-212,-151,1.5601348392185628,2.340202258827837,7.47633765297423,30.86386460585362,61.65979774117216,575
inferred first interview,age 25-63 at interview 5,income/reporting throughout observed panel,valid flags; absent balance record is zero,exclude fifth-only panels,12 MTBI record months,2380,1952,428,-363,-212,-151,1.5601348392185628,2.340202258827837,7.47633765297423,30.86386460585362,61.65979774117216,575
inferred first interview,age 25-63 at interview 5,income/reporting throughout observed panel,valid flags; absent balance record is zero,exclude fifth-only panels,FMLI interviews 2-5,2380,1952,428,-363,-212,-151,1.5601348392185628,2.340202258827837,7.47633765297423,30.86386460585362,61.65979774117216,575
inferred first interview,age 25-63 at interview 5,income/reporting throughout observed panel,valid flags; absent balance record is zero,exclude fifth-only panels,consecutive FMLI interviews 2-5,2380,1952,428,-363,-212,-151,1.5601348392185628,2.340202258827837,7.47633765297423,30.86386460585362,61.65979774117216,575
fifth interview in 2001,age 25-64 at interview 5,income/reporting at earliest observed interview,valid flags plus explicit finance-charge record,exclude fifth-only panels,12 MTBI positive-total months,2494,1836,658,-249,-328,79,1.7629954721538728,2.6444932082308057,8.463193656362876,30.181299551867937,61.355506791769194,577
fifth interview in 2001,age 25-64 at interview 5,income/reporting at earliest observed interview,valid flags; absent balance record is zero,exclude fifth-only panels,12 MTBI positive-total months,2494,1836,658,-249,-328,79,1.7629954721538728,2.6444932082308057,8.463193656362876,30.181299551867937,61.355506791769194,577
inferred public interview 2,age 25-64 at interview 5,income/reporting at earliest observed interview,valid flags plus explicit finance-charge record,exclude fifth-only panels,12 MTBI positive-total months,2494,1836,658,-249,-328,79,1.7629954721538728,2.6444932082308057,8.463193656362876,30.181299551867937,61.355506791769194,577
inferred public interview 2,age 25-64 at interview 5,income/reporting at earliest observed interview,valid flags; absent balance record is zero,exclude fifth-only panels,12 MTBI positive-total months,2494,1836,658,-249,-328,79,1.7629954721538728,2.6444932082308057,8.463193656362876,30.181299551867937,61.355506791769194,577
fifth interview in 2001,age 25-64 at earliest observed interview,income/reporting throughout observed panel,valid flags plus explicit finance-charge record,exclude fifth-only panels,12 MTBI nonmissing-cost months,2360,1968,392,-383,-196,-187,2.2131970901861795,3.3197956352792133,8.546938107461264,30.77285752781806,60.68020436472079,579
fifth interview in 2001,age 25-64 at earliest observed interview,income/reporting throughout observed panel,valid flags plus explicit finance-charge record,exclude fifth-only panels,12 MTBI record months,2360,1968,392,-383,-196,-187,2.2131970901861795,3.3197956352792133,8.546938107461264,30.77285752781806,60.68020436472079,579
fifth interview in 2001,age 25-64 at earliest observed interview,income/reporting throughout observed panel,valid flags plus explicit finance-charge record,exclude fifth-only panels,FMLI interviews 2-5,2360,1968,392,-383,-196,-187,2.2131970901861795,3.3197956352792133,8.546938107461264,30.77285752781806,60.68020436472079,579
fifth interview in 2001,age 25-64 at earliest observed interview,income/reporting throughout observed panel,valid flags plus explicit finance-charge record,exclude fifth-only panels,consecutive FMLI interviews 2-5,2360,1968,392,-383,-196,-187,2.2131970901861795,3.3197956352792133,8.546938107461264,30.77285752781806,60.68020436472079,579
fifth interview in 2001,age 25-64 at earliest observed interview,income/reporting throughout observed panel,valid flags; absent balance record is zero,exclude fifth-only panels,12 MTBI nonmissing-cost months,2360,1968,392,-383,-196,-187,2.2131970901861795,3.3197956352792133,8.546938107461264,30.77285752781806,60.68020436472079,579
fifth interview in 2001,age 25-64 at earliest observed interview,income/reporting throughout observed panel,valid flags; absent balance record is zero,exclude fifth-only panels,12 MTBI record months,2360,1968,392,-383,-196,-187,2.2131970901861795,3.3197956352792133,8.546938107461264,30.77285752781806,60.68020436472079,579
fifth interview in 2001,age 25-64 at earliest observed interview,income/reporting throughout observed panel,valid flags; absent balance record is zero,exclude fifth-only panels,FMLI interviews 2-5,2360,1968,392,-383,-196,-187,2.2131970901861795,3.3197956352792133,8.546938107461264,30.77285752781806,60.68020436472079,579
fifth interview in 2001,age 25-64 at earliest observed interview,income/reporting throughout observed panel,valid flags; absent balance record is zero,exclude fifth-only panels,consecutive FMLI interviews 2-5,2360,1968,392,-383,-196,-187,2.2131970901861795,3.3197956352792133,8.546938107461264,30.77285752781806,60.68020436472079,579
inferred public interview 2,age 25-64 at earliest observed interview,income/reporting throughout observed panel,valid flags plus explicit finance-charge record,exclude fifth-only panels,12 MTBI nonmissing-cost months,2360,1968,392,-383,-196,-187,2.2131970901861795,3.3197956352792133,8.546938107461264,30.77285752781806,60.68020436472079,579
inferred public interview 2,age 25-64 at earliest observed interview,income/reporting throughout observed panel,valid flags plus explicit finance-charge record,exclude fifth-only panels,12 MTBI record months,2360,1968,392,-383,-196,-187,2.2131970901861795,3.3197956352792133,8.546938107461264,30.77285752781806,60.68020436472079,579
inferred public interview 2,age 25-64 at earliest observed interview,income/reporting throughout observed panel,valid flags plus explicit finance-charge record,exclude fifth-only panels,FMLI interviews 2-5,2360,1968,392,-383,-196,-187,2.2131970901861795,3.3197956352792133,8.546938107461264,30.77285752781806,60.68020436472079,579
inferred public interview 2,age 25-64 at earliest observed interview,income/reporting throughout observed panel,valid flags plus explicit finance-charge record,exclude fifth-only panels,consecutive FMLI interviews 2-5,2360,1968,392,-383,-196,-187,2.2131970901861795,3.3197956352792133,8.546938107461264,30.77285752781806,60.68020436472079,579
inferred public interview 2,age 25-64 at earliest observed interview,income/reporting throughout observed panel,valid flags; absent balance record is zero,exclude fifth-only panels,12 MTBI nonmissing-cost months,2360,1968,392,-383,-196,-187,2.2131970901861795,3.3197956352792133,8.546938107461264,30.77285752781806,60.68020436472079,579
inferred public interview 2,age 25-64 at earliest observed interview,income/reporting throughout observed panel,valid flags; absent balance record is zero,exclude fifth-only panels,12 MTBI record months,2360,1968,392,-383,-196,-187,2.2131970901861795,3.3197956352792133,8.546938107461264,30.77285752781806,60.68020436472079,579
inferred public interview 2,age 25-64 at earliest observed interview,income/reporting throughout observed panel,valid flags; absent balance record is zero,exclude fifth-only panels,FMLI interviews 2-5,2360,1968,392,-383,-196,-187,2.2131970901861795,3.3197956352792133,8.546938107461264,30.77285752781806,60.68020436472079,579
inferred public interview 2,age 25-64 at earliest observed interview,income/reporting throughout observed panel,valid flags; absent balance record is zero,exclude fifth-only panels,consecutive FMLI interviews 2-5,2360,1968,392,-383,-196,-187,2.2131970901861795,3.3197956352792133,8.546938107461264,30.77285752781806,60.68020436472079,579
inferred first interview,age 25-64 throughout observed panel,income/reporting throughout observed panel,valid flags plus explicit finance-charge record,exclude fifth-only panels,12 MTBI nonmissing-cost months,2374,1945,429,-369,-219,-150,1.5136565853935748,2.270484878090336,7.351419184006846,30.919065694083542,61.729515121909664,588
inferred first interview,age 25-64 throughout observed panel,income/reporting throughout observed panel,valid flags plus explicit finance-charge record,exclude fifth-only panels,12 MTBI record months,2374,1945,429,-369,-219,-150,1.5136565853935748,2.270484878090336,7.351419184006846,30.919065694083542,61.729515121909664,588
inferred first interview,age 25-64 throughout observed panel,income/reporting throughout observed panel,valid flags plus explicit finance-charge record,exclude fifth-only panels,FMLI interviews 2-5,2374,1945,429,-369,-219,-150,1.5136565853935748,2.270484878090336,7.351419184006846,30.919065694083542,61.729515121909664,588
inferred first interview,age 25-64 throughout observed panel,income/reporting throughout observed panel,valid flags plus explicit finance-charge record,exclude fifth-only panels,consecutive FMLI interviews 2-5,2374,1945,429,-369,-219,-150,1.5136565853935748,2.270484878090336,7.351419184006846,30.919065694083542,61.729515121909664,588
inferred first interview,age 25-64 throughout observed panel,income/reporting throughout observed panel,valid flags; absent balance record is zero,exclude fifth-only panels,12 MTBI nonmissing-cost months,2374,1945,429,-369,-219,-150,1.5136565853935748,2.270484878090336,7.351419184006846,30.919065694083542,61.729515121909664,588
inferred first interview,age 25-64 throughout observed panel,income/reporting throughout observed panel,valid flags; absent balance record is zero,exclude fifth-only panels,12 MTBI record months,2374,1945,429,-369,-219,-150,1.5136565853935748,2.270484878090336,7.351419184006846,30.919065694083542,61.729515121909664,588
inferred first interview,age 25-64 throughout observed panel,income/reporting throughout observed panel,valid flags; absent balance record is zero,exclude fifth-only panels,FMLI interviews 2-5,2374,1945,429,-369,-219,-150,1.5136565853935748,2.270484878090336,7.351419184006846,30.919065694083542,61.729515121909664,588
inferred first interview,age 25-64 throughout observed panel,income/reporting throughout observed panel,valid flags; absent balance record is zero,exclude fifth-only panels,consecutive FMLI interviews 2-5,2374,1945,429,-369,-219,-150,1.5136565853935748,2.270484878090336,7.351419184006846,30.919065694083542,61.729515121909664,588
fifth interview in 2001,age 25-64 at interview 5,income/reporting throughout observed panel,valid flags plus explicit finance-charge record,exclude fifth-only panels,12 MTBI nonmissing-cost months,2351,1965,386,-392,-199,-193,2.1066887794655567,3.160033169198286,8.455892832882702,30.70414033631568,60.839966830801714,591
fifth interview in 2001,age 25-64 at interview 5,income/reporting throughout observed panel,valid flags plus explicit finance-charge record,exclude fifth-only panels,12 MTBI record months,2351,1965,386,-392,-199,-193,2.1066887794655567,3.160033169198286,8.455892832882702,30.70414033631568,60.839966830801714,591
fifth interview in 2001,age 25-64 at interview 5,income/reporting throughout observed panel,valid flags plus explicit finance-charge record,exclude fifth-only panels,FMLI interviews 2-5,2351,1965,386,-392,-199,-193,2.1066887794655567,3.160033169198286,8.455892832882702,30.70414033631568,60.839966830801714,591
fifth interview in 2001,age 25-64 at interview 5,income/reporting throughout observed panel,valid flags plus explicit finance-charge record,exclude fifth-only panels,consecutive FMLI interviews 2-5,2351,1965,386,-392,-199,-193,2.1066887794655567,3.160033169198286,8.455892832882702,30.70414033631568,60.839966830801714,591
fifth interview in 2001,age 25-64 at interview 5,income/reporting throughout observed panel,valid flags; absent balance record is zero,exclude fifth-only panels,12 MTBI nonmissing-cost months,2351,1965,386,-392,-199,-193,2.1066887794655567,3.160033169198286,8.455892832882702,30.70414033631568,60.839966830801714,591
fifth interview in 2001,age 25-64 at interview 5,income/reporting throughout observed panel,valid flags; absent balance record is zero,exclude fifth-only panels,12 MTBI record months,2351,1965,386,-392,-199,-193,2.1066887794655567,3.160033169198286,8.455892832882702,30.70414033631568,60.839966830801714,591
fifth interview in 2001,age 25-64 at interview 5,income/reporting throughout observed panel,valid flags; absent balance record is zero,exclude fifth-only panels,FMLI interviews 2-5,2351,1965,386,-392,-199,-193,2.1066887794655567,3.160033169198286,8.455892832882702,30.70414033631568,60.839966830801714,591
fifth interview in 2001,age 25-64 at interview 5,income/reporting throughout observed panel,valid flags; absent balance record is zero,exclude fifth-only panels,consecutive FMLI interviews 2-5,2351,1965,386,-392,-199,-193,2.1066887794655567,3.160033169198286,8.455892832882702,30.70414033631568,60.839966830801714,591
inferred public interview 2,age 25-64 at interview 5,income/reporting throughout observed panel,valid flags plus explicit finance-charge record,exclude fifth-only panels,12 MTBI nonmissing-cost months,2351,1965,386,-392,-199,-193,2.1066887794655567,3.160033169198286,8.455892832882702,30.70414033631568,60.839966830801714,591
inferred public interview 2,age 25-64 at interview 5,income/reporting throughout observed panel,valid flags plus explicit finance-charge record,exclude fifth-only panels,12 MTBI record months,2351,1965,386,-392,-199,-193,2.1066887794655567,3.160033169198286,8.455892832882702,30.70414033631568,60.839966830801714,591
inferred public interview 2,age 25-64 at interview 5,income/reporting throughout observed panel,valid flags plus explicit finance-charge record,exclude fifth-only panels,FMLI interviews 2-5,2351,1965,386,-392,-199,-193,2.1066887794655567,3.160033169198286,8.455892832882702,30.70414033631568,60.839966830801714,591
inferred public interview 2,age 25-64 at interview 5,income/reporting throughout observed panel,valid flags plus explicit finance-charge record,exclude fifth-only panels,consecutive FMLI interviews 2-5,2351,1965,386,-392,-199,-193,2.1066887794655567,3.160033169198286,8.455892832882702,30.70414033631568,60.839966830801714,591
inferred public interview 2,age 25-64 at interview 5,income/reporting throughout observed panel,valid flags; absent balance record is zero,exclude fifth-only panels,12 MTBI nonmissing-cost months,2351,1965,386,-392,-199,-193,2.1066887794655567,3.160033169198286,8.455892832882702,30.70414033631568,60.839966830801714,591
inferred public interview 2,age 25-64 at interview 5,income/reporting throughout observed panel,valid flags; absent balance record is zero,exclude fifth-only panels,12 MTBI record months,2351,1965,386,-392,-199,-193,2.1066887794655567,3.160033169198286,8.455892832882702,30.70414033631568,60.839966830801714,591
inferred public interview 2,age 25-64 at interview 5,income/reporting throughout observed panel,valid flags; absent balance record is zero,exclude fifth-only panels,FMLI interviews 2-5,2351,1965,386,-392,-199,-193,2.1066887794655567,3.160033169198286,8.455892832882702,30.70414033631568,60.839966830801714,591
inferred public interview 2,age 25-64 at interview 5,income/reporting throughout observed panel,valid flags; absent balance record is zero,exclude fifth-only panels,consecutive FMLI interviews 2-5,2351,1965,386,-392,-199,-193,2.1066887794655567,3.160033169198286,8.455892832882702,30.70414033631568,60.839966830801714,591
inferred first interview,age 25-63 at interview 5,income/reporting at earliest observed interview,valid flags plus explicit finance-charge record,exclude fifth-only panels,12 MTBI positive-total months,2507,1805,702,-236,-359,123,1.398161418885185,2.0972421283277143,7.429298023538253,30.667944104789587,61.902757871672286,595
inferred first interview,age 25-63 at interview 5,income/reporting at earliest observed interview,valid flags; absent balance record is zero,exclude fifth-only panels,12 MTBI positive-total months,2507,1805,702,-236,-359,123,1.398161418885185,2.0972421283277143,7.429298023538253,30.667944104789587,61.902757871672286,595
inferred first interview,age 26-64 at interview 5,income/reporting at earliest observed interview,valid flags plus explicit finance-charge record,exclude fifth-only panels,12 MTBI positive-total months,2500,1811,689,-243,-353,110,1.3172552576063783,1.9758828864094795,7.277787196672135,30.69809568973752,62.02411711359052,596
inferred first interview,age 26-64 at interview 5,income/reporting at earliest observed interview,valid flags; absent balance record is zero,exclude fifth-only panels,12 MTBI positive-total months,2500,1811,689,-243,-353,110,1.3172552576063783,1.9758828864094795,7.277787196672135,30.69809568973752,62.02411711359052,596
earliest observed public interview,age 26-64 at interview 5,income/reporting at earliest observed interview,valid flags plus explicit finance-charge record,retain fifth-only panels,12 MTBI positive-total months,2482,1815,667,-261,-349,88,1.4785065010203684,2.217759751530572,8.255819033720151,29.961940717810382,61.78224024846943,610
earliest observed public interview,age 26-64 at interview 5,income/reporting at earliest observed interview,valid flags; absent balance record is zero,retain fifth-only panels,12 MTBI positive-total months,2482,1815,667,-261,-349,88,1.4785065010203684,2.217759751530572,8.255819033720151,29.961940717810382,61.78224024846943,610
inferred first interview,age 25-64 throughout observed panel,income/reporting at earliest observed interview,valid flags plus explicit finance-charge record,exclude fifth-only panels,12 MTBI positive-total months,2496,1800,696,-247,-364,117,1.3799051238902373,2.0698576858353093,7.361254642347419,30.708603043487983,61.93014231416469,611
inferred first interview,age 25-64 throughout observed panel,income/reporting at earliest observed interview,valid flags; absent balance record is zero,exclude fifth-only panels,12 MTBI positive-total months,2496,1800,696,-247,-364,117,1.3799051238902373,2.0698576858353093,7.361254642347419,30.708603043487983,61.93014231416469,611
fifth interview in 2001,age 25-64 at earliest observed interview,income/reporting throughout observed panel,valid flags plus explicit finance-charge record,retain fifth-only panels,12 MTBI positive-total months,2551,1743,808,-192,-421,229,1.7495616962608054,2.6243425443911974,8.622511936098661,30.001830608292558,61.3756574556088,613
fifth interview in 2001,age 25-64 at earliest observed interview,income/reporting throughout observed panel,valid flags; absent balance record is zero,retain fifth-only panels,12 MTBI positive-total months,2551,1743,808,-192,-421,229,1.7495616962608054,2.6243425443911974,8.622511936098661,30.001830608292558,61.3756574556088,613
inferred public interview 2,age 25-64 at earliest observed interview,income/reporting throughout observed panel,valid flags plus explicit finance-charge record,retain fifth-only panels,12 MTBI positive-total months,2551,1743,808,-192,-421,229,1.7495616962608054,2.6243425443911974,8.622511936098661,30.001830608292558,61.3756574556088,613
inferred public interview 2,age 25-64 at earliest observed interview,income/reporting throughout observed panel,valid flags; absent balance record is zero,retain fifth-only panels,12 MTBI positive-total months,2551,1743,808,-192,-421,229,1.7495616962608054,2.6243425443911974,8.622511936098661,30.001830608292558,61.3756574556088,613
inferred first interview,age 25-63 at interview 5,income/reporting throughout observed panel,valid flags plus explicit finance-charge record,retain fifth-only panels,12 MTBI positive-total months,2574,1718,856,-169,-446,277,0.9830694942374203,1.474604241356019,7.5946624808134215,29.87994176054282,62.52539575864398,615
inferred first interview,age 25-63 at interview 5,income/reporting throughout observed panel,valid flags; absent balance record is zero,retain fifth-only panels,12 MTBI positive-total months,2574,1718,856,-169,-446,277,0.9830694942374203,1.474604241356019,7.5946624808134215,29.87994176054282,62.52539575864398,615
inferred first interview,age 25-64 throughout observed panel,income/reporting throughout observed panel,valid flags plus explicit finance-charge record,retain fifth-only panels,12 MTBI positive-total months,2569,1715,854,-174,-449,275,0.9303606675949337,1.3955410013922815,7.477184459659018,29.918356541733502,62.60445899860772,623
inferred first interview,age 25-64 throughout observed panel,income/reporting throughout observed panel,valid flags; absent balance record is zero,retain fifth-only panels,12 MTBI positive-total months,2569,1715,854,-174,-449,275,0.9303606675949337,1.3955410013922815,7.477184459659018,29.918356541733502,62.60445899860772,623
earliest observed public interview,age 26-64 at interview 5,income/reporting throughout observed panel,valid flags plus explicit finance-charge record,retain fifth-only panels,12 MTBI nonmissing-cost months,2343,1941,402,-400,-223,-177,1.8726010817535979,2.80890162263038,8.252769665067026,30.556131957563387,61.19109837736962,623
earliest observed public interview,age 26-64 at interview 5,income/reporting throughout observed panel,valid flags plus explicit finance-charge record,retain fifth-only panels,12 MTBI record months,2343,1941,402,-400,-223,-177,1.8726010817535979,2.80890162263038,8.252769665067026,30.556131957563387,61.19109837736962,623
earliest observed public interview,age 26-64 at interview 5,income/reporting throughout observed panel,valid flags plus explicit finance-charge record,retain fifth-only panels,FMLI interviews 2-5,2343,1941,402,-400,-223,-177,1.8726010817535979,2.80890162263038,8.252769665067026,30.556131957563387,61.19109837736962,623
earliest observed public interview,age 26-64 at interview 5,income/reporting throughout observed panel,valid flags plus explicit finance-charge record,retain fifth-only panels,consecutive FMLI interviews 2-5,2343,1941,402,-400,-223,-177,1.8726010817535979,2.80890162263038,8.252769665067026,30.556131957563387,61.19109837736962,623
earliest observed public interview,age 26-64 at interview 5,income/reporting throughout observed panel,valid flags; absent balance record is zero,retain fifth-only panels,12 MTBI nonmissing-cost months,2343,1941,402,-400,-223,-177,1.8726010817535979,2.80890162263038,8.252769665067026,30.556131957563387,61.19109837736962,623
earliest observed public interview,age 26-64 at interview 5,income/reporting throughout observed panel,valid flags; absent balance record is zero,retain fifth-only panels,12 MTBI record months,2343,1941,402,-400,-223,-177,1.8726010817535979,2.80890162263038,8.252769665067026,30.556131957563387,61.19109837736962,623
earliest observed public interview,age 26-64 at interview 5,income/reporting throughout observed panel,valid flags; absent balance record is zero,retain fifth-only panels,FMLI interviews 2-5,2343,1941,402,-400,-223,-177,1.8726010817535979,2.80890162263038,8.252769665067026,30.556131957563387,61.19109837736962,623
earliest observed public interview,age 26-64 at interview 5,income/reporting throughout observed panel,valid flags; absent balance record is zero,retain fifth-only panels,consecutive FMLI interviews 2-5,2343,1941,402,-400,-223,-177,1.8726010817535979,2.80890162263038,8.252769665067026,30.556131957563387,61.19109837736962,623
inferred first interview,age 26-64 at interview 5,income/reporting throughout observed panel,valid flags plus explicit finance-charge record,retain fifth-only panels,12 MTBI positive-total months,2559,1724,835,-184,-440,256,0.8879200799546988,1.3318801199319168,7.407303152824017,29.924576967108163,62.66811988006808,624
inferred first interview,age 26-64 at interview 5,income/reporting throughout observed panel,valid flags; absent balance record is zero,retain fifth-only panels,12 MTBI positive-total months,2559,1724,835,-184,-440,256,0.8879200799546988,1.3318801199319168,7.407303152824017,29.924576967108163,62.66811988006808,624
earliest observed public interview,age 25-64 at earliest observed interview,income/reporting at earliest observed interview,valid flags plus explicit finance-charge record,exclude fifth-only panels,12 MTBI positive-total months,2443,1839,604,-300,-325,25,1.7184326327508188,2.577648949126221,8.320922693779746,30.25672625534649,61.42235105087378,625
earliest observed public interview,age 25-64 at earliest observed interview,income/reporting at earliest observed interview,valid flags; absent balance record is zero,exclude fifth-only panels,12 MTBI positive-total months,2443,1839,604,-300,-325,25,1.7184326327508188,2.577648949126221,8.320922693779746,30.25672625534649,61.42235105087378,625
earliest observed public interview,age 25-63 at interview 5,income/reporting at earliest observed interview,valid flags plus explicit finance-charge record,retain fifth-only panels,12 MTBI positive-total months,2480,1801,679,-263,-363,100,1.6071977739181513,2.4107966608772315,8.43331168719824,29.977484973678983,61.58920333912277,626
earliest observed public interview,age 25-63 at interview 5,income/reporting at earliest observed interview,valid flags; absent balance record is zero,retain fifth-only panels,12 MTBI positive-total months,2480,1801,679,-263,-363,100,1.6071977739181513,2.4107966608772315,8.43331168719824,29.977484973678983,61.58920333912277,626
fifth interview in 2001,age 25-64 at interview 5,income/reporting throughout observed panel,valid flags plus explicit finance-charge record,retain fifth-only panels,12 MTBI positive-total months,2542,1737,805,-201,-427,226,1.6502420311458597,2.475363046718762,8.538803064195845,29.936559982522972,61.52463695328124,628
fifth interview in 2001,age 25-64 at interview 5,income/reporting throughout observed panel,valid flags; absent balance record is zero,retain fifth-only panels,12 MTBI positive-total months,2542,1737,805,-201,-427,226,1.6502420311458597,2.475363046718762,8.538803064195845,29.936559982522972,61.52463695328124,628
inferred public interview 2,age 25-64 at interview 5,income/reporting throughout observed panel,valid flags plus explicit finance-charge record,retain fifth-only panels,12 MTBI positive-total months,2542,1737,805,-201,-427,226,1.6502420311458597,2.475363046718762,8.538803064195845,29.936559982522972,61.52463695328124,628
inferred public interview 2,age 25-64 at interview 5,income/reporting throughout observed panel,valid flags; absent balance record is zero,retain fifth-only panels,12 MTBI positive-total months,2542,1737,805,-201,-427,226,1.6502420311458597,2.475363046718762,8.538803064195845,29.936559982522972,61.52463695328124,628
earliest observed public interview,age 25-64 throughout observed panel,income/reporting at earliest observed interview,valid flags plus explicit finance-charge record,retain fifth-only panels,12 MTBI positive-total months,2475,1799,676,-268,-365,97,1.6266960088070082,2.4400440132105103,8.34616665404376,30.093877359166754,61.55995598678949,633
earliest observed public interview,age 25-64 throughout observed panel,income/reporting at earliest observed interview,valid flags; absent balance record is zero,retain fifth-only panels,12 MTBI positive-total months,2475,1799,676,-268,-365,97,1.6266960088070082,2.4400440132105103,8.34616665404376,30.093877359166754,61.55995598678949,633
earliest observed public interview,age 25-64 at interview 5,income/reporting at earliest observed interview,valid flags plus explicit finance-charge record,exclude fifth-only panels,12 MTBI positive-total months,2438,1836,602,-305,-328,23,1.6396444726288966,2.45946670894336,8.255776815723431,30.2036898932199,61.54053329105664,633
earliest observed public interview,age 25-64 at interview 5,income/reporting at earliest observed interview,valid flags; absent balance record is zero,exclude fifth-only panels,12 MTBI positive-total months,2438,1836,602,-305,-328,23,1.6396444726288966,2.45946670894336,8.255776815723431,30.2036898932199,61.54053329105664,633
earliest observed public interview,age 25-64 at earliest observed interview,income/reporting throughout observed panel,valid flags plus explicit finance-charge record,exclude fifth-only panels,12 MTBI nonmissing-cost months,2304,1968,336,-439,-196,-243,2.1331849352054495,3.199777402808145,8.27055908514014,30.929218317668063,60.800222597191855,635
earliest observed public interview,age 25-64 at earliest observed interview,income/reporting throughout observed panel,valid flags plus explicit finance-charge record,exclude fifth-only panels,12 MTBI record months,2304,1968,336,-439,-196,-243,2.1331849352054495,3.199777402808145,8.27055908514014,30.929218317668063,60.800222597191855,635
earliest observed public interview,age 25-64 at earliest observed interview,income/reporting throughout observed panel,valid flags plus explicit finance-charge record,exclude fifth-only panels,FMLI interviews 2-5,2304,1968,336,-439,-196,-243,2.1331849352054495,3.199777402808145,8.27055908514014,30.929218317668063,60.800222597191855,635
earliest observed public interview,age 25-64 at earliest observed interview,income/reporting throughout observed panel,valid flags plus explicit finance-charge record,exclude fifth-only panels,consecutive FMLI interviews 2-5,2304,1968,336,-439,-196,-243,2.1331849352054495,3.199777402808145,8.27055908514014,30.929218317668063,60.800222597191855,635
earliest observed public interview,age 25-64 at earliest observed interview,income/reporting throughout observed panel,valid flags; absent balance record is zero,exclude fifth-only panels,12 MTBI nonmissing-cost months,2304,1968,336,-439,-196,-243,2.1331849352054495,3.199777402808145,8.27055908514014,30.929218317668063,60.800222597191855,635
earliest observed public interview,age 25-64 at earliest observed interview,income/reporting throughout observed panel,valid flags; absent balance record is zero,exclude fifth-only panels,12 MTBI record months,2304,1968,336,-439,-196,-243,2.1331849352054495,3.199777402808145,8.27055908514014,30.929218317668063,60.800222597191855,635
earliest observed public interview,age 25-64 at earliest observed interview,income/reporting throughout observed panel,valid flags; absent balance record is zero,exclude fifth-only panels,FMLI interviews 2-5,2304,1968,336,-439,-196,-243,2.1331849352054495,3.199777402808145,8.27055908514014,30.929218317668063,60.800222597191855,635
earliest observed public interview,age 25-64 at earliest observed interview,income/reporting throughout observed panel,valid flags; absent balance record is zero,exclude fifth-only panels,consecutive FMLI interviews 2-5,2304,1968,336,-439,-196,-243,2.1331849352054495,3.199777402808145,8.27055908514014,30.929218317668063,60.800222597191855,635
fifth interview in 2001,age 26-64 at interview 5,income/reporting at earliest observed interview,valid flags plus explicit finance-charge record,exclude fifth-only panels,12 MTBI positive-total months,2455,1815,640,-288,-349,61,1.7974042430972954,2.696106364645935,8.485019542828299,30.211086821817652,61.303893635354065,637
fifth interview in 2001,age 26-64 at interview 5,income/reporting at earliest observed interview,valid flags; absent balance record is zero,exclude fifth-only panels,12 MTBI positive-total months,2455,1815,640,-288,-349,61,1.7974042430972954,2.696106364645935,8.485019542828299,30.211086821817652,61.303893635354065,637
inferred public interview 2,age 26-64 at interview 5,income/reporting at earliest observed interview,valid flags plus explicit finance-charge record,exclude fifth-only panels,12 MTBI positive-total months,2455,1815,640,-288,-349,61,1.7974042430972954,2.696106364645935,8.485019542828299,30.211086821817652,61.303893635354065,637
inferred public interview 2,age 26-64 at interview 5,income/reporting at earliest observed interview,valid flags; absent balance record is zero,exclude fifth-only panels,12 MTBI positive-total months,2455,1815,640,-288,-349,61,1.7974042430972954,2.696106364645935,8.485019542828299,30.211086821817652,61.303893635354065,637
earliest observed public interview,age 25-63 at interview 5,income/reporting throughout observed panel,valid flags plus explicit finance-charge record,retain fifth-only panels,12 MTBI nonmissing-cost months,2340,1929,411,-403,-235,-168,2.0241699917494476,3.0362549876241403,8.426870964558509,30.609384023065694,60.96374501237586,638
earliest observed public interview,age 25-63 at interview 5,income/reporting throughout observed panel,valid flags plus explicit finance-charge record,retain fifth-only panels,12 MTBI record months,2340,1929,411,-403,-235,-168,2.0241699917494476,3.0362549876241403,8.426870964558509,30.609384023065694,60.96374501237586,638
earliest observed public interview,age 25-63 at interview 5,income/reporting throughout observed panel,valid flags plus explicit finance-charge record,retain fifth-only panels,FMLI interviews 2-5,2340,1929,411,-403,-235,-168,2.0241699917494476,3.0362549876241403,8.426870964558509,30.609384023065694,60.96374501237586,638
earliest observed public interview,age 25-63 at interview 5,income/reporting throughout observed panel,valid flags plus explicit finance-charge record,retain fifth-only panels,consecutive FMLI interviews 2-5,2340,1929,411,-403,-235,-168,2.0241699917494476,3.0362549876241403,8.426870964558509,30.609384023065694,60.96374501237586,638
earliest observed public interview,age 25-63 at interview 5,income/reporting throughout observed panel,valid flags; absent balance record is zero,retain fifth-only panels,12 MTBI nonmissing-cost months,2340,1929,411,-403,-235,-168,2.0241699917494476,3.0362549876241403,8.426870964558509,30.609384023065694,60.96374501237586,638
earliest observed public interview,age 25-63 at interview 5,income/reporting throughout observed panel,valid flags; absent balance record is zero,retain fifth-only panels,12 MTBI record months,2340,1929,411,-403,-235,-168,2.0241699917494476,3.0362549876241403,8.426870964558509,30.609384023065694,60.96374501237586,638
earliest observed public interview,age 25-63 at interview 5,income/reporting throughout observed panel,valid flags; absent balance record is zero,retain fifth-only panels,FMLI interviews 2-5,2340,1929,411,-403,-235,-168,2.0241699917494476,3.0362549876241403,8.426870964558509,30.609384023065694,60.96374501237586,638
earliest observed public interview,age 25-63 at interview 5,income/reporting throughout observed panel,valid flags; absent balance record is zero,retain fifth-only panels,consecutive FMLI interviews 2-5,2340,1929,411,-403,-235,-168,2.0241699917494476,3.0362549876241403,8.426870964558509,30.609384023065694,60.96374501237586,638
earliest observed public interview,age 25-64 throughout observed panel,income/reporting throughout observed panel,valid flags plus explicit finance-charge record,retain fifth-only panels,12 MTBI nonmissing-cost months,2341,1925,416,-402,-239,-163,1.96699715448319,2.95049573172475,8.278124218600544,30.672371513124276,61.04950426827525,641
earliest observed public interview,age 25-64 throughout observed panel,income/reporting throughout observed panel,valid flags plus explicit finance-charge record,retain fifth-only panels,12 MTBI record months,2341,1925,416,-402,-239,-163,1.96699715448319,2.95049573172475,8.278124218600544,30.672371513124276,61.04950426827525,641
earliest observed public interview,age 25-64 throughout observed panel,income/reporting throughout observed panel,valid flags plus explicit finance-charge record,retain fifth-only panels,FMLI interviews 2-5,2341,1925,416,-402,-239,-163,1.96699715448319,2.95049573172475,8.278124218600544,30.672371513124276,61.04950426827525,641
earliest observed public interview,age 25-64 throughout observed panel,income/reporting throughout observed panel,valid flags plus explicit finance-charge record,retain fifth-only panels,consecutive FMLI interviews 2-5,2341,1925,416,-402,-239,-163,1.96699715448319,2.95049573172475,8.278124218600544,30.672371513124276,61.04950426827525,641
earliest observed public interview,age 25-64 throughout observed panel,income/reporting throughout observed panel,valid flags; absent balance record is zero,retain fifth-only panels,12 MTBI nonmissing-cost months,2341,1925,416,-402,-239,-163,1.96699715448319,2.95049573172475,8.278124218600544,30.672371513124276,61.04950426827525,641
earliest observed public interview,age 25-64 throughout observed panel,income/reporting throughout observed panel,valid flags; absent balance record is zero,retain fifth-only panels,12 MTBI record months,2341,1925,416,-402,-239,-163,1.96699715448319,2.95049573172475,8.278124218600544,30.672371513124276,61.04950426827525,641
earliest observed public interview,age 25-64 throughout observed panel,income/reporting throughout observed panel,valid flags; absent balance record is zero,retain fifth-only panels,FMLI interviews 2-5,2341,1925,416,-402,-239,-163,1.96699715448319,2.95049573172475,8.278124218600544,30.672371513124276,61.04950426827525,641
earliest observed public interview,age 25-64 throughout observed panel,income/reporting throughout observed panel,valid flags; absent balance record is zero,retain fifth-only panels,consecutive FMLI interviews 2-5,2341,1925,416,-402,-239,-163,1.96699715448319,2.95049573172475,8.278124218600544,30.672371513124276,61.04950426827525,641
earliest observed public interview,age 25-64 at interview 5,income/reporting throughout observed panel,valid flags plus explicit finance-charge record,exclude fifth-only panels,12 MTBI nonmissing-cost months,2296,1965,331,-447,-199,-248,2.0316412927640464,3.0474619391460465,8.213967904385424,30.83349403476067,60.952538060853954,646
earliest observed public interview,age 25-64 at interview 5,income/reporting throughout observed panel,valid flags plus explicit finance-charge record,exclude fifth-only panels,12 MTBI record months,2296,1965,331,-447,-199,-248,2.0316412927640464,3.0474619391460465,8.213967904385424,30.83349403476067,60.952538060853954,646
earliest observed public interview,age 25-64 at interview 5,income/reporting throughout observed panel,valid flags plus explicit finance-charge record,exclude fifth-only panels,FMLI interviews 2-5,2296,1965,331,-447,-199,-248,2.0316412927640464,3.0474619391460465,8.213967904385424,30.83349403476067,60.952538060853954,646
earliest observed public interview,age 25-64 at interview 5,income/reporting throughout observed panel,valid flags plus explicit finance-charge record,exclude fifth-only panels,consecutive FMLI interviews 2-5,2296,1965,331,-447,-199,-248,2.0316412927640464,3.0474619391460465,8.213967904385424,30.83349403476067,60.952538060853954,646
earliest observed public interview,age 25-64 at interview 5,income/reporting throughout observed panel,valid flags; absent balance record is zero,exclude fifth-only panels,12 MTBI nonmissing-cost months,2296,1965,331,-447,-199,-248,2.0316412927640464,3.0474619391460465,8.213967904385424,30.83349403476067,60.952538060853954,646
earliest observed public interview,age 25-64 at interview 5,income/reporting throughout observed panel,valid flags; absent balance record is zero,exclude fifth-only panels,12 MTBI record months,2296,1965,331,-447,-199,-248,2.0316412927640464,3.0474619391460465,8.213967904385424,30.83349403476067,60.952538060853954,646
earliest observed public interview,age 25-64 at interview 5,income/reporting throughout observed panel,valid flags; absent balance record is zero,exclude fifth-only panels,FMLI interviews 2-5,2296,1965,331,-447,-199,-248,2.0316412927640464,3.0474619391460465,8.213967904385424,30.83349403476067,60.952538060853954,646
earliest observed public interview,age 25-64 at interview 5,income/reporting throughout observed panel,valid flags; absent balance record is zero,exclude fifth-only panels,consecutive FMLI interviews 2-5,2296,1965,331,-447,-199,-248,2.0316412927640464,3.0474619391460465,8.213967904385424,30.83349403476067,60.952538060853954,646
inferred first interview,age strictly between 25 and 64 at interview 5,income/reporting throughout observed panel,valid flags plus explicit finance-charge record,exclude fifth-only panels,12 MTBI nonmissing-cost months,2336,1923,413,-407,-241,-166,1.6093336460611403,2.414000469091711,7.458261544106608,30.955738924985102,61.58599953090829,648
inferred first interview,age strictly between 25 and 64 at interview 5,income/reporting throughout observed panel,valid flags plus explicit finance-charge record,exclude fifth-only panels,12 MTBI record months,2336,1923,413,-407,-241,-166,1.6093336460611403,2.414000469091711,7.458261544106608,30.955738924985102,61.58599953090829,648
inferred first interview,age strictly between 25 and 64 at interview 5,income/reporting throughout observed panel,valid flags plus explicit finance-charge record,exclude fifth-only panels,FMLI interviews 2-5,2336,1923,413,-407,-241,-166,1.6093336460611403,2.414000469091711,7.458261544106608,30.955738924985102,61.58599953090829,648
inferred first interview,age strictly between 25 and 64 at interview 5,income/reporting throughout observed panel,valid flags plus explicit finance-charge record,exclude fifth-only panels,consecutive FMLI interviews 2-5,2336,1923,413,-407,-241,-166,1.6093336460611403,2.414000469091711,7.458261544106608,30.955738924985102,61.58599953090829,648
inferred first interview,age strictly between 25 and 64 at interview 5,income/reporting throughout observed panel,valid flags; absent balance record is zero,exclude fifth-only panels,12 MTBI nonmissing-cost months,2336,1923,413,-407,-241,-166,1.6093336460611403,2.414000469091711,7.458261544106608,30.955738924985102,61.58599953090829,648
inferred first interview,age strictly between 25 and 64 at interview 5,income/reporting throughout observed panel,valid flags; absent balance record is zero,exclude fifth-only panels,12 MTBI record months,2336,1923,413,-407,-241,-166,1.6093336460611403,2.414000469091711,7.458261544106608,30.955738924985102,61.58599953090829,648
inferred first interview,age strictly between 25 and 64 at interview 5,income/reporting throughout observed panel,valid flags; absent balance record is zero,exclude fifth-only panels,FMLI interviews 2-5,2336,1923,413,-407,-241,-166,1.6093336460611403,2.414000469091711,7.458261544106608,30.955738924985102,61.58599953090829,648
inferred first interview,age strictly between 25 and 64 at interview 5,income/reporting throughout observed panel,valid flags; absent balance record is zero,exclude fifth-only panels,consecutive FMLI interviews 2-5,2336,1923,413,-407,-241,-166,1.6093336460611403,2.414000469091711,7.458261544106608,30.955738924985102,61.58599953090829,648
fifth interview in 2001,age 26-64 at interview 5,income/reporting throughout observed panel,valid flags plus explicit finance-charge record,exclude fifth-only panels,12 MTBI nonmissing-cost months,2315,1941,374,-428,-223,-205,2.168429516607843,3.252644274911731,8.51697816472188,30.735666110189918,60.74735572508827,651
fifth interview in 2001,age 26-64 at interview 5,income/reporting throughout observed panel,valid flags plus explicit finance-charge record,exclude fifth-only panels,12 MTBI record months,2315,1941,374,-428,-223,-205,2.168429516607843,3.252644274911731,8.51697816472188,30.735666110189918,60.74735572508827,651
fifth interview in 2001,age 26-64 at interview 5,income/reporting throughout observed panel,valid flags plus explicit finance-charge record,exclude fifth-only panels,FMLI interviews 2-5,2315,1941,374,-428,-223,-205,2.168429516607843,3.252644274911731,8.51697816472188,30.735666110189918,60.74735572508827,651
fifth interview in 2001,age 26-64 at interview 5,income/reporting throughout observed panel,valid flags plus explicit finance-charge record,exclude fifth-only panels,consecutive FMLI interviews 2-5,2315,1941,374,-428,-223,-205,2.168429516607843,3.252644274911731,8.51697816472188,30.735666110189918,60.74735572508827,651
fifth interview in 2001,age 26-64 at interview 5,income/reporting throughout observed panel,valid flags; absent balance record is zero,exclude fifth-only panels,12 MTBI nonmissing-cost months,2315,1941,374,-428,-223,-205,2.168429516607843,3.252644274911731,8.51697816472188,30.735666110189918,60.74735572508827,651
fifth interview in 2001,age 26-64 at interview 5,income/reporting throughout observed panel,valid flags; absent balance record is zero,exclude fifth-only panels,12 MTBI record months,2315,1941,374,-428,-223,-205,2.168429516607843,3.252644274911731,8.51697816472188,30.735666110189918,60.74735572508827,651
fifth interview in 2001,age 26-64 at interview 5,income/reporting throughout observed panel,valid flags; absent balance record is zero,exclude fifth-only panels,FMLI interviews 2-5,2315,1941,374,-428,-223,-205,2.168429516607843,3.252644274911731,8.51697816472188,30.735666110189918,60.74735572508827,651
fifth interview in 2001,age 26-64 at interview 5,income/reporting throughout observed panel,valid flags; absent balance record is zero,exclude fifth-only panels,consecutive FMLI interviews 2-5,2315,1941,374,-428,-223,-205,2.168429516607843,3.252644274911731,8.51697816472188,30.735666110189918,60.74735572508827,651
inferred public interview 2,age 26-64 at interview 5,income/reporting throughout observed panel,valid flags plus explicit finance-charge record,exclude fifth-only panels,12 MTBI nonmissing-cost months,2315,1941,374,-428,-223,-205,2.168429516607843,3.252644274911731,8.51697816472188,30.735666110189918,60.74735572508827,651
inferred public interview 2,age 26-64 at interview 5,income/reporting throughout observed panel,valid flags plus explicit finance-charge record,exclude fifth-only panels,12 MTBI record months,2315,1941,374,-428,-223,-205,2.168429516607843,3.252644274911731,8.51697816472188,30.735666110189918,60.74735572508827,651
inferred public interview 2,age 26-64 at interview 5,income/reporting throughout observed panel,valid flags plus explicit finance-charge record,exclude fifth-only panels,FMLI interviews 2-5,2315,1941,374,-428,-223,-205,2.168429516607843,3.252644274911731,8.51697816472188,30.735666110189918,60.74735572508827,651
inferred public interview 2,age 26-64 at interview 5,income/reporting throughout observed panel,valid flags plus explicit finance-charge record,exclude fifth-only panels,consecutive FMLI interviews 2-5,2315,1941,374,-428,-223,-205,2.168429516607843,3.252644274911731,8.51697816472188,30.735666110189918,60.74735572508827,651
inferred public interview 2,age 26-64 at interview 5,income/reporting throughout observed panel,valid flags; absent balance record is zero,exclude fifth-only panels,12 MTBI nonmissing-cost months,2315,1941,374,-428,-223,-205,2.168429516607843,3.252644274911731,8.51697816472188,30.735666110189918,60.74735572508827,651
inferred public interview 2,age 26-64 at interview 5,income/reporting throughout observed panel,valid flags; absent balance record is zero,exclude fifth-only panels,12 MTBI record months,2315,1941,374,-428,-223,-205,2.168429516607843,3.252644274911731,8.51697816472188,30.735666110189918,60.74735572508827,651
inferred public interview 2,age 26-64 at interview 5,income/reporting throughout observed panel,valid flags; absent balance record is zero,exclude fifth-only panels,FMLI interviews 2-5,2315,1941,374,-428,-223,-205,2.168429516607843,3.252644274911731,8.51697816472188,30.735666110189918,60.74735572508827,651
inferred public interview 2,age 26-64 at interview 5,income/reporting throughout observed panel,valid flags; absent balance record is zero,exclude fifth-only panels,consecutive FMLI interviews 2-5,2315,1941,374,-428,-223,-205,2.168429516607843,3.252644274911731,8.51697816472188,30.735666110189918,60.74735572508827,651
fifth interview in 2001,age 25-63 at interview 5,income/reporting at earliest observed interview,valid flags plus explicit finance-charge record,exclude fifth-only panels,12 MTBI positive-total months,2451,1801,650,-292,-363,71,1.9359098879708625,2.9038648319562554,8.58934429244369,30.314520539512642,61.096135168043745,655
fifth interview in 2001,age 25-63 at interview 5,income/reporting at earliest observed interview,valid flags; absent balance record is zero,exclude fifth-only panels,12 MTBI positive-total months,2451,1801,650,-292,-363,71,1.9359098879708625,2.9038648319562554,8.58934429244369,30.314520539512642,61.096135168043745,655
inferred public interview 2,age 25-63 at interview 5,income/reporting at earliest observed interview,valid flags plus explicit finance-charge record,exclude fifth-only panels,12 MTBI positive-total months,2451,1801,650,-292,-363,71,1.9359098879708625,2.9038648319562554,8.58934429244369,30.314520539512642,61.096135168043745,655
inferred public interview 2,age 25-63 at interview 5,income/reporting at earliest observed interview,valid flags; absent balance record is zero,exclude fifth-only panels,12 MTBI positive-total months,2451,1801,650,-292,-363,71,1.9359098879708625,2.9038648319562554,8.58934429244369,30.314520539512642,61.096135168043745,655
fifth interview in 2001,age 25-64 throughout observed panel,income/reporting at earliest observed interview,valid flags plus explicit finance-charge record,exclude fifth-only panels,12 MTBI positive-total months,2444,1799,645,-299,-365,66,1.9260585050098762,2.889087757514787,8.51020343822094,30.378884319293903,61.11091224248521,664
fifth interview in 2001,age 25-64 throughout observed panel,income/reporting at earliest observed interview,valid flags; absent balance record is zero,exclude fifth-only panels,12 MTBI positive-total months,2444,1799,645,-299,-365,66,1.9260585050098762,2.889087757514787,8.51020343822094,30.378884319293903,61.11091224248521,664
inferred public interview 2,age 25-64 throughout observed panel,income/reporting at earliest observed interview,valid flags plus explicit finance-charge record,exclude fifth-only panels,12 MTBI positive-total months,2444,1799,645,-299,-365,66,1.9260585050098762,2.889087757514787,8.51020343822094,30.378884319293903,61.11091224248521,664
inferred public interview 2,age 25-64 throughout observed panel,income/reporting at earliest observed interview,valid flags; absent balance record is zero,exclude fifth-only panels,12 MTBI positive-total months,2444,1799,645,-299,-365,66,1.9260585050098762,2.889087757514787,8.51020343822094,30.378884319293903,61.11091224248521,664
fifth interview in 2001,age 25-63 at interview 5,income/reporting throughout observed panel,valid flags plus explicit finance-charge record,exclude fifth-only panels,12 MTBI nonmissing-cost months,2310,1929,381,-433,-235,-198,2.3316140957833418,3.497421143674977,8.613670002912812,30.883751140762236,60.50257885632502,668
fifth interview in 2001,age 25-63 at interview 5,income/reporting throughout observed panel,valid flags plus explicit finance-charge record,exclude fifth-only panels,12 MTBI record months,2310,1929,381,-433,-235,-198,2.3316140957833418,3.497421143674977,8.613670002912812,30.883751140762236,60.50257885632502,668
fifth interview in 2001,age 25-63 at interview 5,income/reporting throughout observed panel,valid flags plus explicit finance-charge record,exclude fifth-only panels,FMLI interviews 2-5,2310,1929,381,-433,-235,-198,2.3316140957833418,3.497421143674977,8.613670002912812,30.883751140762236,60.50257885632502,668
fifth interview in 2001,age 25-63 at interview 5,income/reporting throughout observed panel,valid flags plus explicit finance-charge record,exclude fifth-only panels,consecutive FMLI interviews 2-5,2310,1929,381,-433,-235,-198,2.3316140957833418,3.497421143674977,8.613670002912812,30.883751140762236,60.50257885632502,668
fifth interview in 2001,age 25-63 at interview 5,income/reporting throughout observed panel,valid flags; absent balance record is zero,exclude fifth-only panels,12 MTBI nonmissing-cost months,2310,1929,381,-433,-235,-198,2.3316140957833418,3.497421143674977,8.613670002912812,30.883751140762236,60.50257885632502,668
fifth interview in 2001,age 25-63 at interview 5,income/reporting throughout observed panel,valid flags; absent balance record is zero,exclude fifth-only panels,12 MTBI record months,2310,1929,381,-433,-235,-198,2.3316140957833418,3.497421143674977,8.613670002912812,30.883751140762236,60.50257885632502,668
fifth interview in 2001,age 25-63 at interview 5,income/reporting throughout observed panel,valid flags; absent balance record is zero,exclude fifth-only panels,FMLI interviews 2-5,2310,1929,381,-433,-235,-198,2.3316140957833418,3.497421143674977,8.613670002912812,30.883751140762236,60.50257885632502,668
fifth interview in 2001,age 25-63 at interview 5,income/reporting throughout observed panel,valid flags; absent balance record is zero,exclude fifth-only panels,consecutive FMLI interviews 2-5,2310,1929,381,-433,-235,-198,2.3316140957833418,3.497421143674977,8.613670002912812,30.883751140762236,60.50257885632502,668
inferred public interview 2,age 25-63 at interview 5,income/reporting throughout observed panel,valid flags plus explicit finance-charge record,exclude fifth-only panels,12 MTBI nonmissing-cost months,2310,1929,381,-433,-235,-198,2.3316140957833418,3.497421143674977,8.613670002912812,30.883751140762236,60.50257885632502,668
inferred public interview 2,age 25-63 at interview 5,income/reporting throughout observed panel,valid flags plus explicit finance-charge record,exclude fifth-only panels,12 MTBI record months,2310,1929,381,-433,-235,-198,2.3316140957833418,3.497421143674977,8.613670002912812,30.883751140762236,60.50257885632502,668
inferred public interview 2,age 25-63 at interview 5,income/reporting throughout observed panel,valid flags plus explicit finance-charge record,exclude fifth-only panels,FMLI interviews 2-5,2310,1929,381,-433,-235,-198,2.3316140957833418,3.497421143674977,8.613670002912812,30.883751140762236,60.50257885632502,668
inferred public interview 2,age 25-63 at interview 5,income/reporting throughout observed panel,valid flags plus explicit finance-charge record,exclude fifth-only panels,consecutive FMLI interviews 2-5,2310,1929,381,-433,-235,-198,2.3316140957833418,3.497421143674977,8.613670002912812,30.883751140762236,60.50257885632502,668
inferred public interview 2,age 25-63 at interview 5,income/reporting throughout observed panel,valid flags; absent balance record is zero,exclude fifth-only panels,12 MTBI nonmissing-cost months,2310,1929,381,-433,-235,-198,2.3316140957833418,3.497421143674977,8.613670002912812,30.883751140762236,60.50257885632502,668
inferred public interview 2,age 25-63 at interview 5,income/reporting throughout observed panel,valid flags; absent balance record is zero,exclude fifth-only panels,12 MTBI record months,2310,1929,381,-433,-235,-198,2.3316140957833418,3.497421143674977,8.613670002912812,30.883751140762236,60.50257885632502,668
inferred public interview 2,age 25-63 at interview 5,income/reporting throughout observed panel,valid flags; absent balance record is zero,exclude fifth-only panels,FMLI interviews 2-5,2310,1929,381,-433,-235,-198,2.3316140957833418,3.497421143674977,8.613670002912812,30.883751140762236,60.50257885632502,668
inferred public interview 2,age 25-63 at interview 5,income/reporting throughout observed panel,valid flags; absent balance record is zero,exclude fifth-only panels,consecutive FMLI interviews 2-5,2310,1929,381,-433,-235,-198,2.3316140957833418,3.497421143674977,8.613670002912812,30.883751140762236,60.50257885632502,668
inferred first interview,age strictly between 25 and 64 at interview 5,income/reporting at earliest observed interview,valid flags plus explicit finance-charge record,exclude fifth-only panels,12 MTBI positive-total months,2458,1778,680,-285,-386,101,1.4456303626815332,2.1684455440222337,7.380765473939417,30.78768007008295,61.831554455977766,671
inferred first interview,age strictly between 25 and 64 at interview 5,income/reporting at earliest observed interview,valid flags; absent balance record is zero,exclude fifth-only panels,12 MTBI positive-total months,2458,1778,680,-285,-386,101,1.4456303626815332,2.1684455440222337,7.380765473939417,30.78768007008295,61.831554455977766,671
fifth interview in 2001,age 25-64 throughout observed panel,income/reporting throughout observed panel,valid flags plus explicit finance-charge record,exclude fifth-only panels,12 MTBI nonmissing-cost months,2308,1925,383,-435,-239,-196,2.2516873035085325,3.377530955262756,8.475195340096615,30.902335615166226,60.622469044737244,674
fifth interview in 2001,age 25-64 throughout observed panel,income/reporting throughout observed panel,valid flags plus explicit finance-charge record,exclude fifth-only panels,12 MTBI record months,2308,1925,383,-435,-239,-196,2.2516873035085325,3.377530955262756,8.475195340096615,30.902335615166226,60.622469044737244,674
fifth interview in 2001,age 25-64 throughout observed panel,income/reporting throughout observed panel,valid flags plus explicit finance-charge record,exclude fifth-only panels,FMLI interviews 2-5,2308,1925,383,-435,-239,-196,2.2516873035085325,3.377530955262756,8.475195340096615,30.902335615166226,60.622469044737244,674
fifth interview in 2001,age 25-64 throughout observed panel,income/reporting throughout observed panel,valid flags plus explicit finance-charge record,exclude fifth-only panels,consecutive FMLI interviews 2-5,2308,1925,383,-435,-239,-196,2.2516873035085325,3.377530955262756,8.475195340096615,30.902335615166226,60.622469044737244,674
fifth interview in 2001,age 25-64 throughout observed panel,income/reporting throughout observed panel,valid flags; absent balance record is zero,exclude fifth-only panels,12 MTBI nonmissing-cost months,2308,1925,383,-435,-239,-196,2.2516873035085325,3.377530955262756,8.475195340096615,30.902335615166226,60.622469044737244,674
fifth interview in 2001,age 25-64 throughout observed panel,income/reporting throughout observed panel,valid flags; absent balance record is zero,exclude fifth-only panels,12 MTBI record months,2308,1925,383,-435,-239,-196,2.2516873035085325,3.377530955262756,8.475195340096615,30.902335615166226,60.622469044737244,674
fifth interview in 2001,age 25-64 throughout observed panel,income/reporting throughout observed panel,valid flags; absent balance record is zero,exclude fifth-only panels,FMLI interviews 2-5,2308,1925,383,-435,-239,-196,2.2516873035085325,3.377530955262756,8.475195340096615,30.902335615166226,60.622469044737244,674
fifth interview in 2001,age 25-64 throughout observed panel,income/reporting throughout observed panel,valid flags; absent balance record is zero,exclude fifth-only panels,consecutive FMLI interviews 2-5,2308,1925,383,-435,-239,-196,2.2516873035085325,3.377530955262756,8.475195340096615,30.902335615166226,60.622469044737244,674
inferred public interview 2,age 25-64 throughout observed panel,income/reporting throughout observed panel,valid flags plus explicit finance-charge record,exclude fifth-only panels,12 MTBI nonmissing-cost months,2308,1925,383,-435,-239,-196,2.2516873035085325,3.377530955262756,8.475195340096615,30.902335615166226,60.622469044737244,674
inferred public interview 2,age 25-64 throughout observed panel,income/reporting throughout observed panel,valid flags plus explicit finance-charge record,exclude fifth-only panels,12 MTBI record months,2308,1925,383,-435,-239,-196,2.2516873035085325,3.377530955262756,8.475195340096615,30.902335615166226,60.622469044737244,674
inferred public interview 2,age 25-64 throughout observed panel,income/reporting throughout observed panel,valid flags plus explicit finance-charge record,exclude fifth-only panels,FMLI interviews 2-5,2308,1925,383,-435,-239,-196,2.2516873035085325,3.377530955262756,8.475195340096615,30.902335615166226,60.622469044737244,674
inferred public interview 2,age 25-64 throughout observed panel,income/reporting throughout observed panel,valid flags plus explicit finance-charge record,exclude fifth-only panels,consecutive FMLI interviews 2-5,2308,1925,383,-435,-239,-196,2.2516873035085325,3.377530955262756,8.475195340096615,30.902335615166226,60.622469044737244,674
inferred public interview 2,age 25-64 throughout observed panel,income/reporting throughout observed panel,valid flags; absent balance record is zero,exclude fifth-only panels,12 MTBI nonmissing-cost months,2308,1925,383,-435,-239,-196,2.2516873035085325,3.377530955262756,8.475195340096615,30.902335615166226,60.622469044737244,674
inferred public interview 2,age 25-64 throughout observed panel,income/reporting throughout observed panel,valid flags; absent balance record is zero,exclude fifth-only panels,12 MTBI record months,2308,1925,383,-435,-239,-196,2.2516873035085325,3.377530955262756,8.475195340096615,30.902335615166226,60.622469044737244,674
inferred public interview 2,age 25-64 throughout observed panel,income/reporting throughout observed panel,valid flags; absent balance record is zero,exclude fifth-only panels,FMLI interviews 2-5,2308,1925,383,-435,-239,-196,2.2516873035085325,3.377530955262756,8.475195340096615,30.902335615166226,60.622469044737244,674
inferred public interview 2,age 25-64 throughout observed panel,income/reporting throughout observed panel,valid flags; absent balance record is zero,exclude fifth-only panels,consecutive FMLI interviews 2-5,2308,1925,383,-435,-239,-196,2.2516873035085325,3.377530955262756,8.475195340096615,30.902335615166226,60.622469044737244,674
earliest observed public interview,age strictly between 25 and 64 at interview 5,income/reporting at earliest observed interview,valid flags plus explicit finance-charge record,retain fifth-only panels,12 MTBI positive-total months,2437,1780,657,-306,-384,78,1.6433589399061859,2.465038409859332,8.386130944949649,30.078907464909577,61.53496159014067,690
earliest observed public interview,age strictly between 25 and 64 at interview 5,income/reporting at earliest observed interview,valid flags; absent balance record is zero,retain fifth-only panels,12 MTBI positive-total months,2437,1780,657,-306,-384,78,1.6433589399061859,2.465038409859332,8.386130944949649,30.078907464909577,61.53496159014067,690
earliest observed public interview,age 26-64 at interview 5,income/reporting at earliest observed interview,valid flags plus explicit finance-charge record,exclude fifth-only panels,12 MTBI positive-total months,2401,1815,586,-342,-349,7,1.7134411583780509,2.5701617375670907,8.277208259626736,30.292953477940326,61.42983826243291,691
earliest observed public interview,age 26-64 at interview 5,income/reporting at earliest observed interview,valid flags; absent balance record is zero,exclude fifth-only panels,12 MTBI positive-total months,2401,1815,586,-342,-349,7,1.7134411583780509,2.5701617375670907,8.277208259626736,30.292953477940326,61.42983826243291,691
fifth interview in 2001,age 26-64 at interview 5,income/reporting throughout observed panel,valid flags plus explicit finance-charge record,retain fifth-only panels,12 MTBI positive-total months,2495,1718,777,-248,-446,198,1.7417931740558135,2.6126897610837005,8.593049771373376,30.019639989710363,61.3873102389163,694
fifth interview in 2001,age 26-64 at interview 5,income/reporting throughout observed panel,valid flags; absent balance record is zero,retain fifth-only panels,12 MTBI positive-total months,2495,1718,777,-248,-446,198,1.7417931740558135,2.6126897610837005,8.593049771373376,30.019639989710363,61.3873102389163,694
inferred public interview 2,age 26-64 at interview 5,income/reporting throughout observed panel,valid flags plus explicit finance-charge record,retain fifth-only panels,12 MTBI positive-total months,2495,1718,777,-248,-446,198,1.7417931740558135,2.6126897610837005,8.593049771373376,30.019639989710363,61.3873102389163,694
inferred public interview 2,age 26-64 at interview 5,income/reporting throughout observed panel,valid flags; absent balance record is zero,retain fifth-only panels,12 MTBI positive-total months,2495,1718,777,-248,-446,198,1.7417931740558135,2.6126897610837005,8.593049771373376,30.019639989710363,61.3873102389163,694
inferred first interview,age strictly between 25 and 64 at interview 5,income/reporting throughout observed panel,valid flags plus explicit finance-charge record,retain fifth-only panels,12 MTBI positive-total months,2518,1693,825,-225,-471,246,1.0473930791658426,1.5710896187486938,7.535507238806405,30.03558237994243,62.428910381251306,696
inferred first interview,age strictly between 25 and 64 at interview 5,income/reporting throughout observed panel,valid flags; absent balance record is zero,retain fifth-only panels,12 MTBI positive-total months,2518,1693,825,-225,-471,246,1.0473930791658426,1.5710896187486938,7.535507238806405,30.03558237994243,62.428910381251306,696
earliest observed public interview,age strictly between 25 and 64 at interview 5,income/reporting throughout observed panel,valid flags plus explicit finance-charge record,retain fifth-only panels,12 MTBI nonmissing-cost months,2300,1905,395,-443,-259,-184,2.090382965513443,3.135574448270148,8.415078875618757,30.720495572651423,60.86442555172985,702
earliest observed public interview,age strictly between 25 and 64 at interview 5,income/reporting throughout observed panel,valid flags plus explicit finance-charge record,retain fifth-only panels,12 MTBI record months,2300,1905,395,-443,-259,-184,2.090382965513443,3.135574448270148,8.415078875618757,30.720495572651423,60.86442555172985,702
earliest observed public interview,age strictly between 25 and 64 at interview 5,income/reporting throughout observed panel,valid flags plus explicit finance-charge record,retain fifth-only panels,FMLI interviews 2-5,2300,1905,395,-443,-259,-184,2.090382965513443,3.135574448270148,8.415078875618757,30.720495572651423,60.86442555172985,702
earliest observed public interview,age strictly between 25 and 64 at interview 5,income/reporting throughout observed panel,valid flags plus explicit finance-charge record,retain fifth-only panels,consecutive FMLI interviews 2-5,2300,1905,395,-443,-259,-184,2.090382965513443,3.135574448270148,8.415078875618757,30.720495572651423,60.86442555172985,702
earliest observed public interview,age strictly between 25 and 64 at interview 5,income/reporting throughout observed panel,valid flags; absent balance record is zero,retain fifth-only panels,12 MTBI nonmissing-cost months,2300,1905,395,-443,-259,-184,2.090382965513443,3.135574448270148,8.415078875618757,30.720495572651423,60.86442555172985,702
earliest observed public interview,age strictly between 25 and 64 at interview 5,income/reporting throughout observed panel,valid flags; absent balance record is zero,retain fifth-only panels,12 MTBI record months,2300,1905,395,-443,-259,-184,2.090382965513443,3.135574448270148,8.415078875618757,30.720495572651423,60.86442555172985,702
earliest observed public interview,age strictly between 25 and 64 at interview 5,income/reporting throughout observed panel,valid flags; absent balance record is zero,retain fifth-only panels,FMLI interviews 2-5,2300,1905,395,-443,-259,-184,2.090382965513443,3.135574448270148,8.415078875618757,30.720495572651423,60.86442555172985,702
earliest observed public interview,age strictly between 25 and 64 at interview 5,income/reporting throughout observed panel,valid flags; absent balance record is zero,retain fifth-only panels,consecutive FMLI interviews 2-5,2300,1905,395,-443,-259,-184,2.090382965513443,3.135574448270148,8.415078875618757,30.720495572651423,60.86442555172985,702
fifth interview in 2001,age 25-64 throughout observed panel,income/reporting throughout observed panel,valid flags plus explicit finance-charge record,retain fifth-only panels,12 MTBI positive-total months,2499,1705,794,-244,-459,215,1.775420232080896,2.6631303481213067,8.558059119050213,30.105071229071168,61.33686965187869,703
fifth interview in 2001,age 25-64 throughout observed panel,income/reporting throughout observed panel,valid flags; absent balance record is zero,retain fifth-only panels,12 MTBI positive-total months,2499,1705,794,-244,-459,215,1.775420232080896,2.6631303481213067,8.558059119050213,30.105071229071168,61.33686965187869,703
inferred public interview 2,age 25-64 throughout observed panel,income/reporting throughout observed panel,valid flags plus explicit finance-charge record,retain fifth-only panels,12 MTBI positive-total months,2499,1705,794,-244,-459,215,1.775420232080896,2.6631303481213067,8.558059119050213,30.105071229071168,61.33686965187869,703
inferred public interview 2,age 25-64 throughout observed panel,income/reporting throughout observed panel,valid flags; absent balance record is zero,retain fifth-only panels,12 MTBI positive-total months,2499,1705,794,-244,-459,215,1.775420232080896,2.6631303481213067,8.558059119050213,30.105071229071168,61.33686965187869,703
earliest observed public interview,age 26-64 at interview 5,income/reporting throughout observed panel,valid flags plus explicit finance-charge record,exclude fifth-only panels,12 MTBI nonmissing-cost months,2262,1941,321,-481,-223,-258,2.1369474606995706,3.2054211910493535,8.275376089593527,30.930045101455832,60.79457880895065,704
earliest observed public interview,age 26-64 at interview 5,income/reporting throughout observed panel,valid flags plus explicit finance-charge record,exclude fifth-only panels,12 MTBI record months,2262,1941,321,-481,-223,-258,2.1369474606995706,3.2054211910493535,8.275376089593527,30.930045101455832,60.79457880895065,704
earliest observed public interview,age 26-64 at interview 5,income/reporting throughout observed panel,valid flags plus explicit finance-charge record,exclude fifth-only panels,FMLI interviews 2-5,2262,1941,321,-481,-223,-258,2.1369474606995706,3.2054211910493535,8.275376089593527,30.930045101455832,60.79457880895065,704
earliest observed public interview,age 26-64 at interview 5,income/reporting throughout observed panel,valid flags plus explicit finance-charge record,exclude fifth-only panels,consecutive FMLI interviews 2-5,2262,1941,321,-481,-223,-258,2.1369474606995706,3.2054211910493535,8.275376089593527,30.930045101455832,60.79457880895065,704
earliest observed public interview,age 26-64 at interview 5,income/reporting throughout observed panel,valid flags; absent balance record is zero,exclude fifth-only panels,12 MTBI nonmissing-cost months,2262,1941,321,-481,-223,-258,2.1369474606995706,3.2054211910493535,8.275376089593527,30.930045101455832,60.79457880895065,704
earliest observed public interview,age 26-64 at interview 5,income/reporting throughout observed panel,valid flags; absent balance record is zero,exclude fifth-only panels,12 MTBI record months,2262,1941,321,-481,-223,-258,2.1369474606995706,3.2054211910493535,8.275376089593527,30.930045101455832,60.79457880895065,704
earliest observed public interview,age 26-64 at interview 5,income/reporting throughout observed panel,valid flags; absent balance record is zero,exclude fifth-only panels,FMLI interviews 2-5,2262,1941,321,-481,-223,-258,2.1369474606995706,3.2054211910493535,8.275376089593527,30.930045101455832,60.79457880895065,704
earliest observed public interview,age 26-64 at interview 5,income/reporting throughout observed panel,valid flags; absent balance record is zero,exclude fifth-only panels,consecutive FMLI interviews 2-5,2262,1941,321,-481,-223,-258,2.1369474606995706,3.2054211910493535,8.275376089593527,30.930045101455832,60.79457880895065,704
fifth interview in 2001,age 25-63 at interview 5,income/reporting throughout observed panel,valid flags plus explicit finance-charge record,retain fifth-only panels,12 MTBI positive-total months,2498,1704,794,-245,-460,215,1.882611196972979,2.823916795459418,8.696575752727876,30.127341042731643,61.17608320454058,705
fifth interview in 2001,age 25-63 at interview 5,income/reporting throughout observed panel,valid flags; absent balance record is zero,retain fifth-only panels,12 MTBI positive-total months,2498,1704,794,-245,-460,215,1.882611196972979,2.823916795459418,8.696575752727876,30.127341042731643,61.17608320454058,705
inferred public interview 2,age 25-63 at interview 5,income/reporting throughout observed panel,valid flags plus explicit finance-charge record,retain fifth-only panels,12 MTBI positive-total months,2498,1704,794,-245,-460,215,1.882611196972979,2.823916795459418,8.696575752727876,30.127341042731643,61.17608320454058,705
inferred public interview 2,age 25-63 at interview 5,income/reporting throughout observed panel,valid flags; absent balance record is zero,retain fifth-only panels,12 MTBI positive-total months,2498,1704,794,-245,-460,215,1.882611196972979,2.823916795459418,8.696575752727876,30.127341042731643,61.17608320454058,705
earliest observed public interview,age 25-63 at interview 5,income/reporting at earliest observed interview,valid flags plus explicit finance-charge record,exclude fifth-only panels,12 MTBI positive-total months,2395,1801,594,-348,-363,15,1.786259898476495,2.679389847714731,8.380588657953728,30.298801189761026,61.32061015228527,711
earliest observed public interview,age 25-63 at interview 5,income/reporting at earliest observed interview,valid flags; absent balance record is zero,exclude fifth-only panels,12 MTBI positive-total months,2395,1801,594,-348,-363,15,1.786259898476495,2.679389847714731,8.380588657953728,30.298801189761026,61.32061015228527,711
fifth interview in 2001,age strictly between 25 and 64 at interview 5,income/reporting at earliest observed interview,valid flags plus explicit finance-charge record,exclude fifth-only panels,12 MTBI positive-total months,2412,1780,632,-331,-384,53,1.9737231823047257,2.9605847734570787,8.613592799343367,30.34699197411373,61.03941522654292,715
fifth interview in 2001,age strictly between 25 and 64 at interview 5,income/reporting at earliest observed interview,valid flags; absent balance record is zero,exclude fifth-only panels,12 MTBI positive-total months,2412,1780,632,-331,-384,53,1.9737231823047257,2.9605847734570787,8.613592799343367,30.34699197411373,61.03941522654292,715
inferred public interview 2,age strictly between 25 and 64 at interview 5,income/reporting at earliest observed interview,valid flags plus explicit finance-charge record,exclude fifth-only panels,12 MTBI positive-total months,2412,1780,632,-331,-384,53,1.9737231823047257,2.9605847734570787,8.613592799343367,30.34699197411373,61.03941522654292,715
inferred public interview 2,age strictly between 25 and 64 at interview 5,income/reporting at earliest observed interview,valid flags; absent balance record is zero,exclude fifth-only panels,12 MTBI positive-total months,2412,1780,632,-331,-384,53,1.9737231823047257,2.9605847734570787,8.613592799343367,30.34699197411373,61.03941522654292,715
earliest observed public interview,age 25-64 throughout observed panel,income/reporting at earliest observed interview,valid flags plus explicit finance-charge record,exclude fifth-only panels,12 MTBI positive-total months,2388,1799,589,-355,-365,10,1.831554455597617,2.7473316833964176,8.298019141453862,30.44931254194257,61.25266831660358,720
earliest observed public interview,age 25-64 throughout observed panel,income/reporting at earliest observed interview,valid flags; absent balance record is zero,exclude fifth-only panels,12 MTBI positive-total months,2388,1799,589,-355,-365,10,1.831554455597617,2.7473316833964176,8.298019141453862,30.44931254194257,61.25266831660358,720
earliest observed public interview,age 25-63 at interview 5,income/reporting throughout observed panel,valid flags plus explicit finance-charge record,exclude fifth-only panels,12 MTBI nonmissing-cost months,2255,1929,326,-488,-235,-253,2.2308171706113593,3.3462257559170254,8.370565999436776,30.975659756480276,60.653774244082975,723
earliest observed public interview,age 25-63 at interview 5,income/reporting throughout observed panel,valid flags plus explicit finance-charge record,exclude fifth-only panels,12 MTBI record months,2255,1929,326,-488,-235,-253,2.2308171706113593,3.3462257559170254,8.370565999436776,30.975659756480276,60.653774244082975,723
earliest observed public interview,age 25-63 at interview 5,income/reporting throughout observed panel,valid flags plus explicit finance-charge record,exclude fifth-only panels,FMLI interviews 2-5,2255,1929,326,-488,-235,-253,2.2308171706113593,3.3462257559170254,8.370565999436776,30.975659756480276,60.653774244082975,723
earliest observed public interview,age 25-63 at interview 5,income/reporting throughout observed panel,valid flags plus explicit finance-charge record,exclude fifth-only panels,consecutive FMLI interviews 2-5,2255,1929,326,-488,-235,-253,2.2308171706113593,3.3462257559170254,8.370565999436776,30.975659756480276,60.653774244082975,723
earliest observed public interview,age 25-63 at interview 5,income/reporting throughout observed panel,valid flags; absent balance record is zero,exclude fifth-only panels,12 MTBI nonmissing-cost months,2255,1929,326,-488,-235,-253,2.2308171706113593,3.3462257559170254,8.370565999436776,30.975659756480276,60.653774244082975,723
earliest observed public interview,age 25-63 at interview 5,income/reporting throughout observed panel,valid flags; absent balance record is zero,exclude fifth-only panels,12 MTBI record months,2255,1929,326,-488,-235,-253,2.2308171706113593,3.3462257559170254,8.370565999436776,30.975659756480276,60.653774244082975,723
earliest observed public interview,age 25-63 at interview 5,income/reporting throughout observed panel,valid flags; absent balance record is zero,exclude fifth-only panels,FMLI interviews 2-5,2255,1929,326,-488,-235,-253,2.2308171706113593,3.3462257559170254,8.370565999436776,30.975659756480276,60.653774244082975,723
earliest observed public interview,age 25-63 at interview 5,income/reporting throughout observed panel,valid flags; absent balance record is zero,exclude fifth-only panels,consecutive FMLI interviews 2-5,2255,1929,326,-488,-235,-253,2.2308171706113593,3.3462257559170254,8.370565999436776,30.975659756480276,60.653774244082975,723
inferred first interview,age 25-64 at earliest observed interview,income/reporting throughout observed panel,valid flags plus explicit finance-charge record,exclude fifth-only panels,12 MTBI positive-total months,2427,1754,673,-316,-410,94,1.6135168301335625,2.420275245200287,7.49324877039226,30.92702647480814,61.57972475479971,726
inferred first interview,age 25-64 at earliest observed interview,income/reporting throughout observed panel,valid flags; absent balance record is zero,exclude fifth-only panels,12 MTBI positive-total months,2427,1754,673,-316,-410,94,1.6135168301335625,2.420275245200287,7.49324877039226,30.92702647480814,61.57972475479971,726
earliest observed public interview,age 25-64 throughout observed panel,income/reporting throughout observed panel,valid flags plus explicit finance-charge record,exclude fifth-only panels,12 MTBI nonmissing-cost months,2254,1925,329,-489,-239,-250,2.1977802132877433,3.296670319931607,8.224361893247204,31.07230842668442,60.70332968006839,728
earliest observed public interview,age 25-64 throughout observed panel,income/reporting throughout observed panel,valid flags plus explicit finance-charge record,exclude fifth-only panels,12 MTBI record months,2254,1925,329,-489,-239,-250,2.1977802132877433,3.296670319931607,8.224361893247204,31.07230842668442,60.70332968006839,728
earliest observed public interview,age 25-64 throughout observed panel,income/reporting throughout observed panel,valid flags plus explicit finance-charge record,exclude fifth-only panels,FMLI interviews 2-5,2254,1925,329,-489,-239,-250,2.1977802132877433,3.296670319931607,8.224361893247204,31.07230842668442,60.70332968006839,728
earliest observed public interview,age 25-64 throughout observed panel,income/reporting throughout observed panel,valid flags plus explicit finance-charge record,exclude fifth-only panels,consecutive FMLI interviews 2-5,2254,1925,329,-489,-239,-250,2.1977802132877433,3.296670319931607,8.224361893247204,31.07230842668442,60.70332968006839,728
earliest observed public interview,age 25-64 throughout observed panel,income/reporting throughout observed panel,valid flags; absent balance record is zero,exclude fifth-only panels,12 MTBI nonmissing-cost months,2254,1925,329,-489,-239,-250,2.1977802132877433,3.296670319931607,8.224361893247204,31.07230842668442,60.70332968006839,728
earliest observed public interview,age 25-64 throughout observed panel,income/reporting throughout observed panel,valid flags; absent balance record is zero,exclude fifth-only panels,12 MTBI record months,2254,1925,329,-489,-239,-250,2.1977802132877433,3.296670319931607,8.224361893247204,31.07230842668442,60.70332968006839,728
earliest observed public interview,age 25-64 throughout observed panel,income/reporting throughout observed panel,valid flags; absent balance record is zero,exclude fifth-only panels,FMLI interviews 2-5,2254,1925,329,-489,-239,-250,2.1977802132877433,3.296670319931607,8.224361893247204,31.07230842668442,60.70332968006839,728
earliest observed public interview,age 25-64 throughout observed panel,income/reporting throughout observed panel,valid flags; absent balance record is zero,exclude fifth-only panels,consecutive FMLI interviews 2-5,2254,1925,329,-489,-239,-250,2.1977802132877433,3.296670319931607,8.224361893247204,31.07230842668442,60.70332968006839,728
fifth interview in 2001,age strictly between 25 and 64 at interview 5,income/reporting throughout observed panel,valid flags plus explicit finance-charge record,exclude fifth-only panels,12 MTBI nonmissing-cost months,2274,1905,369,-469,-259,-210,2.397984674237755,3.596977011356607,8.678339794213214,30.918637217143445,60.40302298864339,728
fifth interview in 2001,age strictly between 25 and 64 at interview 5,income/reporting throughout observed panel,valid flags plus explicit finance-charge record,exclude fifth-only panels,12 MTBI record months,2274,1905,369,-469,-259,-210,2.397984674237755,3.596977011356607,8.678339794213214,30.918637217143445,60.40302298864339,728
fifth interview in 2001,age strictly between 25 and 64 at interview 5,income/reporting throughout observed panel,valid flags plus explicit finance-charge record,exclude fifth-only panels,FMLI interviews 2-5,2274,1905,369,-469,-259,-210,2.397984674237755,3.596977011356607,8.678339794213214,30.918637217143445,60.40302298864339,728
fifth interview in 2001,age strictly between 25 and 64 at interview 5,income/reporting throughout observed panel,valid flags plus explicit finance-charge record,exclude fifth-only panels,consecutive FMLI interviews 2-5,2274,1905,369,-469,-259,-210,2.397984674237755,3.596977011356607,8.678339794213214,30.918637217143445,60.40302298864339,728
fifth interview in 2001,age strictly between 25 and 64 at interview 5,income/reporting throughout observed panel,valid flags; absent balance record is zero,exclude fifth-only panels,12 MTBI nonmissing-cost months,2274,1905,369,-469,-259,-210,2.397984674237755,3.596977011356607,8.678339794213214,30.918637217143445,60.40302298864339,728
fifth interview in 2001,age strictly between 25 and 64 at interview 5,income/reporting throughout observed panel,valid flags; absent balance record is zero,exclude fifth-only panels,12 MTBI record months,2274,1905,369,-469,-259,-210,2.397984674237755,3.596977011356607,8.678339794213214,30.918637217143445,60.40302298864339,728
fifth interview in 2001,age strictly between 25 and 64 at interview 5,income/reporting throughout observed panel,valid flags; absent balance record is zero,exclude fifth-only panels,FMLI interviews 2-5,2274,1905,369,-469,-259,-210,2.397984674237755,3.596977011356607,8.678339794213214,30.918637217143445,60.40302298864339,728
fifth interview in 2001,age strictly between 25 and 64 at interview 5,income/reporting throughout observed panel,valid flags; absent balance record is zero,exclude fifth-only panels,consecutive FMLI interviews 2-5,2274,1905,369,-469,-259,-210,2.397984674237755,3.596977011356607,8.678339794213214,30.918637217143445,60.40302298864339,728
inferred public interview 2,age strictly between 25 and 64 at interview 5,income/reporting throughout observed panel,valid flags plus explicit finance-charge record,exclude fifth-only panels,12 MTBI nonmissing-cost months,2274,1905,369,-469,-259,-210,2.397984674237755,3.596977011356607,8.678339794213214,30.918637217143445,60.40302298864339,728
inferred public interview 2,age strictly between 25 and 64 at interview 5,income/reporting throughout observed panel,valid flags plus explicit finance-charge record,exclude fifth-only panels,12 MTBI record months,2274,1905,369,-469,-259,-210,2.397984674237755,3.596977011356607,8.678339794213214,30.918637217143445,60.40302298864339,728
inferred public interview 2,age strictly between 25 and 64 at interview 5,income/reporting throughout observed panel,valid flags plus explicit finance-charge record,exclude fifth-only panels,FMLI interviews 2-5,2274,1905,369,-469,-259,-210,2.397984674237755,3.596977011356607,8.678339794213214,30.918637217143445,60.40302298864339,728
inferred public interview 2,age strictly between 25 and 64 at interview 5,income/reporting throughout observed panel,valid flags plus explicit finance-charge record,exclude fifth-only panels,consecutive FMLI interviews 2-5,2274,1905,369,-469,-259,-210,2.397984674237755,3.596977011356607,8.678339794213214,30.918637217143445,60.40302298864339,728
inferred public interview 2,age strictly between 25 and 64 at interview 5,income/reporting throughout observed panel,valid flags; absent balance record is zero,exclude fifth-only panels,12 MTBI nonmissing-cost months,2274,1905,369,-469,-259,-210,2.397984674237755,3.596977011356607,8.678339794213214,30.918637217143445,60.40302298864339,728
inferred public interview 2,age strictly between 25 and 64 at interview 5,income/reporting throughout observed panel,valid flags; absent balance record is zero,exclude fifth-only panels,12 MTBI record months,2274,1905,369,-469,-259,-210,2.397984674237755,3.596977011356607,8.678339794213214,30.918637217143445,60.40302298864339,728
inferred public interview 2,age strictly between 25 and 64 at interview 5,income/reporting throughout observed panel,valid flags; absent balance record is zero,exclude fifth-only panels,FMLI interviews 2-5,2274,1905,369,-469,-259,-210,2.397984674237755,3.596977011356607,8.678339794213214,30.918637217143445,60.40302298864339,728
inferred public interview 2,age strictly between 25 and 64 at interview 5,income/reporting throughout observed panel,valid flags; absent balance record is zero,exclude fifth-only panels,consecutive FMLI interviews 2-5,2274,1905,369,-469,-259,-210,2.397984674237755,3.596977011356607,8.678339794213214,30.918637217143445,60.40302298864339,728
inferred first interview,age 25-64 at interview 5,income/reporting throughout observed panel,valid flags plus explicit finance-charge record,exclude fifth-only panels,12 MTBI positive-total months,2420,1749,671,-323,-415,92,1.3910227955165972,2.086534193274872,7.343807914269201,30.74272627900572,61.91346580672513,738
inferred first interview,age 25-64 at interview 5,income/reporting throughout observed panel,valid flags; absent balance record is zero,exclude fifth-only panels,12 MTBI positive-total months,2420,1749,671,-323,-415,92,1.3910227955165972,2.086534193274872,7.343807914269201,30.74272627900572,61.91346580672513,738
earliest observed public interview,age strictly between 25 and 64 at interview 5,income/reporting at earliest observed interview,valid flags plus explicit finance-charge record,exclude fifth-only panels,12 MTBI positive-total months,2358,1780,578,-385,-384,-1,1.8639058201851586,2.795858730277736,8.40450776082399,30.39135096945375,61.204141269722264,769
earliest observed public interview,age strictly between 25 and 64 at interview 5,income/reporting at earliest observed interview,valid flags; absent balance record is zero,exclude fifth-only panels,12 MTBI positive-total months,2358,1780,578,-385,-384,-1,1.8639058201851586,2.795858730277736,8.40450776082399,30.39135096945375,61.204141269722264,769
fifth interview in 2001,age strictly between 25 and 64 at interview 5,income/reporting throughout observed panel,valid flags plus explicit finance-charge record,retain fifth-only panels,12 MTBI positive-total months,2451,1685,766,-292,-479,187,1.9802609860612008,2.9703914790917736,8.754814299353471,30.215577179738357,61.029608520908226,771
fifth interview in 2001,age strictly between 25 and 64 at interview 5,income/reporting throughout observed panel,valid flags; absent balance record is zero,retain fifth-only panels,12 MTBI positive-total months,2451,1685,766,-292,-479,187,1.9802609860612008,2.9703914790917736,8.754814299353471,30.215577179738357,61.029608520908226,771
inferred public interview 2,age strictly between 25 and 64 at interview 5,income/reporting throughout observed panel,valid flags plus explicit finance-charge record,retain fifth-only panels,12 MTBI positive-total months,2451,1685,766,-292,-479,187,1.9802609860612008,2.9703914790917736,8.754814299353471,30.215577179738357,61.029608520908226,771
inferred public interview 2,age strictly between 25 and 64 at interview 5,income/reporting throughout observed panel,valid flags; absent balance record is zero,retain fifth-only panels,12 MTBI positive-total months,2451,1685,766,-292,-479,187,1.9802609860612008,2.9703914790917736,8.754814299353471,30.215577179738357,61.029608520908226,771
earliest observed public interview,age 25-64 at earliest observed interview,income/reporting throughout observed panel,valid flags plus explicit finance-charge record,retain fifth-only panels,12 MTBI positive-total months,2391,1743,648,-352,-421,69,1.9095761245556773,2.864364186833484,8.321475049372328,30.54288913746122,61.135635813166516,773
earliest observed public interview,age 25-64 at earliest observed interview,income/reporting throughout observed panel,valid flags; absent balance record is zero,retain fifth-only panels,12 MTBI positive-total months,2391,1743,648,-352,-421,69,1.9095761245556773,2.864364186833484,8.321475049372328,30.54288913746122,61.135635813166516,773
earliest observed public interview,age strictly between 25 and 64 at interview 5,income/reporting throughout observed panel,valid flags plus explicit finance-charge record,exclude fifth-only panels,12 MTBI nonmissing-cost months,2221,1905,316,-522,-259,-263,2.3413674552511825,3.5120511828767818,8.435682973977224,31.07636820889954,60.48794881712322,781
earliest observed public interview,age strictly between 25 and 64 at interview 5,income/reporting throughout observed panel,valid flags plus explicit finance-charge record,exclude fifth-only panels,12 MTBI record months,2221,1905,316,-522,-259,-263,2.3413674552511825,3.5120511828767818,8.435682973977224,31.07636820889954,60.48794881712322,781
earliest observed public interview,age strictly between 25 and 64 at interview 5,income/reporting throughout observed panel,valid flags plus explicit finance-charge record,exclude fifth-only panels,FMLI interviews 2-5,2221,1905,316,-522,-259,-263,2.3413674552511825,3.5120511828767818,8.435682973977224,31.07636820889954,60.48794881712322,781
earliest observed public interview,age strictly between 25 and 64 at interview 5,income/reporting throughout observed panel,valid flags plus explicit finance-charge record,exclude fifth-only panels,consecutive FMLI interviews 2-5,2221,1905,316,-522,-259,-263,2.3413674552511825,3.5120511828767818,8.435682973977224,31.07636820889954,60.48794881712322,781
earliest observed public interview,age strictly between 25 and 64 at interview 5,income/reporting throughout observed panel,valid flags; absent balance record is zero,exclude fifth-only panels,12 MTBI nonmissing-cost months,2221,1905,316,-522,-259,-263,2.3413674552511825,3.5120511828767818,8.435682973977224,31.07636820889954,60.48794881712322,781
earliest observed public interview,age strictly between 25 and 64 at interview 5,income/reporting throughout observed panel,valid flags; absent balance record is zero,exclude fifth-only panels,12 MTBI record months,2221,1905,316,-522,-259,-263,2.3413674552511825,3.5120511828767818,8.435682973977224,31.07636820889954,60.48794881712322,781
earliest observed public interview,age strictly between 25 and 64 at interview 5,income/reporting throughout observed panel,valid flags; absent balance record is zero,exclude fifth-only panels,FMLI interviews 2-5,2221,1905,316,-522,-259,-263,2.3413674552511825,3.5120511828767818,8.435682973977224,31.07636820889954,60.48794881712322,781
earliest observed public interview,age strictly between 25 and 64 at interview 5,income/reporting throughout observed panel,valid flags; absent balance record is zero,exclude fifth-only panels,consecutive FMLI interviews 2-5,2221,1905,316,-522,-259,-263,2.3413674552511825,3.5120511828767818,8.435682973977224,31.07636820889954,60.48794881712322,781
earliest observed public interview,age 25-64 at interview 5,income/reporting throughout observed panel,valid flags plus explicit finance-charge record,retain fifth-only panels,12 MTBI positive-total months,2383,1737,646,-360,-427,67,1.8113923158457048,2.717088473768534,8.267132354503186,30.449956119265394,61.282911526231466,787
earliest observed public interview,age 25-64 at interview 5,income/reporting throughout observed panel,valid flags; absent balance record is zero,retain fifth-only panels,12 MTBI positive-total months,2383,1737,646,-360,-427,67,1.8113923158457048,2.717088473768534,8.267132354503186,30.449956119265394,61.282911526231466,787
fifth interview in 2001,age 25-64 at earliest observed interview,income/reporting throughout observed panel,valid flags plus explicit finance-charge record,exclude fifth-only panels,12 MTBI positive-total months,2360,1743,617,-383,-421,38,2.2131970901861795,3.3197956352792133,8.546938107461264,30.77285752781806,60.68020436472079,804
fifth interview in 2001,age 25-64 at earliest observed interview,income/reporting throughout observed panel,valid flags; absent balance record is zero,exclude fifth-only panels,12 MTBI positive-total months,2360,1743,617,-383,-421,38,2.2131970901861795,3.3197956352792133,8.546938107461264,30.77285752781806,60.68020436472079,804
inferred public interview 2,age 25-64 at earliest observed interview,income/reporting throughout observed panel,valid flags plus explicit finance-charge record,exclude fifth-only panels,12 MTBI positive-total months,2360,1743,617,-383,-421,38,2.2131970901861795,3.3197956352792133,8.546938107461264,30.77285752781806,60.68020436472079,804
inferred public interview 2,age 25-64 at earliest observed interview,income/reporting throughout observed panel,valid flags; absent balance record is zero,exclude fifth-only panels,12 MTBI positive-total months,2360,1743,617,-383,-421,38,2.2131970901861795,3.3197956352792133,8.546938107461264,30.77285752781806,60.68020436472079,804
inferred first interview,age 26-64 at interview 5,income/reporting throughout observed panel,valid flags plus explicit finance-charge record,exclude fifth-only panels,12 MTBI positive-total months,2376,1724,652,-367,-440,73,1.4365884237330704,2.1548826355995843,7.323904756586064,30.830977879013563,61.845117364400416,807
inferred first interview,age 26-64 at interview 5,income/reporting throughout observed panel,valid flags; absent balance record is zero,exclude fifth-only panels,12 MTBI positive-total months,2376,1724,652,-367,-440,73,1.4365884237330704,2.1548826355995843,7.323904756586064,30.830977879013563,61.845117364400416,807
inferred first interview,age 25-63 at interview 5,income/reporting throughout observed panel,valid flags plus explicit finance-charge record,exclude fifth-only panels,12 MTBI positive-total months,2380,1718,662,-363,-446,83,1.5601348392185628,2.340202258827837,7.47633765297423,30.86386460585362,61.65979774117216,809
inferred first interview,age 25-63 at interview 5,income/reporting throughout observed panel,valid flags; absent balance record is zero,exclude fifth-only panels,12 MTBI positive-total months,2380,1718,662,-363,-446,83,1.5601348392185628,2.340202258827837,7.47633765297423,30.86386460585362,61.65979774117216,809
inferred first interview,age 25-64 throughout observed panel,income/reporting throughout observed panel,valid flags plus explicit finance-charge record,exclude fifth-only panels,12 MTBI positive-total months,2374,1715,659,-369,-449,80,1.5136565853935748,2.270484878090336,7.351419184006846,30.919065694083542,61.729515121909664,818
inferred first interview,age 25-64 throughout observed panel,income/reporting throughout observed panel,valid flags; absent balance record is zero,exclude fifth-only panels,12 MTBI positive-total months,2374,1715,659,-369,-449,80,1.5136565853935748,2.270484878090336,7.351419184006846,30.919065694083542,61.729515121909664,818
fifth interview in 2001,age 25-64 at interview 5,income/reporting throughout observed panel,valid flags plus explicit finance-charge record,exclude fifth-only panels,12 MTBI positive-total months,2351,1737,614,-392,-427,35,2.1066887794655567,3.160033169198286,8.455892832882702,30.70414033631568,60.839966830801714,819
fifth interview in 2001,age 25-64 at interview 5,income/reporting throughout observed panel,valid flags; absent balance record is zero,exclude fifth-only panels,12 MTBI positive-total months,2351,1737,614,-392,-427,35,2.1066887794655567,3.160033169198286,8.455892832882702,30.70414033631568,60.839966830801714,819
inferred public interview 2,age 25-64 at interview 5,income/reporting throughout observed panel,valid flags plus explicit finance-charge record,exclude fifth-only panels,12 MTBI positive-total months,2351,1737,614,-392,-427,35,2.1066887794655567,3.160033169198286,8.455892832882702,30.70414033631568,60.839966830801714,819
inferred public interview 2,age 25-64 at interview 5,income/reporting throughout observed panel,valid flags; absent balance record is zero,exclude fifth-only panels,12 MTBI positive-total months,2351,1737,614,-392,-427,35,2.1066887794655567,3.160033169198286,8.455892832882702,30.70414033631568,60.839966830801714,819
earliest observed public interview,age 26-64 at interview 5,income/reporting throughout observed panel,valid flags plus explicit finance-charge record,retain fifth-only panels,12 MTBI positive-total months,2343,1718,625,-400,-446,46,1.8726010817535979,2.80890162263038,8.252769665067026,30.556131957563387,61.19109837736962,846
earliest observed public interview,age 26-64 at interview 5,income/reporting throughout observed panel,valid flags; absent balance record is zero,retain fifth-only panels,12 MTBI positive-total months,2343,1718,625,-400,-446,46,1.8726010817535979,2.80890162263038,8.252769665067026,30.556131957563387,61.19109837736962,846
earliest observed public interview,age 25-64 at earliest observed interview,income/reporting throughout observed panel,valid flags plus explicit finance-charge record,exclude fifth-only panels,12 MTBI positive-total months,2304,1743,561,-439,-421,-18,2.1331849352054495,3.199777402808145,8.27055908514014,30.929218317668063,60.800222597191855,860
earliest observed public interview,age 25-64 at earliest observed interview,income/reporting throughout observed panel,valid flags; absent balance record is zero,exclude fifth-only panels,12 MTBI positive-total months,2304,1743,561,-439,-421,-18,2.1331849352054495,3.199777402808145,8.27055908514014,30.929218317668063,60.800222597191855,860
earliest observed public interview,age 25-64 throughout observed panel,income/reporting throughout observed panel,valid flags plus explicit finance-charge record,retain fifth-only panels,12 MTBI positive-total months,2341,1705,636,-402,-459,57,1.96699715448319,2.95049573172475,8.278124218600544,30.672371513124276,61.04950426827525,861
earliest observed public interview,age 25-64 throughout observed panel,income/reporting throughout observed panel,valid flags; absent balance record is zero,retain fifth-only panels,12 MTBI positive-total months,2341,1705,636,-402,-459,57,1.96699715448319,2.95049573172475,8.278124218600544,30.672371513124276,61.04950426827525,861
earliest observed public interview,age 25-63 at interview 5,income/reporting throughout observed panel,valid flags plus explicit finance-charge record,retain fifth-only panels,12 MTBI positive-total months,2340,1704,636,-403,-460,57,2.0241699917494476,3.0362549876241403,8.426870964558509,30.609384023065694,60.96374501237586,863
earliest observed public interview,age 25-63 at interview 5,income/reporting throughout observed panel,valid flags; absent balance record is zero,retain fifth-only panels,12 MTBI positive-total months,2340,1704,636,-403,-460,57,2.0241699917494476,3.0362549876241403,8.426870964558509,30.609384023065694,60.96374501237586,863
earliest observed public interview,age 25-64 at interview 5,income/reporting throughout observed panel,valid flags plus explicit finance-charge record,exclude fifth-only panels,12 MTBI positive-total months,2296,1737,559,-447,-427,-20,2.0316412927640464,3.0474619391460465,8.213967904385424,30.83349403476067,60.952538060853954,874
earliest observed public interview,age 25-64 at interview 5,income/reporting throughout observed panel,valid flags; absent balance record is zero,exclude fifth-only panels,12 MTBI positive-total months,2296,1737,559,-447,-427,-20,2.0316412927640464,3.0474619391460465,8.213967904385424,30.83349403476067,60.952538060853954,874
fifth interview in 2001,age 26-64 at interview 5,income/reporting throughout observed panel,valid flags plus explicit finance-charge record,exclude fifth-only panels,12 MTBI positive-total months,2315,1718,597,-428,-446,18,2.168429516607843,3.252644274911731,8.51697816472188,30.735666110189918,60.74735572508827,874
fifth interview in 2001,age 26-64 at interview 5,income/reporting throughout observed panel,valid flags; absent balance record is zero,exclude fifth-only panels,12 MTBI positive-total months,2315,1718,597,-428,-446,18,2.168429516607843,3.252644274911731,8.51697816472188,30.735666110189918,60.74735572508827,874
inferred public interview 2,age 26-64 at interview 5,income/reporting throughout observed panel,valid flags plus explicit finance-charge record,exclude fifth-only panels,12 MTBI positive-total months,2315,1718,597,-428,-446,18,2.168429516607843,3.252644274911731,8.51697816472188,30.735666110189918,60.74735572508827,874
inferred public interview 2,age 26-64 at interview 5,income/reporting throughout observed panel,valid flags; absent balance record is zero,exclude fifth-only panels,12 MTBI positive-total months,2315,1718,597,-428,-446,18,2.168429516607843,3.252644274911731,8.51697816472188,30.735666110189918,60.74735572508827,874
inferred first interview,age strictly between 25 and 64 at interview 5,income/reporting throughout observed panel,valid flags plus explicit finance-charge record,exclude fifth-only panels,12 MTBI positive-total months,2336,1693,643,-407,-471,64,1.6093336460611403,2.414000469091711,7.458261544106608,30.955738924985102,61.58599953090829,878
inferred first interview,age strictly between 25 and 64 at interview 5,income/reporting throughout observed panel,valid flags; absent balance record is zero,exclude fifth-only panels,12 MTBI positive-total months,2336,1693,643,-407,-471,64,1.6093336460611403,2.414000469091711,7.458261544106608,30.955738924985102,61.58599953090829,878
fifth interview in 2001,age 25-63 at interview 5,income/reporting throughout observed panel,valid flags plus explicit finance-charge record,exclude fifth-only panels,12 MTBI positive-total months,2310,1704,606,-433,-460,27,2.3316140957833418,3.497421143674977,8.613670002912812,30.883751140762236,60.50257885632502,893
fifth interview in 2001,age 25-63 at interview 5,income/reporting throughout observed panel,valid flags; absent balance record is zero,exclude fifth-only panels,12 MTBI positive-total months,2310,1704,606,-433,-460,27,2.3316140957833418,3.497421143674977,8.613670002912812,30.883751140762236,60.50257885632502,893
inferred public interview 2,age 25-63 at interview 5,income/reporting throughout observed panel,valid flags plus explicit finance-charge record,exclude fifth-only panels,12 MTBI positive-total months,2310,1704,606,-433,-460,27,2.3316140957833418,3.497421143674977,8.613670002912812,30.883751140762236,60.50257885632502,893
inferred public interview 2,age 25-63 at interview 5,income/reporting throughout observed panel,valid flags; absent balance record is zero,exclude fifth-only panels,12 MTBI positive-total months,2310,1704,606,-433,-460,27,2.3316140957833418,3.497421143674977,8.613670002912812,30.883751140762236,60.50257885632502,893
fifth interview in 2001,age 25-64 throughout observed panel,income/reporting throughout observed panel,valid flags plus explicit finance-charge record,exclude fifth-only panels,12 MTBI positive-total months,2308,1705,603,-435,-459,24,2.2516873035085325,3.377530955262756,8.475195340096615,30.902335615166226,60.622469044737244,894
fifth interview in 2001,age 25-64 throughout observed panel,income/reporting throughout observed panel,valid flags; absent balance record is zero,exclude fifth-only panels,12 MTBI positive-total months,2308,1705,603,-435,-459,24,2.2516873035085325,3.377530955262756,8.475195340096615,30.902335615166226,60.622469044737244,894
inferred public interview 2,age 25-64 throughout observed panel,income/reporting throughout observed panel,valid flags plus explicit finance-charge record,exclude fifth-only panels,12 MTBI positive-total months,2308,1705,603,-435,-459,24,2.2516873035085325,3.377530955262756,8.475195340096615,30.902335615166226,60.622469044737244,894
inferred public interview 2,age 25-64 throughout observed panel,income/reporting throughout observed panel,valid flags; absent balance record is zero,exclude fifth-only panels,12 MTBI positive-total months,2308,1705,603,-435,-459,24,2.2516873035085325,3.377530955262756,8.475195340096615,30.902335615166226,60.622469044737244,894
earliest observed public interview,age strictly between 25 and 64 at interview 5,income/reporting throughout observed panel,valid flags plus explicit finance-charge record,retain fifth-only panels,12 MTBI positive-total months,2300,1685,615,-443,-479,36,2.090382965513443,3.135574448270148,8.415078875618757,30.720495572651423,60.86442555172985,922
earliest observed public interview,age strictly between 25 and 64 at interview 5,income/reporting throughout observed panel,valid flags; absent balance record is zero,retain fifth-only panels,12 MTBI positive-total months,2300,1685,615,-443,-479,36,2.090382965513443,3.135574448270148,8.415078875618757,30.720495572651423,60.86442555172985,922
earliest observed public interview,age 26-64 at interview 5,income/reporting throughout observed panel,valid flags plus explicit finance-charge record,exclude fifth-only panels,12 MTBI positive-total months,2262,1718,544,-481,-446,-35,2.1369474606995706,3.2054211910493535,8.275376089593527,30.930045101455832,60.79457880895065,927
earliest observed public interview,age 26-64 at interview 5,income/reporting throughout observed panel,valid flags; absent balance record is zero,exclude fifth-only panels,12 MTBI positive-total months,2262,1718,544,-481,-446,-35,2.1369474606995706,3.2054211910493535,8.275376089593527,30.930045101455832,60.79457880895065,927
earliest observed public interview,age 25-64 throughout observed panel,income/reporting throughout observed panel,valid flags plus explicit finance-charge record,exclude fifth-only panels,12 MTBI positive-total months,2254,1705,549,-489,-459,-30,2.1977802132877433,3.296670319931607,8.224361893247204,31.07230842668442,60.70332968006839,948
earliest observed public interview,age 25-64 throughout observed panel,income/reporting throughout observed panel,valid flags; absent balance record is zero,exclude fifth-only panels,12 MTBI positive-total months,2254,1705,549,-489,-459,-30,2.1977802132877433,3.296670319931607,8.224361893247204,31.07230842668442,60.70332968006839,948
earliest observed public interview,age 25-63 at interview 5,income/reporting throughout observed panel,valid flags plus explicit finance-charge record,exclude fifth-only panels,12 MTBI positive-total months,2255,1704,551,-488,-460,-28,2.2308171706113593,3.3462257559170254,8.370565999436776,30.975659756480276,60.653774244082975,948
earliest observed public interview,age 25-63 at interview 5,income/reporting throughout observed panel,valid flags; absent balance record is zero,exclude fifth-only panels,12 MTBI positive-total months,2255,1704,551,-488,-460,-28,2.2308171706113593,3.3462257559170254,8.370565999436776,30.975659756480276,60.653774244082975,948
fifth interview in 2001,age strictly between 25 and 64 at interview 5,income/reporting throughout observed panel,valid flags plus explicit finance-charge record,exclude fifth-only panels,12 MTBI positive-total months,2274,1685,589,-469,-479,10,2.397984674237755,3.596977011356607,8.678339794213214,30.918637217143445,60.40302298864339,948
fifth interview in 2001,age strictly between 25 and 64 at interview 5,income/reporting throughout observed panel,valid flags; absent balance record is zero,exclude fifth-only panels,12 MTBI positive-total months,2274,1685,589,-469,-479,10,2.397984674237755,3.596977011356607,8.678339794213214,30.918637217143445,60.40302298864339,948
inferred public interview 2,age strictly between 25 and 64 at interview 5,income/reporting throughout observed panel,valid flags plus explicit finance-charge record,exclude fifth-only panels,12 MTBI positive-total months,2274,1685,589,-469,-479,10,2.397984674237755,3.596977011356607,8.678339794213214,30.918637217143445,60.40302298864339,948
inferred public interview 2,age strictly between 25 and 64 at interview 5,income/reporting throughout observed panel,valid flags; absent balance record is zero,exclude fifth-only panels,12 MTBI positive-total months,2274,1685,589,-469,-479,10,2.397984674237755,3.596977011356607,8.678339794213214,30.918637217143445,60.40302298864339,948
earliest observed public interview,age strictly between 25 and 64 at interview 5,income/reporting throughout observed panel,valid flags plus explicit finance-charge record,exclude fifth-only panels,12 MTBI positive-total months,2221,1685,536,-522,-479,-43,2.3413674552511825,3.5120511828767818,8.435682973977224,31.07636820889954,60.48794881712322,1001
earliest observed public interview,age strictly between 25 and 64 at interview 5,income/reporting throughout observed panel,valid flags; absent balance record is zero,exclude fifth-only panels,12 MTBI positive-total months,2221,1685,536,-522,-479,-43,2.3413674552511825,3.5120511828767818,8.435682973977224,31.07636820889954,60.48794881712322,1001
