transaction_row_id,component_number,component_label,component_pi,component_amount,component_source,component_liquid_narrow,component_liquid_broad,payment_instrument
1,1,,1,2,single_method_pi,TRUE,TRUE,Cash
4,1,,4,1200,single_method_pi,TRUE,TRUE,Debit card
5,1,,1,3.95,single_method_pi,TRUE,TRUE,Cash
6,1,,1,36,single_method_pi,TRUE,TRUE,Cash
7,1,,1,4,single_method_pi,TRUE,TRUE,Cash
8,1,,1,31,single_method_pi,TRUE,TRUE,Cash
11,1,,3,25.7,single_method_pi,FALSE,FALSE,Credit card
13,1,,3,10,single_method_pi,FALSE,FALSE,Credit card
14,1,,1,2,single_method_pi,TRUE,TRUE,Cash
16,1,,3,30.18,single_method_pi,FALSE,FALSE,Credit card
20,1,,2,1106.59,single_method_pi,TRUE,TRUE,Check
27,1,,3,6.42,single_method_pi,FALSE,FALSE,Credit card
28,1,,1,5.48,single_method_pi,TRUE,TRUE,Cash
29,1,,3,17,single_method_pi,FALSE,FALSE,Credit card
30,1,,1,17,single_method_pi,TRUE,TRUE,Cash
69,1,,3,7.63,single_method_pi,FALSE,FALSE,Credit card
70,1,,5,12.57,single_method_pi,FALSE,FALSE,Prepaid/gift/EBT card
71,1,,7,85.47,single_method_pi,FALSE,TRUE,Online banking bill payment
73,1,,5,5.98,single_method_pi,FALSE,FALSE,Prepaid/gift/EBT card
75,1,,3,20,single_method_pi,FALSE,FALSE,Credit card
77,1,,1,5.5600000000000005,single_method_pi,TRUE,TRUE,Cash
79,1,,1,15,single_method_pi,TRUE,TRUE,Cash
80,1,,4,522,single_method_pi,TRUE,TRUE,Debit card
84,1,,3,30.56,single_method_pi,FALSE,FALSE,Credit card
85,1,,7,120,single_method_pi,FALSE,TRUE,Online banking bill payment
86,1,,3,5.99,single_method_pi,FALSE,FALSE,Credit card
87,1,,1,2,single_method_pi,TRUE,TRUE,Cash
88,1,,3,36.65,single_method_pi,FALSE,FALSE,Credit card
94,1,,4,14.96,single_method_pi,TRUE,TRUE,Debit card
95,1,,4,30.87,single_method_pi,TRUE,TRUE,Debit card
96,1,,2,127.07,single_method_pi,TRUE,TRUE,Check
98,1,,2,219,single_method_pi,TRUE,TRUE,Check
101,1,,5,7.4,single_method_pi,FALSE,FALSE,Prepaid/gift/EBT card
102,1,,1,5,single_method_pi,TRUE,TRUE,Cash
103,1,,5,177,single_method_pi,FALSE,FALSE,Prepaid/gift/EBT card
104,1,,3,3,single_method_pi,FALSE,FALSE,Credit card
108,1,,4,13.9,single_method_pi,TRUE,TRUE,Debit card
109,1,,1,2.69,single_method_pi,TRUE,TRUE,Cash
111,1,,6,86,single_method_pi,FALSE,TRUE,Bank account number payment
112,1,,6,68.3,single_method_pi,FALSE,TRUE,Bank account number payment
114,1,,1,6.86,single_method_pi,TRUE,TRUE,Cash
115,1,,1,19.33,single_method_pi,TRUE,TRUE,Cash
116,1,,1,2.28,single_method_pi,TRUE,TRUE,Cash
117,1,,6,120.65,single_method_pi,FALSE,TRUE,Bank account number payment
119,1,,3,101,single_method_pi,FALSE,FALSE,Credit card
121,1,,3,32,single_method_pi,FALSE,FALSE,Credit card
122,1,,3,56,single_method_pi,FALSE,FALSE,Credit card
125,1,,4,51.49,single_method_pi,TRUE,TRUE,Debit card
126,1,,13,1,single_method_pi,FALSE,FALSE,Other payment method
128,1,,4,14.38,single_method_pi,TRUE,TRUE,Debit card
130,1,,4,70.98,single_method_pi,TRUE,TRUE,Debit card
134,1,,13,1,single_method_pi,FALSE,FALSE,Other payment method
139,1,,1,4,single_method_pi,TRUE,TRUE,Cash
142,1,,1,1.6,single_method_pi,TRUE,TRUE,Cash
144,1,,4,11,single_method_pi,TRUE,TRUE,Debit card
145,1,,4,9,single_method_pi,TRUE,TRUE,Debit card
146,1,,3,32,single_method_pi,FALSE,FALSE,Credit card
151,1,,2,275.8,single_method_pi,TRUE,TRUE,Check
152,1,,1,5,single_method_pi,TRUE,TRUE,Cash
153,1,,1,3,single_method_pi,TRUE,TRUE,Cash
156,1,,4,3.25,single_method_pi,TRUE,TRUE,Debit card
157,1,,4,8.86,single_method_pi,TRUE,TRUE,Debit card
162,1,,3,94.09,single_method_pi,FALSE,FALSE,Credit card
164,1,,11,45.83,single_method_pi,FALSE,TRUE,Account-to-account transfer
165,1,,3,53,single_method_pi,FALSE,FALSE,Credit card
172,1,,3,27.58,single_method_pi,FALSE,FALSE,Credit card
188,1,,4,12,single_method_pi,TRUE,TRUE,Debit card
189,1,,4,33,single_method_pi,TRUE,TRUE,Debit card
192,1,,1,10,single_method_pi,TRUE,TRUE,Cash
198,1,,4,24.4,single_method_pi,TRUE,TRUE,Debit card
199,1,,3,55.93,single_method_pi,FALSE,FALSE,Credit card
204,1,,1,14.82,single_method_pi,TRUE,TRUE,Cash
205,1,,3,3.75,single_method_pi,FALSE,FALSE,Credit card
210,1,,1,25,single_method_pi,TRUE,TRUE,Cash
211,1,,1,10,single_method_pi,TRUE,TRUE,Cash
212,1,,1,11,single_method_pi,TRUE,TRUE,Cash
214,1,,1,1,single_method_pi,TRUE,TRUE,Cash
216,1,,4,113,single_method_pi,TRUE,TRUE,Debit card
217,1,,4,17,single_method_pi,TRUE,TRUE,Debit card
220,1,,1,6.13,single_method_pi,TRUE,TRUE,Cash
221,1,,1,2.99,single_method_pi,TRUE,TRUE,Cash
222,1,,1,1.5,single_method_pi,TRUE,TRUE,Cash
223,1,,1,5.5,single_method_pi,TRUE,TRUE,Cash
227,1,,3,9.29,single_method_pi,FALSE,FALSE,Credit card
228,1,,3,7.8,single_method_pi,FALSE,FALSE,Credit card
229,1,,3,21.35,single_method_pi,FALSE,FALSE,Credit card
230,1,,3,5.5,single_method_pi,FALSE,FALSE,Credit card
231,1,,1,6,single_method_pi,TRUE,TRUE,Cash
233,1,,3,7.09,single_method_pi,FALSE,FALSE,Credit card
236,1,,3,30.99,single_method_pi,FALSE,FALSE,Credit card
237,1,,3,20.28,single_method_pi,FALSE,FALSE,Credit card
239,1,,1,15.86,single_method_pi,TRUE,TRUE,Cash
240,1,,4,23.7,single_method_pi,TRUE,TRUE,Debit card
241,1,,1,19,single_method_pi,TRUE,TRUE,Cash
242,1,,1,20,single_method_pi,TRUE,TRUE,Cash
248,1,,4,212.01,single_method_pi,TRUE,TRUE,Debit card
250,1,,1,2.46,single_method_pi,TRUE,TRUE,Cash
252,1,,4,57.39,single_method_pi,TRUE,TRUE,Debit card
256,1,,1,18.63,single_method_pi,TRUE,TRUE,Cash
259,1,,1,2.39,single_method_pi,TRUE,TRUE,Cash
260,1,,13,1.5,single_method_pi,FALSE,FALSE,Other payment method
262,1,,4,47.52,single_method_pi,TRUE,TRUE,Debit card
263,1,,2,42.6,single_method_pi,TRUE,TRUE,Check
264,1,,1,20,single_method_pi,TRUE,TRUE,Cash
265,1,,4,42.11,single_method_pi,TRUE,TRUE,Debit card
266,1,,13,1.5,single_method_pi,FALSE,FALSE,Other payment method
269,1,,13,0.5,single_method_pi,FALSE,FALSE,Other payment method
270,1,,1,19.98,single_method_pi,TRUE,TRUE,Cash
271,1,,13,0.5,single_method_pi,FALSE,FALSE,Other payment method
272,1,,1,24.52,single_method_pi,TRUE,TRUE,Cash
274,1,,2,75.66,single_method_pi,TRUE,TRUE,Check
277,1,,6,117.49,single_method_pi,FALSE,TRUE,Bank account number payment
278,1,,6,117,single_method_pi,FALSE,TRUE,Bank account number payment
279,1,,11,117,single_method_pi,FALSE,TRUE,Account-to-account transfer
281,1,,1,4.15,single_method_pi,TRUE,TRUE,Cash
282,1,,1,3.45,single_method_pi,TRUE,TRUE,Cash
283,1,,1,17.32,single_method_pi,TRUE,TRUE,Cash
285,1,,1,3.4,single_method_pi,TRUE,TRUE,Cash
289,1,,1,14.71,single_method_pi,TRUE,TRUE,Cash
290,1,,3,17.56,single_method_pi,FALSE,FALSE,Credit card
292,1,,3,86.89,single_method_pi,FALSE,FALSE,Credit card
294,1,,2,20,single_method_pi,TRUE,TRUE,Check
296,1,,6,55,single_method_pi,FALSE,TRUE,Bank account number payment
297,1,,4,12,single_method_pi,TRUE,TRUE,Debit card
300,1,,6,343,single_method_pi,FALSE,TRUE,Bank account number payment
301,1,,6,1,single_method_pi,FALSE,TRUE,Bank account number payment
302,1,,4,214,single_method_pi,TRUE,TRUE,Debit card
303,1,,4,71,single_method_pi,TRUE,TRUE,Debit card
306,1,,1,3,single_method_pi,TRUE,TRUE,Cash
307,1,,3,16.98,single_method_pi,FALSE,FALSE,Credit card
310,1,,1,23.9,single_method_pi,TRUE,TRUE,Cash
314,1,,1,12.02,single_method_pi,TRUE,TRUE,Cash
315,1,,1,3.89,single_method_pi,TRUE,TRUE,Cash
316,1,,5,8.38,single_method_pi,FALSE,FALSE,Prepaid/gift/EBT card
319,1,,6,314.82,single_method_pi,FALSE,TRUE,Bank account number payment
321,1,,2,405.32,single_method_pi,TRUE,TRUE,Check
322,1,,2,367.86,single_method_pi,TRUE,TRUE,Check
323,1,,1,5.33,single_method_pi,TRUE,TRUE,Cash
325,1,,3,5,single_method_pi,FALSE,FALSE,Credit card
326,1,,3,5.65,single_method_pi,FALSE,FALSE,Credit card
328,1,,5,11.38,single_method_pi,FALSE,FALSE,Prepaid/gift/EBT card
329,1,,3,4.22,single_method_pi,FALSE,FALSE,Credit card
330,1,,3,6.8,single_method_pi,FALSE,FALSE,Credit card
331,1,,3,1200,single_method_pi,FALSE,FALSE,Credit card
332,1,,3,8.120000000000001,single_method_pi,FALSE,FALSE,Credit card
333,1,,3,12.98,single_method_pi,FALSE,FALSE,Credit card
336,1,,3,60,single_method_pi,FALSE,FALSE,Credit card
337,1,,3,10,single_method_pi,FALSE,FALSE,Credit card
338,1,,1,12,single_method_pi,TRUE,TRUE,Cash
341,1,,4,263,single_method_pi,TRUE,TRUE,Debit card
342,1,,3,134.89,single_method_pi,FALSE,FALSE,Credit card
345,1,,3,20.71,single_method_pi,FALSE,FALSE,Credit card
346,1,,3,19.2,single_method_pi,FALSE,FALSE,Credit card
347,1,,3,37.69,single_method_pi,FALSE,FALSE,Credit card
349,1,,3,121.06,single_method_pi,FALSE,FALSE,Credit card
351,1,,1,18,single_method_pi,TRUE,TRUE,Cash
354,1,,3,16.25,single_method_pi,FALSE,FALSE,Credit card
358,1,,7,406.66,single_method_pi,FALSE,TRUE,Online banking bill payment
359,1,,3,6.25,single_method_pi,FALSE,FALSE,Credit card
360,1,,1,15,single_method_pi,TRUE,TRUE,Cash
361,1,,4,4.93,single_method_pi,TRUE,TRUE,Debit card
362,1,,3,43.56,single_method_pi,FALSE,FALSE,Credit card
366,1,,1,12.42,single_method_pi,TRUE,TRUE,Cash
368,1,,3,60,single_method_pi,FALSE,FALSE,Credit card
370,1,,1,15,single_method_pi,TRUE,TRUE,Cash
371,1,,1,3.48,single_method_pi,TRUE,TRUE,Cash
372,1,,1,4.3500000000000005,single_method_pi,TRUE,TRUE,Cash
373,1,,1,4.45,single_method_pi,TRUE,TRUE,Cash
379,1,,1,2,single_method_pi,TRUE,TRUE,Cash
383,1,,3,3.42,single_method_pi,FALSE,FALSE,Credit card
384,1,,3,24.42,single_method_pi,FALSE,FALSE,Credit card
391,1,,3,42.64,single_method_pi,FALSE,FALSE,Credit card
392,1,,3,6.25,single_method_pi,FALSE,FALSE,Credit card
395,1,,4,13.75,single_method_pi,TRUE,TRUE,Debit card
396,1,,1,2.15,single_method_pi,TRUE,TRUE,Cash
397,1,,1,2.57,single_method_pi,TRUE,TRUE,Cash
401,1,,1,11,single_method_pi,TRUE,TRUE,Cash
402,1,,4,19.98,single_method_pi,TRUE,TRUE,Debit card
405,1,,7,316.84000000000003,single_method_pi,FALSE,TRUE,Online banking bill payment
406,1,,1,4.5,single_method_pi,TRUE,TRUE,Cash
409,1,,1,9,single_method_pi,TRUE,TRUE,Cash
411,1,,1,52,single_method_pi,TRUE,TRUE,Cash
415,1,,4,259.54,single_method_pi,TRUE,TRUE,Debit card
417,1,,1,13.74,single_method_pi,TRUE,TRUE,Cash
421,1,,2,21,single_method_pi,TRUE,TRUE,Check
424,1,,3,40.99,single_method_pi,FALSE,FALSE,Credit card
426,1,,7,21.62,single_method_pi,FALSE,TRUE,Online banking bill payment
427,1,,2,29.16,single_method_pi,TRUE,TRUE,Check
428,1,,7,24.12,single_method_pi,FALSE,TRUE,Online banking bill payment
429,1,,4,100,single_method_pi,TRUE,TRUE,Debit card
432,1,,4,20.82,single_method_pi,TRUE,TRUE,Debit card
433,1,,4,10,single_method_pi,TRUE,TRUE,Debit card
434,1,,4,10.32,single_method_pi,TRUE,TRUE,Debit card
435,1,,4,108.18,single_method_pi,TRUE,TRUE,Debit card
441,1,,4,8.07,single_method_pi,TRUE,TRUE,Debit card
443,1,,4,5.4,single_method_pi,TRUE,TRUE,Debit card
444,1,,4,1.97,single_method_pi,TRUE,TRUE,Debit card
446,1,,4,14.12,single_method_pi,TRUE,TRUE,Debit card
447,1,,4,4.59,single_method_pi,TRUE,TRUE,Debit card
448,1,,7,15.99,single_method_pi,FALSE,TRUE,Online banking bill payment
449,1,,4,2.32,single_method_pi,TRUE,TRUE,Debit card
456,1,,6,110,single_method_pi,FALSE,TRUE,Bank account number payment
462,1,,3,160,single_method_pi,FALSE,FALSE,Credit card
463,1,,3,6.5,single_method_pi,FALSE,FALSE,Credit card
464,1,,6,1000,single_method_pi,FALSE,TRUE,Bank account number payment
468,1,,3,79.32000000000001,single_method_pi,FALSE,FALSE,Credit card
470,1,,1,9.43,single_method_pi,TRUE,TRUE,Cash
473,1,,1,25.57,single_method_pi,TRUE,TRUE,Cash
475,1,,4,43.68,single_method_pi,TRUE,TRUE,Debit card
476,1,,1,28.22,single_method_pi,TRUE,TRUE,Cash
481,1,,2,30,single_method_pi,TRUE,TRUE,Check
483,1,,4,32,single_method_pi,TRUE,TRUE,Debit card
484,1,,4,67.48,single_method_pi,TRUE,TRUE,Debit card
485,1,,4,25,single_method_pi,TRUE,TRUE,Debit card
486,1,,4,21.24,single_method_pi,TRUE,TRUE,Debit card
490,1,,4,51.57,single_method_pi,TRUE,TRUE,Debit card
492,1,,1,3.79,single_method_pi,TRUE,TRUE,Cash
495,1,,4,10,single_method_pi,TRUE,TRUE,Debit card
496,1,,4,2.75,single_method_pi,TRUE,TRUE,Debit card
497,1,,4,18.41,single_method_pi,TRUE,TRUE,Debit card
498,1,,4,9,single_method_pi,TRUE,TRUE,Debit card
499,1,,4,8,single_method_pi,TRUE,TRUE,Debit card
500,1,,4,7,single_method_pi,TRUE,TRUE,Debit card
501,1,,4,14.64,single_method_pi,TRUE,TRUE,Debit card
513,1,,1,14,single_method_pi,TRUE,TRUE,Cash
515,1,,3,40.78,single_method_pi,FALSE,FALSE,Credit card
517,1,,1,10.46,single_method_pi,TRUE,TRUE,Cash
522,1,,4,34.300000000000004,single_method_pi,TRUE,TRUE,Debit card
523,1,,4,350,single_method_pi,TRUE,TRUE,Debit card
524,1,,3,15.75,single_method_pi,FALSE,FALSE,Credit card
525,1,,3,10.85,single_method_pi,FALSE,FALSE,Credit card
529,1,,1,3.45,single_method_pi,TRUE,TRUE,Cash
531,1,,3,6.32,single_method_pi,FALSE,FALSE,Credit card
532,1,,3,20.64,single_method_pi,FALSE,FALSE,Credit card
533,1,,3,57.3,single_method_pi,FALSE,FALSE,Credit card
534,1,,3,12,single_method_pi,FALSE,FALSE,Credit card
535,1,,3,40.75,single_method_pi,FALSE,FALSE,Credit card
536,1,,1,6,single_method_pi,TRUE,TRUE,Cash
537,1,,4,6.2700000000000005,single_method_pi,TRUE,TRUE,Debit card
538,1,,4,13.77,single_method_pi,TRUE,TRUE,Debit card
539,1,,4,6.79,single_method_pi,TRUE,TRUE,Debit card
540,1,,4,95,single_method_pi,TRUE,TRUE,Debit card
543,1,,7,94,single_method_pi,FALSE,TRUE,Online banking bill payment
544,1,,7,107.09,single_method_pi,FALSE,TRUE,Online banking bill payment
545,1,,7,201,single_method_pi,FALSE,TRUE,Online banking bill payment
546,1,,4,40,single_method_pi,TRUE,TRUE,Debit card
547,1,,2,25,single_method_pi,TRUE,TRUE,Check
548,1,,1,1.79,single_method_pi,TRUE,TRUE,Cash
550,1,,7,93.87,single_method_pi,FALSE,TRUE,Online banking bill payment
551,1,,2,20,single_method_pi,TRUE,TRUE,Check
554,1,,2,20.64,single_method_pi,TRUE,TRUE,Check
556,1,,7,94,single_method_pi,FALSE,TRUE,Online banking bill payment
557,1,,3,7.930000000000001,single_method_pi,FALSE,FALSE,Credit card
559,1,,4,11.54,single_method_pi,TRUE,TRUE,Debit card
561,1,,4,13.77,single_method_pi,TRUE,TRUE,Debit card
564,1,,4,9.78,single_method_pi,TRUE,TRUE,Debit card
565,1,,4,120.19,single_method_pi,TRUE,TRUE,Debit card
570,1,,1,12,single_method_pi,TRUE,TRUE,Cash
571,1,,4,7.49,single_method_pi,TRUE,TRUE,Debit card
573,1,,4,15.88,single_method_pi,TRUE,TRUE,Debit card
574,1,,4,4.2700000000000005,single_method_pi,TRUE,TRUE,Debit card
580,1,,4,292,single_method_pi,TRUE,TRUE,Debit card
583,1,,1,85,single_method_pi,TRUE,TRUE,Cash
584,1,,3,94.41,single_method_pi,FALSE,FALSE,Credit card
591,1,,4,26.59,single_method_pi,TRUE,TRUE,Debit card
603,1,,3,48.26,single_method_pi,FALSE,FALSE,Credit card
605,1,,1,4.22,single_method_pi,TRUE,TRUE,Cash
606,1,,1,16,single_method_pi,TRUE,TRUE,Cash
607,1,,3,163.48,single_method_pi,FALSE,FALSE,Credit card
609,1,,1,3.75,single_method_pi,TRUE,TRUE,Cash
610,1,,4,12.16,single_method_pi,TRUE,TRUE,Debit card
611,1,,4,72.58,single_method_pi,TRUE,TRUE,Debit card
612,1,,4,27.93,single_method_pi,TRUE,TRUE,Debit card
614,1,,4,171.17000000000002,single_method_pi,TRUE,TRUE,Debit card
620,1,,4,69.65,single_method_pi,TRUE,TRUE,Debit card
622,1,,6,247.67,single_method_pi,FALSE,TRUE,Bank account number payment
623,1,,6,212.73,single_method_pi,FALSE,TRUE,Bank account number payment
625,1,,1,8.76,single_method_pi,TRUE,TRUE,Cash
628,1,,1,19.5,single_method_pi,TRUE,TRUE,Cash
629,1,,4,19,single_method_pi,TRUE,TRUE,Debit card
631,1,,1,22.73,single_method_pi,TRUE,TRUE,Cash
632,1,,1,66.87,single_method_pi,TRUE,TRUE,Cash
635,1,,1,0.84,single_method_pi,TRUE,TRUE,Cash
637,1,,1,0.84,single_method_pi,TRUE,TRUE,Cash
638,1,,1,5,single_method_pi,TRUE,TRUE,Cash
641,1,,1,5.25,single_method_pi,TRUE,TRUE,Cash
645,1,,1,7,single_method_pi,TRUE,TRUE,Cash
646,1,,1,10,single_method_pi,TRUE,TRUE,Cash
650,1,,4,12.13,single_method_pi,TRUE,TRUE,Debit card
652,1,,1,5,single_method_pi,TRUE,TRUE,Cash
658,1,,4,3.16,single_method_pi,TRUE,TRUE,Debit card
661,1,,1,48,single_method_pi,TRUE,TRUE,Cash
662,1,,1,2,single_method_pi,TRUE,TRUE,Cash
663,1,,4,10.47,single_method_pi,TRUE,TRUE,Debit card
664,1,,1,5,single_method_pi,TRUE,TRUE,Cash
669,1,,4,750,single_method_pi,TRUE,TRUE,Debit card
678,1,,4,18.42,single_method_pi,TRUE,TRUE,Debit card
685,1,,1,3,single_method_pi,TRUE,TRUE,Cash
690,1,,3,48.35,single_method_pi,FALSE,FALSE,Credit card
692,1,,4,2.65,single_method_pi,TRUE,TRUE,Debit card
693,1,,4,2.99,single_method_pi,TRUE,TRUE,Debit card
703,1,,3,40.53,single_method_pi,FALSE,FALSE,Credit card
709,1,,1,35,single_method_pi,TRUE,TRUE,Cash
710,1,,4,107.8,single_method_pi,TRUE,TRUE,Debit card
718,1,,3,23.31,single_method_pi,FALSE,FALSE,Credit card
719,1,,1,5,single_method_pi,TRUE,TRUE,Cash
721,1,,3,19.53,single_method_pi,FALSE,FALSE,Credit card
724,1,,3,30,single_method_pi,FALSE,FALSE,Credit card
726,1,,4,18.73,single_method_pi,TRUE,TRUE,Debit card
727,1,,4,45.14,single_method_pi,TRUE,TRUE,Debit card
728,1,,4,20.98,single_method_pi,TRUE,TRUE,Debit card
731,1,,4,49,single_method_pi,TRUE,TRUE,Debit card
734,1,,3,9.65,single_method_pi,FALSE,FALSE,Credit card
735,1,,3,78.82000000000001,single_method_pi,FALSE,FALSE,Credit card
744,1,,1,10.06,single_method_pi,TRUE,TRUE,Cash
746,1,,1,5.04,single_method_pi,TRUE,TRUE,Cash
750,1,,2,54.46,single_method_pi,TRUE,TRUE,Check
753,1,,1,20,single_method_pi,TRUE,TRUE,Cash
755,1,,1,5,single_method_pi,TRUE,TRUE,Cash
757,1,,1,17,single_method_pi,TRUE,TRUE,Cash
759,1,,1,11,single_method_pi,TRUE,TRUE,Cash
760,1,,3,31.11,single_method_pi,FALSE,FALSE,Credit card
761,1,,3,146.09,single_method_pi,FALSE,FALSE,Credit card
763,1,,3,22.7,single_method_pi,FALSE,FALSE,Credit card
765,1,,1,1,single_method_pi,TRUE,TRUE,Cash
766,1,,7,153.16,single_method_pi,FALSE,TRUE,Online banking bill payment
769,1,,7,102.84,single_method_pi,FALSE,TRUE,Online banking bill payment
771,1,,1,1,single_method_pi,TRUE,TRUE,Cash
772,1,,4,19.7,single_method_pi,TRUE,TRUE,Debit card
775,1,,1,21.97,single_method_pi,TRUE,TRUE,Cash
777,1,,1,17.88,single_method_pi,TRUE,TRUE,Cash
781,1,,1,11.62,single_method_pi,TRUE,TRUE,Cash
782,1,,1,19.07,single_method_pi,TRUE,TRUE,Cash
783,1,,1,14,single_method_pi,TRUE,TRUE,Cash
784,1,,4,193.7,single_method_pi,TRUE,TRUE,Debit card
786,1,,3,8.63,single_method_pi,FALSE,FALSE,Credit card
787,1,,3,63.31,single_method_pi,FALSE,FALSE,Credit card
788,1,,1,6.5,single_method_pi,TRUE,TRUE,Cash
790,1,,3,34.980000000000004,single_method_pi,FALSE,FALSE,Credit card
793,1,,3,46.47,single_method_pi,FALSE,FALSE,Credit card
794,1,,3,26.06,single_method_pi,FALSE,FALSE,Credit card
796,1,,4,19.57,single_method_pi,TRUE,TRUE,Debit card
797,1,,4,243.31,single_method_pi,TRUE,TRUE,Debit card
799,1,,4,31.83,single_method_pi,TRUE,TRUE,Debit card
802,1,,4,139.6,single_method_pi,TRUE,TRUE,Debit card
803,1,,4,25.56,single_method_pi,TRUE,TRUE,Debit card
804,1,,4,946,single_method_pi,TRUE,TRUE,Debit card
808,1,,4,29.26,single_method_pi,TRUE,TRUE,Debit card
810,1,,4,162.22,single_method_pi,TRUE,TRUE,Debit card
812,1,,4,64.38,single_method_pi,TRUE,TRUE,Debit card
815,1,,3,15.62,single_method_pi,FALSE,FALSE,Credit card
820,1,,3,55.48,single_method_pi,FALSE,FALSE,Credit card
821,1,,3,163.44,single_method_pi,FALSE,FALSE,Credit card
827,1,,3,11.21,single_method_pi,FALSE,FALSE,Credit card
830,1,,2,182,single_method_pi,TRUE,TRUE,Check
831,1,,3,14.93,single_method_pi,FALSE,FALSE,Credit card
843,1,,1,7,single_method_pi,TRUE,TRUE,Cash
847,1,,4,46,single_method_pi,TRUE,TRUE,Debit card
853,1,,8,435,single_method_pi,FALSE,FALSE,Money order
856,1,,7,100,single_method_pi,FALSE,TRUE,Online banking bill payment
859,1,,4,11.79,single_method_pi,TRUE,TRUE,Debit card
860,1,,4,76.77,single_method_pi,TRUE,TRUE,Debit card
861,1,,4,4.09,single_method_pi,TRUE,TRUE,Debit card
863,1,,6,11.08,single_method_pi,FALSE,TRUE,Bank account number payment
865,1,,1,3.98,single_method_pi,TRUE,TRUE,Cash
866,1,,4,56.02,single_method_pi,TRUE,TRUE,Debit card
869,1,,1,7.22,single_method_pi,TRUE,TRUE,Cash
871,1,,1,0.75,single_method_pi,TRUE,TRUE,Cash
872,1,,1,16.330000000000002,single_method_pi,TRUE,TRUE,Cash
873,1,,1,10.16,single_method_pi,TRUE,TRUE,Cash
877,1,,4,54,single_method_pi,TRUE,TRUE,Debit card
880,1,,4,5.86,single_method_pi,TRUE,TRUE,Debit card
882,1,,4,8.23,single_method_pi,TRUE,TRUE,Debit card
887,1,,4,9.5,single_method_pi,TRUE,TRUE,Debit card
889,1,,4,6.11,single_method_pi,TRUE,TRUE,Debit card
891,1,,4,26.06,single_method_pi,TRUE,TRUE,Debit card
900,1,,3,24.36,single_method_pi,FALSE,FALSE,Credit card
901,1,,7,27.18,single_method_pi,FALSE,TRUE,Online banking bill payment
908,1,,3,1.05,single_method_pi,FALSE,FALSE,Credit card
910,1,,2,159,single_method_pi,TRUE,TRUE,Check
912,1,,6,217,single_method_pi,FALSE,TRUE,Bank account number payment
913,1,,4,5.89,single_method_pi,TRUE,TRUE,Debit card
914,1,,1,25,single_method_pi,TRUE,TRUE,Cash
916,1,,1,22.83,single_method_pi,TRUE,TRUE,Cash
917,1,,4,37.41,single_method_pi,TRUE,TRUE,Debit card
918,1,,1,5.6000000000000005,single_method_pi,TRUE,TRUE,Cash
920,1,,1,2,single_method_pi,TRUE,TRUE,Cash
926,1,,4,59,single_method_pi,TRUE,TRUE,Debit card
927,1,,4,47,single_method_pi,TRUE,TRUE,Debit card
933,1,,3,77.57000000000001,single_method_pi,FALSE,FALSE,Credit card
954,1,,4,34,single_method_pi,TRUE,TRUE,Debit card
959,1,,4,11.43,single_method_pi,TRUE,TRUE,Debit card
960,1,,2,194.27,single_method_pi,TRUE,TRUE,Check
963,1,,4,33.9,single_method_pi,TRUE,TRUE,Debit card
964,1,,1,6,single_method_pi,TRUE,TRUE,Cash
966,1,,4,46.55,single_method_pi,TRUE,TRUE,Debit card
967,1,,4,17.22,single_method_pi,TRUE,TRUE,Debit card
969,1,,4,67.04,single_method_pi,TRUE,TRUE,Debit card
970,1,,4,77,single_method_pi,TRUE,TRUE,Debit card
971,1,,4,10.12,single_method_pi,TRUE,TRUE,Debit card
976,1,,2,600,single_method_pi,TRUE,TRUE,Check
977,1,,1,7,single_method_pi,TRUE,TRUE,Cash
981,1,,3,50,single_method_pi,FALSE,FALSE,Credit card
985,1,,3,17.1,single_method_pi,FALSE,FALSE,Credit card
986,1,,3,54.25,single_method_pi,FALSE,FALSE,Credit card
987,1,,1,3,single_method_pi,TRUE,TRUE,Cash
988,1,,3,17.8,single_method_pi,FALSE,FALSE,Credit card
989,1,,3,32.67,single_method_pi,FALSE,FALSE,Credit card
990,1,,1,3,single_method_pi,TRUE,TRUE,Cash
991,1,,3,81.88,single_method_pi,FALSE,FALSE,Credit card
997,1,,1,807,single_method_pi,TRUE,TRUE,Cash
998,1,,1,40,single_method_pi,TRUE,TRUE,Cash
1004,1,,4,11.88,single_method_pi,TRUE,TRUE,Debit card
1005,1,,4,21.91,single_method_pi,TRUE,TRUE,Debit card
1009,1,,3,4.15,single_method_pi,FALSE,FALSE,Credit card
1010,1,,3,19.59,single_method_pi,FALSE,FALSE,Credit card
1015,1,,1,10,single_method_pi,TRUE,TRUE,Cash
1016,1,,3,20.58,single_method_pi,FALSE,FALSE,Credit card
1018,1,,6,22.42,single_method_pi,FALSE,TRUE,Bank account number payment
1019,1,,4,98.29,single_method_pi,TRUE,TRUE,Debit card
1020,1,,4,14.19,single_method_pi,TRUE,TRUE,Debit card
1021,1,,4,8.620000000000001,single_method_pi,TRUE,TRUE,Debit card
1023,1,,4,22.55,single_method_pi,TRUE,TRUE,Debit card
1028,1,,4,32.33,single_method_pi,TRUE,TRUE,Debit card
1030,1,,1,40,single_method_pi,TRUE,TRUE,Cash
1033,1,,1,200,single_method_pi,TRUE,TRUE,Cash
1039,1,,1,7.07,single_method_pi,TRUE,TRUE,Cash
1040,1,,1,10.66,single_method_pi,TRUE,TRUE,Cash
1044,1,,4,289,single_method_pi,TRUE,TRUE,Debit card
1045,1,,4,37,single_method_pi,TRUE,TRUE,Debit card
1053,1,,6,455,single_method_pi,FALSE,TRUE,Bank account number payment
1054,1,,3,60,single_method_pi,FALSE,FALSE,Credit card
1058,1,,3,0.25,single_method_pi,FALSE,FALSE,Credit card
1059,1,,4,73.83,single_method_pi,TRUE,TRUE,Debit card
1060,1,,3,20.93,single_method_pi,FALSE,FALSE,Credit card
1066,1,,3,6.97,single_method_pi,FALSE,FALSE,Credit card
1067,1,,3,29.61,single_method_pi,FALSE,FALSE,Credit card
1068,1,,1,1,single_method_pi,TRUE,TRUE,Cash
1071,1,,4,95,single_method_pi,TRUE,TRUE,Debit card
1074,1,,4,12,single_method_pi,TRUE,TRUE,Debit card
1076,1,,4,37,single_method_pi,TRUE,TRUE,Debit card
1077,1,,4,15,single_method_pi,TRUE,TRUE,Debit card
1078,1,,4,3,single_method_pi,TRUE,TRUE,Debit card
1080,1,,4,15,single_method_pi,TRUE,TRUE,Debit card
1083,1,,3,15,single_method_pi,FALSE,FALSE,Credit card
1084,1,,5,147.74,single_method_pi,FALSE,FALSE,Prepaid/gift/EBT card
1085,1,,5,100,single_method_pi,FALSE,FALSE,Prepaid/gift/EBT card
1087,1,,5,196,single_method_pi,FALSE,FALSE,Prepaid/gift/EBT card
1088,1,,5,200,single_method_pi,FALSE,FALSE,Prepaid/gift/EBT card
1089,1,,3,157,single_method_pi,FALSE,FALSE,Credit card
1091,1,,3,17.89,single_method_pi,FALSE,FALSE,Credit card
1093,1,,7,69,single_method_pi,FALSE,TRUE,Online banking bill payment
1094,1,,6,215,single_method_pi,FALSE,TRUE,Bank account number payment
1095,1,,7,46.94,single_method_pi,FALSE,TRUE,Online banking bill payment
1097,1,,4,25.45,single_method_pi,TRUE,TRUE,Debit card
1101,1,,1,5,single_method_pi,TRUE,TRUE,Cash
1102,1,,1,18,single_method_pi,TRUE,TRUE,Cash
1105,1,,13,17.580000000000002,single_method_pi,FALSE,FALSE,Other payment method
1106,1,,4,18.77,single_method_pi,TRUE,TRUE,Debit card
1109,1,,1,15.28,single_method_pi,TRUE,TRUE,Cash
1113,1,,4,6.18,single_method_pi,TRUE,TRUE,Debit card
1114,1,,1,10,single_method_pi,TRUE,TRUE,Cash
1117,1,,1,9.27,single_method_pi,TRUE,TRUE,Cash
1118,1,,4,15.09,single_method_pi,TRUE,TRUE,Debit card
1119,1,,4,42.17,single_method_pi,TRUE,TRUE,Debit card
1121,1,,4,11.01,single_method_pi,TRUE,TRUE,Debit card
1123,1,,1,4,single_method_pi,TRUE,TRUE,Cash
1124,1,,13,25,single_method_pi,FALSE,FALSE,Other payment method
1125,1,,4,33.71,single_method_pi,TRUE,TRUE,Debit card
1126,1,,2,52,single_method_pi,TRUE,TRUE,Check
1129,1,,1,20,single_method_pi,TRUE,TRUE,Cash
1130,1,,4,17.91,single_method_pi,TRUE,TRUE,Debit card
1132,1,,4,27.41,single_method_pi,TRUE,TRUE,Debit card
1133,1,,4,27.41,single_method_pi,TRUE,TRUE,Debit card
1134,1,,4,62.79,single_method_pi,TRUE,TRUE,Debit card
1135,1,,1,10,single_method_pi,TRUE,TRUE,Cash
1136,1,,7,49.36,single_method_pi,FALSE,TRUE,Online banking bill payment
1138,1,,1,34.56,single_method_pi,TRUE,TRUE,Cash
1139,1,,1,45,single_method_pi,TRUE,TRUE,Cash
1140,1,,1,21.06,single_method_pi,TRUE,TRUE,Cash
1142,1,,1,5.91,single_method_pi,TRUE,TRUE,Cash
1145,1,,4,3.69,single_method_pi,TRUE,TRUE,Debit card
1148,1,,4,3.94,single_method_pi,TRUE,TRUE,Debit card
1154,1,,4,23.21,single_method_pi,TRUE,TRUE,Debit card
1155,1,,4,12,single_method_pi,TRUE,TRUE,Debit card
1157,1,,4,77.96000000000001,single_method_pi,TRUE,TRUE,Debit card
1158,1,,4,9.16,single_method_pi,TRUE,TRUE,Debit card
1159,1,,4,15.04,single_method_pi,TRUE,TRUE,Debit card
1160,1,,2,1397,single_method_pi,TRUE,TRUE,Check
1161,1,,2,418,single_method_pi,TRUE,TRUE,Check
1163,1,,6,755,single_method_pi,FALSE,TRUE,Bank account number payment
1164,1,,4,7.84,single_method_pi,TRUE,TRUE,Debit card
1165,1,,4,21,single_method_pi,TRUE,TRUE,Debit card
1167,1,,1,21,single_method_pi,TRUE,TRUE,Cash
1168,1,,2,170.72,single_method_pi,TRUE,TRUE,Check
1169,1,,3,6.41,single_method_pi,FALSE,FALSE,Credit card
1171,1,,3,51.76,single_method_pi,FALSE,FALSE,Credit card
1172,1,,3,20.05,single_method_pi,FALSE,FALSE,Credit card
1173,1,,3,37.5,single_method_pi,FALSE,FALSE,Credit card
1174,1,,3,0.99,single_method_pi,FALSE,FALSE,Credit card
1187,1,,3,58.58,single_method_pi,FALSE,FALSE,Credit card
1189,1,,3,13.99,single_method_pi,FALSE,FALSE,Credit card
1192,1,,6,148,single_method_pi,FALSE,TRUE,Bank account number payment
1193,1,,3,12,single_method_pi,FALSE,FALSE,Credit card
1194,1,,3,17,single_method_pi,FALSE,FALSE,Credit card
1198,1,,1,100,single_method_pi,TRUE,TRUE,Cash
1203,1,,3,30.19,single_method_pi,FALSE,FALSE,Credit card
1209,1,,7,218.8,single_method_pi,FALSE,TRUE,Online banking bill payment
1211,1,,7,231.7,single_method_pi,FALSE,TRUE,Online banking bill payment
1212,1,,7,464.2,single_method_pi,FALSE,TRUE,Online banking bill payment
1214,1,,7,300,single_method_pi,FALSE,TRUE,Online banking bill payment
1219,1,,3,32.46,single_method_pi,FALSE,FALSE,Credit card
1220,1,,1,15.81,single_method_pi,TRUE,TRUE,Cash
1221,1,,1,10.52,single_method_pi,TRUE,TRUE,Cash
1223,1,,7,34.12,single_method_pi,FALSE,TRUE,Online banking bill payment
1229,1,,4,60,single_method_pi,TRUE,TRUE,Debit card
1230,1,,4,45,single_method_pi,TRUE,TRUE,Debit card
1240,1,,1,26.75,single_method_pi,TRUE,TRUE,Cash
1253,1,,1,12.77,single_method_pi,TRUE,TRUE,Cash
1255,1,,3,17.97,single_method_pi,FALSE,FALSE,Credit card
1258,1,,1,15,single_method_pi,TRUE,TRUE,Cash
1260,1,,4,133.71,single_method_pi,TRUE,TRUE,Debit card
1261,1,,4,82.49,single_method_pi,TRUE,TRUE,Debit card
1262,1,,1,6.5600000000000005,single_method_pi,TRUE,TRUE,Cash
1264,1,,5,10,single_method_pi,FALSE,FALSE,Prepaid/gift/EBT card
1265,1,,4,14.02,single_method_pi,TRUE,TRUE,Debit card
1267,1,,1,10,single_method_pi,TRUE,TRUE,Cash
1268,1,,4,33.51,single_method_pi,TRUE,TRUE,Debit card
1269,1,,1,6.9,single_method_pi,TRUE,TRUE,Cash
1270,1,,3,9,single_method_pi,FALSE,FALSE,Credit card
1275,1,,1,7,single_method_pi,TRUE,TRUE,Cash
1278,1,,3,13.02,single_method_pi,FALSE,FALSE,Credit card
1283,1,,3,16.34,single_method_pi,FALSE,FALSE,Credit card
1286,1,,4,5,single_method_pi,TRUE,TRUE,Debit card
1292,1,,1,3,single_method_pi,TRUE,TRUE,Cash
1300,1,,1,26.8,single_method_pi,TRUE,TRUE,Cash
1304,1,,3,50,single_method_pi,FALSE,FALSE,Credit card
1306,1,,2,10,single_method_pi,TRUE,TRUE,Check
1308,1,,4,42.03,single_method_pi,TRUE,TRUE,Debit card
1310,1,,4,45.17,single_method_pi,TRUE,TRUE,Debit card
1311,1,,1,11,single_method_pi,TRUE,TRUE,Cash
1312,1,,1,1,single_method_pi,TRUE,TRUE,Cash
1318,1,,4,116.19,single_method_pi,TRUE,TRUE,Debit card
1319,1,,4,28.54,single_method_pi,TRUE,TRUE,Debit card
1320,1,,4,47.75,single_method_pi,TRUE,TRUE,Debit card
1321,1,,4,40.14,single_method_pi,TRUE,TRUE,Debit card
1322,1,,4,24.28,single_method_pi,TRUE,TRUE,Debit card
1325,1,,4,41,single_method_pi,TRUE,TRUE,Debit card
1327,1,,4,33.37,single_method_pi,TRUE,TRUE,Debit card
1328,1,,4,8.05,single_method_pi,TRUE,TRUE,Debit card
1329,1,,4,27.11,single_method_pi,TRUE,TRUE,Debit card
1333,1,,1,41,single_method_pi,TRUE,TRUE,Cash
1336,1,,1,5.67,single_method_pi,TRUE,TRUE,Cash
1338,1,,4,6.57,single_method_pi,TRUE,TRUE,Debit card
1343,1,,4,6.37,single_method_pi,TRUE,TRUE,Debit card
1344,1,,4,9.75,single_method_pi,TRUE,TRUE,Debit card
1346,1,,3,62.06,single_method_pi,FALSE,FALSE,Credit card
1349,1,,3,38.28,single_method_pi,FALSE,FALSE,Credit card
1350,1,,3,34.96,single_method_pi,FALSE,FALSE,Credit card
1354,1,,4,45.71,single_method_pi,TRUE,TRUE,Debit card
1355,1,,4,15,single_method_pi,TRUE,TRUE,Debit card
1357,1,,4,6.8500000000000005,single_method_pi,TRUE,TRUE,Debit card
1371,1,,4,28.15,single_method_pi,TRUE,TRUE,Debit card
1374,1,,4,5.3500000000000005,single_method_pi,TRUE,TRUE,Debit card
1375,1,,7,195.85,single_method_pi,FALSE,TRUE,Online banking bill payment
1376,1,,4,18.45,single_method_pi,TRUE,TRUE,Debit card
1377,1,,4,52.39,single_method_pi,TRUE,TRUE,Debit card
1378,1,,1,2.17,single_method_pi,TRUE,TRUE,Cash
1380,1,,1,28,single_method_pi,TRUE,TRUE,Cash
1381,1,,1,71.25,single_method_pi,TRUE,TRUE,Cash
1382,1,,1,158.04,single_method_pi,TRUE,TRUE,Cash
1384,1,,1,10.5,single_method_pi,TRUE,TRUE,Cash
1388,1,,4,53.76,single_method_pi,TRUE,TRUE,Debit card
1390,1,,7,19.95,single_method_pi,FALSE,TRUE,Online banking bill payment
1391,1,,7,17.98,single_method_pi,FALSE,TRUE,Online banking bill payment
1393,1,,4,28.12,single_method_pi,TRUE,TRUE,Debit card
1396,1,,4,174.55,single_method_pi,TRUE,TRUE,Debit card
1397,1,,4,70.24,single_method_pi,TRUE,TRUE,Debit card
1404,1,,1,10,single_method_pi,TRUE,TRUE,Cash
1406,1,,1,1,single_method_pi,TRUE,TRUE,Cash
1407,1,,1,10,single_method_pi,TRUE,TRUE,Cash
1408,1,,1,10,single_method_pi,TRUE,TRUE,Cash
1409,1,,4,47.52,single_method_pi,TRUE,TRUE,Debit card
1414,1,,4,100.39,single_method_pi,TRUE,TRUE,Debit card
1415,1,,1,10,single_method_pi,TRUE,TRUE,Cash
1416,1,,1,10,single_method_pi,TRUE,TRUE,Cash
1417,1,,1,12.54,single_method_pi,TRUE,TRUE,Cash
1418,1,,4,30.91,single_method_pi,TRUE,TRUE,Debit card
1421,1,,4,284.91,single_method_pi,TRUE,TRUE,Debit card
1426,1,,1,7.36,single_method_pi,TRUE,TRUE,Cash
1427,1,,4,48.01,single_method_pi,TRUE,TRUE,Debit card
1429,1,,4,32.93,single_method_pi,TRUE,TRUE,Debit card
1436,1,,2,150,single_method_pi,TRUE,TRUE,Check
1445,1,,3,89,single_method_pi,FALSE,FALSE,Credit card
1447,1,,2,225,single_method_pi,TRUE,TRUE,Check
1451,1,,1,10,single_method_pi,TRUE,TRUE,Cash
1455,1,,2,10,single_method_pi,TRUE,TRUE,Check
1456,1,,1,21.67,single_method_pi,TRUE,TRUE,Cash
1457,1,,1,1,single_method_pi,TRUE,TRUE,Cash
1460,1,,2,37.33,single_method_pi,TRUE,TRUE,Check
1462,1,,6,196,single_method_pi,FALSE,TRUE,Bank account number payment
1465,1,,3,20.28,single_method_pi,FALSE,FALSE,Credit card
1467,1,,1,10.86,single_method_pi,TRUE,TRUE,Cash
1468,1,,4,61.75,single_method_pi,TRUE,TRUE,Debit card
1474,1,,4,21.85,single_method_pi,TRUE,TRUE,Debit card
1476,1,,6,39.95,single_method_pi,FALSE,TRUE,Bank account number payment
1478,1,,6,165,single_method_pi,FALSE,TRUE,Bank account number payment
1479,1,,3,1.37,single_method_pi,FALSE,FALSE,Credit card
1480,1,,3,25,single_method_pi,FALSE,FALSE,Credit card
1483,1,,3,38,single_method_pi,FALSE,FALSE,Credit card
1486,1,,3,33.410000000000004,single_method_pi,FALSE,FALSE,Credit card
1488,1,,3,16.95,single_method_pi,FALSE,FALSE,Credit card
1490,1,,3,21.04,single_method_pi,FALSE,FALSE,Credit card
1492,1,,3,8.43,single_method_pi,FALSE,FALSE,Credit card
1493,1,,3,9.31,single_method_pi,FALSE,FALSE,Credit card
1496,1,,3,12.72,single_method_pi,FALSE,FALSE,Credit card
1497,1,,6,1988.52,single_method_pi,FALSE,TRUE,Bank account number payment
1501,1,,3,70.82000000000001,single_method_pi,FALSE,FALSE,Credit card
1504,1,,3,41.05,single_method_pi,FALSE,FALSE,Credit card
1507,1,,4,13.5,single_method_pi,TRUE,TRUE,Debit card
1511,1,,1,10,single_method_pi,TRUE,TRUE,Cash
1512,1,,6,191.66,single_method_pi,FALSE,TRUE,Bank account number payment
1516,1,,3,26.63,single_method_pi,FALSE,FALSE,Credit card
1519,1,,1,20.64,single_method_pi,TRUE,TRUE,Cash
1520,1,,3,45.38,single_method_pi,FALSE,FALSE,Credit card
1521,1,,1,17.85,single_method_pi,TRUE,TRUE,Cash
1522,1,,1,17.650000000000002,single_method_pi,TRUE,TRUE,Cash
1524,1,,6,113.76,single_method_pi,FALSE,TRUE,Bank account number payment
1526,1,,4,32.78,single_method_pi,TRUE,TRUE,Debit card
1528,1,,4,1.99,single_method_pi,TRUE,TRUE,Debit card
1530,1,,4,16.73,single_method_pi,TRUE,TRUE,Debit card
1538,1,,3,17.97,single_method_pi,FALSE,FALSE,Credit card
1540,1,,4,18.53,single_method_pi,TRUE,TRUE,Debit card
1542,1,,4,12.58,single_method_pi,TRUE,TRUE,Debit card
1545,1,,4,38.68,single_method_pi,TRUE,TRUE,Debit card
1546,1,,1,5,single_method_pi,TRUE,TRUE,Cash
1549,1,,7,157.57,single_method_pi,FALSE,TRUE,Online banking bill payment
1550,1,,1,4.9,single_method_pi,TRUE,TRUE,Cash
1559,1,,3,17.17,single_method_pi,FALSE,FALSE,Credit card
1564,1,,4,31.45,single_method_pi,TRUE,TRUE,Debit card
1565,1,,1,0.89,single_method_pi,TRUE,TRUE,Cash
1566,1,,1,2,single_method_pi,TRUE,TRUE,Cash
1575,1,,3,31.41,single_method_pi,FALSE,FALSE,Credit card
1581,1,,3,40.19,single_method_pi,FALSE,FALSE,Credit card
1583,1,,3,19.24,single_method_pi,FALSE,FALSE,Credit card
1585,1,,3,2.22,single_method_pi,FALSE,FALSE,Credit card
1586,1,,3,8,single_method_pi,FALSE,FALSE,Credit card
1589,1,,3,38.42,single_method_pi,FALSE,FALSE,Credit card
1590,1,,3,10.64,single_method_pi,FALSE,FALSE,Credit card
1592,1,,3,17.98,single_method_pi,FALSE,FALSE,Credit card
1601,1,,5,10.5,single_method_pi,FALSE,FALSE,Prepaid/gift/EBT card
1602,1,,3,16.96,single_method_pi,FALSE,FALSE,Credit card
1604,1,,3,9.66,single_method_pi,FALSE,FALSE,Credit card
1605,1,,3,187.76,single_method_pi,FALSE,FALSE,Credit card
1607,1,,4,9.26,single_method_pi,TRUE,TRUE,Debit card
1614,1,,1,8.6,single_method_pi,TRUE,TRUE,Cash
1615,1,,1,10.26,single_method_pi,TRUE,TRUE,Cash
1626,1,,3,154.39,single_method_pi,FALSE,FALSE,Credit card
1627,1,,3,44.56,single_method_pi,FALSE,FALSE,Credit card
1629,1,,3,64.12,single_method_pi,FALSE,FALSE,Credit card
1631,1,,3,4.82,single_method_pi,FALSE,FALSE,Credit card
1634,1,,4,36.13,single_method_pi,TRUE,TRUE,Debit card
1635,1,,1,2,single_method_pi,TRUE,TRUE,Cash
1647,1,,6,650,single_method_pi,FALSE,TRUE,Bank account number payment
1648,1,,4,77.94,single_method_pi,TRUE,TRUE,Debit card
1651,1,,1,14.19,single_method_pi,TRUE,TRUE,Cash
1653,1,,4,43.25,single_method_pi,TRUE,TRUE,Debit card
1660,1,,1,16.47,single_method_pi,TRUE,TRUE,Cash
1661,1,,1,5,single_method_pi,TRUE,TRUE,Cash
1662,1,,3,32.230000000000004,single_method_pi,FALSE,FALSE,Credit card
1663,1,,3,11.6,single_method_pi,FALSE,FALSE,Credit card
1665,1,,3,3.2,single_method_pi,FALSE,FALSE,Credit card
1666,1,,3,2.98,single_method_pi,FALSE,FALSE,Credit card
1669,1,,3,35.65,single_method_pi,FALSE,FALSE,Credit card
1670,1,,3,20.38,single_method_pi,FALSE,FALSE,Credit card
1671,1,,3,21.63,single_method_pi,FALSE,FALSE,Credit card
1674,1,,6,2037.79,single_method_pi,FALSE,TRUE,Bank account number payment
1675,1,,3,33.54,single_method_pi,FALSE,FALSE,Credit card
1689,1,,3,61.43,single_method_pi,FALSE,FALSE,Credit card
1690,1,,2,1380,single_method_pi,TRUE,TRUE,Check
1693,1,,1,1.45,single_method_pi,TRUE,TRUE,Cash
1696,1,,1,1.47,single_method_pi,TRUE,TRUE,Cash
1697,1,,3,22.39,single_method_pi,FALSE,FALSE,Credit card
1699,1,,4,5.95,single_method_pi,TRUE,TRUE,Debit card
1700,1,,4,7.41,single_method_pi,TRUE,TRUE,Debit card
1701,1,,4,8.26,single_method_pi,TRUE,TRUE,Debit card
1707,1,,4,64.99,single_method_pi,TRUE,TRUE,Debit card
1712,1,,11,552,single_method_pi,FALSE,TRUE,Account-to-account transfer
1713,1,,4,31,single_method_pi,TRUE,TRUE,Debit card
1714,1,,1,6.25,single_method_pi,TRUE,TRUE,Cash
1716,1,,1,5.88,single_method_pi,TRUE,TRUE,Cash
1718,1,,4,51.09,single_method_pi,TRUE,TRUE,Debit card
1727,1,,1,15,single_method_pi,TRUE,TRUE,Cash
1729,1,,4,16,single_method_pi,TRUE,TRUE,Debit card
1731,1,,4,26.2,single_method_pi,TRUE,TRUE,Debit card
1733,1,,4,50,single_method_pi,TRUE,TRUE,Debit card
1736,1,,1,3.23,single_method_pi,TRUE,TRUE,Cash
1751,1,,1,24,single_method_pi,TRUE,TRUE,Cash
1753,1,,4,130.02,single_method_pi,TRUE,TRUE,Debit card
1759,1,,1,4.28,single_method_pi,TRUE,TRUE,Cash
1760,1,,4,15.6,single_method_pi,TRUE,TRUE,Debit card
1761,1,,4,105.21,single_method_pi,TRUE,TRUE,Debit card
1762,1,,6,161.01,single_method_pi,FALSE,TRUE,Bank account number payment
1765,1,,1,29.21,single_method_pi,TRUE,TRUE,Cash
1766,1,,2,132,single_method_pi,TRUE,TRUE,Check
1770,1,,1,16.830000000000002,single_method_pi,TRUE,TRUE,Cash
1773,1,,4,8.34,single_method_pi,TRUE,TRUE,Debit card
1777,1,,4,199.01,single_method_pi,TRUE,TRUE,Debit card
1778,1,,4,9.54,single_method_pi,TRUE,TRUE,Debit card
1780,1,,4,25.18,single_method_pi,TRUE,TRUE,Debit card
1781,1,,4,13.9,single_method_pi,TRUE,TRUE,Debit card
1786,1,,1,10.59,single_method_pi,TRUE,TRUE,Cash
1790,1,,1,7.55,single_method_pi,TRUE,TRUE,Cash
1791,1,,3,42.75,single_method_pi,FALSE,FALSE,Credit card
1794,1,,3,24,single_method_pi,FALSE,FALSE,Credit card
1806,1,,1,4.24,single_method_pi,TRUE,TRUE,Cash
1807,1,,1,18,single_method_pi,TRUE,TRUE,Cash
1814,1,,7,600,single_method_pi,FALSE,TRUE,Online banking bill payment
1817,1,,3,2,single_method_pi,FALSE,FALSE,Credit card
1818,1,,3,36,single_method_pi,FALSE,FALSE,Credit card
1826,1,,4,4,single_method_pi,TRUE,TRUE,Debit card
1829,1,,13,45.35,single_method_pi,FALSE,FALSE,Other payment method
1831,1,,1,5,single_method_pi,TRUE,TRUE,Cash
1832,1,,4,22,single_method_pi,TRUE,TRUE,Debit card
1842,1,,3,14.85,single_method_pi,FALSE,FALSE,Credit card
1851,1,,3,11,single_method_pi,FALSE,FALSE,Credit card
1852,1,,3,11,single_method_pi,FALSE,FALSE,Credit card
1853,1,,1,10,single_method_pi,TRUE,TRUE,Cash
1854,1,,1,10,single_method_pi,TRUE,TRUE,Cash
1860,1,,3,43,single_method_pi,FALSE,FALSE,Credit card
1866,1,,1,9.32,single_method_pi,TRUE,TRUE,Cash
1867,1,,1,9,single_method_pi,TRUE,TRUE,Cash
1877,1,,3,198.63,single_method_pi,FALSE,FALSE,Credit card
1879,1,,1,8.88,single_method_pi,TRUE,TRUE,Cash
1880,1,,1,10.6,single_method_pi,TRUE,TRUE,Cash
1887,1,,3,30.28,single_method_pi,FALSE,FALSE,Credit card
1889,1,,3,28.71,single_method_pi,FALSE,FALSE,Credit card
1893,1,,3,9.84,single_method_pi,FALSE,FALSE,Credit card
1894,1,,2,90,single_method_pi,TRUE,TRUE,Check
1896,1,,6,40,single_method_pi,FALSE,TRUE,Bank account number payment
1898,1,,3,11.93,single_method_pi,FALSE,FALSE,Credit card
1899,1,,3,26.57,single_method_pi,FALSE,FALSE,Credit card
1901,1,,1,19.39,single_method_pi,TRUE,TRUE,Cash
1903,1,,1,2.5,single_method_pi,TRUE,TRUE,Cash
1905,1,,1,11.03,single_method_pi,TRUE,TRUE,Cash
1908,1,,1,15.53,single_method_pi,TRUE,TRUE,Cash
1919,1,,1,8,single_method_pi,TRUE,TRUE,Cash
1921,1,,3,42.28,single_method_pi,FALSE,FALSE,Credit card
1923,1,,3,0.99,single_method_pi,FALSE,FALSE,Credit card
1924,1,,3,9.62,single_method_pi,FALSE,FALSE,Credit card
1925,1,,3,82.09,single_method_pi,FALSE,FALSE,Credit card
1929,1,,4,20.45,single_method_pi,TRUE,TRUE,Debit card
1934,1,,4,23,single_method_pi,TRUE,TRUE,Debit card
1935,1,,4,144.4,single_method_pi,TRUE,TRUE,Debit card
1939,1,,1,5,single_method_pi,TRUE,TRUE,Cash
1942,1,,1,1,single_method_pi,TRUE,TRUE,Cash
1943,1,,2,1208,single_method_pi,TRUE,TRUE,Check
1944,1,,2,25,single_method_pi,TRUE,TRUE,Check
1947,1,,1,3,single_method_pi,TRUE,TRUE,Cash
1948,1,,4,65,single_method_pi,TRUE,TRUE,Debit card
1951,1,,1,7,single_method_pi,TRUE,TRUE,Cash
1962,1,,4,7,single_method_pi,TRUE,TRUE,Debit card
1963,1,,4,22,single_method_pi,TRUE,TRUE,Debit card
1964,1,,4,55.14,single_method_pi,TRUE,TRUE,Debit card
1965,1,,4,12.04,single_method_pi,TRUE,TRUE,Debit card
1966,1,,4,19.23,single_method_pi,TRUE,TRUE,Debit card
1968,1,,4,11.72,single_method_pi,TRUE,TRUE,Debit card
1969,1,,11,867,single_method_pi,FALSE,TRUE,Account-to-account transfer
1970,1,,3,8,single_method_pi,FALSE,FALSE,Credit card
1986,1,,7,1000,single_method_pi,FALSE,TRUE,Online banking bill payment
1987,1,,3,6.1000000000000005,single_method_pi,FALSE,FALSE,Credit card
1988,1,,3,128.48,single_method_pi,FALSE,FALSE,Credit card
1990,1,,3,82.7,single_method_pi,FALSE,FALSE,Credit card
1991,1,,3,1.8,single_method_pi,FALSE,FALSE,Credit card
1992,1,,1,6.23,single_method_pi,TRUE,TRUE,Cash
1993,1,,3,1311.44,single_method_pi,FALSE,FALSE,Credit card
1996,1,,1,21.05,single_method_pi,TRUE,TRUE,Cash
1997,1,,1,13.31,single_method_pi,TRUE,TRUE,Cash
1999,1,,3,6.9,single_method_pi,FALSE,FALSE,Credit card
2001,1,,3,31.56,single_method_pi,FALSE,FALSE,Credit card
2003,1,,3,40.37,single_method_pi,FALSE,FALSE,Credit card
2005,1,,3,462.9,single_method_pi,FALSE,FALSE,Credit card
2007,1,,3,8.07,single_method_pi,FALSE,FALSE,Credit card
2008,1,,3,33,single_method_pi,FALSE,FALSE,Credit card
2009,1,,1,4,single_method_pi,TRUE,TRUE,Cash
2010,1,,3,6.3500000000000005,single_method_pi,FALSE,FALSE,Credit card
2013,1,,3,21.68,single_method_pi,FALSE,FALSE,Credit card
2014,1,,3,24.3,single_method_pi,FALSE,FALSE,Credit card
2015,1,,1,3,single_method_pi,TRUE,TRUE,Cash
2016,1,,1,1.79,single_method_pi,TRUE,TRUE,Cash
2017,1,,2,109.7,single_method_pi,TRUE,TRUE,Check
2018,1,,3,26.74,single_method_pi,FALSE,FALSE,Credit card
2019,1,,3,16.240000000000002,single_method_pi,FALSE,FALSE,Credit card
2020,1,,6,126.6,single_method_pi,FALSE,TRUE,Bank account number payment
2021,1,,4,37.26,single_method_pi,TRUE,TRUE,Debit card
2026,1,,4,20,single_method_pi,TRUE,TRUE,Debit card
2027,1,,4,10,single_method_pi,TRUE,TRUE,Debit card
2030,1,,4,260,single_method_pi,TRUE,TRUE,Debit card
2031,1,,7,52,single_method_pi,FALSE,TRUE,Online banking bill payment
2033,1,,4,3.99,single_method_pi,TRUE,TRUE,Debit card
2039,1,,3,168.35,single_method_pi,FALSE,FALSE,Credit card
2041,1,,7,76.60000000000001,single_method_pi,FALSE,TRUE,Online banking bill payment
2043,1,,4,20.57,single_method_pi,TRUE,TRUE,Debit card
2050,1,,4,11.96,single_method_pi,TRUE,TRUE,Debit card
2051,1,,4,61.2,single_method_pi,TRUE,TRUE,Debit card
2058,1,,2,139.42000000000002,single_method_pi,TRUE,TRUE,Check
2059,1,,2,139.42000000000002,single_method_pi,TRUE,TRUE,Check
2060,1,,3,5.99,single_method_pi,FALSE,FALSE,Credit card
2061,1,,6,233.4,single_method_pi,FALSE,TRUE,Bank account number payment
2064,1,,2,1595,single_method_pi,TRUE,TRUE,Check
2066,1,,1,5.65,single_method_pi,TRUE,TRUE,Cash
2067,1,,1,29,single_method_pi,TRUE,TRUE,Cash
2069,1,,1,10.16,single_method_pi,TRUE,TRUE,Cash
2070,1,,3,3.73,single_method_pi,FALSE,FALSE,Credit card
2073,1,,3,27.62,single_method_pi,FALSE,FALSE,Credit card
2078,1,,1,3,single_method_pi,TRUE,TRUE,Cash
2079,1,,3,36.1,single_method_pi,FALSE,FALSE,Credit card
2080,1,,3,17.29,single_method_pi,FALSE,FALSE,Credit card
2081,1,,1,10,single_method_pi,TRUE,TRUE,Cash
2082,1,,3,16.39,single_method_pi,FALSE,FALSE,Credit card
2083,1,,3,13.96,single_method_pi,FALSE,FALSE,Credit card
2090,1,,11,688,single_method_pi,FALSE,TRUE,Account-to-account transfer
2091,1,,1,0.73,single_method_pi,TRUE,TRUE,Cash
2097,1,,4,6.62,single_method_pi,TRUE,TRUE,Debit card
2098,1,,3,4.78,single_method_pi,FALSE,FALSE,Credit card
2102,1,,1,200,single_method_pi,TRUE,TRUE,Cash
2106,1,,7,307.15000000000003,single_method_pi,FALSE,TRUE,Online banking bill payment
2107,1,,7,307.15000000000003,single_method_pi,FALSE,TRUE,Online banking bill payment
2109,1,,1,2,single_method_pi,TRUE,TRUE,Cash
2110,1,,1,7,single_method_pi,TRUE,TRUE,Cash
2111,1,,4,43,single_method_pi,TRUE,TRUE,Debit card
2128,1,,1,194.65,single_method_pi,TRUE,TRUE,Cash
2130,1,,1,6.48,single_method_pi,TRUE,TRUE,Cash
2131,1,,2,54.22,single_method_pi,TRUE,TRUE,Check
2133,1,,1,9.98,single_method_pi,TRUE,TRUE,Cash
2135,1,,1,10,single_method_pi,TRUE,TRUE,Cash
2136,1,,11,63.85,single_method_pi,FALSE,TRUE,Account-to-account transfer
2137,1,,1,5,single_method_pi,TRUE,TRUE,Cash
2138,1,,1,9.75,single_method_pi,TRUE,TRUE,Cash
2140,1,,4,67,single_method_pi,TRUE,TRUE,Debit card
2144,1,,3,7.7,single_method_pi,FALSE,FALSE,Credit card
2150,1,,2,22,single_method_pi,TRUE,TRUE,Check
2153,1,,4,7.86,single_method_pi,TRUE,TRUE,Debit card
2155,1,,4,7.05,single_method_pi,TRUE,TRUE,Debit card
2156,1,,4,8.07,single_method_pi,TRUE,TRUE,Debit card
2158,1,,6,200.63,single_method_pi,FALSE,TRUE,Bank account number payment
2162,1,,1,15,single_method_pi,TRUE,TRUE,Cash
2163,1,,1,53.33,single_method_pi,TRUE,TRUE,Cash
2165,1,,1,1.06,single_method_pi,TRUE,TRUE,Cash
2169,1,,1,60,single_method_pi,TRUE,TRUE,Cash
2184,1,,6,13.92,single_method_pi,FALSE,TRUE,Bank account number payment
2187,1,,4,10.55,single_method_pi,TRUE,TRUE,Debit card
2191,1,,1,10,single_method_pi,TRUE,TRUE,Cash
2192,1,,4,64.21000000000001,single_method_pi,TRUE,TRUE,Debit card
2196,1,,3,14.44,single_method_pi,FALSE,FALSE,Credit card
2199,1,,1,5,single_method_pi,TRUE,TRUE,Cash
2204,1,,3,8.53,single_method_pi,FALSE,FALSE,Credit card
2205,1,,3,211.86,single_method_pi,FALSE,FALSE,Credit card
2210,1,,5,25.32,single_method_pi,FALSE,FALSE,Prepaid/gift/EBT card
2214,1,,1,1.92,single_method_pi,TRUE,TRUE,Cash
2216,1,,3,62,single_method_pi,FALSE,FALSE,Credit card
2217,1,,2,76.12,single_method_pi,TRUE,TRUE,Check
2220,1,,3,8,single_method_pi,FALSE,FALSE,Credit card
2223,1,,4,44,single_method_pi,TRUE,TRUE,Debit card
2224,1,,4,12.53,single_method_pi,TRUE,TRUE,Debit card
2226,1,,4,3.14,single_method_pi,TRUE,TRUE,Debit card
2233,1,,1,1.6,single_method_pi,TRUE,TRUE,Cash
2237,1,,4,37.57,single_method_pi,TRUE,TRUE,Debit card
2239,1,,4,10.62,single_method_pi,TRUE,TRUE,Debit card
2242,1,,3,5.12,single_method_pi,FALSE,FALSE,Credit card
2247,1,,3,3.41,single_method_pi,FALSE,FALSE,Credit card
2249,1,,3,62,single_method_pi,FALSE,FALSE,Credit card
2250,1,,3,29,single_method_pi,FALSE,FALSE,Credit card
2253,1,,4,57.44,single_method_pi,TRUE,TRUE,Debit card
2256,1,,2,86,single_method_pi,TRUE,TRUE,Check
2260,1,,1,6,single_method_pi,TRUE,TRUE,Cash
2263,1,,4,32.47,single_method_pi,TRUE,TRUE,Debit card
2271,1,,4,58.43,single_method_pi,TRUE,TRUE,Debit card
2272,1,,2,330,single_method_pi,TRUE,TRUE,Check
2281,1,,3,12,single_method_pi,FALSE,FALSE,Credit card
2282,1,,5,4.75,single_method_pi,FALSE,FALSE,Prepaid/gift/EBT card
2284,1,,1,1,single_method_pi,TRUE,TRUE,Cash
2285,1,,3,38.5,single_method_pi,FALSE,FALSE,Credit card
2290,1,,1,15,single_method_pi,TRUE,TRUE,Cash
2292,1,,3,37,single_method_pi,FALSE,FALSE,Credit card
2302,1,,7,94.09,single_method_pi,FALSE,TRUE,Online banking bill payment
2303,1,,7,23.18,single_method_pi,FALSE,TRUE,Online banking bill payment
2304,1,,1,12,single_method_pi,TRUE,TRUE,Cash
2305,1,,7,24,single_method_pi,FALSE,TRUE,Online banking bill payment
2309,1,,1,15,single_method_pi,TRUE,TRUE,Cash
2310,1,,1,15,single_method_pi,TRUE,TRUE,Cash
2318,1,,1,87,single_method_pi,TRUE,TRUE,Cash
2319,1,,2,242,single_method_pi,TRUE,TRUE,Check
2320,1,,2,187,single_method_pi,TRUE,TRUE,Check
2321,1,,2,220,single_method_pi,TRUE,TRUE,Check
2324,1,,6,40,single_method_pi,FALSE,TRUE,Bank account number payment
2325,1,,1,33,single_method_pi,TRUE,TRUE,Cash
2327,1,,5,1,single_method_pi,FALSE,FALSE,Prepaid/gift/EBT card
2328,1,,5,1.68,single_method_pi,FALSE,FALSE,Prepaid/gift/EBT card
2329,1,,5,7.62,single_method_pi,FALSE,FALSE,Prepaid/gift/EBT card
2331,1,,4,21.66,single_method_pi,TRUE,TRUE,Debit card
2333,1,,13,1.9,single_method_pi,FALSE,FALSE,Other payment method
2334,1,,1,8,single_method_pi,TRUE,TRUE,Cash
2338,1,,7,39.83,single_method_pi,FALSE,TRUE,Online banking bill payment
2341,1,,7,759,single_method_pi,FALSE,TRUE,Online banking bill payment
2342,1,,1,16.51,single_method_pi,TRUE,TRUE,Cash
2343,1,,1,4.58,single_method_pi,TRUE,TRUE,Cash
2344,1,,3,40,single_method_pi,FALSE,FALSE,Credit card
2346,1,,1,6.58,single_method_pi,TRUE,TRUE,Cash
2347,1,,1,5.97,single_method_pi,TRUE,TRUE,Cash
2348,1,,4,104.48,single_method_pi,TRUE,TRUE,Debit card
2349,1,,4,17.64,single_method_pi,TRUE,TRUE,Debit card
2351,1,,3,2.92,single_method_pi,FALSE,FALSE,Credit card
2352,1,,6,856.64,single_method_pi,FALSE,TRUE,Bank account number payment
2356,1,,10,63.08,single_method_pi,FALSE,FALSE,Mobile payment app
2360,1,,7,138,single_method_pi,FALSE,TRUE,Online banking bill payment
2363,1,,2,110,single_method_pi,TRUE,TRUE,Check
2364,1,,3,26.25,single_method_pi,FALSE,FALSE,Credit card
2365,1,,5,5.25,single_method_pi,FALSE,FALSE,Prepaid/gift/EBT card
2368,1,,3,38,single_method_pi,FALSE,FALSE,Credit card
2369,1,,5,1.1,single_method_pi,FALSE,FALSE,Prepaid/gift/EBT card
2370,1,,1,15,single_method_pi,TRUE,TRUE,Cash
2372,1,,5,5.25,single_method_pi,FALSE,FALSE,Prepaid/gift/EBT card
2378,1,,1,1,single_method_pi,TRUE,TRUE,Cash
2379,1,,3,438.79,single_method_pi,FALSE,FALSE,Credit card
2383,1,,3,94,single_method_pi,FALSE,FALSE,Credit card
2384,1,,3,12.63,single_method_pi,FALSE,FALSE,Credit card
2389,1,,4,1.5,single_method_pi,TRUE,TRUE,Debit card
2391,1,,4,7,single_method_pi,TRUE,TRUE,Debit card
2393,1,,4,54,single_method_pi,TRUE,TRUE,Debit card
2395,1,,14,3.98,single_method_pi,FALSE,FALSE,Deduction from income
2398,1,,7,580.27,single_method_pi,FALSE,TRUE,Online banking bill payment
2399,1,,4,29,single_method_pi,TRUE,TRUE,Debit card
2403,1,,4,43.08,single_method_pi,TRUE,TRUE,Debit card
2405,1,,4,5.45,single_method_pi,TRUE,TRUE,Debit card
2423,1,,5,3.2,single_method_pi,FALSE,FALSE,Prepaid/gift/EBT card
2424,1,,6,25,single_method_pi,FALSE,TRUE,Bank account number payment
2431,1,,3,1,single_method_pi,FALSE,FALSE,Credit card
2432,1,,3,33.28,single_method_pi,FALSE,FALSE,Credit card
2434,1,,5,4.84,single_method_pi,FALSE,FALSE,Prepaid/gift/EBT card
2435,1,,3,1,single_method_pi,FALSE,FALSE,Credit card
2436,1,,4,21.89,single_method_pi,TRUE,TRUE,Debit card
2441,1,,2,100,single_method_pi,TRUE,TRUE,Check
2442,1,,3,71.39,single_method_pi,FALSE,FALSE,Credit card
2443,1,,3,152.75,single_method_pi,FALSE,FALSE,Credit card
2445,1,,7,93.53,single_method_pi,FALSE,TRUE,Online banking bill payment
2449,1,,7,40.91,single_method_pi,FALSE,TRUE,Online banking bill payment
2451,1,,2,75,single_method_pi,TRUE,TRUE,Check
2452,1,,3,54,single_method_pi,FALSE,FALSE,Credit card
2453,1,,6,244.85,single_method_pi,FALSE,TRUE,Bank account number payment
2455,1,,1,15,single_method_pi,TRUE,TRUE,Cash
2458,1,,4,61.3,single_method_pi,TRUE,TRUE,Debit card
2467,1,,4,20.77,single_method_pi,TRUE,TRUE,Debit card
2468,1,,4,117.69,single_method_pi,TRUE,TRUE,Debit card
2469,1,,4,22.01,single_method_pi,TRUE,TRUE,Debit card
2471,1,,4,5.92,single_method_pi,TRUE,TRUE,Debit card
2472,1,,4,7.5,single_method_pi,TRUE,TRUE,Debit card
2473,1,,4,18.5,single_method_pi,TRUE,TRUE,Debit card
2478,1,,3,20.65,single_method_pi,FALSE,FALSE,Credit card
2484,1,,3,3,single_method_pi,FALSE,FALSE,Credit card
2487,1,,3,53,single_method_pi,FALSE,FALSE,Credit card
2488,1,,3,27,single_method_pi,FALSE,FALSE,Credit card
2490,1,,3,355,single_method_pi,FALSE,FALSE,Credit card
2491,1,,3,241,single_method_pi,FALSE,FALSE,Credit card
2492,1,,3,1259,single_method_pi,FALSE,FALSE,Credit card
2494,1,,3,79,single_method_pi,FALSE,FALSE,Credit card
2498,1,,3,474,single_method_pi,FALSE,FALSE,Credit card
2499,1,,3,179,single_method_pi,FALSE,FALSE,Credit card
2500,1,,1,10,single_method_pi,TRUE,TRUE,Cash
2502,1,,1,1,single_method_pi,TRUE,TRUE,Cash
2504,1,,1,8,single_method_pi,TRUE,TRUE,Cash
2510,1,,3,165.4,single_method_pi,FALSE,FALSE,Credit card
2511,1,,3,46.34,single_method_pi,FALSE,FALSE,Credit card
2512,1,,3,26.89,single_method_pi,FALSE,FALSE,Credit card
2513,1,,4,678,single_method_pi,TRUE,TRUE,Debit card
2514,1,,13,65,single_method_pi,FALSE,FALSE,Other payment method
2515,1,,1,160,single_method_pi,TRUE,TRUE,Cash
2517,1,,4,59.64,single_method_pi,TRUE,TRUE,Debit card
2520,1,,4,326,single_method_pi,TRUE,TRUE,Debit card
2525,1,,3,18.34,single_method_pi,FALSE,FALSE,Credit card
2527,1,,1,20,single_method_pi,TRUE,TRUE,Cash
2528,1,,2,150,single_method_pi,TRUE,TRUE,Check
2534,1,,1,46,single_method_pi,TRUE,TRUE,Cash
2535,1,,1,12.12,single_method_pi,TRUE,TRUE,Cash
2537,1,,4,78,single_method_pi,TRUE,TRUE,Debit card
2540,1,,5,3.27,single_method_pi,FALSE,FALSE,Prepaid/gift/EBT card
2542,1,,5,4.99,single_method_pi,FALSE,FALSE,Prepaid/gift/EBT card
2543,1,,5,1,single_method_pi,FALSE,FALSE,Prepaid/gift/EBT card
2544,1,,1,11,single_method_pi,TRUE,TRUE,Cash
2545,1,,5,2,single_method_pi,FALSE,FALSE,Prepaid/gift/EBT card
2547,1,,3,6,single_method_pi,FALSE,FALSE,Credit card
2548,1,,4,7.58,single_method_pi,TRUE,TRUE,Debit card
2553,1,,4,59.63,single_method_pi,TRUE,TRUE,Debit card
2563,1,,2,80.29,single_method_pi,TRUE,TRUE,Check
2571,1,,4,25.29,single_method_pi,TRUE,TRUE,Debit card
2573,1,,1,1.89,single_method_pi,TRUE,TRUE,Cash
2578,1,,1,13,single_method_pi,TRUE,TRUE,Cash
2580,1,,3,69,single_method_pi,FALSE,FALSE,Credit card
2581,1,,3,16,single_method_pi,FALSE,FALSE,Credit card
2582,1,,3,78,single_method_pi,FALSE,FALSE,Credit card
2583,1,,3,9.56,single_method_pi,FALSE,FALSE,Credit card
2587,1,,3,35,single_method_pi,FALSE,FALSE,Credit card
2589,1,,1,7,single_method_pi,TRUE,TRUE,Cash
2592,1,,1,6,single_method_pi,TRUE,TRUE,Cash
2594,1,,4,709,single_method_pi,TRUE,TRUE,Debit card
2601,1,,3,33.25,single_method_pi,FALSE,FALSE,Credit card
2602,1,,1,5,single_method_pi,TRUE,TRUE,Cash
2605,1,,3,13.84,single_method_pi,FALSE,FALSE,Credit card
2608,1,,3,12.27,single_method_pi,FALSE,FALSE,Credit card
2609,1,,4,28.8,single_method_pi,TRUE,TRUE,Debit card
2610,1,,4,130.28,single_method_pi,TRUE,TRUE,Debit card
2618,1,,3,85.66,single_method_pi,FALSE,FALSE,Credit card
2621,1,,3,37.63,single_method_pi,FALSE,FALSE,Credit card
2626,1,,2,225.13,single_method_pi,TRUE,TRUE,Check
2627,1,,3,99,single_method_pi,FALSE,FALSE,Credit card
2628,1,,2,158.75,single_method_pi,TRUE,TRUE,Check
2631,1,,4,117.97,single_method_pi,TRUE,TRUE,Debit card
2637,1,,2,100,single_method_pi,TRUE,TRUE,Check
2638,1,,1,0.25,single_method_pi,TRUE,TRUE,Cash
2639,1,,1,0.25,single_method_pi,TRUE,TRUE,Cash
2640,1,,1,0.25,single_method_pi,TRUE,TRUE,Cash
2641,1,,1,20,single_method_pi,TRUE,TRUE,Cash
2643,1,,4,73.61,single_method_pi,TRUE,TRUE,Debit card
2646,1,,11,172.24,single_method_pi,FALSE,TRUE,Account-to-account transfer
2647,1,,1,0.25,single_method_pi,TRUE,TRUE,Cash
2648,1,,1,0.25,single_method_pi,TRUE,TRUE,Cash
2649,1,,1,4.9,single_method_pi,TRUE,TRUE,Cash
2657,1,,7,154.02,single_method_pi,FALSE,TRUE,Online banking bill payment
2662,1,,4,45,single_method_pi,TRUE,TRUE,Debit card
2664,1,,4,20.19,single_method_pi,TRUE,TRUE,Debit card
2665,1,,4,24.34,single_method_pi,TRUE,TRUE,Debit card
2666,1,,1,22,single_method_pi,TRUE,TRUE,Cash
2680,1,,3,57,single_method_pi,FALSE,FALSE,Credit card
2686,1,,2,163.94,single_method_pi,TRUE,TRUE,Check
2688,1,,3,87.84,single_method_pi,FALSE,FALSE,Credit card
2689,1,,3,21.02,single_method_pi,FALSE,FALSE,Credit card
2692,1,,7,40.45,single_method_pi,FALSE,TRUE,Online banking bill payment
2694,1,,4,157.41,single_method_pi,TRUE,TRUE,Debit card
2695,1,,2,100,single_method_pi,TRUE,TRUE,Check
2701,1,,1,20.93,single_method_pi,TRUE,TRUE,Cash
2705,1,,4,20.42,single_method_pi,TRUE,TRUE,Debit card
2708,1,,4,20,single_method_pi,TRUE,TRUE,Debit card
2709,1,,4,11.65,single_method_pi,TRUE,TRUE,Debit card
2710,1,,4,5.32,single_method_pi,TRUE,TRUE,Debit card
2711,1,,4,3.08,single_method_pi,TRUE,TRUE,Debit card
2715,1,,4,4.34,single_method_pi,TRUE,TRUE,Debit card
2716,1,,4,16.67,single_method_pi,TRUE,TRUE,Debit card
2717,1,,1,4.97,single_method_pi,TRUE,TRUE,Cash
2719,1,,4,42.71,single_method_pi,TRUE,TRUE,Debit card
2722,1,,2,500,single_method_pi,TRUE,TRUE,Check
2723,1,,4,219,single_method_pi,TRUE,TRUE,Debit card
2725,1,,4,5.62,single_method_pi,TRUE,TRUE,Debit card
2727,1,,1,1.61,single_method_pi,TRUE,TRUE,Cash
2728,1,,1,2.62,single_method_pi,TRUE,TRUE,Cash
2729,1,,1,1,single_method_pi,TRUE,TRUE,Cash
2730,1,,4,1.4,single_method_pi,TRUE,TRUE,Debit card
2731,1,,3,49.99,single_method_pi,FALSE,FALSE,Credit card
2736,1,,1,7.5,single_method_pi,TRUE,TRUE,Cash
2738,1,,1,2,single_method_pi,TRUE,TRUE,Cash
2739,1,,4,128,single_method_pi,TRUE,TRUE,Debit card
2740,1,,4,49,single_method_pi,TRUE,TRUE,Debit card
2741,1,,7,899,single_method_pi,FALSE,TRUE,Online banking bill payment
2743,1,,3,112,single_method_pi,FALSE,FALSE,Credit card
2745,1,,3,13,single_method_pi,FALSE,FALSE,Credit card
2747,1,,1,53,single_method_pi,TRUE,TRUE,Cash
2751,1,,3,40,single_method_pi,FALSE,FALSE,Credit card
2755,1,,4,45.14,single_method_pi,TRUE,TRUE,Debit card
2756,1,,3,33.27,single_method_pi,FALSE,FALSE,Credit card
2757,1,,3,103.94,single_method_pi,FALSE,FALSE,Credit card
2759,1,,6,114.04,single_method_pi,FALSE,TRUE,Bank account number payment
2760,1,,4,481,single_method_pi,TRUE,TRUE,Debit card
2766,1,,1,63.93,single_method_pi,TRUE,TRUE,Cash
2768,1,,4,114.14,single_method_pi,TRUE,TRUE,Debit card
2770,1,,2,163.24,single_method_pi,TRUE,TRUE,Check
2773,1,,3,10.68,single_method_pi,FALSE,FALSE,Credit card
2774,1,,3,8.38,single_method_pi,FALSE,FALSE,Credit card
2775,1,,3,11.15,single_method_pi,FALSE,FALSE,Credit card
2777,1,,3,54,single_method_pi,FALSE,FALSE,Credit card
2781,1,,3,14,single_method_pi,FALSE,FALSE,Credit card
2782,1,,1,5,single_method_pi,TRUE,TRUE,Cash
2784,1,,3,45.19,single_method_pi,FALSE,FALSE,Credit card
2785,1,,3,175.20000000000002,single_method_pi,FALSE,FALSE,Credit card
2787,1,,1,20,single_method_pi,TRUE,TRUE,Cash
2789,1,,1,45,single_method_pi,TRUE,TRUE,Cash
2790,1,,1,8.43,single_method_pi,TRUE,TRUE,Cash
2791,1,,7,66,single_method_pi,FALSE,TRUE,Online banking bill payment
2796,1,,1,1.22,single_method_pi,TRUE,TRUE,Cash
2797,1,,4,5.14,single_method_pi,TRUE,TRUE,Debit card
2798,1,,1,4,single_method_pi,TRUE,TRUE,Cash
2799,1,,4,12.68,single_method_pi,TRUE,TRUE,Debit card
2801,1,,3,26.42,single_method_pi,FALSE,FALSE,Credit card
2802,1,,3,18.24,single_method_pi,FALSE,FALSE,Credit card
2804,1,,4,16.47,single_method_pi,TRUE,TRUE,Debit card
2805,1,,1,0.75,single_method_pi,TRUE,TRUE,Cash
2806,1,,4,7.84,single_method_pi,TRUE,TRUE,Debit card
2810,1,,3,2.33,single_method_pi,FALSE,FALSE,Credit card
2811,1,,13,4.44,single_method_pi,FALSE,FALSE,Other payment method
2812,1,,3,11.12,single_method_pi,FALSE,FALSE,Credit card
2813,1,,3,8.94,single_method_pi,FALSE,FALSE,Credit card
2814,1,,3,2.33,single_method_pi,FALSE,FALSE,Credit card
2816,1,,3,9.63,single_method_pi,FALSE,FALSE,Credit card
2817,1,,3,2,single_method_pi,FALSE,FALSE,Credit card
2818,1,,3,6.04,single_method_pi,FALSE,FALSE,Credit card
2819,1,,3,25.68,single_method_pi,FALSE,FALSE,Credit card
2820,1,,3,15.35,single_method_pi,FALSE,FALSE,Credit card
2821,1,,3,2.33,single_method_pi,FALSE,FALSE,Credit card
2822,1,,13,6.65,single_method_pi,FALSE,FALSE,Other payment method
2823,1,,3,6.57,single_method_pi,FALSE,FALSE,Credit card
2825,1,,3,7.33,single_method_pi,FALSE,FALSE,Credit card
2828,1,,1,18,single_method_pi,TRUE,TRUE,Cash
2830,1,,3,2.97,single_method_pi,FALSE,FALSE,Credit card
2833,1,,3,63.33,single_method_pi,FALSE,FALSE,Credit card
2842,1,,5,11.55,single_method_pi,FALSE,FALSE,Prepaid/gift/EBT card
2852,1,,1,52.94,single_method_pi,TRUE,TRUE,Cash
2857,1,,4,153,single_method_pi,TRUE,TRUE,Debit card
2863,1,,7,42.54,single_method_pi,FALSE,TRUE,Online banking bill payment
2865,1,,1,20,single_method_pi,TRUE,TRUE,Cash
2866,1,,4,49.43,single_method_pi,TRUE,TRUE,Debit card
2867,1,,2,1408,single_method_pi,TRUE,TRUE,Check
2870,1,,1,5,single_method_pi,TRUE,TRUE,Cash
2872,1,,1,20,single_method_pi,TRUE,TRUE,Cash
2877,1,,1,48,single_method_pi,TRUE,TRUE,Cash
2884,1,,1,11.72,single_method_pi,TRUE,TRUE,Cash
2887,1,,1,2.05,single_method_pi,TRUE,TRUE,Cash
2888,1,,1,30,single_method_pi,TRUE,TRUE,Cash
2889,1,,1,9.2,single_method_pi,TRUE,TRUE,Cash
2890,1,,4,38.65,single_method_pi,TRUE,TRUE,Debit card
2891,1,,1,5,single_method_pi,TRUE,TRUE,Cash
2893,1,,1,7.61,single_method_pi,TRUE,TRUE,Cash
2896,1,,4,33.68,single_method_pi,TRUE,TRUE,Debit card
2897,1,,2,87.97,single_method_pi,TRUE,TRUE,Check
2899,1,,2,87,single_method_pi,TRUE,TRUE,Check
2905,1,,4,15.15,single_method_pi,TRUE,TRUE,Debit card
2909,1,,6,200,single_method_pi,FALSE,TRUE,Bank account number payment
2917,1,,4,72.8,single_method_pi,TRUE,TRUE,Debit card
2923,1,,4,9.34,single_method_pi,TRUE,TRUE,Debit card
2925,1,,4,26.2,single_method_pi,TRUE,TRUE,Debit card
2928,1,,3,29.6,single_method_pi,FALSE,FALSE,Credit card
2930,1,,6,10,single_method_pi,FALSE,TRUE,Bank account number payment
2931,1,,6,385,single_method_pi,FALSE,TRUE,Bank account number payment
2932,1,,4,8.57,single_method_pi,TRUE,TRUE,Debit card
2933,1,,4,9.88,single_method_pi,TRUE,TRUE,Debit card
2935,1,,4,7.54,single_method_pi,TRUE,TRUE,Debit card
2936,1,,4,75.11,single_method_pi,TRUE,TRUE,Debit card
2937,1,,4,4.04,single_method_pi,TRUE,TRUE,Debit card
2938,1,,4,4.98,single_method_pi,TRUE,TRUE,Debit card
2939,1,,4,3,single_method_pi,TRUE,TRUE,Debit card
2940,1,,4,10.43,single_method_pi,TRUE,TRUE,Debit card
2942,1,,1,1.45,single_method_pi,TRUE,TRUE,Cash
2946,1,,8,192.66,single_method_pi,FALSE,FALSE,Money order
2948,1,,13,100,single_method_pi,FALSE,FALSE,Other payment method
2949,1,,3,8.23,single_method_pi,FALSE,FALSE,Credit card
2950,1,,4,2.99,single_method_pi,TRUE,TRUE,Debit card
2952,1,,3,17.990000000000002,single_method_pi,FALSE,FALSE,Credit card
2954,1,,6,1352.42,single_method_pi,FALSE,TRUE,Bank account number payment
2955,1,,7,92.99,single_method_pi,FALSE,TRUE,Online banking bill payment
2956,1,,2,100,single_method_pi,TRUE,TRUE,Check
2959,1,,7,92.99,single_method_pi,FALSE,TRUE,Online banking bill payment
2961,1,,1,4.1,single_method_pi,TRUE,TRUE,Cash
2962,1,,3,20.74,single_method_pi,FALSE,FALSE,Credit card
2964,1,,7,46.15,single_method_pi,FALSE,TRUE,Online banking bill payment
2969,1,,7,46.15,single_method_pi,FALSE,TRUE,Online banking bill payment
2970,1,,1,10,single_method_pi,TRUE,TRUE,Cash
2971,1,,4,79,single_method_pi,TRUE,TRUE,Debit card
2972,1,,6,192.99,single_method_pi,FALSE,TRUE,Bank account number payment
2974,1,,6,45,single_method_pi,FALSE,TRUE,Bank account number payment
2975,1,,4,17.69,single_method_pi,TRUE,TRUE,Debit card
2978,1,,6,75,single_method_pi,FALSE,TRUE,Bank account number payment
2979,1,,6,338.43,single_method_pi,FALSE,TRUE,Bank account number payment
2987,1,,14,2.17,single_method_pi,FALSE,FALSE,Deduction from income
2991,1,,3,48.53,single_method_pi,FALSE,FALSE,Credit card
2992,1,,14,4.62,single_method_pi,FALSE,FALSE,Deduction from income
2995,1,,7,97,single_method_pi,FALSE,TRUE,Online banking bill payment
3000,1,,11,1068,single_method_pi,FALSE,TRUE,Account-to-account transfer
3003,1,,2,78,single_method_pi,TRUE,TRUE,Check
3004,1,,2,98,single_method_pi,TRUE,TRUE,Check
3006,1,,4,29.44,single_method_pi,TRUE,TRUE,Debit card
3007,1,,4,42.16,single_method_pi,TRUE,TRUE,Debit card
3009,1,,4,66.77,single_method_pi,TRUE,TRUE,Debit card
3010,1,,1,150,single_method_pi,TRUE,TRUE,Cash
3013,1,,2,200,single_method_pi,TRUE,TRUE,Check
3016,1,,3,107.13,single_method_pi,FALSE,FALSE,Credit card
3017,1,,3,90,single_method_pi,FALSE,FALSE,Credit card
3018,1,,3,180,single_method_pi,FALSE,FALSE,Credit card
3019,1,,3,125,single_method_pi,FALSE,FALSE,Credit card
3020,1,,3,45,single_method_pi,FALSE,FALSE,Credit card
3022,1,,4,3,single_method_pi,TRUE,TRUE,Debit card
3023,1,,4,14.59,single_method_pi,TRUE,TRUE,Debit card
3024,1,,4,16.81,single_method_pi,TRUE,TRUE,Debit card
3026,1,,4,12.58,single_method_pi,TRUE,TRUE,Debit card
3030,1,,3,20.96,single_method_pi,FALSE,FALSE,Credit card
3032,1,,4,5.8500000000000005,single_method_pi,TRUE,TRUE,Debit card
3034,1,,4,9.85,single_method_pi,TRUE,TRUE,Debit card
3035,1,,4,8.5,single_method_pi,TRUE,TRUE,Debit card
3037,1,,3,48,single_method_pi,FALSE,FALSE,Credit card
3039,1,,1,8.55,single_method_pi,TRUE,TRUE,Cash
3040,1,,1,6.13,single_method_pi,TRUE,TRUE,Cash
3041,1,,4,8.46,single_method_pi,TRUE,TRUE,Debit card
3043,1,,3,40,single_method_pi,FALSE,FALSE,Credit card
3044,1,,3,68.87,single_method_pi,FALSE,FALSE,Credit card
3045,1,,1,6,single_method_pi,TRUE,TRUE,Cash
3047,1,,4,16.3,single_method_pi,TRUE,TRUE,Debit card
3049,1,,1,2.17,single_method_pi,TRUE,TRUE,Cash
3050,1,,4,10.45,single_method_pi,TRUE,TRUE,Debit card
3052,1,,1,6.3500000000000005,single_method_pi,TRUE,TRUE,Cash
3054,1,,3,1.15,single_method_pi,FALSE,FALSE,Credit card
3056,1,,1,32.76,single_method_pi,TRUE,TRUE,Cash
3058,1,,3,36.19,single_method_pi,FALSE,FALSE,Credit card
3059,1,,3,24.56,single_method_pi,FALSE,FALSE,Credit card
3062,1,,3,7.46,single_method_pi,FALSE,FALSE,Credit card
3069,1,,3,9.76,single_method_pi,FALSE,FALSE,Credit card
3072,1,,1,31.47,single_method_pi,TRUE,TRUE,Cash
3073,1,,3,376.8,single_method_pi,FALSE,FALSE,Credit card
3077,1,,3,9.62,single_method_pi,FALSE,FALSE,Credit card
3078,1,,3,7,single_method_pi,FALSE,FALSE,Credit card
3082,1,,3,35,single_method_pi,FALSE,FALSE,Credit card
3083,1,,3,38,single_method_pi,FALSE,FALSE,Credit card
3084,1,,1,10,single_method_pi,TRUE,TRUE,Cash
3085,1,,1,10,single_method_pi,TRUE,TRUE,Cash
3087,1,,2,10,single_method_pi,TRUE,TRUE,Check
3089,1,,7,44.91,single_method_pi,FALSE,TRUE,Online banking bill payment
3090,1,,7,39.39,single_method_pi,FALSE,TRUE,Online banking bill payment
3094,1,,1,5.8,single_method_pi,TRUE,TRUE,Cash
3099,1,,5,198,single_method_pi,FALSE,FALSE,Prepaid/gift/EBT card
3100,1,,4,84.79,single_method_pi,TRUE,TRUE,Debit card
3103,1,,7,111,single_method_pi,FALSE,TRUE,Online banking bill payment
3105,1,,3,3.13,single_method_pi,FALSE,FALSE,Credit card
3108,1,,3,8.21,single_method_pi,FALSE,FALSE,Credit card
3109,1,,3,6.04,single_method_pi,FALSE,FALSE,Credit card
3110,1,,3,3.58,single_method_pi,FALSE,FALSE,Credit card
3111,1,,3,5.91,single_method_pi,FALSE,FALSE,Credit card
3112,1,,4,28.64,single_method_pi,TRUE,TRUE,Debit card
3113,1,,4,9.57,single_method_pi,TRUE,TRUE,Debit card
3118,1,,1,1.69,single_method_pi,TRUE,TRUE,Cash
3119,1,,1,9,single_method_pi,TRUE,TRUE,Cash
3128,1,,4,13,single_method_pi,TRUE,TRUE,Debit card
3132,1,,1,0.5,single_method_pi,TRUE,TRUE,Cash
3134,1,,4,15.32,single_method_pi,TRUE,TRUE,Debit card
3136,1,,4,45.38,single_method_pi,TRUE,TRUE,Debit card
3137,1,,4,11.78,single_method_pi,TRUE,TRUE,Debit card
3138,1,,4,23.82,single_method_pi,TRUE,TRUE,Debit card
3141,1,,4,69,single_method_pi,TRUE,TRUE,Debit card
3142,1,,4,70,single_method_pi,TRUE,TRUE,Debit card
3145,1,,4,9.19,single_method_pi,TRUE,TRUE,Debit card
3147,1,,7,30,single_method_pi,FALSE,TRUE,Online banking bill payment
3148,1,,4,22.55,single_method_pi,TRUE,TRUE,Debit card
3150,1,,5,10.5,single_method_pi,FALSE,FALSE,Prepaid/gift/EBT card
3153,1,,4,175.26,single_method_pi,TRUE,TRUE,Debit card
3154,1,,3,467.92,single_method_pi,FALSE,FALSE,Credit card
3157,1,,4,19.11,single_method_pi,TRUE,TRUE,Debit card
3158,1,,1,4.11,single_method_pi,TRUE,TRUE,Cash
3160,1,,4,44.47,single_method_pi,TRUE,TRUE,Debit card
3161,1,,4,37.73,single_method_pi,TRUE,TRUE,Debit card
3162,1,,5,9.09,single_method_pi,FALSE,FALSE,Prepaid/gift/EBT card
3166,1,,3,32.49,single_method_pi,FALSE,FALSE,Credit card
3167,1,,4,109.22,single_method_pi,TRUE,TRUE,Debit card
3168,1,,1,14.27,single_method_pi,TRUE,TRUE,Cash
3173,1,,1,15.12,single_method_pi,TRUE,TRUE,Cash
3174,1,,3,365.8,single_method_pi,FALSE,FALSE,Credit card
3175,1,,4,12,single_method_pi,TRUE,TRUE,Debit card
3176,1,,4,54.5,single_method_pi,TRUE,TRUE,Debit card
3177,1,,1,1.75,single_method_pi,TRUE,TRUE,Cash
3181,1,,4,28.43,single_method_pi,TRUE,TRUE,Debit card
3182,1,,3,3.5500000000000003,single_method_pi,FALSE,FALSE,Credit card
3185,1,,3,96.1,single_method_pi,FALSE,FALSE,Credit card
3187,1,,3,3.6,single_method_pi,FALSE,FALSE,Credit card
3188,1,,3,55.02,single_method_pi,FALSE,FALSE,Credit card
3190,1,,3,14.34,single_method_pi,FALSE,FALSE,Credit card
3192,1,,3,1.9,single_method_pi,FALSE,FALSE,Credit card
3193,1,,3,72.86,single_method_pi,FALSE,FALSE,Credit card
3195,1,,3,13.03,single_method_pi,FALSE,FALSE,Credit card
3196,1,,3,36.53,single_method_pi,FALSE,FALSE,Credit card
3197,1,,1,9,single_method_pi,TRUE,TRUE,Cash
3198,1,,3,32.88,single_method_pi,FALSE,FALSE,Credit card
3199,1,,3,25.6,single_method_pi,FALSE,FALSE,Credit card
3201,1,,1,2.06,single_method_pi,TRUE,TRUE,Cash
3202,1,,3,7.77,single_method_pi,FALSE,FALSE,Credit card
3203,1,,3,7.5,single_method_pi,FALSE,FALSE,Credit card
3205,1,,7,15.17,single_method_pi,FALSE,TRUE,Online banking bill payment
3207,1,,6,16.92,single_method_pi,FALSE,TRUE,Bank account number payment
3209,1,,2,1320,single_method_pi,TRUE,TRUE,Check
3213,1,,1,42.42,single_method_pi,TRUE,TRUE,Cash
3214,1,,1,15.25,single_method_pi,TRUE,TRUE,Cash
3215,1,,1,4.41,single_method_pi,TRUE,TRUE,Cash
3217,1,,1,26,single_method_pi,TRUE,TRUE,Cash
3218,1,,8,450,single_method_pi,FALSE,FALSE,Money order
3219,1,,8,450,single_method_pi,FALSE,FALSE,Money order
3224,1,,1,6.45,single_method_pi,TRUE,TRUE,Cash
3225,1,,4,21.13,single_method_pi,TRUE,TRUE,Debit card
3226,1,,1,0.99,single_method_pi,TRUE,TRUE,Cash
3227,1,,1,2.4,single_method_pi,TRUE,TRUE,Cash
3228,1,,1,2.4,single_method_pi,TRUE,TRUE,Cash
3229,1,,1,2.59,single_method_pi,TRUE,TRUE,Cash
3231,1,,3,4.49,single_method_pi,FALSE,FALSE,Credit card
3232,1,,4,34,single_method_pi,TRUE,TRUE,Debit card
3235,1,,4,13.78,single_method_pi,TRUE,TRUE,Debit card
3236,1,,4,6,single_method_pi,TRUE,TRUE,Debit card
3237,1,,4,8.18,single_method_pi,TRUE,TRUE,Debit card
3238,1,,2,134.27,single_method_pi,TRUE,TRUE,Check
3243,1,,1,6,single_method_pi,TRUE,TRUE,Cash
3244,1,,3,32,single_method_pi,FALSE,FALSE,Credit card
3247,1,,1,3.49,single_method_pi,TRUE,TRUE,Cash
3249,1,,1,10,single_method_pi,TRUE,TRUE,Cash
3250,1,,1,11.05,single_method_pi,TRUE,TRUE,Cash
3251,1,,1,3.49,single_method_pi,TRUE,TRUE,Cash
3252,1,,1,8.5,single_method_pi,TRUE,TRUE,Cash
3253,1,,1,20,single_method_pi,TRUE,TRUE,Cash
3255,1,,2,10,single_method_pi,TRUE,TRUE,Check
3256,1,,1,10,single_method_pi,TRUE,TRUE,Cash
3258,1,,1,8.6,single_method_pi,TRUE,TRUE,Cash
3259,1,,3,36.02,single_method_pi,FALSE,FALSE,Credit card
3260,1,,3,4.63,single_method_pi,FALSE,FALSE,Credit card
3266,1,,6,6,single_method_pi,FALSE,TRUE,Bank account number payment
3269,1,,13,1100,single_method_pi,FALSE,FALSE,Other payment method
3271,1,,6,20,single_method_pi,FALSE,TRUE,Bank account number payment
3272,1,,6,13,single_method_pi,FALSE,TRUE,Bank account number payment
3274,1,,3,10,single_method_pi,FALSE,FALSE,Credit card
3275,1,,3,87.75,single_method_pi,FALSE,FALSE,Credit card
3276,1,,3,7.92,single_method_pi,FALSE,FALSE,Credit card
3277,1,,3,11.07,single_method_pi,FALSE,FALSE,Credit card
3278,1,,7,87.75,single_method_pi,FALSE,TRUE,Online banking bill payment
3279,1,,3,10,single_method_pi,FALSE,FALSE,Credit card
3284,1,,3,13.22,single_method_pi,FALSE,FALSE,Credit card
3288,1,,14,2674,single_method_pi,FALSE,FALSE,Deduction from income
3295,1,,7,100,single_method_pi,FALSE,TRUE,Online banking bill payment
3296,1,,1,20,single_method_pi,TRUE,TRUE,Cash
3301,1,,3,19.01,single_method_pi,FALSE,FALSE,Credit card
3303,1,,3,30.14,single_method_pi,FALSE,FALSE,Credit card
3304,1,,3,73.96000000000001,single_method_pi,FALSE,FALSE,Credit card
3308,1,,5,36,single_method_pi,FALSE,FALSE,Prepaid/gift/EBT card
3310,1,,3,2.14,single_method_pi,FALSE,FALSE,Credit card
3311,1,,6,277,single_method_pi,FALSE,TRUE,Bank account number payment
3317,1,,3,20.45,single_method_pi,FALSE,FALSE,Credit card
3320,1,,3,40,single_method_pi,FALSE,FALSE,Credit card
3322,1,,3,40,single_method_pi,FALSE,FALSE,Credit card
3325,1,,6,1478,single_method_pi,FALSE,TRUE,Bank account number payment
3328,1,,1,4,single_method_pi,TRUE,TRUE,Cash
3330,1,,4,49.32,single_method_pi,TRUE,TRUE,Debit card
3331,1,,1,3,single_method_pi,TRUE,TRUE,Cash
3332,1,,4,3,single_method_pi,TRUE,TRUE,Debit card
3334,1,,4,4,single_method_pi,TRUE,TRUE,Debit card
3338,1,,4,127.96,single_method_pi,TRUE,TRUE,Debit card
3339,1,,7,36.35,single_method_pi,FALSE,TRUE,Online banking bill payment
3343,1,,7,78,single_method_pi,FALSE,TRUE,Online banking bill payment
3344,1,,4,62,single_method_pi,TRUE,TRUE,Debit card
3346,1,,4,16.56,single_method_pi,TRUE,TRUE,Debit card
3351,1,,4,58,single_method_pi,TRUE,TRUE,Debit card
3353,1,,4,113.2,single_method_pi,TRUE,TRUE,Debit card
3356,1,,1,6.7700000000000005,single_method_pi,TRUE,TRUE,Cash
3357,1,,4,7.55,single_method_pi,TRUE,TRUE,Debit card
3364,1,,4,2,single_method_pi,TRUE,TRUE,Debit card
3366,1,,1,5.38,single_method_pi,TRUE,TRUE,Cash
3371,1,,4,69.83,single_method_pi,TRUE,TRUE,Debit card
3374,1,,4,8.72,single_method_pi,TRUE,TRUE,Debit card
3376,1,,4,39.95,single_method_pi,TRUE,TRUE,Debit card
3378,1,,1,17.82,single_method_pi,TRUE,TRUE,Cash
3383,1,,10,3.75,single_method_pi,FALSE,FALSE,Mobile payment app
3384,1,,13,3.75,single_method_pi,FALSE,FALSE,Other payment method
3386,1,,1,11.63,single_method_pi,TRUE,TRUE,Cash
3389,1,,4,26.5,single_method_pi,TRUE,TRUE,Debit card
3394,1,,1,13,single_method_pi,TRUE,TRUE,Cash
3395,1,,1,17,single_method_pi,TRUE,TRUE,Cash
3396,1,,4,51.7,single_method_pi,TRUE,TRUE,Debit card
3397,1,,1,6.44,single_method_pi,TRUE,TRUE,Cash
3399,1,,4,56.3,single_method_pi,TRUE,TRUE,Debit card
3400,1,,1,21.58,single_method_pi,TRUE,TRUE,Cash
3411,1,,2,40,single_method_pi,TRUE,TRUE,Check
3413,1,,1,16.3,single_method_pi,TRUE,TRUE,Cash
3415,1,,1,17.240000000000002,single_method_pi,TRUE,TRUE,Cash
3418,1,,4,35.94,single_method_pi,TRUE,TRUE,Debit card
3422,1,,3,18.15,single_method_pi,FALSE,FALSE,Credit card
3423,1,,3,14.99,single_method_pi,FALSE,FALSE,Credit card
3428,1,,3,23.88,single_method_pi,FALSE,FALSE,Credit card
3434,1,,3,16.39,single_method_pi,FALSE,FALSE,Credit card
3436,1,,7,18.44,single_method_pi,FALSE,TRUE,Online banking bill payment
3438,1,,1,20.65,single_method_pi,TRUE,TRUE,Cash
3446,1,,3,62.86,single_method_pi,FALSE,FALSE,Credit card
3447,1,,3,5.25,single_method_pi,FALSE,FALSE,Credit card
3448,1,,3,4.75,single_method_pi,FALSE,FALSE,Credit card
3449,1,,3,9.87,single_method_pi,FALSE,FALSE,Credit card
3450,1,,3,1.14,single_method_pi,FALSE,FALSE,Credit card
3451,1,,3,14.4,single_method_pi,FALSE,FALSE,Credit card
3452,1,,3,83.24,single_method_pi,FALSE,FALSE,Credit card
3453,1,,13,5,single_method_pi,FALSE,FALSE,Other payment method
3459,1,,3,56.81,single_method_pi,FALSE,FALSE,Credit card
3460,1,,3,55,single_method_pi,FALSE,FALSE,Credit card
3461,1,,3,55,single_method_pi,FALSE,FALSE,Credit card
3464,1,,1,25,single_method_pi,TRUE,TRUE,Cash
3465,1,,1,7,single_method_pi,TRUE,TRUE,Cash
3466,1,,1,28,single_method_pi,TRUE,TRUE,Cash
3467,1,,3,56,single_method_pi,FALSE,FALSE,Credit card
3468,1,,6,5939.59,single_method_pi,FALSE,TRUE,Bank account number payment
3471,1,,3,14.76,single_method_pi,FALSE,FALSE,Credit card
3474,1,,4,25,single_method_pi,TRUE,TRUE,Debit card
3480,1,,1,31,single_method_pi,TRUE,TRUE,Cash
3481,1,,4,65.9,single_method_pi,TRUE,TRUE,Debit card
3482,1,,4,91.58,single_method_pi,TRUE,TRUE,Debit card
3483,1,,3,10.91,single_method_pi,FALSE,FALSE,Credit card
3484,1,,5,6.1000000000000005,single_method_pi,FALSE,FALSE,Prepaid/gift/EBT card
3485,1,,3,7.890000000000001,single_method_pi,FALSE,FALSE,Credit card
3486,1,,5,6.1000000000000005,single_method_pi,FALSE,FALSE,Prepaid/gift/EBT card
3487,1,,3,98.56,single_method_pi,FALSE,FALSE,Credit card
3488,1,,1,4.3,single_method_pi,TRUE,TRUE,Cash
3491,1,,3,79.95,single_method_pi,FALSE,FALSE,Credit card
3492,1,,1,34,single_method_pi,TRUE,TRUE,Cash
3494,1,,3,4.99,single_method_pi,FALSE,FALSE,Credit card
3495,1,,3,0.99,single_method_pi,FALSE,FALSE,Credit card
3497,1,,3,45.84,single_method_pi,FALSE,FALSE,Credit card
3500,1,,3,3.42,single_method_pi,FALSE,FALSE,Credit card
3501,1,,4,34.34,single_method_pi,TRUE,TRUE,Debit card
3503,1,,3,10.8,single_method_pi,FALSE,FALSE,Credit card
3504,1,,1,20,single_method_pi,TRUE,TRUE,Cash
3506,1,,1,14,single_method_pi,TRUE,TRUE,Cash
3507,1,,1,26,single_method_pi,TRUE,TRUE,Cash
3508,1,,1,2,single_method_pi,TRUE,TRUE,Cash
3509,1,,3,6.21,single_method_pi,FALSE,FALSE,Credit card
3512,1,,3,25,single_method_pi,FALSE,FALSE,Credit card
3515,1,,4,130,single_method_pi,TRUE,TRUE,Debit card
3516,1,,1,12,single_method_pi,TRUE,TRUE,Cash
3517,1,,7,30,single_method_pi,FALSE,TRUE,Online banking bill payment
3521,1,,1,2.15,single_method_pi,TRUE,TRUE,Cash
3522,1,,4,5.3500000000000005,single_method_pi,TRUE,TRUE,Debit card
3524,1,,4,16.14,single_method_pi,TRUE,TRUE,Debit card
3525,1,,4,3.27,single_method_pi,TRUE,TRUE,Debit card
3526,1,,4,17.39,single_method_pi,TRUE,TRUE,Debit card
3531,1,,4,42.44,single_method_pi,TRUE,TRUE,Debit card
3537,1,,1,3,single_method_pi,TRUE,TRUE,Cash
3540,1,,7,225,single_method_pi,FALSE,TRUE,Online banking bill payment
3547,1,,3,65,single_method_pi,FALSE,FALSE,Credit card
3549,1,,3,0.99,single_method_pi,FALSE,FALSE,Credit card
3550,1,,3,25,single_method_pi,FALSE,FALSE,Credit card
3553,1,,3,42,single_method_pi,FALSE,FALSE,Credit card
3554,1,,1,10.32,single_method_pi,TRUE,TRUE,Cash
3555,1,,3,62.72,single_method_pi,FALSE,FALSE,Credit card
3556,1,,1,6,single_method_pi,TRUE,TRUE,Cash
3558,1,,3,28.91,single_method_pi,FALSE,FALSE,Credit card
3559,1,,1,3.53,single_method_pi,TRUE,TRUE,Cash
3560,1,,3,3,single_method_pi,FALSE,FALSE,Credit card
3562,1,,1,8,single_method_pi,TRUE,TRUE,Cash
3563,1,,1,10,single_method_pi,TRUE,TRUE,Cash
3564,1,,1,2,single_method_pi,TRUE,TRUE,Cash
3567,1,,4,24.53,single_method_pi,TRUE,TRUE,Debit card
3576,1,,6,200,single_method_pi,FALSE,TRUE,Bank account number payment
3578,1,,3,5.07,single_method_pi,FALSE,FALSE,Credit card
3579,1,,3,12.63,single_method_pi,FALSE,FALSE,Credit card
3580,1,,4,4,single_method_pi,TRUE,TRUE,Debit card
3581,1,,1,9,single_method_pi,TRUE,TRUE,Cash
3584,1,,1,8,single_method_pi,TRUE,TRUE,Cash
3585,1,,3,4.32,single_method_pi,FALSE,FALSE,Credit card
3586,1,,5,16.56,single_method_pi,FALSE,FALSE,Prepaid/gift/EBT card
3587,1,,10,29.73,single_method_pi,FALSE,FALSE,Mobile payment app
3588,1,,5,3.6,single_method_pi,FALSE,FALSE,Prepaid/gift/EBT card
3592,1,,1,6.5,single_method_pi,TRUE,TRUE,Cash
3594,1,,4,29,single_method_pi,TRUE,TRUE,Debit card
3595,1,,5,11,single_method_pi,FALSE,FALSE,Prepaid/gift/EBT card
3597,1,,4,52,single_method_pi,TRUE,TRUE,Debit card
3602,1,,1,80,single_method_pi,TRUE,TRUE,Cash
3603,1,,3,46.03,single_method_pi,FALSE,FALSE,Credit card
3607,1,,3,100.94,single_method_pi,FALSE,FALSE,Credit card
3608,1,,4,2,single_method_pi,TRUE,TRUE,Debit card
3609,1,,4,1.2,single_method_pi,TRUE,TRUE,Debit card
3610,1,,1,5,single_method_pi,TRUE,TRUE,Cash
3611,1,,1,6.7,single_method_pi,TRUE,TRUE,Cash
3612,1,,1,3.97,single_method_pi,TRUE,TRUE,Cash
3613,1,,4,11.76,single_method_pi,TRUE,TRUE,Debit card
3614,1,,3,26.47,single_method_pi,FALSE,FALSE,Credit card
3615,1,,2,200,single_method_pi,TRUE,TRUE,Check
3616,1,,5,13.5,single_method_pi,FALSE,FALSE,Prepaid/gift/EBT card
3617,1,,3,9.5,single_method_pi,FALSE,FALSE,Credit card
3623,1,,4,10.8,single_method_pi,TRUE,TRUE,Debit card
3624,1,,4,5,single_method_pi,TRUE,TRUE,Debit card
3628,1,,4,29.39,single_method_pi,TRUE,TRUE,Debit card
3629,1,,1,4,single_method_pi,TRUE,TRUE,Cash
3631,1,,7,28.03,single_method_pi,FALSE,TRUE,Online banking bill payment
3633,1,,2,100,single_method_pi,TRUE,TRUE,Check
3636,1,,3,8.5,single_method_pi,FALSE,FALSE,Credit card
3638,1,,3,8.5,single_method_pi,FALSE,FALSE,Credit card
3644,1,,2,72.59,single_method_pi,TRUE,TRUE,Check
3645,1,,2,57.56,single_method_pi,TRUE,TRUE,Check
3646,1,,2,52.6,single_method_pi,TRUE,TRUE,Check
3647,1,,2,11.39,single_method_pi,TRUE,TRUE,Check
3650,1,,1,2,single_method_pi,TRUE,TRUE,Cash
3651,1,,3,32.4,single_method_pi,FALSE,FALSE,Credit card
3652,1,,1,1,single_method_pi,TRUE,TRUE,Cash
3655,1,,3,5.7,single_method_pi,FALSE,FALSE,Credit card
3662,1,,1,1,single_method_pi,TRUE,TRUE,Cash
3663,1,,3,12.5,single_method_pi,FALSE,FALSE,Credit card
3664,1,,3,8.39,single_method_pi,FALSE,FALSE,Credit card
3666,1,,3,7.3,single_method_pi,FALSE,FALSE,Credit card
3667,1,,3,56.89,single_method_pi,FALSE,FALSE,Credit card
3678,1,,3,0.75,single_method_pi,FALSE,FALSE,Credit card
3681,1,,3,20.6,single_method_pi,FALSE,FALSE,Credit card
3682,1,,3,5.51,single_method_pi,FALSE,FALSE,Credit card
3686,1,,4,4.95,single_method_pi,TRUE,TRUE,Debit card
3695,1,,3,25,single_method_pi,FALSE,FALSE,Credit card
3697,1,,4,35,single_method_pi,TRUE,TRUE,Debit card
3698,1,,1,5.7700000000000005,single_method_pi,TRUE,TRUE,Cash
3701,1,,3,12.33,single_method_pi,FALSE,FALSE,Credit card
3705,1,,3,45.03,single_method_pi,FALSE,FALSE,Credit card
3706,1,,3,24.5,single_method_pi,FALSE,FALSE,Credit card
3707,1,,3,142.5,single_method_pi,FALSE,FALSE,Credit card
3710,1,,1,5.7700000000000005,single_method_pi,TRUE,TRUE,Cash
3713,1,,3,12,single_method_pi,FALSE,FALSE,Credit card
3716,1,,4,25.6,single_method_pi,TRUE,TRUE,Debit card
3725,1,,4,37.36,single_method_pi,TRUE,TRUE,Debit card
3727,1,,4,59.73,single_method_pi,TRUE,TRUE,Debit card
3730,1,,1,3,single_method_pi,TRUE,TRUE,Cash
3733,1,,1,20,single_method_pi,TRUE,TRUE,Cash
3734,1,,1,5,single_method_pi,TRUE,TRUE,Cash
3735,1,,3,10,single_method_pi,FALSE,FALSE,Credit card
3736,1,,5,2.35,single_method_pi,FALSE,FALSE,Prepaid/gift/EBT card
3737,1,,3,5.5200000000000005,single_method_pi,FALSE,FALSE,Credit card
3740,1,,3,1.98,single_method_pi,FALSE,FALSE,Credit card
3742,1,,3,13.08,single_method_pi,FALSE,FALSE,Credit card
3749,1,,3,6,single_method_pi,FALSE,FALSE,Credit card
3751,1,,1,15.75,single_method_pi,TRUE,TRUE,Cash
3752,1,,1,5,single_method_pi,TRUE,TRUE,Cash
3753,1,,1,2.7,single_method_pi,TRUE,TRUE,Cash
3754,1,,1,0.85,single_method_pi,TRUE,TRUE,Cash
3756,1,,1,7.8,single_method_pi,TRUE,TRUE,Cash
3757,1,,1,12,single_method_pi,TRUE,TRUE,Cash
3758,1,,4,72,single_method_pi,TRUE,TRUE,Debit card
3765,1,,4,17,single_method_pi,TRUE,TRUE,Debit card
3767,1,,3,67.95,single_method_pi,FALSE,FALSE,Credit card
3770,1,,3,126.43,single_method_pi,FALSE,FALSE,Credit card
3775,1,,1,12.69,single_method_pi,TRUE,TRUE,Cash
3776,1,,13,2.57,single_method_pi,FALSE,FALSE,Other payment method
3778,1,,5,9.45,single_method_pi,FALSE,FALSE,Prepaid/gift/EBT card
3780,1,,1,4.67,single_method_pi,TRUE,TRUE,Cash
3782,1,,5,2.37,single_method_pi,FALSE,FALSE,Prepaid/gift/EBT card
3792,1,,3,18.07,single_method_pi,FALSE,FALSE,Credit card
3793,1,,2,30,single_method_pi,TRUE,TRUE,Check
3797,1,,1,10.76,single_method_pi,TRUE,TRUE,Cash
3798,1,,1,5,single_method_pi,TRUE,TRUE,Cash
3809,1,,1,67,single_method_pi,TRUE,TRUE,Cash
3815,1,,4,5,single_method_pi,TRUE,TRUE,Debit card
3816,1,,1,1.5,single_method_pi,TRUE,TRUE,Cash
3817,1,,1,7,single_method_pi,TRUE,TRUE,Cash
3818,1,,1,0.5,single_method_pi,TRUE,TRUE,Cash
3823,1,,3,76.45,single_method_pi,FALSE,FALSE,Credit card
3826,1,,3,61.11,single_method_pi,FALSE,FALSE,Credit card
3828,1,,3,46.31,single_method_pi,FALSE,FALSE,Credit card
3829,1,,1,9.25,single_method_pi,TRUE,TRUE,Cash
3834,1,,4,20,single_method_pi,TRUE,TRUE,Debit card
3838,1,,3,15.65,single_method_pi,FALSE,FALSE,Credit card
3843,1,,3,85.16,single_method_pi,FALSE,FALSE,Credit card
3844,1,,3,7.52,single_method_pi,FALSE,FALSE,Credit card
3845,1,,5,6.1000000000000005,single_method_pi,FALSE,FALSE,Prepaid/gift/EBT card
3846,1,,5,6.1000000000000005,single_method_pi,FALSE,FALSE,Prepaid/gift/EBT card
3848,1,,4,3.2,single_method_pi,TRUE,TRUE,Debit card
3849,1,,5,21.25,single_method_pi,FALSE,FALSE,Prepaid/gift/EBT card
3853,1,,3,20,single_method_pi,FALSE,FALSE,Credit card
3854,1,,3,64.67,single_method_pi,FALSE,FALSE,Credit card
3855,1,,3,91.74,single_method_pi,FALSE,FALSE,Credit card
3856,1,,7,45.83,single_method_pi,FALSE,TRUE,Online banking bill payment
3861,1,,7,2432.87,single_method_pi,FALSE,TRUE,Online banking bill payment
3862,1,,4,59.35,single_method_pi,TRUE,TRUE,Debit card
3863,1,,4,40,single_method_pi,TRUE,TRUE,Debit card
3864,1,,1,27,single_method_pi,TRUE,TRUE,Cash
3865,1,,1,6.49,single_method_pi,TRUE,TRUE,Cash
3866,1,,1,20,single_method_pi,TRUE,TRUE,Cash
3876,1,,3,53.31,single_method_pi,FALSE,FALSE,Credit card
3878,1,,3,28.2,single_method_pi,FALSE,FALSE,Credit card
3880,1,,1,100,single_method_pi,TRUE,TRUE,Cash
3881,1,,6,10,single_method_pi,FALSE,TRUE,Bank account number payment
3882,1,,4,10,single_method_pi,TRUE,TRUE,Debit card
3883,1,,1,10,single_method_pi,TRUE,TRUE,Cash
3887,1,,3,81,single_method_pi,FALSE,FALSE,Credit card
3888,1,,2,1600,single_method_pi,TRUE,TRUE,Check
3895,1,,1,15,single_method_pi,TRUE,TRUE,Cash
3904,1,,1,5.78,single_method_pi,TRUE,TRUE,Cash
3905,1,,1,9,single_method_pi,TRUE,TRUE,Cash
3915,1,,4,12.39,single_method_pi,TRUE,TRUE,Debit card
3918,1,,1,1.06,single_method_pi,TRUE,TRUE,Cash
3919,1,,1,2.85,single_method_pi,TRUE,TRUE,Cash
3923,1,,4,6.640000000000001,single_method_pi,TRUE,TRUE,Debit card
3941,1,,4,30,single_method_pi,TRUE,TRUE,Debit card
3942,1,,2,20,single_method_pi,TRUE,TRUE,Check
3944,1,,3,50.4,single_method_pi,FALSE,FALSE,Credit card
3949,1,,1,9.92,single_method_pi,TRUE,TRUE,Cash
3954,1,,3,18.5,single_method_pi,FALSE,FALSE,Credit card
3955,1,,3,60,single_method_pi,FALSE,FALSE,Credit card
3959,1,,2,50,single_method_pi,TRUE,TRUE,Check
3966,1,,4,12.98,single_method_pi,TRUE,TRUE,Debit card
3973,1,,3,50,single_method_pi,FALSE,FALSE,Credit card
3974,1,,3,93.57,single_method_pi,FALSE,FALSE,Credit card
3976,1,,3,9.12,single_method_pi,FALSE,FALSE,Credit card
3978,1,,3,13.55,single_method_pi,FALSE,FALSE,Credit card
3986,1,,3,6.7700000000000005,single_method_pi,FALSE,FALSE,Credit card
3987,1,,3,72.76,single_method_pi,FALSE,FALSE,Credit card
3988,1,,3,21.59,single_method_pi,FALSE,FALSE,Credit card
3991,1,,4,13.96,single_method_pi,TRUE,TRUE,Debit card
3995,1,,4,28.81,single_method_pi,TRUE,TRUE,Debit card
3997,1,,4,30.95,single_method_pi,TRUE,TRUE,Debit card
3998,1,,3,12.17,single_method_pi,FALSE,FALSE,Credit card
3999,1,,1,3.6,single_method_pi,TRUE,TRUE,Cash
4000,1,,6,354.85,single_method_pi,FALSE,TRUE,Bank account number payment
4012,1,,1,45,single_method_pi,TRUE,TRUE,Cash
4013,1,,1,5,single_method_pi,TRUE,TRUE,Cash
4016,1,,3,74.85000000000001,single_method_pi,FALSE,FALSE,Credit card
4019,1,,5,2.43,single_method_pi,FALSE,FALSE,Prepaid/gift/EBT card
4021,1,,5,2.43,single_method_pi,FALSE,FALSE,Prepaid/gift/EBT card
4023,1,,3,417.92,single_method_pi,FALSE,FALSE,Credit card
4025,1,,4,20,single_method_pi,TRUE,TRUE,Debit card
4026,1,,1,6,single_method_pi,TRUE,TRUE,Cash
4029,1,,4,60,single_method_pi,TRUE,TRUE,Debit card
4030,1,,3,35.26,single_method_pi,FALSE,FALSE,Credit card
4031,1,,1,4.28,single_method_pi,TRUE,TRUE,Cash
4032,1,,5,16.990000000000002,single_method_pi,FALSE,FALSE,Prepaid/gift/EBT card
4034,1,,6,206,single_method_pi,FALSE,TRUE,Bank account number payment
4036,1,,3,22,single_method_pi,FALSE,FALSE,Credit card
4037,1,,6,244.24,single_method_pi,FALSE,TRUE,Bank account number payment
4038,1,,6,236,single_method_pi,FALSE,TRUE,Bank account number payment
4039,1,,2,105.66,single_method_pi,TRUE,TRUE,Check
4040,1,,4,17.740000000000002,single_method_pi,TRUE,TRUE,Debit card
4041,1,,1,4.25,single_method_pi,TRUE,TRUE,Cash
4042,1,,4,91,single_method_pi,TRUE,TRUE,Debit card
4046,1,,2,525,single_method_pi,TRUE,TRUE,Check
4048,1,,6,480,single_method_pi,FALSE,TRUE,Bank account number payment
4053,1,,4,14.84,single_method_pi,TRUE,TRUE,Debit card
4063,1,,1,1.6,single_method_pi,TRUE,TRUE,Cash
4074,1,,4,8.040000000000001,single_method_pi,TRUE,TRUE,Debit card
4078,1,,4,59.98,single_method_pi,TRUE,TRUE,Debit card
4079,1,,4,31.26,single_method_pi,TRUE,TRUE,Debit card
4081,1,,3,32.68,single_method_pi,FALSE,FALSE,Credit card
4084,1,,7,1265,single_method_pi,FALSE,TRUE,Online banking bill payment
4085,1,,3,38,single_method_pi,FALSE,FALSE,Credit card
4094,1,,3,101,single_method_pi,FALSE,FALSE,Credit card
4098,1,,3,11.67,single_method_pi,FALSE,FALSE,Credit card
4099,1,,3,11.89,single_method_pi,FALSE,FALSE,Credit card
4100,1,,3,19.6,single_method_pi,FALSE,FALSE,Credit card
4103,1,,3,5.7700000000000005,single_method_pi,FALSE,FALSE,Credit card
4104,1,,3,112.8,single_method_pi,FALSE,FALSE,Credit card
4109,1,,3,28.86,single_method_pi,FALSE,FALSE,Credit card
4112,1,,3,2.49,single_method_pi,FALSE,FALSE,Credit card
4121,1,,1,1.02,single_method_pi,TRUE,TRUE,Cash
4123,1,,4,11.7,single_method_pi,TRUE,TRUE,Debit card
4130,1,,4,22,single_method_pi,TRUE,TRUE,Debit card
4136,1,,4,4.55,single_method_pi,TRUE,TRUE,Debit card
4138,1,,7,990.92,single_method_pi,FALSE,TRUE,Online banking bill payment
4140,1,,4,15.88,single_method_pi,TRUE,TRUE,Debit card
4141,1,,4,4.0600000000000005,single_method_pi,TRUE,TRUE,Debit card
4143,1,,4,60,single_method_pi,TRUE,TRUE,Debit card
4144,1,,1,2.64,single_method_pi,TRUE,TRUE,Cash
4146,1,,4,4.24,single_method_pi,TRUE,TRUE,Debit card
4148,1,,7,890,single_method_pi,FALSE,TRUE,Online banking bill payment
4152,1,,4,9.64,single_method_pi,TRUE,TRUE,Debit card
4153,1,,4,22.56,single_method_pi,TRUE,TRUE,Debit card
4154,1,,4,3.6,single_method_pi,TRUE,TRUE,Debit card
4155,1,,1,8.69,single_method_pi,TRUE,TRUE,Cash
4157,1,,3,37.33,single_method_pi,FALSE,FALSE,Credit card
4158,1,,3,19.55,single_method_pi,FALSE,FALSE,Credit card
4160,1,,3,8.75,single_method_pi,FALSE,FALSE,Credit card
4163,1,,1,21.66,single_method_pi,TRUE,TRUE,Cash
4164,1,,4,95,single_method_pi,TRUE,TRUE,Debit card
4165,1,,3,8.5,single_method_pi,FALSE,FALSE,Credit card
4171,1,,2,6,single_method_pi,TRUE,TRUE,Check
4173,1,,3,203.9,single_method_pi,FALSE,FALSE,Credit card
4174,1,,1,6.3500000000000005,single_method_pi,TRUE,TRUE,Cash
4178,1,,3,124.49,single_method_pi,FALSE,FALSE,Credit card
4183,1,,3,65,single_method_pi,FALSE,FALSE,Credit card
4187,1,,4,60,single_method_pi,TRUE,TRUE,Debit card
4188,1,,3,5.9,single_method_pi,FALSE,FALSE,Credit card
4189,1,,3,10.73,single_method_pi,FALSE,FALSE,Credit card
4191,1,,3,19.09,single_method_pi,FALSE,FALSE,Credit card
4192,1,,3,10.97,single_method_pi,FALSE,FALSE,Credit card
4194,1,,3,40.36,single_method_pi,FALSE,FALSE,Credit card
4195,1,,1,8.44,single_method_pi,TRUE,TRUE,Cash
4199,1,,3,2.95,single_method_pi,FALSE,FALSE,Credit card
4200,1,,3,4,single_method_pi,FALSE,FALSE,Credit card
4201,1,,3,2.53,single_method_pi,FALSE,FALSE,Credit card
4203,1,,3,4.93,single_method_pi,FALSE,FALSE,Credit card
4204,1,,1,210,single_method_pi,TRUE,TRUE,Cash
4206,1,,6,9.25,single_method_pi,FALSE,TRUE,Bank account number payment
4207,1,,4,6.46,single_method_pi,TRUE,TRUE,Debit card
4208,1,,4,106,single_method_pi,TRUE,TRUE,Debit card
4212,1,,7,147.77,single_method_pi,FALSE,TRUE,Online banking bill payment
4216,1,,4,7.65,single_method_pi,TRUE,TRUE,Debit card
4218,1,,4,1.69,single_method_pi,TRUE,TRUE,Debit card
4219,1,,4,2.5,single_method_pi,TRUE,TRUE,Debit card
4220,1,,4,26.5,single_method_pi,TRUE,TRUE,Debit card
4222,1,,1,12,single_method_pi,TRUE,TRUE,Cash
4223,1,,1,10,single_method_pi,TRUE,TRUE,Cash
4225,1,,3,29.55,single_method_pi,FALSE,FALSE,Credit card
4227,1,,4,27.7,single_method_pi,TRUE,TRUE,Debit card
4230,1,,7,41.3,single_method_pi,FALSE,TRUE,Online banking bill payment
4231,1,,7,68,single_method_pi,FALSE,TRUE,Online banking bill payment
4232,1,,7,82,single_method_pi,FALSE,TRUE,Online banking bill payment
4235,1,,7,43.05,single_method_pi,FALSE,TRUE,Online banking bill payment
4247,1,,4,27.51,single_method_pi,TRUE,TRUE,Debit card
4249,1,,4,4.98,single_method_pi,TRUE,TRUE,Debit card
4253,1,,4,6.87,single_method_pi,TRUE,TRUE,Debit card
4255,1,,4,8.18,single_method_pi,TRUE,TRUE,Debit card
4256,1,,4,9.8,single_method_pi,TRUE,TRUE,Debit card
4258,1,,7,55,single_method_pi,FALSE,TRUE,Online banking bill payment
4267,1,,1,5,single_method_pi,TRUE,TRUE,Cash
4269,1,,4,18.72,single_method_pi,TRUE,TRUE,Debit card
4271,1,,4,25.43,single_method_pi,TRUE,TRUE,Debit card
4272,1,,6,58.5,single_method_pi,FALSE,TRUE,Bank account number payment
4274,1,,3,25.45,single_method_pi,FALSE,FALSE,Credit card
4275,1,,6,47,single_method_pi,FALSE,TRUE,Bank account number payment
4276,1,,1,6,single_method_pi,TRUE,TRUE,Cash
4279,1,,3,32,single_method_pi,FALSE,FALSE,Credit card
4280,1,,3,29,single_method_pi,FALSE,FALSE,Credit card
4281,1,,3,31,single_method_pi,FALSE,FALSE,Credit card
4286,1,,7,78,single_method_pi,FALSE,TRUE,Online banking bill payment
4287,1,,3,67.42,single_method_pi,FALSE,FALSE,Credit card
4288,1,,3,5.39,single_method_pi,FALSE,FALSE,Credit card
4298,1,,2,15,single_method_pi,TRUE,TRUE,Check
4300,1,,1,8.47,single_method_pi,TRUE,TRUE,Cash
4302,1,,3,115,single_method_pi,FALSE,FALSE,Credit card
4303,1,,3,51.27,single_method_pi,FALSE,FALSE,Credit card
4305,1,,4,18,single_method_pi,TRUE,TRUE,Debit card
4306,1,,4,30,single_method_pi,TRUE,TRUE,Debit card
4307,1,,4,17.59,single_method_pi,TRUE,TRUE,Debit card
4312,1,,2,92.07,single_method_pi,TRUE,TRUE,Check
4314,1,,2,92,single_method_pi,TRUE,TRUE,Check
4320,1,,2,20,single_method_pi,TRUE,TRUE,Check
4321,1,,2,280,single_method_pi,TRUE,TRUE,Check
4328,1,,2,12.75,single_method_pi,TRUE,TRUE,Check
4330,1,,3,14.5,single_method_pi,FALSE,FALSE,Credit card
4331,1,,3,12.33,single_method_pi,FALSE,FALSE,Credit card
4333,1,,1,18,single_method_pi,TRUE,TRUE,Cash
4335,1,,1,7,single_method_pi,TRUE,TRUE,Cash
4336,1,,1,6,single_method_pi,TRUE,TRUE,Cash
4338,1,,1,22,single_method_pi,TRUE,TRUE,Cash
4342,1,,11,50,single_method_pi,FALSE,TRUE,Account-to-account transfer
4343,1,,1,9.68,single_method_pi,TRUE,TRUE,Cash
4345,1,,1,5.5,single_method_pi,TRUE,TRUE,Cash
4347,1,,1,21,single_method_pi,TRUE,TRUE,Cash
4349,1,,1,20.04,single_method_pi,TRUE,TRUE,Cash
4350,1,,1,29.78,single_method_pi,TRUE,TRUE,Cash
4351,1,,1,10.55,single_method_pi,TRUE,TRUE,Cash
4355,1,,1,15,single_method_pi,TRUE,TRUE,Cash
4356,1,,1,5,single_method_pi,TRUE,TRUE,Cash
4358,1,,5,9,single_method_pi,FALSE,FALSE,Prepaid/gift/EBT card
4359,1,,1,17,single_method_pi,TRUE,TRUE,Cash
4361,1,,1,2,single_method_pi,TRUE,TRUE,Cash
4362,1,,1,13,single_method_pi,TRUE,TRUE,Cash
4363,1,,3,9.85,single_method_pi,FALSE,FALSE,Credit card
4366,1,,1,12,single_method_pi,TRUE,TRUE,Cash
4367,1,,4,8.8,single_method_pi,TRUE,TRUE,Debit card
4368,1,,4,13.25,single_method_pi,TRUE,TRUE,Debit card
4369,1,,4,218.35,single_method_pi,TRUE,TRUE,Debit card
4372,1,,1,15,single_method_pi,TRUE,TRUE,Cash
4373,1,,4,16,single_method_pi,TRUE,TRUE,Debit card
4374,1,,4,34,single_method_pi,TRUE,TRUE,Debit card
4379,1,,1,17,single_method_pi,TRUE,TRUE,Cash
4380,1,,4,21,single_method_pi,TRUE,TRUE,Debit card
4381,1,,4,12,single_method_pi,TRUE,TRUE,Debit card
4383,1,,2,25,single_method_pi,TRUE,TRUE,Check
4384,1,,1,6,single_method_pi,TRUE,TRUE,Cash
4387,1,,1,5,single_method_pi,TRUE,TRUE,Cash
4391,1,,1,3,single_method_pi,TRUE,TRUE,Cash
4397,1,,1,4.29,single_method_pi,TRUE,TRUE,Cash
4398,1,,3,70.14,single_method_pi,FALSE,FALSE,Credit card
4399,1,,4,33.14,single_method_pi,TRUE,TRUE,Debit card
4400,1,,4,125.13,single_method_pi,TRUE,TRUE,Debit card
4406,1,,6,737.01,single_method_pi,FALSE,TRUE,Bank account number payment
4408,1,,7,737.01,single_method_pi,FALSE,TRUE,Online banking bill payment
4409,1,,3,123.82,single_method_pi,FALSE,FALSE,Credit card
4411,1,,2,33.96,single_method_pi,TRUE,TRUE,Check
4414,1,,1,14.55,single_method_pi,TRUE,TRUE,Cash
4417,1,,2,126.5,single_method_pi,TRUE,TRUE,Check
4418,1,,2,120,single_method_pi,TRUE,TRUE,Check
4419,1,,4,24.66,single_method_pi,TRUE,TRUE,Debit card
4420,1,,1,5,single_method_pi,TRUE,TRUE,Cash
4421,1,,4,22.14,single_method_pi,TRUE,TRUE,Debit card
4422,1,,1,4,single_method_pi,TRUE,TRUE,Cash
4427,1,,3,31.59,single_method_pi,FALSE,FALSE,Credit card
4428,1,,3,12.82,single_method_pi,FALSE,FALSE,Credit card
4429,1,,3,51.1,single_method_pi,FALSE,FALSE,Credit card
4430,1,,6,26.5,single_method_pi,FALSE,TRUE,Bank account number payment
4432,1,,6,37.99,single_method_pi,FALSE,TRUE,Bank account number payment
4434,1,,6,14.99,single_method_pi,FALSE,TRUE,Bank account number payment
4438,1,,1,114.67,single_method_pi,TRUE,TRUE,Cash
4440,1,,1,3.23,single_method_pi,TRUE,TRUE,Cash
4442,1,,1,6.05,single_method_pi,TRUE,TRUE,Cash
4444,1,,1,37,single_method_pi,TRUE,TRUE,Cash
4445,1,,1,4.57,single_method_pi,TRUE,TRUE,Cash
4446,1,,4,66.71000000000001,single_method_pi,TRUE,TRUE,Debit card
4448,1,,4,61.81,single_method_pi,TRUE,TRUE,Debit card
4449,1,,1,7.41,single_method_pi,TRUE,TRUE,Cash
4451,1,,7,1307,single_method_pi,FALSE,TRUE,Online banking bill payment
4453,1,,4,26.56,single_method_pi,TRUE,TRUE,Debit card
4454,1,,4,139.5,single_method_pi,TRUE,TRUE,Debit card
4464,1,,3,78.9,single_method_pi,FALSE,FALSE,Credit card
4465,1,,3,6,single_method_pi,FALSE,FALSE,Credit card
4466,1,,3,48.77,single_method_pi,FALSE,FALSE,Credit card
4467,1,,3,119.61,single_method_pi,FALSE,FALSE,Credit card
4468,1,,3,213.11,single_method_pi,FALSE,FALSE,Credit card
4469,1,,3,69.15,single_method_pi,FALSE,FALSE,Credit card
4478,1,,4,75,single_method_pi,TRUE,TRUE,Debit card
4481,1,,1,8,single_method_pi,TRUE,TRUE,Cash
4482,1,,4,18.03,single_method_pi,TRUE,TRUE,Debit card
4483,1,,4,19.56,single_method_pi,TRUE,TRUE,Debit card
4484,1,,4,5.08,single_method_pi,TRUE,TRUE,Debit card
4486,1,,4,8.85,single_method_pi,TRUE,TRUE,Debit card
4495,1,,6,158,single_method_pi,FALSE,TRUE,Bank account number payment
4497,1,,4,38.27,single_method_pi,TRUE,TRUE,Debit card
4503,1,,4,45.97,single_method_pi,TRUE,TRUE,Debit card
4505,1,,6,9.99,single_method_pi,FALSE,TRUE,Bank account number payment
4510,1,,3,11,single_method_pi,FALSE,FALSE,Credit card
4512,1,,6,15.12,single_method_pi,FALSE,TRUE,Bank account number payment
4514,1,,4,3.03,single_method_pi,TRUE,TRUE,Debit card
4521,1,,3,6,single_method_pi,FALSE,FALSE,Credit card
4522,1,,13,19,single_method_pi,FALSE,FALSE,Other payment method
4523,1,,13,50,single_method_pi,FALSE,FALSE,Other payment method
4524,1,,1,2,single_method_pi,TRUE,TRUE,Cash
4526,1,,4,21,single_method_pi,TRUE,TRUE,Debit card
4527,1,,4,5,single_method_pi,TRUE,TRUE,Debit card
4528,1,,3,40.52,single_method_pi,FALSE,FALSE,Credit card
4529,1,,3,18,single_method_pi,FALSE,FALSE,Credit card
4530,1,,3,8,single_method_pi,FALSE,FALSE,Credit card
4533,1,,1,2,single_method_pi,TRUE,TRUE,Cash
4536,1,,4,4.34,single_method_pi,TRUE,TRUE,Debit card
4538,1,,4,4.21,single_method_pi,TRUE,TRUE,Debit card
4539,1,,6,308,single_method_pi,FALSE,TRUE,Bank account number payment
4540,1,,4,27,single_method_pi,TRUE,TRUE,Debit card
4541,1,,4,91,single_method_pi,TRUE,TRUE,Debit card
4555,1,,6,115.84,single_method_pi,FALSE,TRUE,Bank account number payment
4558,1,,5,12,single_method_pi,FALSE,FALSE,Prepaid/gift/EBT card
4559,1,,3,10,single_method_pi,FALSE,FALSE,Credit card
4564,1,,2,60,single_method_pi,TRUE,TRUE,Check
4565,1,,2,300,single_method_pi,TRUE,TRUE,Check
4566,1,,3,12.9,single_method_pi,FALSE,FALSE,Credit card
4567,1,,3,15.58,single_method_pi,FALSE,FALSE,Credit card
4568,1,,1,13,single_method_pi,TRUE,TRUE,Cash
4569,1,,3,21,single_method_pi,FALSE,FALSE,Credit card
4572,1,,5,53.71,single_method_pi,FALSE,FALSE,Prepaid/gift/EBT card
4573,1,,4,10.62,single_method_pi,TRUE,TRUE,Debit card
4574,1,,4,8.370000000000001,single_method_pi,TRUE,TRUE,Debit card
4575,1,,4,22.8,single_method_pi,TRUE,TRUE,Debit card
4576,1,,3,45.9,single_method_pi,FALSE,FALSE,Credit card
4578,1,,1,6,single_method_pi,TRUE,TRUE,Cash
4579,1,,4,27.33,single_method_pi,TRUE,TRUE,Debit card
4580,1,,1,4,single_method_pi,TRUE,TRUE,Cash
4588,1,,4,14.97,single_method_pi,TRUE,TRUE,Debit card
4589,1,,4,44.21,single_method_pi,TRUE,TRUE,Debit card
4590,1,,4,29.55,single_method_pi,TRUE,TRUE,Debit card
4591,1,,4,4.84,single_method_pi,TRUE,TRUE,Debit card
4592,1,,4,7.99,single_method_pi,TRUE,TRUE,Debit card
4595,1,,3,60.45,single_method_pi,FALSE,FALSE,Credit card
4599,1,,4,6.8100000000000005,single_method_pi,TRUE,TRUE,Debit card
4600,1,,3,79.63,single_method_pi,FALSE,FALSE,Credit card
4602,1,,3,2.26,single_method_pi,FALSE,FALSE,Credit card
4606,1,,1,3.42,single_method_pi,TRUE,TRUE,Cash
4607,1,,1,4.88,single_method_pi,TRUE,TRUE,Cash
4609,1,,4,3.58,single_method_pi,TRUE,TRUE,Debit card
4611,1,,4,11,single_method_pi,TRUE,TRUE,Debit card
4612,1,,4,2.14,single_method_pi,TRUE,TRUE,Debit card
4614,1,,1,13.72,single_method_pi,TRUE,TRUE,Cash
4615,1,,1,10,single_method_pi,TRUE,TRUE,Cash
4617,1,,1,40,single_method_pi,TRUE,TRUE,Cash
4619,1,,1,11.45,single_method_pi,TRUE,TRUE,Cash
4620,1,,7,237.7,single_method_pi,FALSE,TRUE,Online banking bill payment
4622,1,,1,20.56,single_method_pi,TRUE,TRUE,Cash
4624,1,,4,50.29,single_method_pi,TRUE,TRUE,Debit card
4625,1,,4,25,single_method_pi,TRUE,TRUE,Debit card
4630,1,,4,7,single_method_pi,TRUE,TRUE,Debit card
4634,1,,3,18.8,single_method_pi,FALSE,FALSE,Credit card
4641,1,,6,600,single_method_pi,FALSE,TRUE,Bank account number payment
4642,1,,4,200,single_method_pi,TRUE,TRUE,Debit card
4644,1,,4,87.53,single_method_pi,TRUE,TRUE,Debit card
4645,1,,4,5.2700000000000005,single_method_pi,TRUE,TRUE,Debit card
4648,1,,4,25.67,single_method_pi,TRUE,TRUE,Debit card
4660,1,,4,11,single_method_pi,TRUE,TRUE,Debit card
4665,1,,4,26.56,single_method_pi,TRUE,TRUE,Debit card
4669,1,,4,309.04,single_method_pi,TRUE,TRUE,Debit card
4676,1,,1,7.1000000000000005,single_method_pi,TRUE,TRUE,Cash
4678,1,,2,82.63,single_method_pi,TRUE,TRUE,Check
4684,1,,4,33.480000000000004,single_method_pi,TRUE,TRUE,Debit card
4685,1,,4,32.45,single_method_pi,TRUE,TRUE,Debit card
4691,1,,4,11.01,single_method_pi,TRUE,TRUE,Debit card
4693,1,,4,89.77,single_method_pi,TRUE,TRUE,Debit card
4694,1,,4,36.59,single_method_pi,TRUE,TRUE,Debit card
4695,1,,4,109.21,single_method_pi,TRUE,TRUE,Debit card
4696,1,,4,14.56,single_method_pi,TRUE,TRUE,Debit card
4698,1,,13,2,single_method_pi,FALSE,FALSE,Other payment method
4700,1,,2,70.53,single_method_pi,TRUE,TRUE,Check
4701,1,,2,22.93,single_method_pi,TRUE,TRUE,Check
4702,1,,2,50.02,single_method_pi,TRUE,TRUE,Check
4706,1,,1,36.38,single_method_pi,TRUE,TRUE,Cash
4710,1,,3,43,single_method_pi,FALSE,FALSE,Credit card
4716,1,,1,1,single_method_pi,TRUE,TRUE,Cash
4717,1,,4,4,single_method_pi,TRUE,TRUE,Debit card
4719,1,,1,66.3,single_method_pi,TRUE,TRUE,Cash
4726,1,,4,13.35,single_method_pi,TRUE,TRUE,Debit card
4732,1,,4,34.36,single_method_pi,TRUE,TRUE,Debit card
4733,1,,4,25.92,single_method_pi,TRUE,TRUE,Debit card
4734,1,,1,5.82,single_method_pi,TRUE,TRUE,Cash
4735,1,,7,46.59,single_method_pi,FALSE,TRUE,Online banking bill payment
4736,1,,3,25.49,single_method_pi,FALSE,FALSE,Credit card
4738,1,,3,33.26,single_method_pi,FALSE,FALSE,Credit card
4739,1,,3,12.66,single_method_pi,FALSE,FALSE,Credit card
4740,1,,3,8.68,single_method_pi,FALSE,FALSE,Credit card
4742,1,,3,6.67,single_method_pi,FALSE,FALSE,Credit card
4743,1,,3,2.74,single_method_pi,FALSE,FALSE,Credit card
4744,1,,2,32.8,single_method_pi,TRUE,TRUE,Check
4746,1,,1,0.76,single_method_pi,TRUE,TRUE,Cash
4748,1,,4,31.76,single_method_pi,TRUE,TRUE,Debit card
4751,1,,1,30,single_method_pi,TRUE,TRUE,Cash
4753,1,,4,11.03,single_method_pi,TRUE,TRUE,Debit card
4761,1,,7,267,single_method_pi,FALSE,TRUE,Online banking bill payment
4767,1,,1,4,single_method_pi,TRUE,TRUE,Cash
4770,1,,4,51.98,single_method_pi,TRUE,TRUE,Debit card
4771,1,,4,15.99,single_method_pi,TRUE,TRUE,Debit card
4772,1,,3,32,single_method_pi,FALSE,FALSE,Credit card
4776,1,,3,59,single_method_pi,FALSE,FALSE,Credit card
4779,1,,3,92.5,single_method_pi,FALSE,FALSE,Credit card
4780,1,,3,31.88,single_method_pi,FALSE,FALSE,Credit card
4781,1,,3,8.99,single_method_pi,FALSE,FALSE,Credit card
4785,1,,3,12.36,single_method_pi,FALSE,FALSE,Credit card
4786,1,,3,18.42,single_method_pi,FALSE,FALSE,Credit card
4793,1,,2,34.79,single_method_pi,TRUE,TRUE,Check
4794,1,,1,4,single_method_pi,TRUE,TRUE,Cash
4795,1,,1,2,single_method_pi,TRUE,TRUE,Cash
4801,1,,2,4535,single_method_pi,TRUE,TRUE,Check
4803,1,,7,34.87,single_method_pi,FALSE,TRUE,Online banking bill payment
4804,1,,3,18.6,single_method_pi,FALSE,FALSE,Credit card
4808,1,,2,2806,single_method_pi,TRUE,TRUE,Check
4810,1,,3,42.5,single_method_pi,FALSE,FALSE,Credit card
4812,1,,3,25,single_method_pi,FALSE,FALSE,Credit card
4816,1,,3,50,single_method_pi,FALSE,FALSE,Credit card
4817,1,,3,27.19,single_method_pi,FALSE,FALSE,Credit card
4821,1,,3,46.21,single_method_pi,FALSE,FALSE,Credit card
4822,1,,1,7,single_method_pi,TRUE,TRUE,Cash
4826,1,,4,47.38,single_method_pi,TRUE,TRUE,Debit card
4831,1,,4,14.65,single_method_pi,TRUE,TRUE,Debit card
4837,1,,3,32.63,single_method_pi,FALSE,FALSE,Credit card
4838,1,,13,3.6,single_method_pi,FALSE,FALSE,Other payment method
4839,1,,3,10.53,single_method_pi,FALSE,FALSE,Credit card
4846,1,,4,6.71,single_method_pi,TRUE,TRUE,Debit card
4847,1,,4,17.21,single_method_pi,TRUE,TRUE,Debit card
4853,1,,6,1008.29,single_method_pi,FALSE,TRUE,Bank account number payment
4856,1,,7,89.42,single_method_pi,FALSE,TRUE,Online banking bill payment
4857,1,,1,12.85,single_method_pi,TRUE,TRUE,Cash
4861,1,,4,20.25,single_method_pi,TRUE,TRUE,Debit card
4865,1,,4,4.8,single_method_pi,TRUE,TRUE,Debit card
4867,1,,4,9.7,single_method_pi,TRUE,TRUE,Debit card
4869,1,,2,82,single_method_pi,TRUE,TRUE,Check
4871,1,,4,24,single_method_pi,TRUE,TRUE,Debit card
4872,1,,4,38.26,single_method_pi,TRUE,TRUE,Debit card
4875,1,,2,187,single_method_pi,TRUE,TRUE,Check
4876,1,,4,55.370000000000005,single_method_pi,TRUE,TRUE,Debit card
4877,1,,1,18.5,single_method_pi,TRUE,TRUE,Cash
4880,1,,1,6,single_method_pi,TRUE,TRUE,Cash
4881,1,,1,3,single_method_pi,TRUE,TRUE,Cash
4882,1,,2,162,single_method_pi,TRUE,TRUE,Check
4883,1,,2,50,single_method_pi,TRUE,TRUE,Check
4886,1,,1,2.5,single_method_pi,TRUE,TRUE,Cash
4887,1,,1,10,single_method_pi,TRUE,TRUE,Cash
4888,1,,1,7,single_method_pi,TRUE,TRUE,Cash
4889,1,,1,18.6,single_method_pi,TRUE,TRUE,Cash
4890,1,,2,2000,single_method_pi,TRUE,TRUE,Check
4901,1,,3,11.67,single_method_pi,FALSE,FALSE,Credit card
4904,1,,3,37.54,single_method_pi,FALSE,FALSE,Credit card
4907,1,,3,2.73,single_method_pi,FALSE,FALSE,Credit card
4908,1,,3,9.99,single_method_pi,FALSE,FALSE,Credit card
4909,1,,3,12.89,single_method_pi,FALSE,FALSE,Credit card
4910,1,,3,2.73,single_method_pi,FALSE,FALSE,Credit card
4911,1,,3,8.78,single_method_pi,FALSE,FALSE,Credit card
4912,1,,3,37.89,single_method_pi,FALSE,FALSE,Credit card
4914,1,,4,54,single_method_pi,TRUE,TRUE,Debit card
4919,1,,4,43.12,single_method_pi,TRUE,TRUE,Debit card
4922,1,,1,2,single_method_pi,TRUE,TRUE,Cash
4925,1,,4,97,single_method_pi,TRUE,TRUE,Debit card
4930,1,,4,74,single_method_pi,TRUE,TRUE,Debit card
4937,1,,1,2.12,single_method_pi,TRUE,TRUE,Cash
4941,1,,1,3.7,single_method_pi,TRUE,TRUE,Cash
4943,1,,1,20,single_method_pi,TRUE,TRUE,Cash
4947,1,,1,1.75,single_method_pi,TRUE,TRUE,Cash
4948,1,,1,4.23,single_method_pi,TRUE,TRUE,Cash
4949,1,,1,10.5,single_method_pi,TRUE,TRUE,Cash
4955,1,,1,10,single_method_pi,TRUE,TRUE,Cash
4956,1,,1,17,single_method_pi,TRUE,TRUE,Cash
4957,1,,1,12,single_method_pi,TRUE,TRUE,Cash
4959,1,,2,575,single_method_pi,TRUE,TRUE,Check
4961,1,,6,43.83,single_method_pi,FALSE,TRUE,Bank account number payment
4963,1,,4,5.16,single_method_pi,TRUE,TRUE,Debit card
4965,1,,4,11.94,single_method_pi,TRUE,TRUE,Debit card
4969,1,,4,17.28,single_method_pi,TRUE,TRUE,Debit card
4970,1,,7,95.95,single_method_pi,FALSE,TRUE,Online banking bill payment
4973,1,,4,5.3,single_method_pi,TRUE,TRUE,Debit card
4977,1,,5,3.18,single_method_pi,FALSE,FALSE,Prepaid/gift/EBT card
4978,1,,2,110,single_method_pi,TRUE,TRUE,Check
4979,1,,2,500,single_method_pi,TRUE,TRUE,Check
4980,1,,1,2,single_method_pi,TRUE,TRUE,Cash
4983,1,,3,89.28,single_method_pi,FALSE,FALSE,Credit card
4986,1,,3,12.79,single_method_pi,FALSE,FALSE,Credit card
4989,1,,1,10,single_method_pi,TRUE,TRUE,Cash
4991,1,,1,2.03,single_method_pi,TRUE,TRUE,Cash
4992,1,,1,10,single_method_pi,TRUE,TRUE,Cash
4993,1,,4,3.99,single_method_pi,TRUE,TRUE,Debit card
5002,1,,1,34,single_method_pi,TRUE,TRUE,Cash
5003,1,,5,150,single_method_pi,FALSE,FALSE,Prepaid/gift/EBT card
5005,1,,1,4,single_method_pi,TRUE,TRUE,Cash
5006,1,,7,1766.81,single_method_pi,FALSE,TRUE,Online banking bill payment
5007,1,,3,39.47,single_method_pi,FALSE,FALSE,Credit card
5010,1,,3,25,single_method_pi,FALSE,FALSE,Credit card
5012,1,,1,18.67,single_method_pi,TRUE,TRUE,Cash
5016,1,,4,22.91,single_method_pi,TRUE,TRUE,Debit card
5020,1,,1,22,single_method_pi,TRUE,TRUE,Cash
5025,1,,1,10,single_method_pi,TRUE,TRUE,Cash
5026,1,,1,10,single_method_pi,TRUE,TRUE,Cash
5027,1,,1,7,single_method_pi,TRUE,TRUE,Cash
5028,1,,1,13,single_method_pi,TRUE,TRUE,Cash
5029,1,,1,20,single_method_pi,TRUE,TRUE,Cash
5035,1,,2,38,single_method_pi,TRUE,TRUE,Check
5037,1,,1,32,single_method_pi,TRUE,TRUE,Cash
5042,1,,1,18.25,single_method_pi,TRUE,TRUE,Cash
5043,1,,1,21.75,single_method_pi,TRUE,TRUE,Cash
5044,1,,2,585,single_method_pi,TRUE,TRUE,Check
5048,1,,1,79.79,single_method_pi,TRUE,TRUE,Cash
5058,1,,4,60,single_method_pi,TRUE,TRUE,Debit card
5059,1,,1,4,single_method_pi,TRUE,TRUE,Cash
5060,1,,1,6,single_method_pi,TRUE,TRUE,Cash
5061,1,,1,9,single_method_pi,TRUE,TRUE,Cash
5065,1,,1,13.25,single_method_pi,TRUE,TRUE,Cash
5066,1,,1,9.56,single_method_pi,TRUE,TRUE,Cash
5072,1,,4,19.82,single_method_pi,TRUE,TRUE,Debit card
5084,1,,1,6.74,single_method_pi,TRUE,TRUE,Cash
5085,1,,4,5.19,single_method_pi,TRUE,TRUE,Debit card
5086,1,,4,13.25,single_method_pi,TRUE,TRUE,Debit card
5090,1,,2,300,single_method_pi,TRUE,TRUE,Check
5104,1,,7,50,single_method_pi,FALSE,TRUE,Online banking bill payment
5105,1,,7,18,single_method_pi,FALSE,TRUE,Online banking bill payment
5107,1,,4,24.93,single_method_pi,TRUE,TRUE,Debit card
5109,1,,7,200,single_method_pi,FALSE,TRUE,Online banking bill payment
5110,1,,6,300,single_method_pi,FALSE,TRUE,Bank account number payment
5111,1,,6,300,single_method_pi,FALSE,TRUE,Bank account number payment
5113,1,,2,18,single_method_pi,TRUE,TRUE,Check
5114,1,,7,115.31,single_method_pi,FALSE,TRUE,Online banking bill payment
5116,1,,6,244.96,single_method_pi,FALSE,TRUE,Bank account number payment
5123,1,,7,360.27,single_method_pi,FALSE,TRUE,Online banking bill payment
5130,1,,3,12.71,single_method_pi,FALSE,FALSE,Credit card
5135,1,,5,14.61,single_method_pi,FALSE,FALSE,Prepaid/gift/EBT card
5136,1,,1,0.88,single_method_pi,TRUE,TRUE,Cash
5138,1,,4,19.22,single_method_pi,TRUE,TRUE,Debit card
5139,1,,2,46.45,single_method_pi,TRUE,TRUE,Check
5140,1,,7,117.59,single_method_pi,FALSE,TRUE,Online banking bill payment
5147,1,,5,17.98,single_method_pi,FALSE,FALSE,Prepaid/gift/EBT card
5155,1,,1,35,single_method_pi,TRUE,TRUE,Cash
5158,1,,4,18.12,single_method_pi,TRUE,TRUE,Debit card
5159,1,,6,10,single_method_pi,FALSE,TRUE,Bank account number payment
5163,1,,4,7.2,single_method_pi,TRUE,TRUE,Debit card
5164,1,,4,11.07,single_method_pi,TRUE,TRUE,Debit card
5166,1,,4,4.82,single_method_pi,TRUE,TRUE,Debit card
5171,1,,7,110,single_method_pi,FALSE,TRUE,Online banking bill payment
5173,1,,7,64.99,single_method_pi,FALSE,TRUE,Online banking bill payment
5175,1,,4,172.39,single_method_pi,TRUE,TRUE,Debit card
5178,1,,4,116.58,single_method_pi,TRUE,TRUE,Debit card
5179,1,,4,10.45,single_method_pi,TRUE,TRUE,Debit card
5181,1,,1,20,single_method_pi,TRUE,TRUE,Cash
5183,1,,8,35.9,single_method_pi,FALSE,FALSE,Money order
5184,1,,1,2.89,single_method_pi,TRUE,TRUE,Cash
5185,1,,8,35.9,single_method_pi,FALSE,FALSE,Money order
5187,1,,1,20,single_method_pi,TRUE,TRUE,Cash
5192,1,,1,5.45,single_method_pi,TRUE,TRUE,Cash
5196,1,,1,31,single_method_pi,TRUE,TRUE,Cash
5198,1,,4,4.5,single_method_pi,TRUE,TRUE,Debit card
5201,1,,2,92.53,single_method_pi,TRUE,TRUE,Check
5204,1,,1,3.17,single_method_pi,TRUE,TRUE,Cash
5206,1,,5,27.72,single_method_pi,FALSE,FALSE,Prepaid/gift/EBT card
5207,1,,1,5,single_method_pi,TRUE,TRUE,Cash
5209,1,,1,1,single_method_pi,TRUE,TRUE,Cash
5211,1,,2,25,single_method_pi,TRUE,TRUE,Check
5215,1,,3,12.5,single_method_pi,FALSE,FALSE,Credit card
5216,1,,1,8,single_method_pi,TRUE,TRUE,Cash
5218,1,,3,6.55,single_method_pi,FALSE,FALSE,Credit card
5219,1,,3,4.24,single_method_pi,FALSE,FALSE,Credit card
5220,1,,3,8.35,single_method_pi,FALSE,FALSE,Credit card
5221,1,,3,31.95,single_method_pi,FALSE,FALSE,Credit card
5224,1,,13,4.61,single_method_pi,FALSE,FALSE,Other payment method
5228,1,,3,16.93,single_method_pi,FALSE,FALSE,Credit card
5233,1,,1,13,single_method_pi,TRUE,TRUE,Cash
5236,1,,1,2,single_method_pi,TRUE,TRUE,Cash
5237,1,,1,5,single_method_pi,TRUE,TRUE,Cash
5238,1,,1,1.99,single_method_pi,TRUE,TRUE,Cash
5239,1,,1,1.1,single_method_pi,TRUE,TRUE,Cash
5240,1,,1,4.19,single_method_pi,TRUE,TRUE,Cash
5241,1,,3,78,single_method_pi,FALSE,FALSE,Credit card
5244,1,,1,10.73,single_method_pi,TRUE,TRUE,Cash
5250,1,,3,138.43,single_method_pi,FALSE,FALSE,Credit card
5251,1,,1,8.05,single_method_pi,TRUE,TRUE,Cash
5260,1,,1,10,single_method_pi,TRUE,TRUE,Cash
5262,1,,3,30.47,single_method_pi,FALSE,FALSE,Credit card
5265,1,,7,99,single_method_pi,FALSE,TRUE,Online banking bill payment
5267,1,,6,72.52,single_method_pi,FALSE,TRUE,Bank account number payment
5275,1,,8,65.56,single_method_pi,FALSE,FALSE,Money order
5278,1,,8,355,single_method_pi,FALSE,FALSE,Money order
5281,1,,3,5.5,single_method_pi,FALSE,FALSE,Credit card
5282,1,,3,75.26,single_method_pi,FALSE,FALSE,Credit card
5285,1,,1,7,single_method_pi,TRUE,TRUE,Cash
5288,1,,3,77,single_method_pi,FALSE,FALSE,Credit card
5289,1,,4,38.59,single_method_pi,TRUE,TRUE,Debit card
5294,1,,2,153,single_method_pi,TRUE,TRUE,Check
5295,1,,6,266,single_method_pi,FALSE,TRUE,Bank account number payment
5297,1,,1,9.86,single_method_pi,TRUE,TRUE,Cash
5300,1,,2,269.12,single_method_pi,TRUE,TRUE,Check
5301,1,,1,4,single_method_pi,TRUE,TRUE,Cash
5302,1,,1,25,single_method_pi,TRUE,TRUE,Cash
5303,1,,3,22.21,single_method_pi,FALSE,FALSE,Credit card
5304,1,,1,2.5,single_method_pi,TRUE,TRUE,Cash
5308,1,,3,3.69,single_method_pi,FALSE,FALSE,Credit card
5309,1,,3,5.12,single_method_pi,FALSE,FALSE,Credit card
5310,1,,7,16,single_method_pi,FALSE,TRUE,Online banking bill payment
5311,1,,7,125,single_method_pi,FALSE,TRUE,Online banking bill payment
5314,1,,3,23.04,single_method_pi,FALSE,FALSE,Credit card
5315,1,,1,2.5,single_method_pi,TRUE,TRUE,Cash
5316,1,,3,15.69,single_method_pi,FALSE,FALSE,Credit card
5321,1,,1,3.96,single_method_pi,TRUE,TRUE,Cash
5325,1,,1,1.07,single_method_pi,TRUE,TRUE,Cash
5326,1,,1,15.2,single_method_pi,TRUE,TRUE,Cash
5327,1,,1,1.07,single_method_pi,TRUE,TRUE,Cash
5328,1,,1,10,single_method_pi,TRUE,TRUE,Cash
5329,1,,1,1.07,single_method_pi,TRUE,TRUE,Cash
5331,1,,2,980.63,single_method_pi,TRUE,TRUE,Check
5335,1,,4,152,single_method_pi,TRUE,TRUE,Debit card
5336,1,,1,9.18,single_method_pi,TRUE,TRUE,Cash
5342,1,,1,10.18,single_method_pi,TRUE,TRUE,Cash
5343,1,,1,4,single_method_pi,TRUE,TRUE,Cash
5345,1,,1,1,single_method_pi,TRUE,TRUE,Cash
5346,1,,1,10.22,single_method_pi,TRUE,TRUE,Cash
5350,1,,1,10.7,single_method_pi,TRUE,TRUE,Cash
5351,1,,1,7.1000000000000005,single_method_pi,TRUE,TRUE,Cash
5356,1,,3,23.39,single_method_pi,FALSE,FALSE,Credit card
5359,1,,1,5,single_method_pi,TRUE,TRUE,Cash
5366,1,,3,6.28,single_method_pi,FALSE,FALSE,Credit card
5368,1,,3,9.01,single_method_pi,FALSE,FALSE,Credit card
5370,1,,13,4,single_method_pi,FALSE,FALSE,Other payment method
5371,1,,1,1.59,single_method_pi,TRUE,TRUE,Cash
5372,1,,1,4,single_method_pi,TRUE,TRUE,Cash
5373,1,,3,143.24,single_method_pi,FALSE,FALSE,Credit card
5379,1,,1,3.22,single_method_pi,TRUE,TRUE,Cash
5384,1,,4,6.73,single_method_pi,TRUE,TRUE,Debit card
5386,1,,6,28,single_method_pi,FALSE,TRUE,Bank account number payment
5389,1,,4,100,single_method_pi,TRUE,TRUE,Debit card
5394,1,,3,84,single_method_pi,FALSE,FALSE,Credit card
5396,1,,1,7.29,single_method_pi,TRUE,TRUE,Cash
5397,1,,6,20,single_method_pi,FALSE,TRUE,Bank account number payment
5401,1,,5,20,single_method_pi,FALSE,FALSE,Prepaid/gift/EBT card
5402,1,,1,56,single_method_pi,TRUE,TRUE,Cash
5403,1,,3,44.76,single_method_pi,FALSE,FALSE,Credit card
5404,1,,1,9,single_method_pi,TRUE,TRUE,Cash
5406,1,,1,23,single_method_pi,TRUE,TRUE,Cash
5408,1,,3,65.09,single_method_pi,FALSE,FALSE,Credit card
5410,1,,3,23.76,single_method_pi,FALSE,FALSE,Credit card
5414,1,,3,42.86,single_method_pi,FALSE,FALSE,Credit card
5416,1,,3,14.19,single_method_pi,FALSE,FALSE,Credit card
5419,1,,3,19.7,single_method_pi,FALSE,FALSE,Credit card
5426,1,,6,222.08,single_method_pi,FALSE,TRUE,Bank account number payment
5427,1,,6,293.45,single_method_pi,FALSE,TRUE,Bank account number payment
5443,1,,3,18.99,single_method_pi,FALSE,FALSE,Credit card
5446,1,,3,13.76,single_method_pi,FALSE,FALSE,Credit card
5450,1,,4,55,single_method_pi,TRUE,TRUE,Debit card
5452,1,,1,2.5,single_method_pi,TRUE,TRUE,Cash
5453,1,,1,1.5,single_method_pi,TRUE,TRUE,Cash
5454,1,,4,51.22,single_method_pi,TRUE,TRUE,Debit card
5455,1,,4,40.74,single_method_pi,TRUE,TRUE,Debit card
5457,1,,4,4.24,single_method_pi,TRUE,TRUE,Debit card
5458,1,,4,30.19,single_method_pi,TRUE,TRUE,Debit card
5459,1,,4,1.06,single_method_pi,TRUE,TRUE,Debit card
5460,1,,4,4,single_method_pi,TRUE,TRUE,Debit card
5464,1,,7,20.4,single_method_pi,FALSE,TRUE,Online banking bill payment
5478,1,,4,14.05,single_method_pi,TRUE,TRUE,Debit card
5479,1,,6,773.89,single_method_pi,FALSE,TRUE,Bank account number payment
5480,1,,6,773.89,single_method_pi,FALSE,TRUE,Bank account number payment
5481,1,,4,206,single_method_pi,TRUE,TRUE,Debit card
5484,1,,4,16.4,single_method_pi,TRUE,TRUE,Debit card
5488,1,,1,23.25,single_method_pi,TRUE,TRUE,Cash
5490,1,,1,20.53,single_method_pi,TRUE,TRUE,Cash
5492,1,,4,10.6,single_method_pi,TRUE,TRUE,Debit card
5495,1,,1,7.8,single_method_pi,TRUE,TRUE,Cash
5509,1,,1,6,single_method_pi,TRUE,TRUE,Cash
5513,1,,6,143,single_method_pi,FALSE,TRUE,Bank account number payment
5521,1,,4,18.69,single_method_pi,TRUE,TRUE,Debit card
5525,1,,2,140.5,single_method_pi,TRUE,TRUE,Check
5526,1,,2,140.5,single_method_pi,TRUE,TRUE,Check
5527,1,,2,140.5,single_method_pi,TRUE,TRUE,Check
5529,1,,3,27.41,single_method_pi,FALSE,FALSE,Credit card
5530,1,,6,9.48,single_method_pi,FALSE,TRUE,Bank account number payment
5531,1,,3,5.26,single_method_pi,FALSE,FALSE,Credit card
5532,1,,3,28.78,single_method_pi,FALSE,FALSE,Credit card
5534,1,,3,153.66,single_method_pi,FALSE,FALSE,Credit card
5535,1,,3,17.900000000000002,single_method_pi,FALSE,FALSE,Credit card
5537,1,,7,630,single_method_pi,FALSE,TRUE,Online banking bill payment
5540,1,,3,72.02,single_method_pi,FALSE,FALSE,Credit card
5543,1,,4,18.38,single_method_pi,TRUE,TRUE,Debit card
5544,1,,4,12.95,single_method_pi,TRUE,TRUE,Debit card
5547,1,,4,52.98,single_method_pi,TRUE,TRUE,Debit card
5548,1,,4,23.79,single_method_pi,TRUE,TRUE,Debit card
5549,1,,1,1.08,single_method_pi,TRUE,TRUE,Cash
5550,1,,4,12.16,single_method_pi,TRUE,TRUE,Debit card
5551,1,,4,22.53,single_method_pi,TRUE,TRUE,Debit card
5554,1,,4,58.32,single_method_pi,TRUE,TRUE,Debit card
5555,1,,4,20.39,single_method_pi,TRUE,TRUE,Debit card
5556,1,,4,35.12,single_method_pi,TRUE,TRUE,Debit card
5558,1,,4,15.62,single_method_pi,TRUE,TRUE,Debit card
5560,1,,4,31.6,single_method_pi,TRUE,TRUE,Debit card
5562,1,,4,4.5600000000000005,single_method_pi,TRUE,TRUE,Debit card
5563,1,,4,4.48,single_method_pi,TRUE,TRUE,Debit card
5566,1,,4,16.37,single_method_pi,TRUE,TRUE,Debit card
5567,1,,4,30.21,single_method_pi,TRUE,TRUE,Debit card
5568,1,,6,93,single_method_pi,FALSE,TRUE,Bank account number payment
5577,1,,3,33,single_method_pi,FALSE,FALSE,Credit card
5578,1,,4,24.15,single_method_pi,TRUE,TRUE,Debit card
5584,1,,6,39.52,single_method_pi,FALSE,TRUE,Bank account number payment
5585,1,,4,68.24,single_method_pi,TRUE,TRUE,Debit card
5588,1,,4,26.8,single_method_pi,TRUE,TRUE,Debit card
5593,1,,4,7.05,single_method_pi,TRUE,TRUE,Debit card
5594,1,,1,0.75,single_method_pi,TRUE,TRUE,Cash
5595,1,,4,15.22,single_method_pi,TRUE,TRUE,Debit card
5596,1,,4,1.05,single_method_pi,TRUE,TRUE,Debit card
5597,1,,1,4.07,single_method_pi,TRUE,TRUE,Cash
5598,1,,4,45.93,single_method_pi,TRUE,TRUE,Debit card
5599,1,,3,36.16,single_method_pi,FALSE,FALSE,Credit card
5600,1,,4,33.86,single_method_pi,TRUE,TRUE,Debit card
5603,1,,3,16.05,single_method_pi,FALSE,FALSE,Credit card
5605,1,,3,7.19,single_method_pi,FALSE,FALSE,Credit card
5607,1,,3,20,single_method_pi,FALSE,FALSE,Credit card
5610,1,,2,20,single_method_pi,TRUE,TRUE,Check
5613,1,,2,98.21,single_method_pi,TRUE,TRUE,Check
5619,1,,4,59,single_method_pi,TRUE,TRUE,Debit card
5620,1,,4,4,single_method_pi,TRUE,TRUE,Debit card
5622,1,,4,4,single_method_pi,TRUE,TRUE,Debit card
5623,1,,4,16,single_method_pi,TRUE,TRUE,Debit card
5625,1,,4,16,single_method_pi,TRUE,TRUE,Debit card
5628,1,,1,7.48,single_method_pi,TRUE,TRUE,Cash
5630,1,,7,10,single_method_pi,FALSE,TRUE,Online banking bill payment
5631,1,,7,10,single_method_pi,FALSE,TRUE,Online banking bill payment
5632,1,,4,310,single_method_pi,TRUE,TRUE,Debit card
5633,1,,4,105,single_method_pi,TRUE,TRUE,Debit card
5644,1,,1,1.8,single_method_pi,TRUE,TRUE,Cash
5646,1,,1,3,single_method_pi,TRUE,TRUE,Cash
5650,1,,4,31.42,single_method_pi,TRUE,TRUE,Debit card
5652,1,,1,20,single_method_pi,TRUE,TRUE,Cash
5653,1,,4,14.99,single_method_pi,TRUE,TRUE,Debit card
5654,1,,6,74,single_method_pi,FALSE,TRUE,Bank account number payment
5655,1,,4,110.48,single_method_pi,TRUE,TRUE,Debit card
5658,1,,1,1,single_method_pi,TRUE,TRUE,Cash
5660,1,,1,8,single_method_pi,TRUE,TRUE,Cash
5663,1,,4,169.93,single_method_pi,TRUE,TRUE,Debit card
5665,1,,4,169.93,single_method_pi,TRUE,TRUE,Debit card
5666,1,,4,9.44,single_method_pi,TRUE,TRUE,Debit card
5667,1,,4,7.13,single_method_pi,TRUE,TRUE,Debit card
5668,1,,4,59.17,single_method_pi,TRUE,TRUE,Debit card
5672,1,,4,70.24,single_method_pi,TRUE,TRUE,Debit card
5673,1,,4,51.61,single_method_pi,TRUE,TRUE,Debit card
5674,1,,4,113.94,single_method_pi,TRUE,TRUE,Debit card
5675,1,,4,212.49,single_method_pi,TRUE,TRUE,Debit card
5676,1,,4,10.88,single_method_pi,TRUE,TRUE,Debit card
5677,1,,4,62.96,single_method_pi,TRUE,TRUE,Debit card
5678,1,,4,153.44,single_method_pi,TRUE,TRUE,Debit card
5680,1,,6,200,single_method_pi,FALSE,TRUE,Bank account number payment
5689,1,,2,195,single_method_pi,TRUE,TRUE,Check
5691,1,,4,27.99,single_method_pi,TRUE,TRUE,Debit card
5693,1,,4,307.90000000000003,single_method_pi,TRUE,TRUE,Debit card
5696,1,,1,14,single_method_pi,TRUE,TRUE,Cash
5705,1,,1,1.09,single_method_pi,TRUE,TRUE,Cash
5709,1,,2,364.07,single_method_pi,TRUE,TRUE,Check
5711,1,,4,4.32,single_method_pi,TRUE,TRUE,Debit card
5712,1,,4,6.5,single_method_pi,TRUE,TRUE,Debit card
5715,1,,4,2.83,single_method_pi,TRUE,TRUE,Debit card
5716,1,,4,18.87,single_method_pi,TRUE,TRUE,Debit card
5719,1,,1,90,single_method_pi,TRUE,TRUE,Cash
5722,1,,4,390.27,single_method_pi,TRUE,TRUE,Debit card
5723,1,,4,212.19,single_method_pi,TRUE,TRUE,Debit card
5724,1,,4,44.89,single_method_pi,TRUE,TRUE,Debit card
5725,1,,4,9.47,single_method_pi,TRUE,TRUE,Debit card
5727,1,,4,53.120000000000005,single_method_pi,TRUE,TRUE,Debit card
5728,1,,4,10,single_method_pi,TRUE,TRUE,Debit card
5733,1,,4,32,single_method_pi,TRUE,TRUE,Debit card
5737,1,,4,250,single_method_pi,TRUE,TRUE,Debit card
5741,1,,3,30.02,single_method_pi,FALSE,FALSE,Credit card
5744,1,,3,43.01,single_method_pi,FALSE,FALSE,Credit card
5746,1,,2,40,single_method_pi,TRUE,TRUE,Check
5747,1,,3,6.92,single_method_pi,FALSE,FALSE,Credit card
5749,1,,3,19.35,single_method_pi,FALSE,FALSE,Credit card
5750,1,,3,71.58,single_method_pi,FALSE,FALSE,Credit card
5755,1,,5,15,single_method_pi,FALSE,FALSE,Prepaid/gift/EBT card
5762,1,,7,149,single_method_pi,FALSE,TRUE,Online banking bill payment
5765,1,,4,5.33,single_method_pi,TRUE,TRUE,Debit card
5766,1,,4,24.43,single_method_pi,TRUE,TRUE,Debit card
5770,1,,4,118,single_method_pi,TRUE,TRUE,Debit card
5771,1,,4,35,single_method_pi,TRUE,TRUE,Debit card
5775,1,,4,59,single_method_pi,TRUE,TRUE,Debit card
5780,1,,1,51,single_method_pi,TRUE,TRUE,Cash
5783,1,,4,45.95,single_method_pi,TRUE,TRUE,Debit card
5784,1,,4,14.99,single_method_pi,TRUE,TRUE,Debit card
5785,1,,3,1.5,single_method_pi,FALSE,FALSE,Credit card
5787,1,,4,180,single_method_pi,TRUE,TRUE,Debit card
5788,1,,4,25,single_method_pi,TRUE,TRUE,Debit card
5789,1,,4,52,single_method_pi,TRUE,TRUE,Debit card
5790,1,,4,10,single_method_pi,TRUE,TRUE,Debit card
5791,1,,4,1.1,single_method_pi,TRUE,TRUE,Debit card
5795,1,,4,104,single_method_pi,TRUE,TRUE,Debit card
5796,1,,6,55.6,single_method_pi,FALSE,TRUE,Bank account number payment
5797,1,,4,14.6,single_method_pi,TRUE,TRUE,Debit card
5798,1,,4,104,single_method_pi,TRUE,TRUE,Debit card
5799,1,,4,2.7,single_method_pi,TRUE,TRUE,Debit card
5800,1,,4,11.72,single_method_pi,TRUE,TRUE,Debit card
5804,1,,3,125,single_method_pi,FALSE,FALSE,Credit card
5805,1,,4,9.52,single_method_pi,TRUE,TRUE,Debit card
5807,1,,3,24.5,single_method_pi,FALSE,FALSE,Credit card
5808,1,,1,12.75,single_method_pi,TRUE,TRUE,Cash
5810,1,,1,24.75,single_method_pi,TRUE,TRUE,Cash
5812,1,,1,45,single_method_pi,TRUE,TRUE,Cash
5819,1,,6,151,single_method_pi,FALSE,TRUE,Bank account number payment
5823,1,,1,8,single_method_pi,TRUE,TRUE,Cash
5825,1,,4,14,single_method_pi,TRUE,TRUE,Debit card
5826,1,,4,9.83,single_method_pi,TRUE,TRUE,Debit card
5831,1,,3,25,single_method_pi,FALSE,FALSE,Credit card
5832,1,,7,45,single_method_pi,FALSE,TRUE,Online banking bill payment
5834,1,,1,15,single_method_pi,TRUE,TRUE,Cash
5836,1,,7,28.71,single_method_pi,FALSE,TRUE,Online banking bill payment
5838,1,,7,28.71,single_method_pi,FALSE,TRUE,Online banking bill payment
5840,1,,3,22,single_method_pi,FALSE,FALSE,Credit card
5842,1,,3,25,single_method_pi,FALSE,FALSE,Credit card
5846,1,,11,83.57000000000001,single_method_pi,FALSE,TRUE,Account-to-account transfer
5847,1,,6,147.6,single_method_pi,FALSE,TRUE,Bank account number payment
5848,1,,6,31,single_method_pi,FALSE,TRUE,Bank account number payment
5849,1,,2,100,single_method_pi,TRUE,TRUE,Check
5850,1,,4,32.53,single_method_pi,TRUE,TRUE,Debit card
5854,1,,3,6,single_method_pi,FALSE,FALSE,Credit card
5860,1,,5,10.67,single_method_pi,FALSE,FALSE,Prepaid/gift/EBT card
5861,1,,3,54.67,single_method_pi,FALSE,FALSE,Credit card
5866,1,,1,1,single_method_pi,TRUE,TRUE,Cash
5867,1,,2,138.17000000000002,single_method_pi,TRUE,TRUE,Check
5868,1,,1,1,single_method_pi,TRUE,TRUE,Cash
5869,1,,2,35.300000000000004,single_method_pi,TRUE,TRUE,Check
5870,1,,1,1,single_method_pi,TRUE,TRUE,Cash
5878,1,,4,8.93,single_method_pi,TRUE,TRUE,Debit card
5879,1,,4,38.27,single_method_pi,TRUE,TRUE,Debit card
5882,1,,6,99.87,single_method_pi,FALSE,TRUE,Bank account number payment
5883,1,,6,80,single_method_pi,FALSE,TRUE,Bank account number payment
5884,1,,4,94.78,single_method_pi,TRUE,TRUE,Debit card
5885,1,,4,23.55,single_method_pi,TRUE,TRUE,Debit card
5886,1,,4,44.33,single_method_pi,TRUE,TRUE,Debit card
5887,1,,4,48.81,single_method_pi,TRUE,TRUE,Debit card
5888,1,,4,27.12,single_method_pi,TRUE,TRUE,Debit card
5891,1,,4,9.99,single_method_pi,TRUE,TRUE,Debit card
5892,1,,4,50,single_method_pi,TRUE,TRUE,Debit card
5893,1,,3,10.77,single_method_pi,FALSE,FALSE,Credit card
5894,1,,3,11.5,single_method_pi,FALSE,FALSE,Credit card
5897,1,,1,7,single_method_pi,TRUE,TRUE,Cash
5901,1,,1,19.88,single_method_pi,TRUE,TRUE,Cash
5902,1,,1,9.78,single_method_pi,TRUE,TRUE,Cash
5905,1,,7,110,single_method_pi,FALSE,TRUE,Online banking bill payment
5906,1,,7,150,single_method_pi,FALSE,TRUE,Online banking bill payment
5907,1,,7,44.75,single_method_pi,FALSE,TRUE,Online banking bill payment
5908,1,,4,52.58,single_method_pi,TRUE,TRUE,Debit card
5910,1,,3,20,single_method_pi,FALSE,FALSE,Credit card
5912,1,,4,69.25,single_method_pi,TRUE,TRUE,Debit card
5917,1,,1,150,single_method_pi,TRUE,TRUE,Cash
5919,1,,1,6,single_method_pi,TRUE,TRUE,Cash
5926,1,,1,16.03,single_method_pi,TRUE,TRUE,Cash
5928,1,,7,16.5,single_method_pi,FALSE,TRUE,Online banking bill payment
5931,1,,3,38,single_method_pi,FALSE,FALSE,Credit card
5932,1,,6,183,single_method_pi,FALSE,TRUE,Bank account number payment
5936,1,,1,22,single_method_pi,TRUE,TRUE,Cash
5944,1,,1,299,single_method_pi,TRUE,TRUE,Cash
5946,1,,1,26,single_method_pi,TRUE,TRUE,Cash
5947,1,,2,250,single_method_pi,TRUE,TRUE,Check
5948,1,,4,25,single_method_pi,TRUE,TRUE,Debit card
5949,1,,4,25,single_method_pi,TRUE,TRUE,Debit card
5950,1,,6,89,single_method_pi,FALSE,TRUE,Bank account number payment
5955,1,,1,5,single_method_pi,TRUE,TRUE,Cash
5956,1,,1,25,single_method_pi,TRUE,TRUE,Cash
5962,1,,5,50,single_method_pi,FALSE,FALSE,Prepaid/gift/EBT card
5965,1,,5,29.9,single_method_pi,FALSE,FALSE,Prepaid/gift/EBT card
5967,1,,5,49.99,single_method_pi,FALSE,FALSE,Prepaid/gift/EBT card
5969,1,,1,1,single_method_pi,TRUE,TRUE,Cash
5970,1,,5,3.66,single_method_pi,FALSE,FALSE,Prepaid/gift/EBT card
5971,1,,5,6.26,single_method_pi,FALSE,FALSE,Prepaid/gift/EBT card
5973,1,,1,1.29,single_method_pi,TRUE,TRUE,Cash
5978,1,,1,20,single_method_pi,TRUE,TRUE,Cash
5979,1,,2,29.89,single_method_pi,TRUE,TRUE,Check
5980,1,,4,11.98,single_method_pi,TRUE,TRUE,Debit card
5981,1,,7,237.87,single_method_pi,FALSE,TRUE,Online banking bill payment
5982,1,,7,37.02,single_method_pi,FALSE,TRUE,Online banking bill payment
5984,1,,1,23.12,single_method_pi,TRUE,TRUE,Cash
5985,1,,4,102.25,single_method_pi,TRUE,TRUE,Debit card
5987,1,,1,8.56,single_method_pi,TRUE,TRUE,Cash
5989,1,,1,10,single_method_pi,TRUE,TRUE,Cash
5993,1,,4,56,single_method_pi,TRUE,TRUE,Debit card
5995,1,,1,16.86,single_method_pi,TRUE,TRUE,Cash
5996,1,,1,80.12,single_method_pi,TRUE,TRUE,Cash
6003,1,,4,361.99,single_method_pi,TRUE,TRUE,Debit card
6004,1,,4,52.42,single_method_pi,TRUE,TRUE,Debit card
6009,1,,1,7.01,single_method_pi,TRUE,TRUE,Cash
6011,1,,1,1.29,single_method_pi,TRUE,TRUE,Cash
6018,1,,4,13.51,single_method_pi,TRUE,TRUE,Debit card
6021,1,,1,6,single_method_pi,TRUE,TRUE,Cash
6025,1,,1,12,single_method_pi,TRUE,TRUE,Cash
6026,1,,1,23.64,single_method_pi,TRUE,TRUE,Cash
6027,1,,1,7.49,single_method_pi,TRUE,TRUE,Cash
6031,1,,3,34.63,single_method_pi,FALSE,FALSE,Credit card
6033,1,,3,8.540000000000001,single_method_pi,FALSE,FALSE,Credit card
6034,1,,3,96.43,single_method_pi,FALSE,FALSE,Credit card
6044,1,,8,465,single_method_pi,FALSE,FALSE,Money order
6045,1,,8,475,single_method_pi,FALSE,FALSE,Money order
6047,1,,4,11.9,single_method_pi,TRUE,TRUE,Debit card
6050,1,,1,18,single_method_pi,TRUE,TRUE,Cash
6053,1,,2,50,single_method_pi,TRUE,TRUE,Check
6054,1,,4,6,single_method_pi,TRUE,TRUE,Debit card
6057,1,,4,20.25,single_method_pi,TRUE,TRUE,Debit card
6061,1,,4,14.85,single_method_pi,TRUE,TRUE,Debit card
6064,1,,2,652,single_method_pi,TRUE,TRUE,Check
6066,1,,1,45,single_method_pi,TRUE,TRUE,Cash
6067,1,,1,115,single_method_pi,TRUE,TRUE,Cash
6068,1,,1,98,single_method_pi,TRUE,TRUE,Cash
6070,1,,1,9.77,single_method_pi,TRUE,TRUE,Cash
6071,1,,1,8.73,single_method_pi,TRUE,TRUE,Cash
6076,1,,1,5,single_method_pi,TRUE,TRUE,Cash
6078,1,,4,145,single_method_pi,TRUE,TRUE,Debit card
6079,1,,1,20,single_method_pi,TRUE,TRUE,Cash
6080,1,,5,40,single_method_pi,FALSE,FALSE,Prepaid/gift/EBT card
6083,1,,4,56.74,single_method_pi,TRUE,TRUE,Debit card
6086,1,,4,45,single_method_pi,TRUE,TRUE,Debit card
6087,1,,4,15,single_method_pi,TRUE,TRUE,Debit card
6088,1,,4,107,single_method_pi,TRUE,TRUE,Debit card
6089,1,,4,20,single_method_pi,TRUE,TRUE,Debit card
6090,1,,2,76,single_method_pi,TRUE,TRUE,Check
6092,1,,1,3,single_method_pi,TRUE,TRUE,Cash
6095,1,,1,1.5,single_method_pi,TRUE,TRUE,Cash
6102,1,,2,30.83,single_method_pi,TRUE,TRUE,Check
6103,1,,4,64.37,single_method_pi,TRUE,TRUE,Debit card
6105,1,,4,33.74,single_method_pi,TRUE,TRUE,Debit card
6107,1,,2,187,single_method_pi,TRUE,TRUE,Check
6111,1,,1,6.3500000000000005,single_method_pi,TRUE,TRUE,Cash
6112,1,,4,13.5,single_method_pi,TRUE,TRUE,Debit card
6114,1,,4,11.72,single_method_pi,TRUE,TRUE,Debit card
6121,1,,1,5,single_method_pi,TRUE,TRUE,Cash
6123,1,,1,11,single_method_pi,TRUE,TRUE,Cash
6124,1,,1,3.47,single_method_pi,TRUE,TRUE,Cash
6125,1,,1,30,single_method_pi,TRUE,TRUE,Cash
6128,1,,5,45.01,single_method_pi,FALSE,FALSE,Prepaid/gift/EBT card
6134,1,,3,34,single_method_pi,FALSE,FALSE,Credit card
6140,1,,1,6,single_method_pi,TRUE,TRUE,Cash
6142,1,,1,14,single_method_pi,TRUE,TRUE,Cash
6143,1,,1,5,single_method_pi,TRUE,TRUE,Cash
6144,1,,1,3,single_method_pi,TRUE,TRUE,Cash
6146,1,,4,8.24,single_method_pi,TRUE,TRUE,Debit card
6147,1,,1,6,single_method_pi,TRUE,TRUE,Cash
6150,1,,1,2.25,single_method_pi,TRUE,TRUE,Cash
6151,1,,1,7.99,single_method_pi,TRUE,TRUE,Cash
6154,1,,1,23.81,single_method_pi,TRUE,TRUE,Cash
6155,1,,1,2,single_method_pi,TRUE,TRUE,Cash
6156,1,,1,7.82,single_method_pi,TRUE,TRUE,Cash
6158,1,,2,80,single_method_pi,TRUE,TRUE,Check
6160,1,,2,17.55,single_method_pi,TRUE,TRUE,Check
6161,1,,1,3.54,single_method_pi,TRUE,TRUE,Cash
6162,1,,3,54,single_method_pi,FALSE,FALSE,Credit card
6163,1,,1,6.32,single_method_pi,TRUE,TRUE,Cash
6168,1,,4,52.97,single_method_pi,TRUE,TRUE,Debit card
6171,1,,4,25,single_method_pi,TRUE,TRUE,Debit card
6172,1,,4,15,single_method_pi,TRUE,TRUE,Debit card
6173,1,,10,65,single_method_pi,FALSE,FALSE,Mobile payment app
6174,1,,1,25,single_method_pi,TRUE,TRUE,Cash
6176,1,,14,150,single_method_pi,FALSE,FALSE,Deduction from income
6177,1,,4,37.8,single_method_pi,TRUE,TRUE,Debit card
6181,1,,3,20,single_method_pi,FALSE,FALSE,Credit card
6186,1,,4,117,single_method_pi,TRUE,TRUE,Debit card
6189,1,,4,10,single_method_pi,TRUE,TRUE,Debit card
6198,1,,4,37,single_method_pi,TRUE,TRUE,Debit card
6200,1,,3,15,single_method_pi,FALSE,FALSE,Credit card
6201,1,,1,4.24,single_method_pi,TRUE,TRUE,Cash
6204,1,,1,160,single_method_pi,TRUE,TRUE,Cash
6207,1,,1,50,single_method_pi,TRUE,TRUE,Cash
6210,1,,1,122.07,single_method_pi,TRUE,TRUE,Cash
6213,1,,1,8.32,single_method_pi,TRUE,TRUE,Cash
6216,1,,4,6.140000000000001,single_method_pi,TRUE,TRUE,Debit card
6217,1,,4,5.82,single_method_pi,TRUE,TRUE,Debit card
6219,1,,11,1221.1,single_method_pi,FALSE,TRUE,Account-to-account transfer
6223,1,,7,120,single_method_pi,FALSE,TRUE,Online banking bill payment
6224,1,,7,1950,single_method_pi,FALSE,TRUE,Online banking bill payment
6226,1,,4,46.31,single_method_pi,TRUE,TRUE,Debit card
6227,1,,7,80,single_method_pi,FALSE,TRUE,Online banking bill payment
6237,1,,1,10,single_method_pi,TRUE,TRUE,Cash
6239,1,,2,1622,single_method_pi,TRUE,TRUE,Check
6246,1,,6,103.03,single_method_pi,FALSE,TRUE,Bank account number payment
6247,1,,4,50.91,single_method_pi,TRUE,TRUE,Debit card
6252,1,,1,1.25,single_method_pi,TRUE,TRUE,Cash
6253,1,,6,94,single_method_pi,FALSE,TRUE,Bank account number payment
6254,1,,4,36.83,single_method_pi,TRUE,TRUE,Debit card
6258,1,,4,6.25,single_method_pi,TRUE,TRUE,Debit card
6259,1,,6,126,single_method_pi,FALSE,TRUE,Bank account number payment
6260,1,,4,166,single_method_pi,TRUE,TRUE,Debit card
6262,1,,2,21,single_method_pi,TRUE,TRUE,Check
6263,1,,4,186.67,single_method_pi,TRUE,TRUE,Debit card
6265,1,,6,1,single_method_pi,FALSE,TRUE,Bank account number payment
6266,1,,4,74.98,single_method_pi,TRUE,TRUE,Debit card
6269,1,,1,5,single_method_pi,TRUE,TRUE,Cash
6272,1,,4,5,single_method_pi,TRUE,TRUE,Debit card
6278,1,,1,2.59,single_method_pi,TRUE,TRUE,Cash
6281,1,,3,15.24,single_method_pi,FALSE,FALSE,Credit card
6282,1,,3,142.59,single_method_pi,FALSE,FALSE,Credit card
6283,1,,11,2200,single_method_pi,FALSE,TRUE,Account-to-account transfer
6285,1,,3,5.29,single_method_pi,FALSE,FALSE,Credit card
6287,1,,2,28.5,single_method_pi,TRUE,TRUE,Check
6289,1,,4,72.81,single_method_pi,TRUE,TRUE,Debit card
6291,1,,1,3,single_method_pi,TRUE,TRUE,Cash
6292,1,,4,19,single_method_pi,TRUE,TRUE,Debit card
6293,1,,4,32,single_method_pi,TRUE,TRUE,Debit card
6294,1,,2,29000,single_method_pi,TRUE,TRUE,Check
6295,1,,1,7,single_method_pi,TRUE,TRUE,Cash
6298,1,,6,104,single_method_pi,FALSE,TRUE,Bank account number payment
6299,1,,6,52,single_method_pi,FALSE,TRUE,Bank account number payment
6301,1,,6,40,single_method_pi,FALSE,TRUE,Bank account number payment
6302,1,,4,42,single_method_pi,TRUE,TRUE,Debit card
6306,1,,1,12.6,single_method_pi,TRUE,TRUE,Cash
6310,1,,1,3.52,single_method_pi,TRUE,TRUE,Cash
6311,1,,4,27.08,single_method_pi,TRUE,TRUE,Debit card
6312,1,,1,5.3500000000000005,single_method_pi,TRUE,TRUE,Cash
6313,1,,3,8.46,single_method_pi,FALSE,FALSE,Credit card
6314,1,,1,13,single_method_pi,TRUE,TRUE,Cash
6316,1,,1,2,single_method_pi,TRUE,TRUE,Cash
6320,1,,3,13.57,single_method_pi,FALSE,FALSE,Credit card
6321,1,,3,36.97,single_method_pi,FALSE,FALSE,Credit card
6323,1,,3,26.46,single_method_pi,FALSE,FALSE,Credit card
6324,1,,3,98.93,single_method_pi,FALSE,FALSE,Credit card
6331,1,,1,96.22,single_method_pi,TRUE,TRUE,Cash
6332,1,,1,31.7,single_method_pi,TRUE,TRUE,Cash
6335,1,,3,55.31,single_method_pi,FALSE,FALSE,Credit card
6336,1,,3,73.29,single_method_pi,FALSE,FALSE,Credit card
6340,1,,3,30,single_method_pi,FALSE,FALSE,Credit card
6345,1,,4,41.75,single_method_pi,TRUE,TRUE,Debit card
6348,1,,4,31.98,single_method_pi,TRUE,TRUE,Debit card
6352,1,,1,13.75,single_method_pi,TRUE,TRUE,Cash
6354,1,,7,175.43,single_method_pi,FALSE,TRUE,Online banking bill payment
6358,1,,1,10.53,single_method_pi,TRUE,TRUE,Cash
6361,1,,1,12.52,single_method_pi,TRUE,TRUE,Cash
6373,1,,3,12.06,single_method_pi,FALSE,FALSE,Credit card
6375,1,,2,310,single_method_pi,TRUE,TRUE,Check
6379,1,,3,20.1,single_method_pi,FALSE,FALSE,Credit card
6384,1,,4,85.42,single_method_pi,TRUE,TRUE,Debit card
6385,1,,4,15.18,single_method_pi,TRUE,TRUE,Debit card
6386,1,,7,41.96,single_method_pi,FALSE,TRUE,Online banking bill payment
6388,1,,7,459.01,single_method_pi,FALSE,TRUE,Online banking bill payment
6390,1,,1,90,single_method_pi,TRUE,TRUE,Cash
6391,1,,4,9.54,single_method_pi,TRUE,TRUE,Debit card
6392,1,,3,13.98,single_method_pi,FALSE,FALSE,Credit card
6395,1,,1,5.36,single_method_pi,TRUE,TRUE,Cash
6397,1,,3,12.43,single_method_pi,FALSE,FALSE,Credit card
6401,1,,3,9.07,single_method_pi,FALSE,FALSE,Credit card
6403,1,,3,7.52,single_method_pi,FALSE,FALSE,Credit card
6407,1,,3,6.57,single_method_pi,FALSE,FALSE,Credit card
6408,1,,1,18,single_method_pi,TRUE,TRUE,Cash
6410,1,,1,0.91,single_method_pi,TRUE,TRUE,Cash
6411,1,,1,5,single_method_pi,TRUE,TRUE,Cash
6413,1,,1,23,single_method_pi,TRUE,TRUE,Cash
6414,1,,1,3,single_method_pi,TRUE,TRUE,Cash
6416,1,,4,27.38,single_method_pi,TRUE,TRUE,Debit card
6420,1,,4,170.13,single_method_pi,TRUE,TRUE,Debit card
6421,1,,4,62.870000000000005,single_method_pi,TRUE,TRUE,Debit card
6424,1,,4,65.67,single_method_pi,TRUE,TRUE,Debit card
6428,1,,1,5.89,single_method_pi,TRUE,TRUE,Cash
6429,1,,5,10,single_method_pi,FALSE,FALSE,Prepaid/gift/EBT card
6432,1,,4,8,single_method_pi,TRUE,TRUE,Debit card
6433,1,,6,25.96,single_method_pi,FALSE,TRUE,Bank account number payment
6435,1,,3,30.25,single_method_pi,FALSE,FALSE,Credit card
6437,1,,4,12.43,single_method_pi,TRUE,TRUE,Debit card
6439,1,,4,7.78,single_method_pi,TRUE,TRUE,Debit card
6441,1,,4,5.08,single_method_pi,TRUE,TRUE,Debit card
6442,1,,4,15.94,single_method_pi,TRUE,TRUE,Debit card
6443,1,,3,144,single_method_pi,FALSE,FALSE,Credit card
6447,1,,1,7.18,single_method_pi,TRUE,TRUE,Cash
6450,1,,1,4.28,single_method_pi,TRUE,TRUE,Cash
6451,1,,4,118.09,single_method_pi,TRUE,TRUE,Debit card
6457,1,,13,25,single_method_pi,FALSE,FALSE,Other payment method
6458,1,,4,12.49,single_method_pi,TRUE,TRUE,Debit card
6459,1,,1,3,single_method_pi,TRUE,TRUE,Cash
6461,1,,4,74.79,single_method_pi,TRUE,TRUE,Debit card
6463,1,,4,22.6,single_method_pi,TRUE,TRUE,Debit card
6464,1,,4,20.15,single_method_pi,TRUE,TRUE,Debit card
6467,1,,1,1,single_method_pi,TRUE,TRUE,Cash
6469,1,,1,17.97,single_method_pi,TRUE,TRUE,Cash
6471,1,,7,48.31,single_method_pi,FALSE,TRUE,Online banking bill payment
6474,1,,5,12,single_method_pi,FALSE,FALSE,Prepaid/gift/EBT card
6475,1,,3,108,single_method_pi,FALSE,FALSE,Credit card
6476,1,,1,5,single_method_pi,TRUE,TRUE,Cash
6477,1,,3,86,single_method_pi,FALSE,FALSE,Credit card
6478,1,,4,13.57,single_method_pi,TRUE,TRUE,Debit card
6480,1,,4,7,single_method_pi,TRUE,TRUE,Debit card
6481,1,,1,10,single_method_pi,TRUE,TRUE,Cash
6482,1,,4,22.16,single_method_pi,TRUE,TRUE,Debit card
6489,1,,2,25,single_method_pi,TRUE,TRUE,Check
6492,1,,4,37.11,single_method_pi,TRUE,TRUE,Debit card
6495,1,,4,24.13,single_method_pi,TRUE,TRUE,Debit card
6499,1,,4,15.87,single_method_pi,TRUE,TRUE,Debit card
6502,1,,1,13.36,single_method_pi,TRUE,TRUE,Cash
6507,1,,4,24.31,single_method_pi,TRUE,TRUE,Debit card
6508,1,,7,25,single_method_pi,FALSE,TRUE,Online banking bill payment
6510,1,,7,150,single_method_pi,FALSE,TRUE,Online banking bill payment
6518,1,,2,10,single_method_pi,TRUE,TRUE,Check
6519,1,,7,160,single_method_pi,FALSE,TRUE,Online banking bill payment
6521,1,,7,160,single_method_pi,FALSE,TRUE,Online banking bill payment
6522,1,,2,60,single_method_pi,TRUE,TRUE,Check
6524,1,,4,68,single_method_pi,TRUE,TRUE,Debit card
6525,1,,4,212,single_method_pi,TRUE,TRUE,Debit card
6533,1,,1,21.44,single_method_pi,TRUE,TRUE,Cash
6536,1,,3,11.66,single_method_pi,FALSE,FALSE,Credit card
6537,1,,3,30.89,single_method_pi,FALSE,FALSE,Credit card
6540,1,,3,163,single_method_pi,FALSE,FALSE,Credit card
6541,1,,3,12.34,single_method_pi,FALSE,FALSE,Credit card
6542,1,,3,26,single_method_pi,FALSE,FALSE,Credit card
6543,1,,3,17,single_method_pi,FALSE,FALSE,Credit card
6544,1,,3,18.35,single_method_pi,FALSE,FALSE,Credit card
6545,1,,3,55,single_method_pi,FALSE,FALSE,Credit card
6547,1,,1,101,single_method_pi,TRUE,TRUE,Cash
6550,1,,3,40,single_method_pi,FALSE,FALSE,Credit card
6551,1,,3,220,single_method_pi,FALSE,FALSE,Credit card
6552,1,,1,0.8,single_method_pi,TRUE,TRUE,Cash
6553,1,,4,80,single_method_pi,TRUE,TRUE,Debit card
6560,1,,4,27.94,single_method_pi,TRUE,TRUE,Debit card
6561,1,,3,8.5,single_method_pi,FALSE,FALSE,Credit card
6562,1,,6,1104.25,single_method_pi,FALSE,TRUE,Bank account number payment
6564,1,,1,7.13,single_method_pi,TRUE,TRUE,Cash
6567,1,,2,25,single_method_pi,TRUE,TRUE,Check
6569,1,,6,33.4,single_method_pi,FALSE,TRUE,Bank account number payment
6570,1,,1,9,single_method_pi,TRUE,TRUE,Cash
6571,1,,6,116,single_method_pi,FALSE,TRUE,Bank account number payment
6572,1,,1,9,single_method_pi,TRUE,TRUE,Cash
6574,1,,4,1.58,single_method_pi,TRUE,TRUE,Debit card
6575,1,,4,11.09,single_method_pi,TRUE,TRUE,Debit card
6576,1,,4,3.09,single_method_pi,TRUE,TRUE,Debit card
6577,1,,4,12,single_method_pi,TRUE,TRUE,Debit card
6578,1,,3,68.2,single_method_pi,FALSE,FALSE,Credit card
6581,1,,1,1,single_method_pi,TRUE,TRUE,Cash
6582,1,,4,17.29,single_method_pi,TRUE,TRUE,Debit card
6583,1,,4,1.72,single_method_pi,TRUE,TRUE,Debit card
6585,1,,4,12.84,single_method_pi,TRUE,TRUE,Debit card
6586,1,,4,16.64,single_method_pi,TRUE,TRUE,Debit card
6594,1,,3,3.95,single_method_pi,FALSE,FALSE,Credit card
6595,1,,3,1.8,single_method_pi,FALSE,FALSE,Credit card
6597,1,,3,3,single_method_pi,FALSE,FALSE,Credit card
6598,1,,3,1.07,single_method_pi,FALSE,FALSE,Credit card
6599,1,,2,20,single_method_pi,TRUE,TRUE,Check
6600,1,,3,2.56,single_method_pi,FALSE,FALSE,Credit card
6603,1,,3,1.44,single_method_pi,FALSE,FALSE,Credit card
6609,1,,3,20.5,single_method_pi,FALSE,FALSE,Credit card
6613,1,,3,51.65,single_method_pi,FALSE,FALSE,Credit card
6621,1,,7,146,single_method_pi,FALSE,TRUE,Online banking bill payment
6622,1,,3,12.8,single_method_pi,FALSE,FALSE,Credit card
6625,1,,1,8,single_method_pi,TRUE,TRUE,Cash
6629,1,,3,34,single_method_pi,FALSE,FALSE,Credit card
6630,1,,1,30,single_method_pi,TRUE,TRUE,Cash
6632,1,,4,1.75,single_method_pi,TRUE,TRUE,Debit card
6635,1,,4,1.75,single_method_pi,TRUE,TRUE,Debit card
6636,1,,6,89,single_method_pi,FALSE,TRUE,Bank account number payment
6637,1,,4,1.75,single_method_pi,TRUE,TRUE,Debit card
6639,1,,1,9,single_method_pi,TRUE,TRUE,Cash
6641,1,,4,139,single_method_pi,TRUE,TRUE,Debit card
6648,1,,1,19,single_method_pi,TRUE,TRUE,Cash
6649,1,,1,7,single_method_pi,TRUE,TRUE,Cash
6650,1,,1,11,single_method_pi,TRUE,TRUE,Cash
6651,1,,1,15,single_method_pi,TRUE,TRUE,Cash
6652,1,,1,4,single_method_pi,TRUE,TRUE,Cash
6655,1,,3,29.5,single_method_pi,FALSE,FALSE,Credit card
6656,1,,1,9.17,single_method_pi,TRUE,TRUE,Cash
6658,1,,1,9.5,single_method_pi,TRUE,TRUE,Cash
6659,1,,1,9.17,single_method_pi,TRUE,TRUE,Cash
6660,1,,1,9.17,single_method_pi,TRUE,TRUE,Cash
6662,1,,4,26.62,single_method_pi,TRUE,TRUE,Debit card
6663,1,,4,49.56,single_method_pi,TRUE,TRUE,Debit card
6664,1,,1,10,single_method_pi,TRUE,TRUE,Cash
6667,1,,1,14.25,single_method_pi,TRUE,TRUE,Cash
6670,1,,1,5,single_method_pi,TRUE,TRUE,Cash
6673,1,,1,2,single_method_pi,TRUE,TRUE,Cash
6674,1,,4,24.28,single_method_pi,TRUE,TRUE,Debit card
6675,1,,1,6,single_method_pi,TRUE,TRUE,Cash
6676,1,,1,7,single_method_pi,TRUE,TRUE,Cash
6677,1,,1,4,single_method_pi,TRUE,TRUE,Cash
6678,1,,1,6,single_method_pi,TRUE,TRUE,Cash
6679,1,,1,8,single_method_pi,TRUE,TRUE,Cash
6682,1,,1,7,single_method_pi,TRUE,TRUE,Cash
6684,1,,4,7.35,single_method_pi,TRUE,TRUE,Debit card
6686,1,,1,9,single_method_pi,TRUE,TRUE,Cash
6687,1,,5,11.5,single_method_pi,FALSE,FALSE,Prepaid/gift/EBT card
6688,1,,3,39.76,single_method_pi,FALSE,FALSE,Credit card
6689,1,,3,272,single_method_pi,FALSE,FALSE,Credit card
6692,1,,1,9.72,single_method_pi,TRUE,TRUE,Cash
6695,1,,3,5.96,single_method_pi,FALSE,FALSE,Credit card
6696,1,,1,13.68,single_method_pi,TRUE,TRUE,Cash
6697,1,,2,45,single_method_pi,TRUE,TRUE,Check
6699,1,,3,29.55,single_method_pi,FALSE,FALSE,Credit card
6700,1,,1,10,single_method_pi,TRUE,TRUE,Cash
6703,1,,1,45,single_method_pi,TRUE,TRUE,Cash
6707,1,,4,45,single_method_pi,TRUE,TRUE,Debit card
6715,1,,1,18,single_method_pi,TRUE,TRUE,Cash
6719,1,,7,400,single_method_pi,FALSE,TRUE,Online banking bill payment
6720,1,,7,200,single_method_pi,FALSE,TRUE,Online banking bill payment
6723,1,,4,14.82,single_method_pi,TRUE,TRUE,Debit card
6724,1,,6,686.41,single_method_pi,FALSE,TRUE,Bank account number payment
6729,1,,4,20,single_method_pi,TRUE,TRUE,Debit card
6730,1,,4,38.37,single_method_pi,TRUE,TRUE,Debit card
6738,1,,2,123.45,single_method_pi,TRUE,TRUE,Check
6743,1,,5,12.23,single_method_pi,FALSE,FALSE,Prepaid/gift/EBT card
6745,1,,4,12.79,single_method_pi,TRUE,TRUE,Debit card
6750,1,,4,7.890000000000001,single_method_pi,TRUE,TRUE,Debit card
6752,1,,6,15.99,single_method_pi,FALSE,TRUE,Bank account number payment
6753,1,,10,11.99,single_method_pi,FALSE,FALSE,Mobile payment app
6754,1,,1,6.25,single_method_pi,TRUE,TRUE,Cash
6755,1,,6,6.94,single_method_pi,FALSE,TRUE,Bank account number payment
6758,1,,4,6.82,single_method_pi,TRUE,TRUE,Debit card
6761,1,,7,318.56,single_method_pi,FALSE,TRUE,Online banking bill payment
6762,1,,2,5,single_method_pi,TRUE,TRUE,Check
6770,1,,4,78.17,single_method_pi,TRUE,TRUE,Debit card
6774,1,,4,4.2700000000000005,single_method_pi,TRUE,TRUE,Debit card
6777,1,,4,50,single_method_pi,TRUE,TRUE,Debit card
6784,1,,3,25.83,single_method_pi,FALSE,FALSE,Credit card
6787,1,,1,20,single_method_pi,TRUE,TRUE,Cash
6788,1,,1,3.18,single_method_pi,TRUE,TRUE,Cash
6794,1,,1,14.18,single_method_pi,TRUE,TRUE,Cash
6796,1,,1,22.82,single_method_pi,TRUE,TRUE,Cash
6799,1,,3,10.12,single_method_pi,FALSE,FALSE,Credit card
6800,1,,3,8.1,single_method_pi,FALSE,FALSE,Credit card
6802,1,,3,32.980000000000004,single_method_pi,FALSE,FALSE,Credit card
6803,1,,3,8.52,single_method_pi,FALSE,FALSE,Credit card
6805,1,,3,13.8,single_method_pi,FALSE,FALSE,Credit card
6807,1,,3,191.5,single_method_pi,FALSE,FALSE,Credit card
6810,1,,3,11.31,single_method_pi,FALSE,FALSE,Credit card
6815,1,,3,8.01,single_method_pi,FALSE,FALSE,Credit card
6817,1,,6,66,single_method_pi,FALSE,TRUE,Bank account number payment
6819,1,,3,17.78,single_method_pi,FALSE,FALSE,Credit card
6820,1,,6,4.26,single_method_pi,FALSE,TRUE,Bank account number payment
6824,1,,4,8,single_method_pi,TRUE,TRUE,Debit card
6825,1,,4,14.36,single_method_pi,TRUE,TRUE,Debit card
6826,1,,3,40,single_method_pi,FALSE,FALSE,Credit card
6827,1,,1,14.39,single_method_pi,TRUE,TRUE,Cash
6828,1,,1,28.61,single_method_pi,TRUE,TRUE,Cash
6829,1,,4,169,single_method_pi,TRUE,TRUE,Debit card
6832,1,,1,8.93,single_method_pi,TRUE,TRUE,Cash
6833,1,,1,2.46,single_method_pi,TRUE,TRUE,Cash
6834,1,,1,20,single_method_pi,TRUE,TRUE,Cash
6847,1,,3,27,single_method_pi,FALSE,FALSE,Credit card
6849,1,,4,106.38,single_method_pi,TRUE,TRUE,Debit card
6853,1,,1,6.21,single_method_pi,TRUE,TRUE,Cash
6854,1,,4,145,single_method_pi,TRUE,TRUE,Debit card
6855,1,,3,37.85,single_method_pi,FALSE,FALSE,Credit card
6860,1,,3,9.47,single_method_pi,FALSE,FALSE,Credit card
6861,1,,3,21.58,single_method_pi,FALSE,FALSE,Credit card
6862,1,,3,63.15,single_method_pi,FALSE,FALSE,Credit card
6865,1,,10,12.36,single_method_pi,FALSE,FALSE,Mobile payment app
6866,1,,1,10.91,single_method_pi,TRUE,TRUE,Cash
6868,1,,4,11.35,single_method_pi,TRUE,TRUE,Debit card
6869,1,,5,2,single_method_pi,FALSE,FALSE,Prepaid/gift/EBT card
6875,1,,4,26.45,single_method_pi,TRUE,TRUE,Debit card
6876,1,,3,94.69,single_method_pi,FALSE,FALSE,Credit card
6877,1,,1,4.28,single_method_pi,TRUE,TRUE,Cash
6886,1,,2,244.23,single_method_pi,TRUE,TRUE,Check
6887,1,,3,30,single_method_pi,FALSE,FALSE,Credit card
6888,1,,3,26.47,single_method_pi,FALSE,FALSE,Credit card
6890,1,,1,37.89,single_method_pi,TRUE,TRUE,Cash
6892,1,,1,18.1,single_method_pi,TRUE,TRUE,Cash
6894,1,,5,10.65,single_method_pi,FALSE,FALSE,Prepaid/gift/EBT card
6896,1,,1,21.15,single_method_pi,TRUE,TRUE,Cash
6898,1,,4,6.36,single_method_pi,TRUE,TRUE,Debit card
6906,1,,7,186.37,single_method_pi,FALSE,TRUE,Online banking bill payment
6907,1,,3,21.66,single_method_pi,FALSE,FALSE,Credit card
6908,1,,3,65,single_method_pi,FALSE,FALSE,Credit card
6909,1,,3,29.3,single_method_pi,FALSE,FALSE,Credit card
6911,1,,3,96.3,single_method_pi,FALSE,FALSE,Credit card
6913,1,,3,22,single_method_pi,FALSE,FALSE,Credit card
6914,1,,1,3.53,single_method_pi,TRUE,TRUE,Cash
6915,1,,1,10,single_method_pi,TRUE,TRUE,Cash
6918,1,,1,30,single_method_pi,TRUE,TRUE,Cash
6921,1,,3,51.01,single_method_pi,FALSE,FALSE,Credit card
6923,1,,3,92,single_method_pi,FALSE,FALSE,Credit card
6924,1,,4,31,single_method_pi,TRUE,TRUE,Debit card
6926,1,,3,119,single_method_pi,FALSE,FALSE,Credit card
6928,1,,1,20,single_method_pi,TRUE,TRUE,Cash
6929,1,,4,28,single_method_pi,TRUE,TRUE,Debit card
6931,1,,1,15.01,single_method_pi,TRUE,TRUE,Cash
6933,1,,4,72,single_method_pi,TRUE,TRUE,Debit card
6935,1,,1,11.15,single_method_pi,TRUE,TRUE,Cash
6936,1,,1,2.14,single_method_pi,TRUE,TRUE,Cash
6937,1,,1,6.47,single_method_pi,TRUE,TRUE,Cash
6938,1,,1,15,single_method_pi,TRUE,TRUE,Cash
6942,1,,1,5,single_method_pi,TRUE,TRUE,Cash
6945,1,,1,30,single_method_pi,TRUE,TRUE,Cash
6953,1,,1,25,single_method_pi,TRUE,TRUE,Cash
6964,1,,4,19.99,single_method_pi,TRUE,TRUE,Debit card
6968,1,,4,48.6,single_method_pi,TRUE,TRUE,Debit card
6969,1,,4,12.67,single_method_pi,TRUE,TRUE,Debit card
6970,1,,4,5,single_method_pi,TRUE,TRUE,Debit card
6971,1,,4,12.69,single_method_pi,TRUE,TRUE,Debit card
6972,1,,4,10.79,single_method_pi,TRUE,TRUE,Debit card
6973,1,,4,12.67,single_method_pi,TRUE,TRUE,Debit card
6974,1,,4,3.86,single_method_pi,TRUE,TRUE,Debit card
6976,1,,4,9.52,single_method_pi,TRUE,TRUE,Debit card
6977,1,,4,12.44,single_method_pi,TRUE,TRUE,Debit card
6979,1,,4,25.56,single_method_pi,TRUE,TRUE,Debit card
6982,1,,8,50,single_method_pi,FALSE,FALSE,Money order
6984,1,,8,130,single_method_pi,FALSE,FALSE,Money order
6986,1,,1,2,single_method_pi,TRUE,TRUE,Cash
6990,1,,1,130,single_method_pi,TRUE,TRUE,Cash
6991,1,,1,130,single_method_pi,TRUE,TRUE,Cash
6992,1,,1,16.03,single_method_pi,TRUE,TRUE,Cash
6998,1,,1,4,single_method_pi,TRUE,TRUE,Cash
7000,1,,3,24,single_method_pi,FALSE,FALSE,Credit card
7004,1,,3,32,single_method_pi,FALSE,FALSE,Credit card
7006,1,,6,58,single_method_pi,FALSE,TRUE,Bank account number payment
7009,1,,2,30.64,single_method_pi,TRUE,TRUE,Check
7011,1,,1,9.04,single_method_pi,TRUE,TRUE,Cash
7012,1,,1,31.03,single_method_pi,TRUE,TRUE,Cash
7013,1,,2,461.53,single_method_pi,TRUE,TRUE,Check
7016,1,,1,7,single_method_pi,TRUE,TRUE,Cash
7018,1,,1,4.97,single_method_pi,TRUE,TRUE,Cash
7019,1,,3,6.28,single_method_pi,FALSE,FALSE,Credit card
7020,1,,1,2,single_method_pi,TRUE,TRUE,Cash
7022,1,,3,36.52,single_method_pi,FALSE,FALSE,Credit card
7025,1,,4,5.99,single_method_pi,TRUE,TRUE,Debit card
7027,1,,4,19.08,single_method_pi,TRUE,TRUE,Debit card
7028,1,,4,13.28,single_method_pi,TRUE,TRUE,Debit card
7030,1,,1,26,single_method_pi,TRUE,TRUE,Cash
7032,1,,4,206.23,single_method_pi,TRUE,TRUE,Debit card
7034,1,,1,5,single_method_pi,TRUE,TRUE,Cash
7039,1,,1,15,single_method_pi,TRUE,TRUE,Cash
7040,1,,1,5,single_method_pi,TRUE,TRUE,Cash
7046,1,,4,27,single_method_pi,TRUE,TRUE,Debit card
7052,1,,1,9.76,single_method_pi,TRUE,TRUE,Cash
7053,1,,1,4.28,single_method_pi,TRUE,TRUE,Cash
7054,1,,1,1.25,single_method_pi,TRUE,TRUE,Cash
7055,1,,1,49.88,single_method_pi,TRUE,TRUE,Cash
7061,1,,1,3.58,single_method_pi,TRUE,TRUE,Cash
7063,1,,1,39.76,single_method_pi,TRUE,TRUE,Cash
7064,1,,1,11.53,single_method_pi,TRUE,TRUE,Cash
7066,1,,1,6.4,single_method_pi,TRUE,TRUE,Cash
7069,1,,3,17,single_method_pi,FALSE,FALSE,Credit card
7070,1,,3,8.58,single_method_pi,FALSE,FALSE,Credit card
7076,1,,2,500,single_method_pi,TRUE,TRUE,Check
7080,1,,4,25.28,single_method_pi,TRUE,TRUE,Debit card
7082,1,,4,61.77,single_method_pi,TRUE,TRUE,Debit card
7083,1,,4,312.25,single_method_pi,TRUE,TRUE,Debit card
7084,1,,4,37.79,single_method_pi,TRUE,TRUE,Debit card
7085,1,,4,39.99,single_method_pi,TRUE,TRUE,Debit card
7095,1,,2,26.1,single_method_pi,TRUE,TRUE,Check
7100,1,,2,168.44,single_method_pi,TRUE,TRUE,Check
7105,1,,3,9.13,single_method_pi,FALSE,FALSE,Credit card
7110,1,,5,35.36,single_method_pi,FALSE,FALSE,Prepaid/gift/EBT card
7113,1,,3,151,single_method_pi,FALSE,FALSE,Credit card
7116,1,,3,305,single_method_pi,FALSE,FALSE,Credit card
7120,1,,1,1,single_method_pi,TRUE,TRUE,Cash
7121,1,,2,1200,single_method_pi,TRUE,TRUE,Check
7125,1,,4,50.75,single_method_pi,TRUE,TRUE,Debit card
7134,1,,3,27.42,single_method_pi,FALSE,FALSE,Credit card
7136,1,,3,21.91,single_method_pi,FALSE,FALSE,Credit card
7138,1,,1,2.73,single_method_pi,TRUE,TRUE,Cash
7139,1,,3,18.53,single_method_pi,FALSE,FALSE,Credit card
7142,1,,3,12.85,single_method_pi,FALSE,FALSE,Credit card
7145,1,,3,3,single_method_pi,FALSE,FALSE,Credit card
7148,1,,3,47.03,single_method_pi,FALSE,FALSE,Credit card
7149,1,,3,26.36,single_method_pi,FALSE,FALSE,Credit card
7151,1,,3,130.48,single_method_pi,FALSE,FALSE,Credit card
7155,1,,6,260,single_method_pi,FALSE,TRUE,Bank account number payment
7156,1,,6,2346,single_method_pi,FALSE,TRUE,Bank account number payment
7157,1,,4,18.72,single_method_pi,TRUE,TRUE,Debit card
7160,1,,4,35.56,single_method_pi,TRUE,TRUE,Debit card
7164,1,,4,5,single_method_pi,TRUE,TRUE,Debit card
7165,1,,4,21.58,single_method_pi,TRUE,TRUE,Debit card
7168,1,,4,276.72,single_method_pi,TRUE,TRUE,Debit card
7169,1,,4,10,single_method_pi,TRUE,TRUE,Debit card
7170,1,,4,2.25,single_method_pi,TRUE,TRUE,Debit card
7171,1,,4,1.25,single_method_pi,TRUE,TRUE,Debit card
7172,1,,4,13.83,single_method_pi,TRUE,TRUE,Debit card
7174,1,,2,19,single_method_pi,TRUE,TRUE,Check
7175,1,,2,50,single_method_pi,TRUE,TRUE,Check
7176,1,,1,2.89,single_method_pi,TRUE,TRUE,Cash
7178,1,,1,2.89,single_method_pi,TRUE,TRUE,Cash
7180,1,,4,46.09,single_method_pi,TRUE,TRUE,Debit card
7183,1,,4,51.27,single_method_pi,TRUE,TRUE,Debit card
7184,1,,4,7.84,single_method_pi,TRUE,TRUE,Debit card
7189,1,,4,79.15,single_method_pi,TRUE,TRUE,Debit card
7190,1,,2,120,single_method_pi,TRUE,TRUE,Check
7192,1,,1,15.5,single_method_pi,TRUE,TRUE,Cash
7193,1,,1,3,single_method_pi,TRUE,TRUE,Cash
7194,1,,1,6.44,single_method_pi,TRUE,TRUE,Cash
7195,1,,1,83,single_method_pi,TRUE,TRUE,Cash
7197,1,,1,6,single_method_pi,TRUE,TRUE,Cash
7198,1,,1,8.15,single_method_pi,TRUE,TRUE,Cash
7200,1,,2,100,single_method_pi,TRUE,TRUE,Check
7203,1,,1,0.96,single_method_pi,TRUE,TRUE,Cash
7210,1,,3,21,single_method_pi,FALSE,FALSE,Credit card
7213,1,,3,205,single_method_pi,FALSE,FALSE,Credit card
7216,1,,6,159.66,single_method_pi,FALSE,TRUE,Bank account number payment
7219,1,,1,4,single_method_pi,TRUE,TRUE,Cash
7221,1,,3,148.26,single_method_pi,FALSE,FALSE,Credit card
7222,1,,3,6.18,single_method_pi,FALSE,FALSE,Credit card
7223,1,,3,6.390000000000001,single_method_pi,FALSE,FALSE,Credit card
7230,1,,1,5.11,single_method_pi,TRUE,TRUE,Cash
7231,1,,4,5,single_method_pi,TRUE,TRUE,Debit card
7237,1,,1,11,single_method_pi,TRUE,TRUE,Cash
7240,1,,3,81.26,single_method_pi,FALSE,FALSE,Credit card
7246,1,,4,62.78,single_method_pi,TRUE,TRUE,Debit card
7247,1,,4,246.34,single_method_pi,TRUE,TRUE,Debit card
7249,1,,4,246,single_method_pi,TRUE,TRUE,Debit card
7252,1,,4,23.61,single_method_pi,TRUE,TRUE,Debit card
7256,1,,4,165.62,single_method_pi,TRUE,TRUE,Debit card
7261,1,,4,35.64,single_method_pi,TRUE,TRUE,Debit card
7262,1,,1,1,single_method_pi,TRUE,TRUE,Cash
7263,1,,2,10,single_method_pi,TRUE,TRUE,Check
7265,1,,1,1,single_method_pi,TRUE,TRUE,Cash
7276,1,,1,70.03,single_method_pi,TRUE,TRUE,Cash
7280,1,,2,20,single_method_pi,TRUE,TRUE,Check
7284,1,,4,215.28,single_method_pi,TRUE,TRUE,Debit card
7288,1,,6,150,single_method_pi,FALSE,TRUE,Bank account number payment
7289,1,,6,32.1,single_method_pi,FALSE,TRUE,Bank account number payment
7291,1,,4,11.09,single_method_pi,TRUE,TRUE,Debit card
7292,1,,1,33,single_method_pi,TRUE,TRUE,Cash
7295,1,,3,33.07,single_method_pi,FALSE,FALSE,Credit card
7297,1,,6,351.5,single_method_pi,FALSE,TRUE,Bank account number payment
7299,1,,3,27.81,single_method_pi,FALSE,FALSE,Credit card
7305,1,,2,45,single_method_pi,TRUE,TRUE,Check
7306,1,,1,3,single_method_pi,TRUE,TRUE,Cash
7309,1,,11,57,single_method_pi,FALSE,TRUE,Account-to-account transfer
7313,1,,1,2,single_method_pi,TRUE,TRUE,Cash
7314,1,,1,25.83,single_method_pi,TRUE,TRUE,Cash
7317,1,,3,75,single_method_pi,FALSE,FALSE,Credit card
7318,1,,2,250,single_method_pi,TRUE,TRUE,Check
7319,1,,3,33.54,single_method_pi,FALSE,FALSE,Credit card
7322,1,,3,29.85,single_method_pi,FALSE,FALSE,Credit card
7323,1,,3,8.35,single_method_pi,FALSE,FALSE,Credit card
7324,1,,3,14.35,single_method_pi,FALSE,FALSE,Credit card
7326,1,,3,17.240000000000002,single_method_pi,FALSE,FALSE,Credit card
7327,1,,3,58.22,single_method_pi,FALSE,FALSE,Credit card
7329,1,,3,26.44,single_method_pi,FALSE,FALSE,Credit card
7330,1,,3,74.45,single_method_pi,FALSE,FALSE,Credit card
7331,1,,3,5.46,single_method_pi,FALSE,FALSE,Credit card
7333,1,,1,3,single_method_pi,TRUE,TRUE,Cash
7335,1,,4,16,single_method_pi,TRUE,TRUE,Debit card
7346,1,,7,27,single_method_pi,FALSE,TRUE,Online banking bill payment
7347,1,,7,227,single_method_pi,FALSE,TRUE,Online banking bill payment
7350,1,,1,10,single_method_pi,TRUE,TRUE,Cash
7358,1,,1,10,single_method_pi,TRUE,TRUE,Cash
7364,1,,6,72,single_method_pi,FALSE,TRUE,Bank account number payment
7365,1,,6,272.54,single_method_pi,FALSE,TRUE,Bank account number payment
7370,1,,1,4.95,single_method_pi,TRUE,TRUE,Cash
7373,1,,3,137.1,single_method_pi,FALSE,FALSE,Credit card
7382,1,,1,5,single_method_pi,TRUE,TRUE,Cash
7385,1,,1,8,single_method_pi,TRUE,TRUE,Cash
7387,1,,1,7.52,single_method_pi,TRUE,TRUE,Cash
7388,1,,3,6.88,single_method_pi,FALSE,FALSE,Credit card
7391,1,,3,15.19,single_method_pi,FALSE,FALSE,Credit card
7392,1,,3,5.73,single_method_pi,FALSE,FALSE,Credit card
7401,1,,4,13.26,single_method_pi,TRUE,TRUE,Debit card
7402,1,,4,42.34,single_method_pi,TRUE,TRUE,Debit card
7403,1,,4,6.34,single_method_pi,TRUE,TRUE,Debit card
7405,1,,4,21.72,single_method_pi,TRUE,TRUE,Debit card
7409,1,,1,2,single_method_pi,TRUE,TRUE,Cash
7412,1,,13,2.16,single_method_pi,FALSE,FALSE,Other payment method
7420,1,,1,5.45,single_method_pi,TRUE,TRUE,Cash
7421,1,,1,6,single_method_pi,TRUE,TRUE,Cash
7422,1,,1,4.5,single_method_pi,TRUE,TRUE,Cash
7424,1,,1,10,single_method_pi,TRUE,TRUE,Cash
7425,1,,1,10,single_method_pi,TRUE,TRUE,Cash
7426,1,,4,60,single_method_pi,TRUE,TRUE,Debit card
7432,1,,1,86,single_method_pi,TRUE,TRUE,Cash
7435,1,,3,1.87,single_method_pi,FALSE,FALSE,Credit card
7437,1,,7,300.89,single_method_pi,FALSE,TRUE,Online banking bill payment
7439,1,,1,25,single_method_pi,TRUE,TRUE,Cash
7442,1,,4,8,single_method_pi,TRUE,TRUE,Debit card
7448,1,,4,70,single_method_pi,TRUE,TRUE,Debit card
7451,1,,4,2.15,single_method_pi,TRUE,TRUE,Debit card
7452,1,,4,10.72,single_method_pi,TRUE,TRUE,Debit card
7453,1,,4,33.53,single_method_pi,TRUE,TRUE,Debit card
7454,1,,4,18.61,single_method_pi,TRUE,TRUE,Debit card
7458,1,,3,8.64,single_method_pi,FALSE,FALSE,Credit card
7471,1,,4,4.58,single_method_pi,TRUE,TRUE,Debit card
7472,1,,3,9,single_method_pi,FALSE,FALSE,Credit card
7473,1,,4,1.45,single_method_pi,TRUE,TRUE,Debit card
7475,1,,3,4.63,single_method_pi,FALSE,FALSE,Credit card
7476,1,,4,1.66,single_method_pi,TRUE,TRUE,Debit card
7477,1,,6,445.62,single_method_pi,FALSE,TRUE,Bank account number payment
7478,1,,6,112.72,single_method_pi,FALSE,TRUE,Bank account number payment
7480,1,,4,24.38,single_method_pi,TRUE,TRUE,Debit card
7481,1,,4,17.990000000000002,single_method_pi,TRUE,TRUE,Debit card
7482,1,,4,28,single_method_pi,TRUE,TRUE,Debit card
7484,1,,4,4.63,single_method_pi,TRUE,TRUE,Debit card
7485,1,,4,42.81,single_method_pi,TRUE,TRUE,Debit card
7486,1,,4,12.62,single_method_pi,TRUE,TRUE,Debit card
7488,1,,1,8,single_method_pi,TRUE,TRUE,Cash
7489,1,,1,30,single_method_pi,TRUE,TRUE,Cash
7491,1,,4,17.97,single_method_pi,TRUE,TRUE,Debit card
7499,1,,4,100,single_method_pi,TRUE,TRUE,Debit card
7506,1,,2,65.04,single_method_pi,TRUE,TRUE,Check
7507,1,,1,5.4,single_method_pi,TRUE,TRUE,Cash
7523,1,,4,150,single_method_pi,TRUE,TRUE,Debit card
7525,1,,3,111.52,single_method_pi,FALSE,FALSE,Credit card
7527,1,,2,494,single_method_pi,TRUE,TRUE,Check
7528,1,,3,739.38,single_method_pi,FALSE,FALSE,Credit card
7532,1,,3,21,single_method_pi,FALSE,FALSE,Credit card
7534,1,,4,3.63,single_method_pi,TRUE,TRUE,Debit card
7535,1,,4,8.51,single_method_pi,TRUE,TRUE,Debit card
7538,1,,7,30.48,single_method_pi,FALSE,TRUE,Online banking bill payment
7540,1,,1,1.25,single_method_pi,TRUE,TRUE,Cash
7545,1,,1,1.25,single_method_pi,TRUE,TRUE,Cash
7546,1,,1,1.25,single_method_pi,TRUE,TRUE,Cash
7553,1,,1,4.19,single_method_pi,TRUE,TRUE,Cash
7559,1,,4,10.15,single_method_pi,TRUE,TRUE,Debit card
7560,1,,4,60,single_method_pi,TRUE,TRUE,Debit card
7561,1,,1,3,single_method_pi,TRUE,TRUE,Cash
7562,1,,4,12,single_method_pi,TRUE,TRUE,Debit card
7563,1,,7,1684,single_method_pi,FALSE,TRUE,Online banking bill payment
7565,1,,3,39,single_method_pi,FALSE,FALSE,Credit card
7566,1,,3,32,single_method_pi,FALSE,FALSE,Credit card
7567,1,,3,75.5,single_method_pi,FALSE,FALSE,Credit card
7569,1,,4,90,single_method_pi,TRUE,TRUE,Debit card
7574,1,,1,60,single_method_pi,TRUE,TRUE,Cash
7576,1,,4,22.5,single_method_pi,TRUE,TRUE,Debit card
7577,1,,13,7,single_method_pi,FALSE,FALSE,Other payment method
7580,1,,4,58,single_method_pi,TRUE,TRUE,Debit card
7582,1,,1,3,single_method_pi,TRUE,TRUE,Cash
7583,1,,13,7,single_method_pi,FALSE,FALSE,Other payment method
7585,1,,1,5,single_method_pi,TRUE,TRUE,Cash
7586,1,,1,12,single_method_pi,TRUE,TRUE,Cash
7587,1,,3,20,single_method_pi,FALSE,FALSE,Credit card
7589,1,,4,50,single_method_pi,TRUE,TRUE,Debit card
7590,1,,1,10,single_method_pi,TRUE,TRUE,Cash
7591,1,,4,60,single_method_pi,TRUE,TRUE,Debit card
7605,1,,3,126.97,single_method_pi,FALSE,FALSE,Credit card
7610,1,,1,5.2700000000000005,single_method_pi,TRUE,TRUE,Cash
7611,1,,1,12,single_method_pi,TRUE,TRUE,Cash
7612,1,,3,53,single_method_pi,FALSE,FALSE,Credit card
7614,1,,3,114,single_method_pi,FALSE,FALSE,Credit card
7615,1,,3,238.71,single_method_pi,FALSE,FALSE,Credit card
7618,1,,3,94.16,single_method_pi,FALSE,FALSE,Credit card
7619,1,,3,114.81,single_method_pi,FALSE,FALSE,Credit card
7620,1,,3,23.74,single_method_pi,FALSE,FALSE,Credit card
7621,1,,3,94.16,single_method_pi,FALSE,FALSE,Credit card
7622,1,,3,40.15,single_method_pi,FALSE,FALSE,Credit card
7623,1,,2,26,single_method_pi,TRUE,TRUE,Check
7625,1,,2,26,single_method_pi,TRUE,TRUE,Check
7626,1,,2,25,single_method_pi,TRUE,TRUE,Check
7627,1,,3,10.12,single_method_pi,FALSE,FALSE,Credit card
7628,1,,7,1630.06,single_method_pi,FALSE,TRUE,Online banking bill payment
7636,1,,4,16.32,single_method_pi,TRUE,TRUE,Debit card
7639,1,,4,12.41,single_method_pi,TRUE,TRUE,Debit card
7642,1,,1,3.75,single_method_pi,TRUE,TRUE,Cash
7643,1,,1,3.75,single_method_pi,TRUE,TRUE,Cash
7644,1,,4,16.23,single_method_pi,TRUE,TRUE,Debit card
7645,1,,3,11.84,single_method_pi,FALSE,FALSE,Credit card
7646,1,,3,13.9,single_method_pi,FALSE,FALSE,Credit card
7647,1,,1,10,single_method_pi,TRUE,TRUE,Cash
7648,1,,3,97,single_method_pi,FALSE,FALSE,Credit card
7653,1,,3,77.92,single_method_pi,FALSE,FALSE,Credit card
7656,1,,3,84.18,single_method_pi,FALSE,FALSE,Credit card
7659,1,,4,35.99,single_method_pi,TRUE,TRUE,Debit card
7662,1,,4,8.78,single_method_pi,TRUE,TRUE,Debit card
7664,1,,3,38.18,single_method_pi,FALSE,FALSE,Credit card
7666,1,,3,29,single_method_pi,FALSE,FALSE,Credit card
7667,1,,3,2,single_method_pi,FALSE,FALSE,Credit card
7670,1,,3,13.63,single_method_pi,FALSE,FALSE,Credit card
7673,1,,3,8.61,single_method_pi,FALSE,FALSE,Credit card
7674,1,,3,32.18,single_method_pi,FALSE,FALSE,Credit card
7675,1,,3,4,single_method_pi,FALSE,FALSE,Credit card
7676,1,,3,2.23,single_method_pi,FALSE,FALSE,Credit card
7680,1,,1,2,single_method_pi,TRUE,TRUE,Cash
7691,1,,4,15.55,single_method_pi,TRUE,TRUE,Debit card
7692,1,,1,32.44,single_method_pi,TRUE,TRUE,Cash
7694,1,,1,6,single_method_pi,TRUE,TRUE,Cash
7695,1,,2,134.58,single_method_pi,TRUE,TRUE,Check
7697,1,,4,5.04,single_method_pi,TRUE,TRUE,Debit card
7699,1,,4,9,single_method_pi,TRUE,TRUE,Debit card
7700,1,,4,41.84,single_method_pi,TRUE,TRUE,Debit card
7702,1,,4,30.26,single_method_pi,TRUE,TRUE,Debit card
7703,1,,4,125,single_method_pi,TRUE,TRUE,Debit card
7704,1,,4,6.95,single_method_pi,TRUE,TRUE,Debit card
7706,1,,4,20,single_method_pi,TRUE,TRUE,Debit card
7708,1,,4,6.41,single_method_pi,TRUE,TRUE,Debit card
7709,1,,4,14.45,single_method_pi,TRUE,TRUE,Debit card
7710,1,,4,17.17,single_method_pi,TRUE,TRUE,Debit card
7712,1,,1,50,single_method_pi,TRUE,TRUE,Cash
7714,1,,1,18,single_method_pi,TRUE,TRUE,Cash
7715,1,,1,30,single_method_pi,TRUE,TRUE,Cash
7717,1,,14,150,single_method_pi,FALSE,FALSE,Deduction from income
7718,1,,1,200,single_method_pi,TRUE,TRUE,Cash
7729,1,,4,29.56,single_method_pi,TRUE,TRUE,Debit card
7730,1,,4,152.67000000000002,single_method_pi,TRUE,TRUE,Debit card
7731,1,,6,147,single_method_pi,FALSE,TRUE,Bank account number payment
7732,1,,3,210,single_method_pi,FALSE,FALSE,Credit card
7734,1,,3,105.82,single_method_pi,FALSE,FALSE,Credit card
7741,1,,4,56.38,single_method_pi,TRUE,TRUE,Debit card
7742,1,,4,13.34,single_method_pi,TRUE,TRUE,Debit card
7744,1,,4,128.43,single_method_pi,TRUE,TRUE,Debit card
7746,1,,6,44.86,single_method_pi,FALSE,TRUE,Bank account number payment
7747,1,,4,26.84,single_method_pi,TRUE,TRUE,Debit card
7749,1,,1,9.75,single_method_pi,TRUE,TRUE,Cash
7750,1,,6,123.69,single_method_pi,FALSE,TRUE,Bank account number payment
7753,1,,1,7.23,single_method_pi,TRUE,TRUE,Cash
7754,1,,2,200,single_method_pi,TRUE,TRUE,Check
7755,1,,1,14.23,single_method_pi,TRUE,TRUE,Cash
7756,1,,3,75,single_method_pi,FALSE,FALSE,Credit card
7757,1,,3,30,single_method_pi,FALSE,FALSE,Credit card
7758,1,,1,42,single_method_pi,TRUE,TRUE,Cash
7759,1,,1,58,single_method_pi,TRUE,TRUE,Cash
7760,1,,1,10,single_method_pi,TRUE,TRUE,Cash
7772,1,,1,1.84,single_method_pi,TRUE,TRUE,Cash
7776,1,,1,5.17,single_method_pi,TRUE,TRUE,Cash
7777,1,,1,2,single_method_pi,TRUE,TRUE,Cash
7779,1,,1,4.98,single_method_pi,TRUE,TRUE,Cash
7781,1,,1,5,single_method_pi,TRUE,TRUE,Cash
7785,1,,1,3,single_method_pi,TRUE,TRUE,Cash
7787,1,,1,80,single_method_pi,TRUE,TRUE,Cash
7788,1,,1,150,single_method_pi,TRUE,TRUE,Cash
7790,1,,1,150,single_method_pi,TRUE,TRUE,Cash
7795,1,,1,3.23,single_method_pi,TRUE,TRUE,Cash
7797,1,,1,10.11,single_method_pi,TRUE,TRUE,Cash
7801,1,,1,10,single_method_pi,TRUE,TRUE,Cash
7806,1,,4,90,single_method_pi,TRUE,TRUE,Debit card
7810,1,,1,10,single_method_pi,TRUE,TRUE,Cash
7815,1,,1,15,single_method_pi,TRUE,TRUE,Cash
7817,1,,4,55,single_method_pi,TRUE,TRUE,Debit card
7825,1,,3,8.47,single_method_pi,FALSE,FALSE,Credit card
7826,1,,3,20.27,single_method_pi,FALSE,FALSE,Credit card
7829,1,,1,20,single_method_pi,TRUE,TRUE,Cash
7832,1,,1,47,single_method_pi,TRUE,TRUE,Cash
7835,1,,6,141.88,single_method_pi,FALSE,TRUE,Bank account number payment
7837,1,,5,1.69,single_method_pi,FALSE,FALSE,Prepaid/gift/EBT card
7839,1,,3,2.98,single_method_pi,FALSE,FALSE,Credit card
7840,1,,3,205.7,single_method_pi,FALSE,FALSE,Credit card
7851,1,,5,4.54,single_method_pi,FALSE,FALSE,Prepaid/gift/EBT card
7853,1,,3,82.39,single_method_pi,FALSE,FALSE,Credit card
7854,1,,1,8,single_method_pi,TRUE,TRUE,Cash
7858,1,,3,91.15,single_method_pi,FALSE,FALSE,Credit card
7859,1,,1,2,single_method_pi,TRUE,TRUE,Cash
7861,1,,1,1,single_method_pi,TRUE,TRUE,Cash
7863,1,,6,24.66,single_method_pi,FALSE,TRUE,Bank account number payment
7864,1,,1,3.25,single_method_pi,TRUE,TRUE,Cash
7867,1,,1,8.88,single_method_pi,TRUE,TRUE,Cash
7868,1,,4,17,single_method_pi,TRUE,TRUE,Debit card
7869,1,,4,11.56,single_method_pi,TRUE,TRUE,Debit card
7872,1,,3,50.33,single_method_pi,FALSE,FALSE,Credit card
7873,1,,3,195.78,single_method_pi,FALSE,FALSE,Credit card
7874,1,,1,11.25,single_method_pi,TRUE,TRUE,Cash
7875,1,,3,37.65,single_method_pi,FALSE,FALSE,Credit card
7876,1,,3,63.9,single_method_pi,FALSE,FALSE,Credit card
7881,1,,3,6.87,single_method_pi,FALSE,FALSE,Credit card
7882,1,,3,34.67,single_method_pi,FALSE,FALSE,Credit card
7884,1,,6,325,single_method_pi,FALSE,TRUE,Bank account number payment
7886,1,,3,11.6,single_method_pi,FALSE,FALSE,Credit card
7888,1,,3,47.62,single_method_pi,FALSE,FALSE,Credit card
7892,1,,4,81.16,single_method_pi,TRUE,TRUE,Debit card
7894,1,,1,35.08,single_method_pi,TRUE,TRUE,Cash
7895,1,,1,21.77,single_method_pi,TRUE,TRUE,Cash
7897,1,,6,1300,single_method_pi,FALSE,TRUE,Bank account number payment
7902,1,,4,29.46,single_method_pi,TRUE,TRUE,Debit card
7904,1,,4,3.8,single_method_pi,TRUE,TRUE,Debit card
7906,1,,4,4.61,single_method_pi,TRUE,TRUE,Debit card
7913,1,,2,405,single_method_pi,TRUE,TRUE,Check
7917,1,,4,144.9,single_method_pi,TRUE,TRUE,Debit card
7926,1,,2,1076,single_method_pi,TRUE,TRUE,Check
7927,1,,2,1076,single_method_pi,TRUE,TRUE,Check
7931,1,,3,69,single_method_pi,FALSE,FALSE,Credit card
7933,1,,11,117.68,single_method_pi,FALSE,TRUE,Account-to-account transfer
7938,1,,3,46.65,single_method_pi,FALSE,FALSE,Credit card
7939,1,,1,36,single_method_pi,TRUE,TRUE,Cash
7941,1,,3,144.69,single_method_pi,FALSE,FALSE,Credit card
7947,1,,3,1.57,single_method_pi,FALSE,FALSE,Credit card
7952,1,,7,80.86,single_method_pi,FALSE,TRUE,Online banking bill payment
7954,1,,2,135.21,single_method_pi,TRUE,TRUE,Check
7955,1,,4,69.54,single_method_pi,TRUE,TRUE,Debit card
7958,1,,4,20,single_method_pi,TRUE,TRUE,Debit card
7960,1,,4,19.56,single_method_pi,TRUE,TRUE,Debit card
7961,1,,4,61.95,single_method_pi,TRUE,TRUE,Debit card
7962,1,,4,9.23,single_method_pi,TRUE,TRUE,Debit card
7964,1,,1,2,single_method_pi,TRUE,TRUE,Cash
7966,1,,4,3.91,single_method_pi,TRUE,TRUE,Debit card
7967,1,,4,53.8,single_method_pi,TRUE,TRUE,Debit card
7969,1,,4,7.32,single_method_pi,TRUE,TRUE,Debit card
7971,1,,7,83.94,single_method_pi,FALSE,TRUE,Online banking bill payment
7972,1,,2,84.78,single_method_pi,TRUE,TRUE,Check
7974,1,,2,9.69,single_method_pi,TRUE,TRUE,Check
7976,1,,7,83.94,single_method_pi,FALSE,TRUE,Online banking bill payment
7977,1,,2,84.78,single_method_pi,TRUE,TRUE,Check
7979,1,,7,278.32,single_method_pi,FALSE,TRUE,Online banking bill payment
7980,1,,4,31.23,single_method_pi,TRUE,TRUE,Debit card
7987,1,,4,68,single_method_pi,TRUE,TRUE,Debit card
7988,1,,4,45,single_method_pi,TRUE,TRUE,Debit card
7989,1,,1,20,single_method_pi,TRUE,TRUE,Cash
8006,1,,3,35,single_method_pi,FALSE,FALSE,Credit card
8007,1,,4,8.86,single_method_pi,TRUE,TRUE,Debit card
8011,1,,2,231,single_method_pi,TRUE,TRUE,Check
8013,1,,4,9.12,single_method_pi,TRUE,TRUE,Debit card
8014,1,,4,41.47,single_method_pi,TRUE,TRUE,Debit card
8015,1,,1,9.65,single_method_pi,TRUE,TRUE,Cash
8017,1,,4,22.72,single_method_pi,TRUE,TRUE,Debit card
8019,1,,6,5.3,single_method_pi,FALSE,TRUE,Bank account number payment
8021,1,,1,1.19,single_method_pi,TRUE,TRUE,Cash
8026,1,,3,22.9,single_method_pi,FALSE,FALSE,Credit card
8027,1,,1,4.99,single_method_pi,TRUE,TRUE,Cash
8028,1,,3,15,single_method_pi,FALSE,FALSE,Credit card
8030,1,,4,100,single_method_pi,TRUE,TRUE,Debit card
8038,1,,2,20,single_method_pi,TRUE,TRUE,Check
8040,1,,4,13,single_method_pi,TRUE,TRUE,Debit card
8042,1,,1,10.97,single_method_pi,TRUE,TRUE,Cash
8044,1,,1,1.1,single_method_pi,TRUE,TRUE,Cash
8045,1,,5,2.18,single_method_pi,FALSE,FALSE,Prepaid/gift/EBT card
8047,1,,3,50,single_method_pi,FALSE,FALSE,Credit card
8049,1,,4,2,single_method_pi,TRUE,TRUE,Debit card
8051,1,,4,1.5,single_method_pi,TRUE,TRUE,Debit card
8056,1,,4,19.16,single_method_pi,TRUE,TRUE,Debit card
8058,1,,7,257,single_method_pi,FALSE,TRUE,Online banking bill payment
8059,1,,4,124.23,single_method_pi,TRUE,TRUE,Debit card
8060,1,,7,79,single_method_pi,FALSE,TRUE,Online banking bill payment
8066,1,,3,25,single_method_pi,FALSE,FALSE,Credit card
8068,1,,14,128.65,single_method_pi,FALSE,FALSE,Deduction from income
8069,1,,4,13,single_method_pi,TRUE,TRUE,Debit card
8072,1,,4,60.57,single_method_pi,TRUE,TRUE,Debit card
8073,1,,14,674,single_method_pi,FALSE,FALSE,Deduction from income
8079,1,,5,10.36,single_method_pi,FALSE,FALSE,Prepaid/gift/EBT card
8082,1,,5,1.92,single_method_pi,FALSE,FALSE,Prepaid/gift/EBT card
8086,1,,5,136,single_method_pi,FALSE,FALSE,Prepaid/gift/EBT card
8090,1,,5,10.36,single_method_pi,FALSE,FALSE,Prepaid/gift/EBT card
8092,1,,6,18,single_method_pi,FALSE,TRUE,Bank account number payment
8094,1,,6,18,single_method_pi,FALSE,TRUE,Bank account number payment
8095,1,,4,18,single_method_pi,TRUE,TRUE,Debit card
8096,1,,1,16,single_method_pi,TRUE,TRUE,Cash
8098,1,,1,2,single_method_pi,TRUE,TRUE,Cash
8099,1,,6,300,single_method_pi,FALSE,TRUE,Bank account number payment
8105,1,,4,74,single_method_pi,TRUE,TRUE,Debit card
8106,1,,3,20.86,single_method_pi,FALSE,FALSE,Credit card
8108,1,,3,57.42,single_method_pi,FALSE,FALSE,Credit card
8112,1,,3,69.99,single_method_pi,FALSE,FALSE,Credit card
8113,1,,3,137.26,single_method_pi,FALSE,FALSE,Credit card
8114,1,,7,335,single_method_pi,FALSE,TRUE,Online banking bill payment
8116,1,,3,70.36,single_method_pi,FALSE,FALSE,Credit card
8117,1,,3,9.53,single_method_pi,FALSE,FALSE,Credit card
8120,1,,1,4.3,single_method_pi,TRUE,TRUE,Cash
8121,1,,2,3186,single_method_pi,TRUE,TRUE,Check
8129,1,,6,1180.74,single_method_pi,FALSE,TRUE,Bank account number payment
8131,1,,3,33.18,single_method_pi,FALSE,FALSE,Credit card
8133,1,,6,1180.74,single_method_pi,FALSE,TRUE,Bank account number payment
8135,1,,7,121.75,single_method_pi,FALSE,TRUE,Online banking bill payment
8136,1,,7,236.76,single_method_pi,FALSE,TRUE,Online banking bill payment
8138,1,,7,41.18,single_method_pi,FALSE,TRUE,Online banking bill payment
8143,1,,1,44,single_method_pi,TRUE,TRUE,Cash
8145,1,,3,3.5,single_method_pi,FALSE,FALSE,Credit card
8146,1,,4,159.73,single_method_pi,TRUE,TRUE,Debit card
8147,1,,4,30.9,single_method_pi,TRUE,TRUE,Debit card
8148,1,,3,17.8,single_method_pi,FALSE,FALSE,Credit card
8155,1,,4,40,single_method_pi,TRUE,TRUE,Debit card
8156,1,,4,40,single_method_pi,TRUE,TRUE,Debit card
8158,1,,2,50,single_method_pi,TRUE,TRUE,Check
8159,1,,2,18,single_method_pi,TRUE,TRUE,Check
8161,1,,2,500,single_method_pi,TRUE,TRUE,Check
8162,1,,2,111,single_method_pi,TRUE,TRUE,Check
8163,1,,6,59,single_method_pi,FALSE,TRUE,Bank account number payment
8164,1,,2,100,single_method_pi,TRUE,TRUE,Check
8165,1,,1,2.88,single_method_pi,TRUE,TRUE,Cash
8169,1,,2,45.36,single_method_pi,TRUE,TRUE,Check
8173,1,,3,31.65,single_method_pi,FALSE,FALSE,Credit card
8175,1,,1,24.6,single_method_pi,TRUE,TRUE,Cash
8176,1,,3,23.6,single_method_pi,FALSE,FALSE,Credit card
8177,1,,3,130.7,single_method_pi,FALSE,FALSE,Credit card
8178,1,,1,10.89,single_method_pi,TRUE,TRUE,Cash
8179,1,,1,18.82,single_method_pi,TRUE,TRUE,Cash
8184,1,,2,254,single_method_pi,TRUE,TRUE,Check
8185,1,,3,250,single_method_pi,FALSE,FALSE,Credit card
8190,1,,1,4.96,single_method_pi,TRUE,TRUE,Cash
8194,1,,3,9,single_method_pi,FALSE,FALSE,Credit card
8195,1,,1,5,single_method_pi,TRUE,TRUE,Cash
8196,1,,3,61.92,single_method_pi,FALSE,FALSE,Credit card
8197,1,,3,10.52,single_method_pi,FALSE,FALSE,Credit card
8198,1,,3,9.78,single_method_pi,FALSE,FALSE,Credit card
8201,1,,3,10.46,single_method_pi,FALSE,FALSE,Credit card
8202,1,,1,4.8,single_method_pi,TRUE,TRUE,Cash
8204,1,,3,15.8,single_method_pi,FALSE,FALSE,Credit card
8206,1,,3,29.38,single_method_pi,FALSE,FALSE,Credit card
8209,1,,3,8.67,single_method_pi,FALSE,FALSE,Credit card
8210,1,,3,9.15,single_method_pi,FALSE,FALSE,Credit card
8213,1,,6,1325,single_method_pi,FALSE,TRUE,Bank account number payment
8215,1,,3,3.58,single_method_pi,FALSE,FALSE,Credit card
8218,1,,6,550,single_method_pi,FALSE,TRUE,Bank account number payment
8219,1,,4,5.61,single_method_pi,TRUE,TRUE,Debit card
8223,1,,6,538,single_method_pi,FALSE,TRUE,Bank account number payment
8224,1,,7,50,single_method_pi,FALSE,TRUE,Online banking bill payment
8226,1,,14,10.05,single_method_pi,FALSE,FALSE,Deduction from income
8228,1,,6,684.03,single_method_pi,FALSE,TRUE,Bank account number payment
8231,1,,6,213.66,single_method_pi,FALSE,TRUE,Bank account number payment
8236,1,,3,7.12,single_method_pi,FALSE,FALSE,Credit card
8240,1,,1,57.870000000000005,single_method_pi,TRUE,TRUE,Cash
8245,1,,1,10,single_method_pi,TRUE,TRUE,Cash
8246,1,,1,48,single_method_pi,TRUE,TRUE,Cash
8248,1,,3,25,single_method_pi,FALSE,FALSE,Credit card
8250,1,,2,26,single_method_pi,TRUE,TRUE,Check
8251,1,,3,10,single_method_pi,FALSE,FALSE,Credit card
8252,1,,1,3.69,single_method_pi,TRUE,TRUE,Cash
8253,1,,4,127.12,single_method_pi,TRUE,TRUE,Debit card
8255,1,,2,10,single_method_pi,TRUE,TRUE,Check
8258,1,,3,68.57000000000001,single_method_pi,FALSE,FALSE,Credit card
8261,1,,4,78.55,single_method_pi,TRUE,TRUE,Debit card
8262,1,,4,41.12,single_method_pi,TRUE,TRUE,Debit card
8265,1,,2,30,single_method_pi,TRUE,TRUE,Check
8266,1,,2,60,single_method_pi,TRUE,TRUE,Check
8267,1,,1,10,single_method_pi,TRUE,TRUE,Cash
8268,1,,1,10.25,single_method_pi,TRUE,TRUE,Cash
8272,1,,1,22.62,single_method_pi,TRUE,TRUE,Cash
8275,1,,2,27.5,single_method_pi,TRUE,TRUE,Check
8277,1,,6,39.5,single_method_pi,FALSE,TRUE,Bank account number payment
8282,1,,1,22,single_method_pi,TRUE,TRUE,Cash
8286,1,,3,29.05,single_method_pi,FALSE,FALSE,Credit card
8287,1,,3,11.7,single_method_pi,FALSE,FALSE,Credit card
8289,1,,3,30.68,single_method_pi,FALSE,FALSE,Credit card
8292,1,,2,50.45,single_method_pi,TRUE,TRUE,Check
8293,1,,1,1,single_method_pi,TRUE,TRUE,Cash
8296,1,,1,10,single_method_pi,TRUE,TRUE,Cash
8298,1,,13,5,single_method_pi,FALSE,FALSE,Other payment method
8303,1,,3,54.43,single_method_pi,FALSE,FALSE,Credit card
8304,1,,4,2.19,single_method_pi,TRUE,TRUE,Debit card
8305,1,,4,11.87,single_method_pi,TRUE,TRUE,Debit card
8307,1,,4,7.53,single_method_pi,TRUE,TRUE,Debit card
8309,1,,4,5.18,single_method_pi,TRUE,TRUE,Debit card
8311,1,,4,186.48,single_method_pi,TRUE,TRUE,Debit card
8313,1,,1,8.31,single_method_pi,TRUE,TRUE,Cash
8314,1,,11,800,single_method_pi,FALSE,TRUE,Account-to-account transfer
8315,1,,7,137.24,single_method_pi,FALSE,TRUE,Online banking bill payment
8316,1,,7,800,single_method_pi,FALSE,TRUE,Online banking bill payment
8326,1,,4,19.45,single_method_pi,TRUE,TRUE,Debit card
8327,1,,4,2.68,single_method_pi,TRUE,TRUE,Debit card
8328,1,,1,4.0600000000000005,single_method_pi,TRUE,TRUE,Cash
8333,1,,4,45.02,single_method_pi,TRUE,TRUE,Debit card
8342,1,,4,37.74,single_method_pi,TRUE,TRUE,Debit card
8344,1,,6,23.13,single_method_pi,FALSE,TRUE,Bank account number payment
8345,1,,6,8.76,single_method_pi,FALSE,TRUE,Bank account number payment
8346,1,,7,6.41,single_method_pi,FALSE,TRUE,Online banking bill payment
8348,1,,2,240,single_method_pi,TRUE,TRUE,Check
8356,1,,3,5.4,single_method_pi,FALSE,FALSE,Credit card
8357,1,,3,4.24,single_method_pi,FALSE,FALSE,Credit card
8362,1,,6,136.54,single_method_pi,FALSE,TRUE,Bank account number payment
8366,1,,3,51.7,single_method_pi,FALSE,FALSE,Credit card
8368,1,,3,127.62,single_method_pi,FALSE,FALSE,Credit card
8369,1,,2,25,single_method_pi,TRUE,TRUE,Check
8370,1,,3,15.59,single_method_pi,FALSE,FALSE,Credit card
8371,1,,3,50.9,single_method_pi,FALSE,FALSE,Credit card
8373,1,,3,9.66,single_method_pi,FALSE,FALSE,Credit card
8374,1,,3,10.19,single_method_pi,FALSE,FALSE,Credit card
8376,1,,1,11,single_method_pi,TRUE,TRUE,Cash
8377,1,,1,10,single_method_pi,TRUE,TRUE,Cash
8379,1,,1,10.7,single_method_pi,TRUE,TRUE,Cash
8380,1,,1,1.9,single_method_pi,TRUE,TRUE,Cash
8381,1,,1,3.19,single_method_pi,TRUE,TRUE,Cash
8382,1,,1,12,single_method_pi,TRUE,TRUE,Cash
8384,1,,4,78,single_method_pi,TRUE,TRUE,Debit card
8385,1,,4,99,single_method_pi,TRUE,TRUE,Debit card
8387,1,,1,7.71,single_method_pi,TRUE,TRUE,Cash
8388,1,,1,8.58,single_method_pi,TRUE,TRUE,Cash
8391,1,,2,65,single_method_pi,TRUE,TRUE,Check
8392,1,,1,17.5,single_method_pi,TRUE,TRUE,Cash
8393,1,,1,35.5,single_method_pi,TRUE,TRUE,Cash
8394,1,,1,35,single_method_pi,TRUE,TRUE,Cash
8395,1,,1,7.13,single_method_pi,TRUE,TRUE,Cash
8396,1,,1,2,single_method_pi,TRUE,TRUE,Cash
8397,1,,1,18.36,single_method_pi,TRUE,TRUE,Cash
8399,1,,1,12.19,single_method_pi,TRUE,TRUE,Cash
8402,1,,1,15.8,single_method_pi,TRUE,TRUE,Cash
8407,1,,4,263,single_method_pi,TRUE,TRUE,Debit card
8408,1,,4,20,single_method_pi,TRUE,TRUE,Debit card
8412,1,,4,9,single_method_pi,TRUE,TRUE,Debit card
8416,1,,4,34,single_method_pi,TRUE,TRUE,Debit card
8425,1,,4,148.47,single_method_pi,TRUE,TRUE,Debit card
8426,1,,4,199.68,single_method_pi,TRUE,TRUE,Debit card
8434,1,,1,7.42,single_method_pi,TRUE,TRUE,Cash
8440,1,,3,11,single_method_pi,FALSE,FALSE,Credit card
8443,1,,4,33.34,single_method_pi,TRUE,TRUE,Debit card
8444,1,,1,4.99,single_method_pi,TRUE,TRUE,Cash
8445,1,,6,194.98,single_method_pi,FALSE,TRUE,Bank account number payment
8449,1,,1,15,single_method_pi,TRUE,TRUE,Cash
8450,1,,1,23,single_method_pi,TRUE,TRUE,Cash
8451,1,,1,13,single_method_pi,TRUE,TRUE,Cash
8453,1,,1,12.86,single_method_pi,TRUE,TRUE,Cash
8459,1,,7,88.86,single_method_pi,FALSE,TRUE,Online banking bill payment
8465,1,,3,2,single_method_pi,FALSE,FALSE,Credit card
8466,1,,3,2.14,single_method_pi,FALSE,FALSE,Credit card
8467,1,,3,8,single_method_pi,FALSE,FALSE,Credit card
8468,1,,1,1,single_method_pi,TRUE,TRUE,Cash
8470,1,,3,9.19,single_method_pi,FALSE,FALSE,Credit card
8471,1,,3,61.8,single_method_pi,FALSE,FALSE,Credit card
8473,1,,6,120,single_method_pi,FALSE,TRUE,Bank account number payment
8474,1,,1,20,single_method_pi,TRUE,TRUE,Cash
8477,1,,2,100.27,single_method_pi,TRUE,TRUE,Check
8481,1,,4,13.56,single_method_pi,TRUE,TRUE,Debit card
8482,1,,4,10.4,single_method_pi,TRUE,TRUE,Debit card
8483,1,,1,17,single_method_pi,TRUE,TRUE,Cash
8487,1,,7,2295,single_method_pi,FALSE,TRUE,Online banking bill payment
8489,1,,1,4.5,single_method_pi,TRUE,TRUE,Cash
8491,1,,1,8,single_method_pi,TRUE,TRUE,Cash
8494,1,,1,1.25,single_method_pi,TRUE,TRUE,Cash
8497,1,,4,10.72,single_method_pi,TRUE,TRUE,Debit card
8499,1,,5,31.3,single_method_pi,FALSE,FALSE,Prepaid/gift/EBT card
8514,1,,2,56,single_method_pi,TRUE,TRUE,Check
8515,1,,2,57.1,single_method_pi,TRUE,TRUE,Check
8522,1,,3,34.730000000000004,single_method_pi,FALSE,FALSE,Credit card
8525,1,,4,8,single_method_pi,TRUE,TRUE,Debit card
8527,1,,4,8.42,single_method_pi,TRUE,TRUE,Debit card
8534,1,,1,3,single_method_pi,TRUE,TRUE,Cash
8540,1,,1,3.7,single_method_pi,TRUE,TRUE,Cash
8545,1,,1,5.7700000000000005,single_method_pi,TRUE,TRUE,Cash
8546,1,,1,1.73,single_method_pi,TRUE,TRUE,Cash
8547,1,,6,632.8100000000001,single_method_pi,FALSE,TRUE,Bank account number payment
8552,1,,4,153.25,single_method_pi,TRUE,TRUE,Debit card
8553,1,,4,163.53,single_method_pi,TRUE,TRUE,Debit card
8566,1,,4,32.29,single_method_pi,TRUE,TRUE,Debit card
8576,1,,3,39.44,single_method_pi,FALSE,FALSE,Credit card
8580,1,,3,14.83,single_method_pi,FALSE,FALSE,Credit card
8588,1,,2,85.03,single_method_pi,TRUE,TRUE,Check
8593,1,,3,31.59,single_method_pi,FALSE,FALSE,Credit card
8595,1,,1,10,single_method_pi,TRUE,TRUE,Cash
8604,1,,1,3.58,single_method_pi,TRUE,TRUE,Cash
8609,1,,4,140,single_method_pi,TRUE,TRUE,Debit card
8610,1,,4,66,single_method_pi,TRUE,TRUE,Debit card
8612,1,,3,4.66,single_method_pi,FALSE,FALSE,Credit card
8613,1,,3,39.44,single_method_pi,FALSE,FALSE,Credit card
8614,1,,3,31.52,single_method_pi,FALSE,FALSE,Credit card
8615,1,,2,118.35,single_method_pi,TRUE,TRUE,Check
8617,1,,1,2.44,single_method_pi,TRUE,TRUE,Cash
8618,1,,1,5,single_method_pi,TRUE,TRUE,Cash
8621,1,,7,121.98,single_method_pi,FALSE,TRUE,Online banking bill payment
8623,1,,4,18.48,single_method_pi,TRUE,TRUE,Debit card
8626,1,,1,8,single_method_pi,TRUE,TRUE,Cash
8628,1,,1,6.59,single_method_pi,TRUE,TRUE,Cash
8630,1,,1,4.59,single_method_pi,TRUE,TRUE,Cash
8631,1,,1,2,single_method_pi,TRUE,TRUE,Cash
8634,1,,1,11.5,single_method_pi,TRUE,TRUE,Cash
8635,1,,6,110,single_method_pi,FALSE,TRUE,Bank account number payment
8637,1,,1,4.38,single_method_pi,TRUE,TRUE,Cash
8639,1,,1,17.23,single_method_pi,TRUE,TRUE,Cash
8642,1,,3,25.43,single_method_pi,FALSE,FALSE,Credit card
8643,1,,11,340,single_method_pi,FALSE,TRUE,Account-to-account transfer
8645,1,,11,81,single_method_pi,FALSE,TRUE,Account-to-account transfer
8646,1,,1,9,single_method_pi,TRUE,TRUE,Cash
8647,1,,1,13,single_method_pi,TRUE,TRUE,Cash
8651,1,,1,5,single_method_pi,TRUE,TRUE,Cash
8652,1,,1,10,single_method_pi,TRUE,TRUE,Cash
8653,1,,1,35,single_method_pi,TRUE,TRUE,Cash
8655,1,,1,15,single_method_pi,TRUE,TRUE,Cash
8656,1,,3,54.63,single_method_pi,FALSE,FALSE,Credit card
8657,1,,1,6.97,single_method_pi,TRUE,TRUE,Cash
8660,1,,11,802.08,single_method_pi,FALSE,TRUE,Account-to-account transfer
8663,1,,11,802,single_method_pi,FALSE,TRUE,Account-to-account transfer
8664,1,,4,7.72,single_method_pi,TRUE,TRUE,Debit card
8665,1,,4,33.33,single_method_pi,TRUE,TRUE,Debit card
8666,1,,4,41.67,single_method_pi,TRUE,TRUE,Debit card
8667,1,,4,6,single_method_pi,TRUE,TRUE,Debit card
8668,1,,2,25,single_method_pi,TRUE,TRUE,Check
8670,1,,1,9.49,single_method_pi,TRUE,TRUE,Cash
8671,1,,2,237.88,single_method_pi,TRUE,TRUE,Check
8673,1,,2,44.06,single_method_pi,TRUE,TRUE,Check
8685,1,,4,14.93,single_method_pi,TRUE,TRUE,Debit card
8686,1,,7,915,single_method_pi,FALSE,TRUE,Online banking bill payment
8688,1,,4,5.22,single_method_pi,TRUE,TRUE,Debit card
8689,1,,4,44.56,single_method_pi,TRUE,TRUE,Debit card
8691,1,,4,2.19,single_method_pi,TRUE,TRUE,Debit card
8693,1,,3,2.51,single_method_pi,FALSE,FALSE,Credit card
8694,1,,3,125.49,single_method_pi,FALSE,FALSE,Credit card
8695,1,,3,16.98,single_method_pi,FALSE,FALSE,Credit card
8697,1,,4,30.69,single_method_pi,TRUE,TRUE,Debit card
8698,1,,4,7.56,single_method_pi,TRUE,TRUE,Debit card
8699,1,,4,4.26,single_method_pi,TRUE,TRUE,Debit card
8700,1,,4,4.07,single_method_pi,TRUE,TRUE,Debit card
8701,1,,4,113.68,single_method_pi,TRUE,TRUE,Debit card
8702,1,,4,9.6,single_method_pi,TRUE,TRUE,Debit card
8703,1,,4,14.2,single_method_pi,TRUE,TRUE,Debit card
8704,1,,4,117.04,single_method_pi,TRUE,TRUE,Debit card
8705,1,,4,60.66,single_method_pi,TRUE,TRUE,Debit card
8706,1,,4,45.7,single_method_pi,TRUE,TRUE,Debit card
8707,1,,3,2.08,single_method_pi,FALSE,FALSE,Credit card
8708,1,,3,2.08,single_method_pi,FALSE,FALSE,Credit card
8709,1,,3,2.08,single_method_pi,FALSE,FALSE,Credit card
8710,1,,3,6.87,single_method_pi,FALSE,FALSE,Credit card
8711,1,,4,18.22,single_method_pi,TRUE,TRUE,Debit card
8713,1,,4,29,single_method_pi,TRUE,TRUE,Debit card
8720,1,,3,51,single_method_pi,FALSE,FALSE,Credit card
8724,1,,6,535,single_method_pi,FALSE,TRUE,Bank account number payment
8725,1,,3,4.23,single_method_pi,FALSE,FALSE,Credit card
8726,1,,4,44.14,single_method_pi,TRUE,TRUE,Debit card
8727,1,,4,89.26,single_method_pi,TRUE,TRUE,Debit card
8730,1,,7,101,single_method_pi,FALSE,TRUE,Online banking bill payment
8737,1,,1,11,single_method_pi,TRUE,TRUE,Cash
8738,1,,3,7.5,single_method_pi,FALSE,FALSE,Credit card
8739,1,,4,105.8,single_method_pi,TRUE,TRUE,Debit card
8741,1,,6,5.99,single_method_pi,FALSE,TRUE,Bank account number payment
8742,1,,6,92,single_method_pi,FALSE,TRUE,Bank account number payment
8743,1,,4,22.95,single_method_pi,TRUE,TRUE,Debit card
8747,1,,6,81.58,single_method_pi,FALSE,TRUE,Bank account number payment
8749,1,,1,1,single_method_pi,TRUE,TRUE,Cash
8752,1,,4,225.54,single_method_pi,TRUE,TRUE,Debit card
8753,1,,4,45,single_method_pi,TRUE,TRUE,Debit card
8754,1,,1,8,single_method_pi,TRUE,TRUE,Cash
8758,1,,4,7.52,single_method_pi,TRUE,TRUE,Debit card
8761,1,,4,8.52,single_method_pi,TRUE,TRUE,Debit card
8763,1,,4,8.620000000000001,single_method_pi,TRUE,TRUE,Debit card
8764,1,,4,19.82,single_method_pi,TRUE,TRUE,Debit card
8765,1,,4,3.02,single_method_pi,TRUE,TRUE,Debit card
8767,1,,4,37.87,single_method_pi,TRUE,TRUE,Debit card
8768,1,,4,31.67,single_method_pi,TRUE,TRUE,Debit card
8772,1,,4,69.99,single_method_pi,TRUE,TRUE,Debit card
8773,1,,1,7,single_method_pi,TRUE,TRUE,Cash
8775,1,,4,186.1,single_method_pi,TRUE,TRUE,Debit card
8776,1,,4,51.620000000000005,single_method_pi,TRUE,TRUE,Debit card
8777,1,,4,79.03,single_method_pi,TRUE,TRUE,Debit card
8778,1,,4,225.51,single_method_pi,TRUE,TRUE,Debit card
8781,1,,4,308.35,single_method_pi,TRUE,TRUE,Debit card
8799,1,,4,5,single_method_pi,TRUE,TRUE,Debit card
8801,1,,4,11.66,single_method_pi,TRUE,TRUE,Debit card
8803,1,,4,77.2,single_method_pi,TRUE,TRUE,Debit card
8804,1,,4,5.3,single_method_pi,TRUE,TRUE,Debit card
8809,1,,4,40,single_method_pi,TRUE,TRUE,Debit card
8812,1,,1,6,single_method_pi,TRUE,TRUE,Cash
8813,1,,3,19.2,single_method_pi,FALSE,FALSE,Credit card
8815,1,,3,21.53,single_method_pi,FALSE,FALSE,Credit card
8817,1,,3,16.8,single_method_pi,FALSE,FALSE,Credit card
8818,1,,3,18.29,single_method_pi,FALSE,FALSE,Credit card
8819,1,,3,5.75,single_method_pi,FALSE,FALSE,Credit card
8820,1,,3,91.34,single_method_pi,FALSE,FALSE,Credit card
8822,1,,3,18.29,single_method_pi,FALSE,FALSE,Credit card
8823,1,,2,222.56,single_method_pi,TRUE,TRUE,Check
8824,1,,2,38.42,single_method_pi,TRUE,TRUE,Check
8827,1,,3,13.39,single_method_pi,FALSE,FALSE,Credit card
8828,1,,6,154.71,single_method_pi,FALSE,TRUE,Bank account number payment
8831,1,,4,63.58,single_method_pi,TRUE,TRUE,Debit card
8838,1,,1,1,single_method_pi,TRUE,TRUE,Cash
8842,1,,1,1,single_method_pi,TRUE,TRUE,Cash
8847,1,,4,16.990000000000002,single_method_pi,TRUE,TRUE,Debit card
8849,1,,3,20,single_method_pi,FALSE,FALSE,Credit card
8850,1,,3,10,single_method_pi,FALSE,FALSE,Credit card
8851,1,,3,38.74,single_method_pi,FALSE,FALSE,Credit card
8852,1,,3,40,single_method_pi,FALSE,FALSE,Credit card
8854,1,,11,695,single_method_pi,FALSE,TRUE,Account-to-account transfer
8855,1,,11,695,single_method_pi,FALSE,TRUE,Account-to-account transfer
8860,1,,1,4.69,single_method_pi,TRUE,TRUE,Cash
8861,1,,1,25,single_method_pi,TRUE,TRUE,Cash
8864,1,,4,100,single_method_pi,TRUE,TRUE,Debit card
8865,1,,3,14.32,single_method_pi,FALSE,FALSE,Credit card
8866,1,,6,117.33,single_method_pi,FALSE,TRUE,Bank account number payment
8867,1,,6,84.28,single_method_pi,FALSE,TRUE,Bank account number payment
8868,1,,6,1319.51,single_method_pi,FALSE,TRUE,Bank account number payment
8870,1,,6,40.36,single_method_pi,FALSE,TRUE,Bank account number payment
8873,1,,4,27.78,single_method_pi,TRUE,TRUE,Debit card
8876,1,,1,20,single_method_pi,TRUE,TRUE,Cash
8878,1,,4,10.49,single_method_pi,TRUE,TRUE,Debit card
8880,1,,1,8.11,single_method_pi,TRUE,TRUE,Cash
8882,1,,1,22,single_method_pi,TRUE,TRUE,Cash
8884,1,,2,725,single_method_pi,TRUE,TRUE,Check
8886,1,,1,5,single_method_pi,TRUE,TRUE,Cash
8887,1,,1,8.96,single_method_pi,TRUE,TRUE,Cash
8888,1,,3,30.49,single_method_pi,FALSE,FALSE,Credit card
8891,1,,2,67.8,single_method_pi,TRUE,TRUE,Check
8892,1,,1,16,single_method_pi,TRUE,TRUE,Cash
8894,1,,1,12,single_method_pi,TRUE,TRUE,Cash
8895,1,,3,46.17,single_method_pi,FALSE,FALSE,Credit card
8896,1,,3,35.85,single_method_pi,FALSE,FALSE,Credit card
8897,1,,1,4,single_method_pi,TRUE,TRUE,Cash
8901,1,,4,10.5,single_method_pi,TRUE,TRUE,Debit card
8912,1,,3,32.84,single_method_pi,FALSE,FALSE,Credit card
8913,1,,1,17.13,single_method_pi,TRUE,TRUE,Cash
8915,1,,1,25,single_method_pi,TRUE,TRUE,Cash
8922,1,,7,75,single_method_pi,FALSE,TRUE,Online banking bill payment
8923,1,,7,50,single_method_pi,FALSE,TRUE,Online banking bill payment
8924,1,,1,16,single_method_pi,TRUE,TRUE,Cash
8926,1,,7,50,single_method_pi,FALSE,TRUE,Online banking bill payment
8944,1,,4,20,single_method_pi,TRUE,TRUE,Debit card
8946,1,,1,7.58,single_method_pi,TRUE,TRUE,Cash
8949,1,,1,6.48,single_method_pi,TRUE,TRUE,Cash
8950,1,,5,267,single_method_pi,FALSE,FALSE,Prepaid/gift/EBT card
8956,1,,4,49.11,single_method_pi,TRUE,TRUE,Debit card
8957,1,,7,49.11,single_method_pi,FALSE,TRUE,Online banking bill payment
8959,1,,4,7.49,single_method_pi,TRUE,TRUE,Debit card
8961,1,,4,10.59,single_method_pi,TRUE,TRUE,Debit card
8962,1,,1,160,single_method_pi,TRUE,TRUE,Cash
8963,1,,1,45,single_method_pi,TRUE,TRUE,Cash
8964,1,,1,60,single_method_pi,TRUE,TRUE,Cash
8968,1,,1,130,single_method_pi,TRUE,TRUE,Cash
8972,1,,1,8.53,single_method_pi,TRUE,TRUE,Cash
8973,1,,1,7.13,single_method_pi,TRUE,TRUE,Cash
8975,1,,1,2.14,single_method_pi,TRUE,TRUE,Cash
8976,1,,1,8.13,single_method_pi,TRUE,TRUE,Cash
8978,1,,1,12.43,single_method_pi,TRUE,TRUE,Cash
8979,1,,1,2,single_method_pi,TRUE,TRUE,Cash
8997,1,,2,150,single_method_pi,TRUE,TRUE,Check
8998,1,,1,5,single_method_pi,TRUE,TRUE,Cash
9001,1,,1,29.84,single_method_pi,TRUE,TRUE,Cash
9005,1,,2,93,single_method_pi,TRUE,TRUE,Check
9006,1,,2,205,single_method_pi,TRUE,TRUE,Check
9008,1,,1,3.8,single_method_pi,TRUE,TRUE,Cash
9009,1,,1,48,single_method_pi,TRUE,TRUE,Cash
9012,1,,3,21,single_method_pi,FALSE,FALSE,Credit card
9016,1,,1,4,single_method_pi,TRUE,TRUE,Cash
9018,1,,4,101.26,single_method_pi,TRUE,TRUE,Debit card
9022,1,,4,23.33,single_method_pi,TRUE,TRUE,Debit card
9025,1,,4,10.48,single_method_pi,TRUE,TRUE,Debit card
9026,1,,4,8,single_method_pi,TRUE,TRUE,Debit card
9033,1,,5,75,single_method_pi,FALSE,FALSE,Prepaid/gift/EBT card
9041,1,,1,58,single_method_pi,TRUE,TRUE,Cash
9042,1,,1,10,single_method_pi,TRUE,TRUE,Cash
9043,1,,1,5,single_method_pi,TRUE,TRUE,Cash
9045,1,,1,12,single_method_pi,TRUE,TRUE,Cash
9046,1,,1,24,single_method_pi,TRUE,TRUE,Cash
9048,1,,1,42,single_method_pi,TRUE,TRUE,Cash
9049,1,,4,42.92,single_method_pi,TRUE,TRUE,Debit card
9053,1,,4,30.22,single_method_pi,TRUE,TRUE,Debit card
9061,1,,3,9.05,single_method_pi,FALSE,FALSE,Credit card
9062,1,,2,1000,single_method_pi,TRUE,TRUE,Check
9068,1,,1,4.9,single_method_pi,TRUE,TRUE,Cash
9069,1,,4,5.49,single_method_pi,TRUE,TRUE,Debit card
9071,1,,4,8.59,single_method_pi,TRUE,TRUE,Debit card
9072,1,,4,4.82,single_method_pi,TRUE,TRUE,Debit card
9073,1,,4,5.6000000000000005,single_method_pi,TRUE,TRUE,Debit card
9074,1,,4,10.64,single_method_pi,TRUE,TRUE,Debit card
9079,1,,4,6.890000000000001,single_method_pi,TRUE,TRUE,Debit card
9082,1,,4,6.09,single_method_pi,TRUE,TRUE,Debit card
9083,1,,4,1.27,single_method_pi,TRUE,TRUE,Debit card
9084,1,,13,1,single_method_pi,FALSE,FALSE,Other payment method
9085,1,,13,749,single_method_pi,FALSE,FALSE,Other payment method
9087,1,,13,106.49,single_method_pi,FALSE,FALSE,Other payment method
9093,1,,1,5.99,single_method_pi,TRUE,TRUE,Cash
9098,1,,4,15,single_method_pi,TRUE,TRUE,Debit card
9099,1,,4,125,single_method_pi,TRUE,TRUE,Debit card
9104,1,,4,66,single_method_pi,TRUE,TRUE,Debit card
9107,1,,1,42,single_method_pi,TRUE,TRUE,Cash
9110,1,,6,23.7,single_method_pi,FALSE,TRUE,Bank account number payment
9111,1,,3,4.99,single_method_pi,FALSE,FALSE,Credit card
9113,1,,3,100,single_method_pi,FALSE,FALSE,Credit card
9116,1,,3,90.84,single_method_pi,FALSE,FALSE,Credit card
9117,1,,3,21,single_method_pi,FALSE,FALSE,Credit card
9125,1,,4,7.49,single_method_pi,TRUE,TRUE,Debit card
9126,1,,3,41.89,single_method_pi,FALSE,FALSE,Credit card
9127,1,,6,111.07,single_method_pi,FALSE,TRUE,Bank account number payment
9130,1,,4,3.38,single_method_pi,TRUE,TRUE,Debit card
9131,1,,4,4.84,single_method_pi,TRUE,TRUE,Debit card
9132,1,,4,1.07,single_method_pi,TRUE,TRUE,Debit card
9133,1,,6,35,single_method_pi,FALSE,TRUE,Bank account number payment
9135,1,,4,4.92,single_method_pi,TRUE,TRUE,Debit card
9136,1,,4,7.3,single_method_pi,TRUE,TRUE,Debit card
9137,1,,4,93.76,single_method_pi,TRUE,TRUE,Debit card
9142,1,,4,300,single_method_pi,TRUE,TRUE,Debit card
9145,1,,4,300,single_method_pi,TRUE,TRUE,Debit card
9147,1,,4,300,single_method_pi,TRUE,TRUE,Debit card
9151,1,,4,65,single_method_pi,TRUE,TRUE,Debit card
9152,1,,1,40,single_method_pi,TRUE,TRUE,Cash
9159,1,,1,107.03,single_method_pi,TRUE,TRUE,Cash
9162,1,,1,107.3,single_method_pi,TRUE,TRUE,Cash
9164,1,,1,54,single_method_pi,TRUE,TRUE,Cash
9165,1,,1,354,single_method_pi,TRUE,TRUE,Cash
9175,1,,1,8,single_method_pi,TRUE,TRUE,Cash
9184,1,,2,44.68,single_method_pi,TRUE,TRUE,Check
9187,1,,4,346.49,single_method_pi,TRUE,TRUE,Debit card
9189,1,,4,16.89,single_method_pi,TRUE,TRUE,Debit card
9190,1,,7,59.95,single_method_pi,FALSE,TRUE,Online banking bill payment
9191,1,,7,50,single_method_pi,FALSE,TRUE,Online banking bill payment
9196,1,,3,66.95,single_method_pi,FALSE,FALSE,Credit card
9199,1,,6,900,single_method_pi,FALSE,TRUE,Bank account number payment
9205,1,,3,9,single_method_pi,FALSE,FALSE,Credit card
9206,1,,1,45,single_method_pi,TRUE,TRUE,Cash
9207,1,,2,100,single_method_pi,TRUE,TRUE,Check
9210,1,,1,5,single_method_pi,TRUE,TRUE,Cash
9213,1,,7,197.43,single_method_pi,FALSE,TRUE,Online banking bill payment
9218,1,,4,4.4,single_method_pi,TRUE,TRUE,Debit card
9220,1,,1,26.04,single_method_pi,TRUE,TRUE,Cash
9222,1,,1,1.79,single_method_pi,TRUE,TRUE,Cash
9226,1,,1,11.19,single_method_pi,TRUE,TRUE,Cash
9228,1,,1,6.96,single_method_pi,TRUE,TRUE,Cash
9229,1,,1,15,single_method_pi,TRUE,TRUE,Cash
9231,1,,1,12.08,single_method_pi,TRUE,TRUE,Cash
9234,1,,1,60,single_method_pi,TRUE,TRUE,Cash
9235,1,,7,212,single_method_pi,FALSE,TRUE,Online banking bill payment
9238,1,,5,13.14,single_method_pi,FALSE,FALSE,Prepaid/gift/EBT card
9240,1,,3,13.61,single_method_pi,FALSE,FALSE,Credit card
9248,1,,3,7.99,single_method_pi,FALSE,FALSE,Credit card
9253,1,,3,42,single_method_pi,FALSE,FALSE,Credit card
9254,1,,3,9.32,single_method_pi,FALSE,FALSE,Credit card
9257,1,,4,11.11,single_method_pi,TRUE,TRUE,Debit card
9258,1,,4,65,single_method_pi,TRUE,TRUE,Debit card
9259,1,,7,1400,single_method_pi,FALSE,TRUE,Online banking bill payment
9263,1,,4,297.56,single_method_pi,TRUE,TRUE,Debit card
9264,1,,6,50,single_method_pi,FALSE,TRUE,Bank account number payment
9265,1,,4,50,single_method_pi,TRUE,TRUE,Debit card
9266,1,,6,50,single_method_pi,FALSE,TRUE,Bank account number payment
9267,1,,4,1,single_method_pi,TRUE,TRUE,Debit card
9268,1,,4,31,single_method_pi,TRUE,TRUE,Debit card
9269,1,,1,7,single_method_pi,TRUE,TRUE,Cash
9270,1,,4,2,single_method_pi,TRUE,TRUE,Debit card
9276,1,,4,32.85,single_method_pi,TRUE,TRUE,Debit card
9286,1,,1,5.78,single_method_pi,TRUE,TRUE,Cash
9288,1,,1,3,single_method_pi,TRUE,TRUE,Cash
9292,1,,6,290.85,single_method_pi,FALSE,TRUE,Bank account number payment
9294,1,,2,180,single_method_pi,TRUE,TRUE,Check
9295,1,,2,52.57,single_method_pi,TRUE,TRUE,Check
9296,1,,6,229.86,single_method_pi,FALSE,TRUE,Bank account number payment
9297,1,,6,166.95000000000002,single_method_pi,FALSE,TRUE,Bank account number payment
9301,1,,1,11.93,single_method_pi,TRUE,TRUE,Cash
9304,1,,1,6.97,single_method_pi,TRUE,TRUE,Cash
9306,1,,4,26.46,single_method_pi,TRUE,TRUE,Debit card
9308,1,,1,3.47,single_method_pi,TRUE,TRUE,Cash
9313,1,,4,7.76,single_method_pi,TRUE,TRUE,Debit card
9314,1,,4,0.75,single_method_pi,TRUE,TRUE,Debit card
9315,1,,4,0.75,single_method_pi,TRUE,TRUE,Debit card
9316,1,,4,0.75,single_method_pi,TRUE,TRUE,Debit card
9317,1,,4,8.16,single_method_pi,TRUE,TRUE,Debit card
9320,1,,4,5.59,single_method_pi,TRUE,TRUE,Debit card
9321,1,,4,0.75,single_method_pi,TRUE,TRUE,Debit card
9324,1,,4,17,single_method_pi,TRUE,TRUE,Debit card
9327,1,,1,10.55,single_method_pi,TRUE,TRUE,Cash
9328,1,,1,2.02,single_method_pi,TRUE,TRUE,Cash
9334,1,,1,9.84,single_method_pi,TRUE,TRUE,Cash
9335,1,,1,2.2,single_method_pi,TRUE,TRUE,Cash
9338,1,,1,38,single_method_pi,TRUE,TRUE,Cash
9340,1,,2,1126,single_method_pi,TRUE,TRUE,Check
9341,1,,4,50,single_method_pi,TRUE,TRUE,Debit card
9356,1,,1,6.3,single_method_pi,TRUE,TRUE,Cash
9357,1,,4,5.6000000000000005,single_method_pi,TRUE,TRUE,Debit card
9360,1,,4,7.45,single_method_pi,TRUE,TRUE,Debit card
9361,1,,4,20.33,single_method_pi,TRUE,TRUE,Debit card
9362,1,,4,4.36,single_method_pi,TRUE,TRUE,Debit card
9365,1,,4,5.39,single_method_pi,TRUE,TRUE,Debit card
9369,1,,4,100,single_method_pi,TRUE,TRUE,Debit card
9370,1,,1,6.91,single_method_pi,TRUE,TRUE,Cash
9371,1,,1,2,single_method_pi,TRUE,TRUE,Cash
9375,1,,4,10.05,single_method_pi,TRUE,TRUE,Debit card
9376,1,,4,26.4,single_method_pi,TRUE,TRUE,Debit card
9377,1,,1,1.88,single_method_pi,TRUE,TRUE,Cash
9382,1,,3,75,single_method_pi,FALSE,FALSE,Credit card
9383,1,,3,17.25,single_method_pi,FALSE,FALSE,Credit card
9385,1,,6,1900,single_method_pi,FALSE,TRUE,Bank account number payment
9386,1,,3,13,single_method_pi,FALSE,FALSE,Credit card
9387,1,,3,5.69,single_method_pi,FALSE,FALSE,Credit card
9388,1,,6,190,single_method_pi,FALSE,TRUE,Bank account number payment
9390,1,,3,37,single_method_pi,FALSE,FALSE,Credit card
9391,1,,3,13.1,single_method_pi,FALSE,FALSE,Credit card
9394,1,,13,51.120000000000005,single_method_pi,FALSE,FALSE,Other payment method
9395,1,,1,1.5,single_method_pi,TRUE,TRUE,Cash
9398,1,,4,6.62,single_method_pi,TRUE,TRUE,Debit card
9399,1,,4,2.5,single_method_pi,TRUE,TRUE,Debit card
9400,1,,4,3.49,single_method_pi,TRUE,TRUE,Debit card
9401,1,,3,10,single_method_pi,FALSE,FALSE,Credit card
9402,1,,3,800,single_method_pi,FALSE,FALSE,Credit card
9408,1,,1,2.12,single_method_pi,TRUE,TRUE,Cash
9411,1,,1,18.19,single_method_pi,TRUE,TRUE,Cash
9414,1,,4,8.07,single_method_pi,TRUE,TRUE,Debit card
9418,1,,1,3.53,single_method_pi,TRUE,TRUE,Cash
9421,1,,4,13.65,single_method_pi,TRUE,TRUE,Debit card
9422,1,,4,3.85,single_method_pi,TRUE,TRUE,Debit card
9425,1,,4,12.96,single_method_pi,TRUE,TRUE,Debit card
9433,1,,1,0.65,single_method_pi,TRUE,TRUE,Cash
9435,1,,4,51,single_method_pi,TRUE,TRUE,Debit card
9444,1,,4,18.03,single_method_pi,TRUE,TRUE,Debit card
9448,1,,4,44.7,single_method_pi,TRUE,TRUE,Debit card
9449,1,,4,33,single_method_pi,TRUE,TRUE,Debit card
9451,1,,3,30.03,single_method_pi,FALSE,FALSE,Credit card
9452,1,,3,9.44,single_method_pi,FALSE,FALSE,Credit card
9453,1,,1,1.95,single_method_pi,TRUE,TRUE,Cash
9456,1,,2,239.88,single_method_pi,TRUE,TRUE,Check
9458,1,,1,10.1,single_method_pi,TRUE,TRUE,Cash
9459,1,,4,139.79,single_method_pi,TRUE,TRUE,Debit card
9461,1,,1,7.92,single_method_pi,TRUE,TRUE,Cash
9463,1,,1,1.5,single_method_pi,TRUE,TRUE,Cash
9465,1,,1,7.4,single_method_pi,TRUE,TRUE,Cash
9470,1,,4,24.91,single_method_pi,TRUE,TRUE,Debit card
9478,1,,4,17.43,single_method_pi,TRUE,TRUE,Debit card
9480,1,,7,174.35,single_method_pi,FALSE,TRUE,Online banking bill payment
9482,1,,1,7.72,single_method_pi,TRUE,TRUE,Cash
9483,1,,3,11,single_method_pi,FALSE,FALSE,Credit card
9484,1,,1,5,single_method_pi,TRUE,TRUE,Cash
9488,1,,2,82.86,single_method_pi,TRUE,TRUE,Check
9489,1,,1,12.78,single_method_pi,TRUE,TRUE,Cash
9498,1,,4,10.31,single_method_pi,TRUE,TRUE,Debit card
9499,1,,1,10,single_method_pi,TRUE,TRUE,Cash
9500,1,,7,250,single_method_pi,FALSE,TRUE,Online banking bill payment
9501,1,,4,177,single_method_pi,TRUE,TRUE,Debit card
9502,1,,4,12.78,single_method_pi,TRUE,TRUE,Debit card
9503,1,,4,19.89,single_method_pi,TRUE,TRUE,Debit card
9507,1,,7,69.27,single_method_pi,FALSE,TRUE,Online banking bill payment
9510,1,,1,6,single_method_pi,TRUE,TRUE,Cash
9514,1,,6,367.42,single_method_pi,FALSE,TRUE,Bank account number payment
9519,1,,1,4,single_method_pi,TRUE,TRUE,Cash
9520,1,,1,11.18,single_method_pi,TRUE,TRUE,Cash
9521,1,,1,3.48,single_method_pi,TRUE,TRUE,Cash
9522,1,,11,54.99,single_method_pi,FALSE,TRUE,Account-to-account transfer
9523,1,,1,31,single_method_pi,TRUE,TRUE,Cash
9524,1,,1,40,single_method_pi,TRUE,TRUE,Cash
9527,1,,7,196.12,single_method_pi,FALSE,TRUE,Online banking bill payment
9531,1,,1,8.96,single_method_pi,TRUE,TRUE,Cash
9533,1,,1,31,single_method_pi,TRUE,TRUE,Cash
9535,1,,1,15.64,single_method_pi,TRUE,TRUE,Cash
9536,1,,4,17.73,single_method_pi,TRUE,TRUE,Debit card
9539,1,,6,703,single_method_pi,FALSE,TRUE,Bank account number payment
9540,1,,1,5.79,single_method_pi,TRUE,TRUE,Cash
9542,1,,3,10.33,single_method_pi,FALSE,FALSE,Credit card
9545,1,,6,550,single_method_pi,FALSE,TRUE,Bank account number payment
9548,1,,6,152,single_method_pi,FALSE,TRUE,Bank account number payment
9550,1,,4,1.1,single_method_pi,TRUE,TRUE,Debit card
9551,1,,4,60,single_method_pi,TRUE,TRUE,Debit card
9557,1,,4,2.51,single_method_pi,TRUE,TRUE,Debit card
9558,1,,4,3.27,single_method_pi,TRUE,TRUE,Debit card
9561,1,,4,64.78,single_method_pi,TRUE,TRUE,Debit card
9562,1,,4,45,single_method_pi,TRUE,TRUE,Debit card
9567,1,,3,38.87,single_method_pi,FALSE,FALSE,Credit card
9568,1,,3,61.06,single_method_pi,FALSE,FALSE,Credit card
9569,1,,2,56.32,single_method_pi,TRUE,TRUE,Check
9571,1,,1,2,single_method_pi,TRUE,TRUE,Cash
9573,1,,1,6.88,single_method_pi,TRUE,TRUE,Cash
9574,1,,1,20,single_method_pi,TRUE,TRUE,Cash
9579,1,,6,16.53,single_method_pi,FALSE,TRUE,Bank account number payment
9583,1,,2,24.59,single_method_pi,TRUE,TRUE,Check
9584,1,,4,50,single_method_pi,TRUE,TRUE,Debit card
9585,1,,4,100,single_method_pi,TRUE,TRUE,Debit card
9590,1,,4,52.24,single_method_pi,TRUE,TRUE,Debit card
9591,1,,2,4.7700000000000005,single_method_pi,TRUE,TRUE,Check
9598,1,,4,55,single_method_pi,TRUE,TRUE,Debit card
9601,1,,6,275.95,single_method_pi,FALSE,TRUE,Bank account number payment
9602,1,,1,1.08,single_method_pi,TRUE,TRUE,Cash
9603,1,,1,3,single_method_pi,TRUE,TRUE,Cash
9604,1,,1,3,single_method_pi,TRUE,TRUE,Cash
9611,1,,1,33,single_method_pi,TRUE,TRUE,Cash
9613,1,,6,6,single_method_pi,FALSE,TRUE,Bank account number payment
9618,1,,1,2,single_method_pi,TRUE,TRUE,Cash
9620,1,,3,2.26,single_method_pi,FALSE,FALSE,Credit card
9621,1,,1,25,single_method_pi,TRUE,TRUE,Cash
9623,1,,6,50,single_method_pi,FALSE,TRUE,Bank account number payment
9624,1,,1,25,single_method_pi,TRUE,TRUE,Cash
9634,1,,3,66.12,single_method_pi,FALSE,FALSE,Credit card
9639,1,,4,36.82,single_method_pi,TRUE,TRUE,Debit card
9647,1,,3,22,single_method_pi,FALSE,FALSE,Credit card
9648,1,,1,3,single_method_pi,TRUE,TRUE,Cash
9652,1,,3,33,single_method_pi,FALSE,FALSE,Credit card
9655,1,,3,14.13,single_method_pi,FALSE,FALSE,Credit card
9656,1,,3,33,single_method_pi,FALSE,FALSE,Credit card
9658,1,,3,32.5,single_method_pi,FALSE,FALSE,Credit card
9659,1,,1,7,single_method_pi,TRUE,TRUE,Cash
9660,1,,1,13,single_method_pi,TRUE,TRUE,Cash
9661,1,,3,27.47,single_method_pi,FALSE,FALSE,Credit card
9662,1,,3,5.45,single_method_pi,FALSE,FALSE,Credit card
9663,1,,3,19.34,single_method_pi,FALSE,FALSE,Credit card
9664,1,,1,5,single_method_pi,TRUE,TRUE,Cash
9665,1,,7,184.64,single_method_pi,FALSE,TRUE,Online banking bill payment
9667,1,,3,6.65,single_method_pi,FALSE,FALSE,Credit card
9668,1,,3,9.9,single_method_pi,FALSE,FALSE,Credit card
9669,1,,3,6.65,single_method_pi,FALSE,FALSE,Credit card
9670,1,,3,10.3,single_method_pi,FALSE,FALSE,Credit card
9677,1,,1,2.79,single_method_pi,TRUE,TRUE,Cash
9680,1,,1,18.97,single_method_pi,TRUE,TRUE,Cash
9682,1,,1,1.35,single_method_pi,TRUE,TRUE,Cash
9683,1,,1,1,single_method_pi,TRUE,TRUE,Cash
9684,1,,1,8.98,single_method_pi,TRUE,TRUE,Cash
9685,1,,6,65.49,single_method_pi,FALSE,TRUE,Bank account number payment
9687,1,,4,8.44,single_method_pi,TRUE,TRUE,Debit card
9695,1,,1,77.25,single_method_pi,TRUE,TRUE,Cash
9699,1,,11,90,single_method_pi,FALSE,TRUE,Account-to-account transfer
9709,1,,3,22.24,single_method_pi,FALSE,FALSE,Credit card
9711,1,,2,225,single_method_pi,TRUE,TRUE,Check
9713,1,,6,212.15,single_method_pi,FALSE,TRUE,Bank account number payment
9715,1,,4,7.5,single_method_pi,TRUE,TRUE,Debit card
9718,1,,4,38.74,single_method_pi,TRUE,TRUE,Debit card
9721,1,,3,7.58,single_method_pi,FALSE,FALSE,Credit card
9723,1,,4,4.68,single_method_pi,TRUE,TRUE,Debit card
9724,1,,1,9,single_method_pi,TRUE,TRUE,Cash
9728,1,,13,31.8,single_method_pi,FALSE,FALSE,Other payment method
9729,1,,6,80,single_method_pi,FALSE,TRUE,Bank account number payment
9730,1,,4,14.75,single_method_pi,TRUE,TRUE,Debit card
9731,1,,2,1600,single_method_pi,TRUE,TRUE,Check
9732,1,,2,13584,single_method_pi,TRUE,TRUE,Check
9733,1,,2,6462,single_method_pi,TRUE,TRUE,Check
9739,1,,7,3.6,single_method_pi,FALSE,TRUE,Online banking bill payment
9740,1,,7,36.42,single_method_pi,FALSE,TRUE,Online banking bill payment
9742,1,,1,4.49,single_method_pi,TRUE,TRUE,Cash
9743,1,,3,33,single_method_pi,FALSE,FALSE,Credit card
9744,1,,7,12.99,single_method_pi,FALSE,TRUE,Online banking bill payment
9745,1,,1,2.5,single_method_pi,TRUE,TRUE,Cash
9746,1,,4,8.790000000000001,single_method_pi,TRUE,TRUE,Debit card
9747,1,,4,33,single_method_pi,TRUE,TRUE,Debit card
9748,1,,1,5.25,single_method_pi,TRUE,TRUE,Cash
9751,1,,1,3,single_method_pi,TRUE,TRUE,Cash
9756,1,,3,54.1,single_method_pi,FALSE,FALSE,Credit card
9759,1,,3,15.54,single_method_pi,FALSE,FALSE,Credit card
9762,1,,3,75.19,single_method_pi,FALSE,FALSE,Credit card
9763,1,,3,10,single_method_pi,FALSE,FALSE,Credit card
9764,1,,3,27.23,single_method_pi,FALSE,FALSE,Credit card
9767,1,,3,26.29,single_method_pi,FALSE,FALSE,Credit card
9769,1,,3,10.8,single_method_pi,FALSE,FALSE,Credit card
9770,1,,3,228.66,single_method_pi,FALSE,FALSE,Credit card
9771,1,,4,15.74,single_method_pi,TRUE,TRUE,Debit card
9772,1,,6,150,single_method_pi,FALSE,TRUE,Bank account number payment
9774,1,,4,10.69,single_method_pi,TRUE,TRUE,Debit card
9775,1,,1,15.1,single_method_pi,TRUE,TRUE,Cash
9776,1,,1,9,single_method_pi,TRUE,TRUE,Cash
9777,1,,4,11.77,single_method_pi,TRUE,TRUE,Debit card
9778,1,,3,26.65,single_method_pi,FALSE,FALSE,Credit card
9780,1,,3,9.3,single_method_pi,FALSE,FALSE,Credit card
9781,1,,3,12.38,single_method_pi,FALSE,FALSE,Credit card
9782,1,,11,51.42,single_method_pi,FALSE,TRUE,Account-to-account transfer
9784,1,,3,3,single_method_pi,FALSE,FALSE,Credit card
9790,1,,4,183.98,single_method_pi,TRUE,TRUE,Debit card
9791,1,,4,183.98,single_method_pi,TRUE,TRUE,Debit card
9793,1,,4,7.81,single_method_pi,TRUE,TRUE,Debit card
9794,1,,4,44.58,single_method_pi,TRUE,TRUE,Debit card
9798,1,,1,12,single_method_pi,TRUE,TRUE,Cash
9801,1,,1,12.15,single_method_pi,TRUE,TRUE,Cash
9802,1,,6,162.54,single_method_pi,FALSE,TRUE,Bank account number payment
9806,1,,6,354.35,single_method_pi,FALSE,TRUE,Bank account number payment
9809,1,,1,50,single_method_pi,TRUE,TRUE,Cash
9810,1,,1,10,single_method_pi,TRUE,TRUE,Cash
9813,1,,2,35.4,single_method_pi,TRUE,TRUE,Check
9814,1,,2,19,single_method_pi,TRUE,TRUE,Check
9815,1,,4,7.56,single_method_pi,TRUE,TRUE,Debit card
9818,1,,1,27,single_method_pi,TRUE,TRUE,Cash
9819,1,,3,7.35,single_method_pi,FALSE,FALSE,Credit card
9820,1,,3,29,single_method_pi,FALSE,FALSE,Credit card
9821,1,,3,51.1,single_method_pi,FALSE,FALSE,Credit card
9822,1,,7,1034,single_method_pi,FALSE,TRUE,Online banking bill payment
9823,1,,4,17.580000000000002,single_method_pi,TRUE,TRUE,Debit card
9824,1,,2,101.03,single_method_pi,TRUE,TRUE,Check
9832,1,,2,615.6800000000001,single_method_pi,TRUE,TRUE,Check
9834,1,,1,13.69,single_method_pi,TRUE,TRUE,Cash
9837,1,,1,23,single_method_pi,TRUE,TRUE,Cash
9838,1,,4,193.32,single_method_pi,TRUE,TRUE,Debit card
9843,1,,4,68,single_method_pi,TRUE,TRUE,Debit card
9848,1,,4,4,single_method_pi,TRUE,TRUE,Debit card
9849,1,,4,5,single_method_pi,TRUE,TRUE,Debit card
9851,1,,4,13,single_method_pi,TRUE,TRUE,Debit card
9852,1,,4,20,single_method_pi,TRUE,TRUE,Debit card
9854,1,,1,1,single_method_pi,TRUE,TRUE,Cash
9855,1,,4,8,single_method_pi,TRUE,TRUE,Debit card
9856,1,,4,22,single_method_pi,TRUE,TRUE,Debit card
9859,1,,4,9.22,single_method_pi,TRUE,TRUE,Debit card
9861,1,,4,9.22,single_method_pi,TRUE,TRUE,Debit card
9864,1,,4,6.28,single_method_pi,TRUE,TRUE,Debit card
9867,1,,4,6.46,single_method_pi,TRUE,TRUE,Debit card
9875,1,,1,6.04,single_method_pi,TRUE,TRUE,Cash
9876,1,,4,19.23,single_method_pi,TRUE,TRUE,Debit card
9877,1,,1,53.93,single_method_pi,TRUE,TRUE,Cash
9882,1,,4,20.07,single_method_pi,TRUE,TRUE,Debit card
9891,1,,3,38.73,single_method_pi,FALSE,FALSE,Credit card
9905,1,,1,5,single_method_pi,TRUE,TRUE,Cash
9906,1,,3,43.1,single_method_pi,FALSE,FALSE,Credit card
9908,1,,7,276.51,single_method_pi,FALSE,TRUE,Online banking bill payment
9909,1,,7,50,single_method_pi,FALSE,TRUE,Online banking bill payment
9911,1,,3,31.16,single_method_pi,FALSE,FALSE,Credit card
9914,1,,2,37,single_method_pi,TRUE,TRUE,Check
9915,1,,3,4.57,single_method_pi,FALSE,FALSE,Credit card
9918,1,,3,20,single_method_pi,FALSE,FALSE,Credit card
9922,1,,3,15.03,single_method_pi,FALSE,FALSE,Credit card
9923,1,,2,206,single_method_pi,TRUE,TRUE,Check
9925,1,,3,13.98,single_method_pi,FALSE,FALSE,Credit card
9926,1,,1,30,single_method_pi,TRUE,TRUE,Cash
9927,1,,1,10,single_method_pi,TRUE,TRUE,Cash
9929,1,,4,21,single_method_pi,TRUE,TRUE,Debit card
9930,1,,4,32.95,single_method_pi,TRUE,TRUE,Debit card
9931,1,,4,6.49,single_method_pi,TRUE,TRUE,Debit card
9933,1,,1,4.5,single_method_pi,TRUE,TRUE,Cash
9935,1,,1,6,single_method_pi,TRUE,TRUE,Cash
9937,1,,4,10,single_method_pi,TRUE,TRUE,Debit card
9938,1,,4,16.67,single_method_pi,TRUE,TRUE,Debit card
9944,1,,3,56.55,single_method_pi,FALSE,FALSE,Credit card
9945,1,,3,14.38,single_method_pi,FALSE,FALSE,Credit card
9946,1,,1,6.93,single_method_pi,TRUE,TRUE,Cash
9948,1,,3,38.27,single_method_pi,FALSE,FALSE,Credit card
9949,1,,3,35.96,single_method_pi,FALSE,FALSE,Credit card
9950,1,,3,10.11,single_method_pi,FALSE,FALSE,Credit card
9952,1,,7,134.5,single_method_pi,FALSE,TRUE,Online banking bill payment
9953,1,,1,20,single_method_pi,TRUE,TRUE,Cash
9954,1,,3,14.38,single_method_pi,FALSE,FALSE,Credit card
9957,1,,7,182,single_method_pi,FALSE,TRUE,Online banking bill payment
9959,1,,7,200,single_method_pi,FALSE,TRUE,Online banking bill payment
9968,1,,6,1172,single_method_pi,FALSE,TRUE,Bank account number payment
9969,1,,3,34.56,single_method_pi,FALSE,FALSE,Credit card
9970,1,,3,21.74,single_method_pi,FALSE,FALSE,Credit card
9971,1,,3,133,single_method_pi,FALSE,FALSE,Credit card
9973,1,,1,4,single_method_pi,TRUE,TRUE,Cash
9974,1,,1,5,single_method_pi,TRUE,TRUE,Cash
9975,1,,4,46.3,single_method_pi,TRUE,TRUE,Debit card
9976,1,,1,6,single_method_pi,TRUE,TRUE,Cash
9980,1,,1,4,single_method_pi,TRUE,TRUE,Cash
9981,1,,1,5,single_method_pi,TRUE,TRUE,Cash
9983,1,,1,2.21,single_method_pi,TRUE,TRUE,Cash
9985,1,,3,57.01,single_method_pi,FALSE,FALSE,Credit card
9989,1,,4,99.68,single_method_pi,TRUE,TRUE,Debit card
9993,1,,2,300,single_method_pi,TRUE,TRUE,Check
9998,1,,1,10.95,single_method_pi,TRUE,TRUE,Cash
10001,1,,1,6,single_method_pi,TRUE,TRUE,Cash
10002,1,,4,19,single_method_pi,TRUE,TRUE,Debit card
10005,1,,1,12.64,single_method_pi,TRUE,TRUE,Cash
10006,1,,1,9.8,single_method_pi,TRUE,TRUE,Cash
10011,1,,14,7,single_method_pi,FALSE,FALSE,Deduction from income
10013,1,,13,1.25,single_method_pi,FALSE,FALSE,Other payment method
10015,1,,13,2.5,single_method_pi,FALSE,FALSE,Other payment method
10018,1,,1,23,single_method_pi,TRUE,TRUE,Cash
10020,1,,4,55.79,single_method_pi,TRUE,TRUE,Debit card
10028,1,,2,110,single_method_pi,TRUE,TRUE,Check
10030,1,,2,566.2,single_method_pi,TRUE,TRUE,Check
10032,1,,3,18.51,single_method_pi,FALSE,FALSE,Credit card
10033,1,,1,3,single_method_pi,TRUE,TRUE,Cash
10034,1,,2,30,single_method_pi,TRUE,TRUE,Check
10040,1,,1,20,single_method_pi,TRUE,TRUE,Cash
10048,1,,4,6.92,single_method_pi,TRUE,TRUE,Debit card
10050,1,,4,80.98,single_method_pi,TRUE,TRUE,Debit card
10052,1,,4,27.25,single_method_pi,TRUE,TRUE,Debit card
10054,1,,3,47.54,single_method_pi,FALSE,FALSE,Credit card
10055,1,,13,1.25,single_method_pi,FALSE,FALSE,Other payment method
10056,1,,1,3.5700000000000003,single_method_pi,TRUE,TRUE,Cash
10057,1,,4,70.76,single_method_pi,TRUE,TRUE,Debit card
10058,1,,4,6,single_method_pi,TRUE,TRUE,Debit card
10060,1,,6,693.82,single_method_pi,FALSE,TRUE,Bank account number payment
10063,1,,4,26.6,single_method_pi,TRUE,TRUE,Debit card
10064,1,,4,2.09,single_method_pi,TRUE,TRUE,Debit card
10070,1,,3,78,single_method_pi,FALSE,FALSE,Credit card
10071,1,,3,25.6,single_method_pi,FALSE,FALSE,Credit card
10072,1,,3,42.62,single_method_pi,FALSE,FALSE,Credit card
10073,1,,3,4.96,single_method_pi,FALSE,FALSE,Credit card
10078,1,,1,13,single_method_pi,TRUE,TRUE,Cash
10083,1,,3,6.4,single_method_pi,FALSE,FALSE,Credit card
10086,1,,4,53.72,single_method_pi,TRUE,TRUE,Debit card
10088,1,,3,12,single_method_pi,FALSE,FALSE,Credit card
10089,1,,3,16.39,single_method_pi,FALSE,FALSE,Credit card
10090,1,,3,22.5,single_method_pi,FALSE,FALSE,Credit card
10091,1,,3,20.35,single_method_pi,FALSE,FALSE,Credit card
10092,1,,1,12,single_method_pi,TRUE,TRUE,Cash
10095,1,,4,110,single_method_pi,TRUE,TRUE,Debit card
10096,1,,1,25.44,single_method_pi,TRUE,TRUE,Cash
10098,1,,1,2.15,single_method_pi,TRUE,TRUE,Cash
10100,1,,1,13,single_method_pi,TRUE,TRUE,Cash
10103,1,,4,5.41,single_method_pi,TRUE,TRUE,Debit card
10108,1,,4,141.31,single_method_pi,TRUE,TRUE,Debit card
10111,1,,3,258.3,single_method_pi,FALSE,FALSE,Credit card
10116,1,,4,9,single_method_pi,TRUE,TRUE,Debit card
10117,1,,1,11,single_method_pi,TRUE,TRUE,Cash
10124,1,,4,88.73,single_method_pi,TRUE,TRUE,Debit card
10125,1,,4,13.76,single_method_pi,TRUE,TRUE,Debit card
10127,1,,4,3,single_method_pi,TRUE,TRUE,Debit card
10128,1,,4,1.85,single_method_pi,TRUE,TRUE,Debit card
10129,1,,4,26.02,single_method_pi,TRUE,TRUE,Debit card
10131,1,,4,3,single_method_pi,TRUE,TRUE,Debit card
10133,1,,4,34.800000000000004,single_method_pi,TRUE,TRUE,Debit card
10135,1,,1,2.45,single_method_pi,TRUE,TRUE,Cash
10137,1,,1,2.45,single_method_pi,TRUE,TRUE,Cash
10138,1,,1,7.59,single_method_pi,TRUE,TRUE,Cash
10140,1,,1,6.3,single_method_pi,TRUE,TRUE,Cash
10141,1,,5,7.85,single_method_pi,FALSE,FALSE,Prepaid/gift/EBT card
10149,1,,4,34,single_method_pi,TRUE,TRUE,Debit card
10152,1,,1,3,single_method_pi,TRUE,TRUE,Cash
10153,1,,1,5,single_method_pi,TRUE,TRUE,Cash
10155,1,,3,4.95,single_method_pi,FALSE,FALSE,Credit card
10157,1,,3,15.53,single_method_pi,FALSE,FALSE,Credit card
10163,1,,3,17.490000000000002,single_method_pi,FALSE,FALSE,Credit card
10164,1,,1,2,single_method_pi,TRUE,TRUE,Cash
10167,1,,4,17.44,single_method_pi,TRUE,TRUE,Debit card
10169,1,,1,13.83,single_method_pi,TRUE,TRUE,Cash
10170,1,,1,26,single_method_pi,TRUE,TRUE,Cash
10171,1,,3,29.65,single_method_pi,FALSE,FALSE,Credit card
10176,1,,3,20.67,single_method_pi,FALSE,FALSE,Credit card
10182,1,,4,34.12,single_method_pi,TRUE,TRUE,Debit card
10184,1,,1,5.14,single_method_pi,TRUE,TRUE,Cash
10187,1,,1,2,single_method_pi,TRUE,TRUE,Cash
10188,1,,4,6.54,single_method_pi,TRUE,TRUE,Debit card
10189,1,,1,2.1,single_method_pi,TRUE,TRUE,Cash
10191,1,,4,14.02,single_method_pi,TRUE,TRUE,Debit card
10199,1,,6,339.73,single_method_pi,FALSE,TRUE,Bank account number payment
10201,1,,6,172.54,single_method_pi,FALSE,TRUE,Bank account number payment
10202,1,,4,48.74,single_method_pi,TRUE,TRUE,Debit card
10203,1,,8,55,single_method_pi,FALSE,FALSE,Money order
10204,1,,4,17.89,single_method_pi,TRUE,TRUE,Debit card
10209,1,,8,55,single_method_pi,FALSE,FALSE,Money order
10210,1,,1,8.6,single_method_pi,TRUE,TRUE,Cash
10212,1,,2,36.26,single_method_pi,TRUE,TRUE,Check
10213,1,,4,5.17,single_method_pi,TRUE,TRUE,Debit card
10214,1,,1,135,single_method_pi,TRUE,TRUE,Cash
10218,1,,1,354,single_method_pi,TRUE,TRUE,Cash
10222,1,,3,100,single_method_pi,FALSE,FALSE,Credit card
10223,1,,3,350,single_method_pi,FALSE,FALSE,Credit card
10224,1,,11,300,single_method_pi,FALSE,TRUE,Account-to-account transfer
10225,1,,3,300,single_method_pi,FALSE,FALSE,Credit card
10226,1,,1,20,single_method_pi,TRUE,TRUE,Cash
10227,1,,7,700,single_method_pi,FALSE,TRUE,Online banking bill payment
10233,1,,5,5.21,single_method_pi,FALSE,FALSE,Prepaid/gift/EBT card
10234,1,,6,12.99,single_method_pi,FALSE,TRUE,Bank account number payment
10235,1,,4,18.55,single_method_pi,TRUE,TRUE,Debit card
10236,1,,2,20,single_method_pi,TRUE,TRUE,Check
10237,1,,5,2.39,single_method_pi,FALSE,FALSE,Prepaid/gift/EBT card
10238,1,,1,1.51,single_method_pi,TRUE,TRUE,Cash
10240,1,,3,49.35,single_method_pi,FALSE,FALSE,Credit card
10241,1,,3,8.47,single_method_pi,FALSE,FALSE,Credit card
10243,1,,1,40,single_method_pi,TRUE,TRUE,Cash
10246,1,,7,112,single_method_pi,FALSE,TRUE,Online banking bill payment
10250,1,,4,28,single_method_pi,TRUE,TRUE,Debit card
10258,1,,1,75,single_method_pi,TRUE,TRUE,Cash
10260,1,,1,19.5,single_method_pi,TRUE,TRUE,Cash
10262,1,,6,300,single_method_pi,FALSE,TRUE,Bank account number payment
10263,1,,4,34,single_method_pi,TRUE,TRUE,Debit card
10268,1,,6,13,single_method_pi,FALSE,TRUE,Bank account number payment
10270,1,,4,23,single_method_pi,TRUE,TRUE,Debit card
10271,1,,6,182,single_method_pi,FALSE,TRUE,Bank account number payment
10272,1,,6,128,single_method_pi,FALSE,TRUE,Bank account number payment
10273,1,,6,25,single_method_pi,FALSE,TRUE,Bank account number payment
10280,1,,1,27.41,single_method_pi,TRUE,TRUE,Cash
10284,1,,4,2,single_method_pi,TRUE,TRUE,Debit card
10288,1,,3,26,single_method_pi,FALSE,FALSE,Credit card
10289,1,,3,38.67,single_method_pi,FALSE,FALSE,Credit card
10292,1,,1,1.25,single_method_pi,TRUE,TRUE,Cash
10293,1,,4,12.09,single_method_pi,TRUE,TRUE,Debit card
10295,1,,3,23.89,single_method_pi,FALSE,FALSE,Credit card
10296,1,,4,29,single_method_pi,TRUE,TRUE,Debit card
10297,1,,4,218.99,single_method_pi,TRUE,TRUE,Debit card
10299,1,,4,22.94,single_method_pi,TRUE,TRUE,Debit card
10300,1,,4,116.9,single_method_pi,TRUE,TRUE,Debit card
10301,1,,4,116.9,single_method_pi,TRUE,TRUE,Debit card
10307,1,,1,3.21,single_method_pi,TRUE,TRUE,Cash
10308,1,,3,6.19,single_method_pi,FALSE,FALSE,Credit card
10309,1,,3,6.390000000000001,single_method_pi,FALSE,FALSE,Credit card
10312,1,,2,1000,single_method_pi,TRUE,TRUE,Check
10317,1,,3,6.62,single_method_pi,FALSE,FALSE,Credit card
10318,1,,3,119.65,single_method_pi,FALSE,FALSE,Credit card
10321,1,,3,8.84,single_method_pi,FALSE,FALSE,Credit card
10322,1,,1,14.76,single_method_pi,TRUE,TRUE,Cash
10325,1,,1,6.3,single_method_pi,TRUE,TRUE,Cash
10327,1,,1,5.3,single_method_pi,TRUE,TRUE,Cash
10331,1,,13,112.37,single_method_pi,FALSE,FALSE,Other payment method
10335,1,,1,30,single_method_pi,TRUE,TRUE,Cash
10338,1,,1,2,single_method_pi,TRUE,TRUE,Cash
10342,1,,7,70,single_method_pi,FALSE,TRUE,Online banking bill payment
10344,1,,4,11,single_method_pi,TRUE,TRUE,Debit card
10346,1,,3,100,single_method_pi,FALSE,FALSE,Credit card
10347,1,,4,62.34,single_method_pi,TRUE,TRUE,Debit card
10348,1,,4,9.5,single_method_pi,TRUE,TRUE,Debit card
10349,1,,4,1,single_method_pi,TRUE,TRUE,Debit card
10350,1,,4,21.5,single_method_pi,TRUE,TRUE,Debit card
10351,1,,1,1,single_method_pi,TRUE,TRUE,Cash
10352,1,,1,7,single_method_pi,TRUE,TRUE,Cash
10359,1,,3,2.18,single_method_pi,FALSE,FALSE,Credit card
10360,1,,1,10.09,single_method_pi,TRUE,TRUE,Cash
10361,1,,3,17.5,single_method_pi,FALSE,FALSE,Credit card
10362,1,,13,3.95,single_method_pi,FALSE,FALSE,Other payment method
10366,1,,4,23,single_method_pi,TRUE,TRUE,Debit card
10371,1,,1,5,single_method_pi,TRUE,TRUE,Cash
10376,1,,1,32,single_method_pi,TRUE,TRUE,Cash
10377,1,,1,25,single_method_pi,TRUE,TRUE,Cash
10378,1,,4,27.17,single_method_pi,TRUE,TRUE,Debit card
10379,1,,4,12.34,single_method_pi,TRUE,TRUE,Debit card
10380,1,,4,21.02,single_method_pi,TRUE,TRUE,Debit card
10381,1,,4,7.88,single_method_pi,TRUE,TRUE,Debit card
10382,1,,4,7.88,single_method_pi,TRUE,TRUE,Debit card
10384,1,,3,20,single_method_pi,FALSE,FALSE,Credit card
10390,1,,4,8.31,single_method_pi,TRUE,TRUE,Debit card
10393,1,,4,15.74,single_method_pi,TRUE,TRUE,Debit card
10394,1,,4,1.5,single_method_pi,TRUE,TRUE,Debit card
10395,1,,4,1.5,single_method_pi,TRUE,TRUE,Debit card
10396,1,,1,19.27,single_method_pi,TRUE,TRUE,Cash
10398,1,,7,49.15,single_method_pi,FALSE,TRUE,Online banking bill payment
10404,1,,7,277.17,single_method_pi,FALSE,TRUE,Online banking bill payment
10406,1,,7,67.47,single_method_pi,FALSE,TRUE,Online banking bill payment
10410,1,,4,89.15,single_method_pi,TRUE,TRUE,Debit card
10411,1,,1,2.56,single_method_pi,TRUE,TRUE,Cash
10413,1,,4,14.75,single_method_pi,TRUE,TRUE,Debit card
10416,1,,4,97,single_method_pi,TRUE,TRUE,Debit card
10418,1,,1,1.73,single_method_pi,TRUE,TRUE,Cash
10419,1,,1,1.73,single_method_pi,TRUE,TRUE,Cash
10420,1,,1,1.73,single_method_pi,TRUE,TRUE,Cash
10421,1,,3,2.67,single_method_pi,FALSE,FALSE,Credit card
10426,1,,2,761,single_method_pi,TRUE,TRUE,Check
10428,1,,3,6,single_method_pi,FALSE,FALSE,Credit card
10434,1,,3,21.09,single_method_pi,FALSE,FALSE,Credit card
10436,1,,1,1,single_method_pi,TRUE,TRUE,Cash
10438,1,,4,11.87,single_method_pi,TRUE,TRUE,Debit card
10439,1,,4,51.44,single_method_pi,TRUE,TRUE,Debit card
10440,1,,4,2.67,single_method_pi,TRUE,TRUE,Debit card
10443,1,,1,1,single_method_pi,TRUE,TRUE,Cash
10444,1,,4,13.8,single_method_pi,TRUE,TRUE,Debit card
10446,1,,4,9.25,single_method_pi,TRUE,TRUE,Debit card
10447,1,,1,1,single_method_pi,TRUE,TRUE,Cash
10448,1,,4,21.58,single_method_pi,TRUE,TRUE,Debit card
10449,1,,4,45.41,single_method_pi,TRUE,TRUE,Debit card
10450,1,,1,10,single_method_pi,TRUE,TRUE,Cash
10451,1,,4,6.37,single_method_pi,TRUE,TRUE,Debit card
10456,1,,3,47.23,single_method_pi,FALSE,FALSE,Credit card
10457,1,,6,203.13,single_method_pi,FALSE,TRUE,Bank account number payment
10467,1,,4,11,single_method_pi,TRUE,TRUE,Debit card
10468,1,,4,25,single_method_pi,TRUE,TRUE,Debit card
10469,1,,4,125,single_method_pi,TRUE,TRUE,Debit card
10474,1,,3,115.56,single_method_pi,FALSE,FALSE,Credit card
10476,1,,1,0.9,single_method_pi,TRUE,TRUE,Cash
10478,1,,2,58.620000000000005,single_method_pi,TRUE,TRUE,Check
10479,1,,1,2,single_method_pi,TRUE,TRUE,Cash
10481,1,,1,2,single_method_pi,TRUE,TRUE,Cash
10483,1,,1,2,single_method_pi,TRUE,TRUE,Cash
10484,1,,4,10.29,single_method_pi,TRUE,TRUE,Debit card
10486,1,,3,46.87,single_method_pi,FALSE,FALSE,Credit card
10487,1,,1,5,single_method_pi,TRUE,TRUE,Cash
10488,1,,4,14.12,single_method_pi,TRUE,TRUE,Debit card
10490,1,,4,92,single_method_pi,TRUE,TRUE,Debit card
10492,1,,4,22.5,single_method_pi,TRUE,TRUE,Debit card
10495,1,,7,34,single_method_pi,FALSE,TRUE,Online banking bill payment
10498,1,,1,8.49,single_method_pi,TRUE,TRUE,Cash
10504,1,,4,31.33,single_method_pi,TRUE,TRUE,Debit card
10505,1,,4,49.86,single_method_pi,TRUE,TRUE,Debit card
10512,1,,6,30.5,single_method_pi,FALSE,TRUE,Bank account number payment
10514,1,,4,30.5,single_method_pi,TRUE,TRUE,Debit card
10517,1,,1,3,single_method_pi,TRUE,TRUE,Cash
10519,1,,6,132.84,single_method_pi,FALSE,TRUE,Bank account number payment
10520,1,,1,3.1,single_method_pi,TRUE,TRUE,Cash
10523,1,,1,22.2,single_method_pi,TRUE,TRUE,Cash
10530,1,,1,38,single_method_pi,TRUE,TRUE,Cash
10531,1,,1,59,single_method_pi,TRUE,TRUE,Cash
10532,1,,1,12,single_method_pi,TRUE,TRUE,Cash
10542,1,,5,2,single_method_pi,FALSE,FALSE,Prepaid/gift/EBT card
10543,1,,5,2,single_method_pi,FALSE,FALSE,Prepaid/gift/EBT card
10545,1,,4,20,single_method_pi,TRUE,TRUE,Debit card
10547,1,,4,8.950000000000001,single_method_pi,TRUE,TRUE,Debit card
10549,1,,2,100,single_method_pi,TRUE,TRUE,Check
10552,1,,7,45,single_method_pi,FALSE,TRUE,Online banking bill payment
10553,1,,4,128.36,single_method_pi,TRUE,TRUE,Debit card
10554,1,,4,45.56,single_method_pi,TRUE,TRUE,Debit card
10556,1,,1,4,single_method_pi,TRUE,TRUE,Cash
10566,1,,1,20,single_method_pi,TRUE,TRUE,Cash
10567,1,,1,16,single_method_pi,TRUE,TRUE,Cash
10574,1,,4,145,single_method_pi,TRUE,TRUE,Debit card
10576,1,,1,8.97,single_method_pi,TRUE,TRUE,Cash
10577,1,,1,7.59,single_method_pi,TRUE,TRUE,Cash
10578,1,,6,688.88,single_method_pi,FALSE,TRUE,Bank account number payment
10579,1,,6,153,single_method_pi,FALSE,TRUE,Bank account number payment
10583,1,,4,31,single_method_pi,TRUE,TRUE,Debit card
10585,1,,4,74.42,single_method_pi,TRUE,TRUE,Debit card
10586,1,,4,16.87,single_method_pi,TRUE,TRUE,Debit card
10587,1,,6,313.94,single_method_pi,FALSE,TRUE,Bank account number payment
10594,1,,3,7.390000000000001,single_method_pi,FALSE,FALSE,Credit card
10595,1,,1,2.75,single_method_pi,TRUE,TRUE,Cash
10599,1,,6,300,single_method_pi,FALSE,TRUE,Bank account number payment
10600,1,,1,7,single_method_pi,TRUE,TRUE,Cash
10601,1,,6,1000,single_method_pi,FALSE,TRUE,Bank account number payment
10602,1,,1,12,single_method_pi,TRUE,TRUE,Cash
10604,1,,6,1834.49,single_method_pi,FALSE,TRUE,Bank account number payment
10605,1,,1,8,single_method_pi,TRUE,TRUE,Cash
10607,1,,3,50,single_method_pi,FALSE,FALSE,Credit card
10615,1,,1,9,single_method_pi,TRUE,TRUE,Cash
10616,1,,1,32,single_method_pi,TRUE,TRUE,Cash
10618,1,,3,56.74,single_method_pi,FALSE,FALSE,Credit card
10621,1,,1,6,single_method_pi,TRUE,TRUE,Cash
10622,1,,1,4.55,single_method_pi,TRUE,TRUE,Cash
10623,1,,1,6.03,single_method_pi,TRUE,TRUE,Cash
10624,1,,1,4.55,single_method_pi,TRUE,TRUE,Cash
10626,1,,4,37.29,single_method_pi,TRUE,TRUE,Debit card
10635,1,,3,40.14,single_method_pi,FALSE,FALSE,Credit card
10637,1,,1,7.37,single_method_pi,TRUE,TRUE,Cash
10642,1,,4,20,single_method_pi,TRUE,TRUE,Debit card
10643,1,,3,16.26,single_method_pi,FALSE,FALSE,Credit card
10644,1,,1,2,single_method_pi,TRUE,TRUE,Cash
10645,1,,4,16.31,single_method_pi,TRUE,TRUE,Debit card
10646,1,,2,100,single_method_pi,TRUE,TRUE,Check
10649,1,,4,68.66,single_method_pi,TRUE,TRUE,Debit card
10651,1,,4,40.11,single_method_pi,TRUE,TRUE,Debit card
10652,1,,1,10,single_method_pi,TRUE,TRUE,Cash
10653,1,,4,24,single_method_pi,TRUE,TRUE,Debit card
10654,1,,4,19.69,single_method_pi,TRUE,TRUE,Debit card
10657,1,,1,1.25,single_method_pi,TRUE,TRUE,Cash
10658,1,,4,38.01,single_method_pi,TRUE,TRUE,Debit card
10660,1,,1,3,single_method_pi,TRUE,TRUE,Cash
10662,1,,5,4.29,single_method_pi,FALSE,FALSE,Prepaid/gift/EBT card
10664,1,,5,5.41,single_method_pi,FALSE,FALSE,Prepaid/gift/EBT card
10671,1,,2,202.59,single_method_pi,TRUE,TRUE,Check
10672,1,,3,117.59,single_method_pi,FALSE,FALSE,Credit card
10679,1,,2,74.7,single_method_pi,TRUE,TRUE,Check
10681,1,,1,8.22,single_method_pi,TRUE,TRUE,Cash
10683,1,,4,52.98,single_method_pi,TRUE,TRUE,Debit card
10685,1,,4,16.23,single_method_pi,TRUE,TRUE,Debit card
10686,1,,2,65.72,single_method_pi,TRUE,TRUE,Check
10687,1,,4,5,single_method_pi,TRUE,TRUE,Debit card
10691,1,,4,180,single_method_pi,TRUE,TRUE,Debit card
10695,1,,1,6,single_method_pi,TRUE,TRUE,Cash
10697,1,,1,37.58,single_method_pi,TRUE,TRUE,Cash
10700,1,,1,2.12,single_method_pi,TRUE,TRUE,Cash
10702,1,,1,13.48,single_method_pi,TRUE,TRUE,Cash
10703,1,,1,6.25,single_method_pi,TRUE,TRUE,Cash
10705,1,,1,18.5,single_method_pi,TRUE,TRUE,Cash
10707,1,,1,2,single_method_pi,TRUE,TRUE,Cash
10708,1,,1,1.08,single_method_pi,TRUE,TRUE,Cash
10710,1,,1,2,single_method_pi,TRUE,TRUE,Cash
10712,1,,1,6.36,single_method_pi,TRUE,TRUE,Cash
10716,1,,5,4.3500000000000005,single_method_pi,FALSE,FALSE,Prepaid/gift/EBT card
10717,1,,1,3.43,single_method_pi,TRUE,TRUE,Cash
10719,1,,1,7,single_method_pi,TRUE,TRUE,Cash
10724,1,,3,5,single_method_pi,FALSE,FALSE,Credit card
10727,1,,1,8,single_method_pi,TRUE,TRUE,Cash
10728,1,,1,8,single_method_pi,TRUE,TRUE,Cash
10730,1,,1,7.92,single_method_pi,TRUE,TRUE,Cash
10739,1,,4,4.76,single_method_pi,TRUE,TRUE,Debit card
10741,1,,3,5,single_method_pi,FALSE,FALSE,Credit card
10743,1,,3,7.92,single_method_pi,FALSE,FALSE,Credit card
10745,1,,3,3.27,single_method_pi,FALSE,FALSE,Credit card
10749,1,,2,150,single_method_pi,TRUE,TRUE,Check
10752,1,,4,22,single_method_pi,TRUE,TRUE,Debit card
10754,1,,4,4.5,single_method_pi,TRUE,TRUE,Debit card
10756,1,,4,101.94,single_method_pi,TRUE,TRUE,Debit card
10759,1,,4,15.45,single_method_pi,TRUE,TRUE,Debit card
10761,1,,4,16.68,single_method_pi,TRUE,TRUE,Debit card
10762,1,,4,115,single_method_pi,TRUE,TRUE,Debit card
10764,1,,5,19.8,single_method_pi,FALSE,FALSE,Prepaid/gift/EBT card
10770,1,,1,19,single_method_pi,TRUE,TRUE,Cash
10771,1,,4,61.4,single_method_pi,TRUE,TRUE,Debit card
10774,1,,4,23.64,single_method_pi,TRUE,TRUE,Debit card
10775,1,,4,26.35,single_method_pi,TRUE,TRUE,Debit card
10777,1,,4,30,single_method_pi,TRUE,TRUE,Debit card
10779,1,,1,20,single_method_pi,TRUE,TRUE,Cash
10780,1,,7,1578.87,single_method_pi,FALSE,TRUE,Online banking bill payment
10781,1,,7,1257,single_method_pi,FALSE,TRUE,Online banking bill payment
10783,1,,1,1.49,single_method_pi,TRUE,TRUE,Cash
10784,1,,3,63.43,single_method_pi,FALSE,FALSE,Credit card
10787,1,,1,10,single_method_pi,TRUE,TRUE,Cash
10792,1,,2,56.93,single_method_pi,TRUE,TRUE,Check
10793,1,,2,129.57,single_method_pi,TRUE,TRUE,Check
10797,1,,4,21.58,single_method_pi,TRUE,TRUE,Debit card
10801,1,,1,3.25,single_method_pi,TRUE,TRUE,Cash
10805,1,,1,7,single_method_pi,TRUE,TRUE,Cash
10807,1,,1,10,single_method_pi,TRUE,TRUE,Cash
10810,1,,1,26,single_method_pi,TRUE,TRUE,Cash
10813,1,,3,79.04,single_method_pi,FALSE,FALSE,Credit card
10814,1,,1,5,single_method_pi,TRUE,TRUE,Cash
10816,1,,4,14.77,single_method_pi,TRUE,TRUE,Debit card
10817,1,,1,20,single_method_pi,TRUE,TRUE,Cash
10819,1,,4,11.98,single_method_pi,TRUE,TRUE,Debit card
10821,1,,1,4,single_method_pi,TRUE,TRUE,Cash
10822,1,,1,22,single_method_pi,TRUE,TRUE,Cash
10826,1,,1,15,single_method_pi,TRUE,TRUE,Cash
10832,1,,4,20,single_method_pi,TRUE,TRUE,Debit card
10834,1,,4,17,single_method_pi,TRUE,TRUE,Debit card
10845,1,,3,56,single_method_pi,FALSE,FALSE,Credit card
10851,1,,7,24.88,single_method_pi,FALSE,TRUE,Online banking bill payment
10852,1,,13,1,single_method_pi,FALSE,FALSE,Other payment method
10853,1,,3,63.5,single_method_pi,FALSE,FALSE,Credit card
10854,1,,3,74.62,single_method_pi,FALSE,FALSE,Credit card
10855,1,,3,17.25,single_method_pi,FALSE,FALSE,Credit card
10857,1,,3,1,single_method_pi,FALSE,FALSE,Credit card
10858,1,,3,1,single_method_pi,FALSE,FALSE,Credit card
10860,1,,3,256,single_method_pi,FALSE,FALSE,Credit card
10865,1,,2,25,single_method_pi,TRUE,TRUE,Check
10866,1,,3,30.26,single_method_pi,FALSE,FALSE,Credit card
10868,1,,2,150,single_method_pi,TRUE,TRUE,Check
10869,1,,1,3.29,single_method_pi,TRUE,TRUE,Cash
10877,1,,1,9.53,single_method_pi,TRUE,TRUE,Cash
10878,1,,1,37.54,single_method_pi,TRUE,TRUE,Cash
10879,1,,1,4.3500000000000005,single_method_pi,TRUE,TRUE,Cash
10882,1,,1,30,single_method_pi,TRUE,TRUE,Cash
10883,1,,3,33,single_method_pi,FALSE,FALSE,Credit card
10889,1,,1,30,single_method_pi,TRUE,TRUE,Cash
10890,1,,4,58.94,single_method_pi,TRUE,TRUE,Debit card
10892,1,,1,9.95,single_method_pi,TRUE,TRUE,Cash
10893,1,,1,5,single_method_pi,TRUE,TRUE,Cash
10895,1,,4,84.84,single_method_pi,TRUE,TRUE,Debit card
10898,1,,4,8.75,single_method_pi,TRUE,TRUE,Debit card
10899,1,,4,23.72,single_method_pi,TRUE,TRUE,Debit card
10900,1,,4,47.05,single_method_pi,TRUE,TRUE,Debit card
10901,1,,3,72,single_method_pi,FALSE,FALSE,Credit card
10902,1,,3,15.04,single_method_pi,FALSE,FALSE,Credit card
10905,1,,3,38.5,single_method_pi,FALSE,FALSE,Credit card
10906,1,,3,181,single_method_pi,FALSE,FALSE,Credit card
10912,1,,3,164,single_method_pi,FALSE,FALSE,Credit card
10913,1,,3,13.17,single_method_pi,FALSE,FALSE,Credit card
10917,1,,4,23.35,single_method_pi,TRUE,TRUE,Debit card
10919,1,,4,22.5,single_method_pi,TRUE,TRUE,Debit card
10920,1,,2,17,single_method_pi,TRUE,TRUE,Check
10922,1,,4,8.26,single_method_pi,TRUE,TRUE,Debit card
10924,1,,4,33.86,single_method_pi,TRUE,TRUE,Debit card
10925,1,,4,19.76,single_method_pi,TRUE,TRUE,Debit card
10934,1,,4,24.87,single_method_pi,TRUE,TRUE,Debit card
10939,1,,4,15.24,single_method_pi,TRUE,TRUE,Debit card
10941,1,,4,36.38,single_method_pi,TRUE,TRUE,Debit card
10942,1,,1,10,single_method_pi,TRUE,TRUE,Cash
10945,1,,1,4,single_method_pi,TRUE,TRUE,Cash
10946,1,,4,21.47,single_method_pi,TRUE,TRUE,Debit card
10949,1,,3,79.5,single_method_pi,FALSE,FALSE,Credit card
10950,1,,2,180,single_method_pi,TRUE,TRUE,Check
10951,1,,3,21.14,single_method_pi,FALSE,FALSE,Credit card
10952,1,,3,3,single_method_pi,FALSE,FALSE,Credit card
10953,1,,3,7.56,single_method_pi,FALSE,FALSE,Credit card
10959,1,,6,12.99,single_method_pi,FALSE,TRUE,Bank account number payment
10966,1,,1,5,single_method_pi,TRUE,TRUE,Cash
10974,1,,2,580,single_method_pi,TRUE,TRUE,Check
10975,1,,1,2.75,single_method_pi,TRUE,TRUE,Cash
10976,1,,1,1.25,single_method_pi,TRUE,TRUE,Cash
10979,1,,4,248,single_method_pi,TRUE,TRUE,Debit card
10987,1,,7,83.2,single_method_pi,FALSE,TRUE,Online banking bill payment
10992,1,,1,5,single_method_pi,TRUE,TRUE,Cash
10993,1,,3,85.09,single_method_pi,FALSE,FALSE,Credit card
10996,1,,2,140,single_method_pi,TRUE,TRUE,Check
11008,1,,4,3.59,single_method_pi,TRUE,TRUE,Debit card
11011,1,,4,16.28,single_method_pi,TRUE,TRUE,Debit card
11013,1,,4,5.95,single_method_pi,TRUE,TRUE,Debit card
11017,1,,7,32.2,single_method_pi,FALSE,TRUE,Online banking bill payment
11019,1,,6,300,single_method_pi,FALSE,TRUE,Bank account number payment
11020,1,,6,50,single_method_pi,FALSE,TRUE,Bank account number payment
11022,1,,3,9.36,single_method_pi,FALSE,FALSE,Credit card
11025,1,,6,91.49,single_method_pi,FALSE,TRUE,Bank account number payment
11027,1,,4,9.36,single_method_pi,TRUE,TRUE,Debit card
11028,1,,4,9.68,single_method_pi,TRUE,TRUE,Debit card
11030,1,,6,91.49,single_method_pi,FALSE,TRUE,Bank account number payment
11033,1,,4,8.16,single_method_pi,TRUE,TRUE,Debit card
11035,1,,4,2.01,single_method_pi,TRUE,TRUE,Debit card
11036,1,,3,25,single_method_pi,FALSE,FALSE,Credit card
11052,1,,1,12.86,single_method_pi,TRUE,TRUE,Cash
11054,1,,1,8.43,single_method_pi,TRUE,TRUE,Cash
11056,1,,1,100,single_method_pi,TRUE,TRUE,Cash
11057,1,,4,9.78,single_method_pi,TRUE,TRUE,Debit card
11058,1,,4,24.76,single_method_pi,TRUE,TRUE,Debit card
11063,1,,1,9.32,single_method_pi,TRUE,TRUE,Cash
11064,1,,4,35.18,single_method_pi,TRUE,TRUE,Debit card
11066,1,,1,6.21,single_method_pi,TRUE,TRUE,Cash
11067,1,,3,34.86,single_method_pi,FALSE,FALSE,Credit card
11069,1,,4,20.83,single_method_pi,TRUE,TRUE,Debit card
11071,1,,7,217,single_method_pi,FALSE,TRUE,Online banking bill payment
11076,1,,4,2.83,single_method_pi,TRUE,TRUE,Debit card
11077,1,,1,11.09,single_method_pi,TRUE,TRUE,Cash
11078,1,,7,123,single_method_pi,FALSE,TRUE,Online banking bill payment
11079,1,,7,166,single_method_pi,FALSE,TRUE,Online banking bill payment
11081,1,,7,123,single_method_pi,FALSE,TRUE,Online banking bill payment
11082,1,,1,3,single_method_pi,TRUE,TRUE,Cash
11083,1,,3,37.72,single_method_pi,FALSE,FALSE,Credit card
11084,1,,1,3,single_method_pi,TRUE,TRUE,Cash
11085,1,,3,16.56,single_method_pi,FALSE,FALSE,Credit card
11087,1,,4,7.61,single_method_pi,TRUE,TRUE,Debit card
11088,1,,1,0.85,single_method_pi,TRUE,TRUE,Cash
11089,1,,4,31.96,single_method_pi,TRUE,TRUE,Debit card
11090,1,,4,1.08,single_method_pi,TRUE,TRUE,Debit card
11091,1,,4,26.83,single_method_pi,TRUE,TRUE,Debit card
11092,1,,3,21.66,single_method_pi,FALSE,FALSE,Credit card
11093,1,,1,2,single_method_pi,TRUE,TRUE,Cash
11096,1,,1,10,single_method_pi,TRUE,TRUE,Cash
11099,1,,4,52.46,single_method_pi,TRUE,TRUE,Debit card
11100,1,,4,50,single_method_pi,TRUE,TRUE,Debit card
11101,1,,6,247.68,single_method_pi,FALSE,TRUE,Bank account number payment
11104,1,,6,100,single_method_pi,FALSE,TRUE,Bank account number payment
11108,1,,4,30,single_method_pi,TRUE,TRUE,Debit card
11110,1,,6,140,single_method_pi,FALSE,TRUE,Bank account number payment
11113,1,,6,317.5,single_method_pi,FALSE,TRUE,Bank account number payment
11116,1,,3,179.1,single_method_pi,FALSE,FALSE,Credit card
11117,1,,3,162.55,single_method_pi,FALSE,FALSE,Credit card
11118,1,,4,56.1,single_method_pi,TRUE,TRUE,Debit card
11121,1,,1,2,single_method_pi,TRUE,TRUE,Cash
11122,1,,4,21.19,single_method_pi,TRUE,TRUE,Debit card
11126,1,,1,21.05,single_method_pi,TRUE,TRUE,Cash
11127,1,,1,11.37,single_method_pi,TRUE,TRUE,Cash
11128,1,,1,19.99,single_method_pi,TRUE,TRUE,Cash
11132,1,,4,114,single_method_pi,TRUE,TRUE,Debit card
11135,1,,4,8.56,single_method_pi,TRUE,TRUE,Debit card
11140,1,,4,300,single_method_pi,TRUE,TRUE,Debit card
11143,1,,13,2.5,single_method_pi,FALSE,FALSE,Other payment method
11144,1,,13,2.5,single_method_pi,FALSE,FALSE,Other payment method
11155,1,,3,10,single_method_pi,FALSE,FALSE,Credit card
11156,1,,3,2.5,single_method_pi,FALSE,FALSE,Credit card
11157,1,,3,200,single_method_pi,FALSE,FALSE,Credit card
11162,1,,1,5.0600000000000005,single_method_pi,TRUE,TRUE,Cash
11163,1,,4,4.74,single_method_pi,TRUE,TRUE,Debit card
11166,1,,4,15.06,single_method_pi,TRUE,TRUE,Debit card
11168,1,,4,38.72,single_method_pi,TRUE,TRUE,Debit card
11171,1,,4,39.37,single_method_pi,TRUE,TRUE,Debit card
11176,1,,2,80,single_method_pi,TRUE,TRUE,Check
11178,1,,1,11,single_method_pi,TRUE,TRUE,Cash
11179,1,,1,2,single_method_pi,TRUE,TRUE,Cash
11183,1,,4,10,single_method_pi,TRUE,TRUE,Debit card
11184,1,,1,3,single_method_pi,TRUE,TRUE,Cash
11185,1,,4,10.7,single_method_pi,TRUE,TRUE,Debit card
11192,1,,4,35.51,single_method_pi,TRUE,TRUE,Debit card
11197,1,,1,15.85,single_method_pi,TRUE,TRUE,Cash
11198,1,,1,4.92,single_method_pi,TRUE,TRUE,Cash
11206,1,,4,50,single_method_pi,TRUE,TRUE,Debit card
11211,1,,3,59.55,single_method_pi,FALSE,FALSE,Credit card
11215,1,,4,49.620000000000005,single_method_pi,TRUE,TRUE,Debit card
11223,1,,4,35,single_method_pi,TRUE,TRUE,Debit card
11227,1,,1,20,single_method_pi,TRUE,TRUE,Cash
11230,1,,1,105,single_method_pi,TRUE,TRUE,Cash
11242,1,,1,126,single_method_pi,TRUE,TRUE,Cash
11255,1,,1,110,single_method_pi,TRUE,TRUE,Cash
11262,1,,4,13.19,single_method_pi,TRUE,TRUE,Debit card
11272,1,,4,9.15,single_method_pi,TRUE,TRUE,Debit card
11277,1,,4,44.79,single_method_pi,TRUE,TRUE,Debit card
11279,1,,1,7.5,single_method_pi,TRUE,TRUE,Cash
11281,1,,4,102,single_method_pi,TRUE,TRUE,Debit card
11287,1,,1,8.28,single_method_pi,TRUE,TRUE,Cash
11288,1,,3,63.22,single_method_pi,FALSE,FALSE,Credit card
11291,1,,3,3.38,single_method_pi,FALSE,FALSE,Credit card
11294,1,,7,35,single_method_pi,FALSE,TRUE,Online banking bill payment
11295,1,,7,200,single_method_pi,FALSE,TRUE,Online banking bill payment
11296,1,,7,79,single_method_pi,FALSE,TRUE,Online banking bill payment
11297,1,,7,90.51,single_method_pi,FALSE,TRUE,Online banking bill payment
11300,1,,7,40.86,single_method_pi,FALSE,TRUE,Online banking bill payment
11301,1,,3,15.15,single_method_pi,FALSE,FALSE,Credit card
11302,1,,7,79,single_method_pi,FALSE,TRUE,Online banking bill payment
11305,1,,1,8.4,single_method_pi,TRUE,TRUE,Cash
11307,1,,4,78.61,single_method_pi,TRUE,TRUE,Debit card
11308,1,,3,33.07,single_method_pi,FALSE,FALSE,Credit card
11313,1,,4,3.24,single_method_pi,TRUE,TRUE,Debit card
11315,1,,3,55.5,single_method_pi,FALSE,FALSE,Credit card
11317,1,,7,236,single_method_pi,FALSE,TRUE,Online banking bill payment
11319,1,,5,57,single_method_pi,FALSE,FALSE,Prepaid/gift/EBT card
11323,1,,3,21.14,single_method_pi,FALSE,FALSE,Credit card
11329,1,,1,53.53,single_method_pi,TRUE,TRUE,Cash
11332,1,,1,10,single_method_pi,TRUE,TRUE,Cash
11333,1,,1,6.3,single_method_pi,TRUE,TRUE,Cash
11335,1,,1,21,single_method_pi,TRUE,TRUE,Cash
11338,1,,1,32,single_method_pi,TRUE,TRUE,Cash
11341,1,,4,13.85,single_method_pi,TRUE,TRUE,Debit card
11343,1,,7,18.73,single_method_pi,FALSE,TRUE,Online banking bill payment
11346,1,,3,45.78,single_method_pi,FALSE,FALSE,Credit card
11348,1,,7,103.08,single_method_pi,FALSE,TRUE,Online banking bill payment
11349,1,,3,187.62,single_method_pi,FALSE,FALSE,Credit card
11350,1,,1,16,single_method_pi,TRUE,TRUE,Cash
11351,1,,1,8,single_method_pi,TRUE,TRUE,Cash
11354,1,,1,75,single_method_pi,TRUE,TRUE,Cash
11356,1,,4,12.49,single_method_pi,TRUE,TRUE,Debit card
11357,1,,4,28,single_method_pi,TRUE,TRUE,Debit card
11361,1,,4,20.43,single_method_pi,TRUE,TRUE,Debit card
11365,1,,1,12,single_method_pi,TRUE,TRUE,Cash
11368,1,,4,5,single_method_pi,TRUE,TRUE,Debit card
11369,1,,1,2,single_method_pi,TRUE,TRUE,Cash
11371,1,,3,54.46,single_method_pi,FALSE,FALSE,Credit card
11374,1,,4,3.99,single_method_pi,TRUE,TRUE,Debit card
11376,1,,1,19.78,single_method_pi,TRUE,TRUE,Cash
11378,1,,3,5,single_method_pi,FALSE,FALSE,Credit card
11380,1,,1,6,single_method_pi,TRUE,TRUE,Cash
11381,1,,4,48.02,single_method_pi,TRUE,TRUE,Debit card
11382,1,,1,2.99,single_method_pi,TRUE,TRUE,Cash
11389,1,,4,94.82,single_method_pi,TRUE,TRUE,Debit card
11391,1,,4,188.66,single_method_pi,TRUE,TRUE,Debit card
11392,1,,2,518,single_method_pi,TRUE,TRUE,Check
11395,1,,1,7,single_method_pi,TRUE,TRUE,Cash
11396,1,,1,5.12,single_method_pi,TRUE,TRUE,Cash
11397,1,,4,56.82,single_method_pi,TRUE,TRUE,Debit card
11398,1,,4,61.93,single_method_pi,TRUE,TRUE,Debit card
11399,1,,1,21,single_method_pi,TRUE,TRUE,Cash
11400,1,,1,16,single_method_pi,TRUE,TRUE,Cash
11402,1,,1,20,single_method_pi,TRUE,TRUE,Cash
11408,1,,4,4.78,single_method_pi,TRUE,TRUE,Debit card
11409,1,,1,5.87,single_method_pi,TRUE,TRUE,Cash
11412,1,,1,5,single_method_pi,TRUE,TRUE,Cash
11413,1,,4,1.12,single_method_pi,TRUE,TRUE,Debit card
11414,1,,4,8,single_method_pi,TRUE,TRUE,Debit card
11431,1,,3,30,single_method_pi,FALSE,FALSE,Credit card
11432,1,,1,10,single_method_pi,TRUE,TRUE,Cash
11433,1,,3,6.99,single_method_pi,FALSE,FALSE,Credit card
11434,1,,3,4.45,single_method_pi,FALSE,FALSE,Credit card
11435,1,,3,25.16,single_method_pi,FALSE,FALSE,Credit card
11436,1,,3,38.57,single_method_pi,FALSE,FALSE,Credit card
11438,1,,6,202.81,single_method_pi,FALSE,TRUE,Bank account number payment
11440,1,,4,13.2,single_method_pi,TRUE,TRUE,Debit card
11441,1,,6,152.32,single_method_pi,FALSE,TRUE,Bank account number payment
11444,1,,4,379,single_method_pi,TRUE,TRUE,Debit card
11446,1,,4,91,single_method_pi,TRUE,TRUE,Debit card
11449,1,,1,10,single_method_pi,TRUE,TRUE,Cash
11451,1,,1,25.5,single_method_pi,TRUE,TRUE,Cash
11453,1,,4,10,single_method_pi,TRUE,TRUE,Debit card
11454,1,,4,62,single_method_pi,TRUE,TRUE,Debit card
11455,1,,4,111,single_method_pi,TRUE,TRUE,Debit card
11459,1,,3,80,single_method_pi,FALSE,FALSE,Credit card
11460,1,,3,26,single_method_pi,FALSE,FALSE,Credit card
11464,1,,4,37.4,single_method_pi,TRUE,TRUE,Debit card
11465,1,,4,35.25,single_method_pi,TRUE,TRUE,Debit card
11466,1,,4,9.4,single_method_pi,TRUE,TRUE,Debit card
11469,1,,14,25,single_method_pi,FALSE,FALSE,Deduction from income
11475,1,,4,12.59,single_method_pi,TRUE,TRUE,Debit card
11478,1,,4,13.7,single_method_pi,TRUE,TRUE,Debit card
11479,1,,6,293.84000000000003,single_method_pi,FALSE,TRUE,Bank account number payment
11480,1,,4,20.82,single_method_pi,TRUE,TRUE,Debit card
11481,1,,4,39.19,single_method_pi,TRUE,TRUE,Debit card
11482,1,,4,24.74,single_method_pi,TRUE,TRUE,Debit card
11487,1,,4,1.7,single_method_pi,TRUE,TRUE,Debit card
11488,1,,4,1.7,single_method_pi,TRUE,TRUE,Debit card
11495,1,,6,200,single_method_pi,FALSE,TRUE,Bank account number payment
11497,1,,4,82.25,single_method_pi,TRUE,TRUE,Debit card
11518,1,,1,80,single_method_pi,TRUE,TRUE,Cash
11519,1,,1,20,single_method_pi,TRUE,TRUE,Cash
11520,1,,4,51.15,single_method_pi,TRUE,TRUE,Debit card
11521,1,,1,7.99,single_method_pi,TRUE,TRUE,Cash
11523,1,,4,3.4,single_method_pi,TRUE,TRUE,Debit card
11524,1,,4,25.97,single_method_pi,TRUE,TRUE,Debit card
11525,1,,1,5,single_method_pi,TRUE,TRUE,Cash
11526,1,,4,158.70000000000002,single_method_pi,TRUE,TRUE,Debit card
11529,1,,1,8,single_method_pi,TRUE,TRUE,Cash
11533,1,,1,31,single_method_pi,TRUE,TRUE,Cash
11540,1,,2,44.92,single_method_pi,TRUE,TRUE,Check
11541,1,,1,20,single_method_pi,TRUE,TRUE,Cash
11542,1,,2,50,single_method_pi,TRUE,TRUE,Check
11543,1,,4,15.64,single_method_pi,TRUE,TRUE,Debit card
11544,1,,4,44.77,single_method_pi,TRUE,TRUE,Debit card
11547,1,,1,5.8500000000000005,single_method_pi,TRUE,TRUE,Cash
11548,1,,4,12.8,single_method_pi,TRUE,TRUE,Debit card
11551,1,,4,58.5,single_method_pi,TRUE,TRUE,Debit card
11552,1,,4,40.94,single_method_pi,TRUE,TRUE,Debit card
11553,1,,4,6.5,single_method_pi,TRUE,TRUE,Debit card
11555,1,,3,2,single_method_pi,FALSE,FALSE,Credit card
11556,1,,3,13.03,single_method_pi,FALSE,FALSE,Credit card
11557,1,,3,3.99,single_method_pi,FALSE,FALSE,Credit card
11560,1,,3,7.5,single_method_pi,FALSE,FALSE,Credit card
11562,1,,3,7.71,single_method_pi,FALSE,FALSE,Credit card
11577,1,,1,10,single_method_pi,TRUE,TRUE,Cash
11578,1,,4,300,single_method_pi,TRUE,TRUE,Debit card
11579,1,,5,6,single_method_pi,FALSE,FALSE,Prepaid/gift/EBT card
11580,1,,1,20,single_method_pi,TRUE,TRUE,Cash
11583,1,,1,11.7,single_method_pi,TRUE,TRUE,Cash
11586,1,,4,22.93,single_method_pi,TRUE,TRUE,Debit card
11592,1,,4,67,single_method_pi,TRUE,TRUE,Debit card
11593,1,,7,26.25,single_method_pi,FALSE,TRUE,Online banking bill payment
11594,1,,4,10.7,single_method_pi,TRUE,TRUE,Debit card
11596,1,,4,3,single_method_pi,TRUE,TRUE,Debit card
11598,1,,4,3,single_method_pi,TRUE,TRUE,Debit card
11601,1,,4,3,single_method_pi,TRUE,TRUE,Debit card
11602,1,,1,2,single_method_pi,TRUE,TRUE,Cash
11605,1,,4,3,single_method_pi,TRUE,TRUE,Debit card
11606,1,,4,9.45,single_method_pi,TRUE,TRUE,Debit card
11607,1,,1,2,single_method_pi,TRUE,TRUE,Cash
11612,1,,6,25.75,single_method_pi,FALSE,TRUE,Bank account number payment
11613,1,,4,25.21,single_method_pi,TRUE,TRUE,Debit card
11614,1,,1,13.97,single_method_pi,TRUE,TRUE,Cash
11615,1,,3,1000,single_method_pi,FALSE,FALSE,Credit card
11616,1,,5,25.38,single_method_pi,FALSE,FALSE,Prepaid/gift/EBT card
11617,1,,5,38.83,single_method_pi,FALSE,FALSE,Prepaid/gift/EBT card
11619,1,,7,175,single_method_pi,FALSE,TRUE,Online banking bill payment
11624,1,,4,19.99,single_method_pi,TRUE,TRUE,Debit card
11625,1,,4,22.16,single_method_pi,TRUE,TRUE,Debit card
11629,1,,1,4,single_method_pi,TRUE,TRUE,Cash
11630,1,,13,300,single_method_pi,FALSE,FALSE,Other payment method
11636,1,,6,587.92,single_method_pi,FALSE,TRUE,Bank account number payment
11638,1,,1,4.3100000000000005,single_method_pi,TRUE,TRUE,Cash
11640,1,,1,16,single_method_pi,TRUE,TRUE,Cash
11641,1,,1,5.03,single_method_pi,TRUE,TRUE,Cash
11646,1,,3,94.62,single_method_pi,FALSE,FALSE,Credit card
11647,1,,3,16.5,single_method_pi,FALSE,FALSE,Credit card
11648,1,,3,71.60000000000001,single_method_pi,FALSE,FALSE,Credit card
11650,1,,3,8.55,single_method_pi,FALSE,FALSE,Credit card
11659,1,,6,339,single_method_pi,FALSE,TRUE,Bank account number payment
11660,1,,6,90,single_method_pi,FALSE,TRUE,Bank account number payment
11661,1,,1,1,single_method_pi,TRUE,TRUE,Cash
11664,1,,3,15.46,single_method_pi,FALSE,FALSE,Credit card
11668,1,,3,34,single_method_pi,FALSE,FALSE,Credit card
11670,1,,3,21,single_method_pi,FALSE,FALSE,Credit card
11675,1,,4,31.24,single_method_pi,TRUE,TRUE,Debit card
11677,1,,4,39.06,single_method_pi,TRUE,TRUE,Debit card
11680,1,,4,289.96,single_method_pi,TRUE,TRUE,Debit card
11682,1,,4,21.95,single_method_pi,TRUE,TRUE,Debit card
11684,1,,2,288.16,single_method_pi,TRUE,TRUE,Check
11685,1,,4,13.46,single_method_pi,TRUE,TRUE,Debit card
11686,1,,7,172.23,single_method_pi,FALSE,TRUE,Online banking bill payment
11696,1,,1,5.42,single_method_pi,TRUE,TRUE,Cash
11697,1,,1,2.86,single_method_pi,TRUE,TRUE,Cash
11699,1,,4,63.8,single_method_pi,TRUE,TRUE,Debit card
11700,1,,1,10.46,single_method_pi,TRUE,TRUE,Cash
11703,1,,4,42.4,single_method_pi,TRUE,TRUE,Debit card
11704,1,,4,60.5,single_method_pi,TRUE,TRUE,Debit card
11705,1,,1,0.18,single_method_pi,TRUE,TRUE,Cash
11711,1,,1,3,single_method_pi,TRUE,TRUE,Cash
11714,1,,1,3,single_method_pi,TRUE,TRUE,Cash
11715,1,,2,185,single_method_pi,TRUE,TRUE,Check
11716,1,,3,15,single_method_pi,FALSE,FALSE,Credit card
11718,1,,3,40,single_method_pi,FALSE,FALSE,Credit card
11725,1,,3,40.86,single_method_pi,FALSE,FALSE,Credit card
11733,1,,5,121.5,single_method_pi,FALSE,FALSE,Prepaid/gift/EBT card
11736,1,,1,2,single_method_pi,TRUE,TRUE,Cash
11737,1,,1,6,single_method_pi,TRUE,TRUE,Cash
11739,1,,1,6.34,single_method_pi,TRUE,TRUE,Cash
11742,1,,1,11.23,single_method_pi,TRUE,TRUE,Cash
11743,1,,3,11.51,single_method_pi,FALSE,FALSE,Credit card
11744,1,,1,3,single_method_pi,TRUE,TRUE,Cash
11745,1,,3,18.51,single_method_pi,FALSE,FALSE,Credit card
11750,1,,1,8.52,single_method_pi,TRUE,TRUE,Cash
11751,1,,1,16.86,single_method_pi,TRUE,TRUE,Cash
11753,1,,4,34,single_method_pi,TRUE,TRUE,Debit card
11757,1,,7,90,single_method_pi,FALSE,TRUE,Online banking bill payment
11758,1,,7,129,single_method_pi,FALSE,TRUE,Online banking bill payment
11759,1,,7,70,single_method_pi,FALSE,TRUE,Online banking bill payment
11760,1,,7,170,single_method_pi,FALSE,TRUE,Online banking bill payment
11770,1,,1,29,single_method_pi,TRUE,TRUE,Cash
11771,1,,1,13.19,single_method_pi,TRUE,TRUE,Cash
11772,1,,4,46.95,single_method_pi,TRUE,TRUE,Debit card
11773,1,,1,8,single_method_pi,TRUE,TRUE,Cash
11776,1,,1,17.11,single_method_pi,TRUE,TRUE,Cash
11780,1,,1,5,single_method_pi,TRUE,TRUE,Cash
11782,1,,3,264.8,single_method_pi,FALSE,FALSE,Credit card
11783,1,,3,362.62,single_method_pi,FALSE,FALSE,Credit card
11787,1,,3,30.66,single_method_pi,FALSE,FALSE,Credit card
11790,1,,3,13,single_method_pi,FALSE,FALSE,Credit card
11791,1,,3,4.23,single_method_pi,FALSE,FALSE,Credit card
11792,1,,1,2,single_method_pi,TRUE,TRUE,Cash
11793,1,,4,103,single_method_pi,TRUE,TRUE,Debit card
11798,1,,4,1.46,single_method_pi,TRUE,TRUE,Debit card
11799,1,,2,605,single_method_pi,TRUE,TRUE,Check
11800,1,,3,13.62,single_method_pi,FALSE,FALSE,Credit card
11801,1,,4,0.73,single_method_pi,TRUE,TRUE,Debit card
11803,1,,3,16.75,single_method_pi,FALSE,FALSE,Credit card
11805,1,,7,17.13,single_method_pi,FALSE,TRUE,Online banking bill payment
11806,1,,7,95.03,single_method_pi,FALSE,TRUE,Online banking bill payment
11807,1,,7,61.54,single_method_pi,FALSE,TRUE,Online banking bill payment
11808,1,,3,55,single_method_pi,FALSE,FALSE,Credit card
11813,1,,4,9.75,single_method_pi,TRUE,TRUE,Debit card
11814,1,,2,40,single_method_pi,TRUE,TRUE,Check
11815,1,,7,136,single_method_pi,FALSE,TRUE,Online banking bill payment
11816,1,,2,40,single_method_pi,TRUE,TRUE,Check
11818,1,,3,5,single_method_pi,FALSE,FALSE,Credit card
11827,1,,1,5,single_method_pi,TRUE,TRUE,Cash
11842,1,,7,228,single_method_pi,FALSE,TRUE,Online banking bill payment
11843,1,,7,24.78,single_method_pi,FALSE,TRUE,Online banking bill payment
11844,1,,7,24.5,single_method_pi,FALSE,TRUE,Online banking bill payment
11845,1,,7,228.04,single_method_pi,FALSE,TRUE,Online banking bill payment
11846,1,,3,73.16,single_method_pi,FALSE,FALSE,Credit card
11848,1,,1,39,single_method_pi,TRUE,TRUE,Cash
11851,1,,4,235,single_method_pi,TRUE,TRUE,Debit card
11852,1,,4,235,single_method_pi,TRUE,TRUE,Debit card
11857,1,,1,12,single_method_pi,TRUE,TRUE,Cash
11858,1,,1,36.35,single_method_pi,TRUE,TRUE,Cash
11860,1,,3,15.01,single_method_pi,FALSE,FALSE,Credit card
11861,1,,4,45,single_method_pi,TRUE,TRUE,Debit card
11869,1,,4,30,single_method_pi,TRUE,TRUE,Debit card
11870,1,,1,3,single_method_pi,TRUE,TRUE,Cash
11875,1,,4,26.59,single_method_pi,TRUE,TRUE,Debit card
11876,1,,1,1.1,single_method_pi,TRUE,TRUE,Cash
11880,1,,4,35.4,single_method_pi,TRUE,TRUE,Debit card
11881,1,,4,35.4,single_method_pi,TRUE,TRUE,Debit card
11883,1,,4,34.25,single_method_pi,TRUE,TRUE,Debit card
11884,1,,6,12.7,single_method_pi,FALSE,TRUE,Bank account number payment
11888,1,,2,100,single_method_pi,TRUE,TRUE,Check
11891,1,,2,61,single_method_pi,TRUE,TRUE,Check
11896,1,,1,15,single_method_pi,TRUE,TRUE,Cash
11904,1,,1,31.1,single_method_pi,TRUE,TRUE,Cash
11905,1,,1,4.01,single_method_pi,TRUE,TRUE,Cash
11906,1,,4,39.64,single_method_pi,TRUE,TRUE,Debit card
11907,1,,1,0.6,single_method_pi,TRUE,TRUE,Cash
11908,1,,1,0.9,single_method_pi,TRUE,TRUE,Cash
11915,1,,4,8.36,single_method_pi,TRUE,TRUE,Debit card
11919,1,,3,21.01,single_method_pi,FALSE,FALSE,Credit card
11920,1,,6,96.8,single_method_pi,FALSE,TRUE,Bank account number payment
11926,1,,1,1.5,single_method_pi,TRUE,TRUE,Cash
11929,1,,4,30,single_method_pi,TRUE,TRUE,Debit card
11930,1,,4,40,single_method_pi,TRUE,TRUE,Debit card
11931,1,,4,14,single_method_pi,TRUE,TRUE,Debit card
11934,1,,1,30.17,single_method_pi,TRUE,TRUE,Cash
11937,1,,7,135,single_method_pi,FALSE,TRUE,Online banking bill payment
11938,1,,4,7.17,single_method_pi,TRUE,TRUE,Debit card
11939,1,,1,1,single_method_pi,TRUE,TRUE,Cash
11944,1,,2,60,single_method_pi,TRUE,TRUE,Check
11957,1,,4,14.45,single_method_pi,TRUE,TRUE,Debit card
11958,1,,4,25.3,single_method_pi,TRUE,TRUE,Debit card
11961,1,,4,4.25,single_method_pi,TRUE,TRUE,Debit card
11963,1,,1,100,single_method_pi,TRUE,TRUE,Cash
11964,1,,1,3.99,single_method_pi,TRUE,TRUE,Cash
11965,1,,4,9.76,single_method_pi,TRUE,TRUE,Debit card
11966,1,,3,279.48,single_method_pi,FALSE,FALSE,Credit card
11971,1,,1,5,single_method_pi,TRUE,TRUE,Cash
11973,1,,4,14,single_method_pi,TRUE,TRUE,Debit card
11974,1,,4,8,single_method_pi,TRUE,TRUE,Debit card
11978,1,,3,10,single_method_pi,FALSE,FALSE,Credit card
11979,1,,3,21.15,single_method_pi,FALSE,FALSE,Credit card
11986,1,,3,31.02,single_method_pi,FALSE,FALSE,Credit card
11990,1,,3,10.46,single_method_pi,FALSE,FALSE,Credit card
11993,1,,7,255.65,single_method_pi,FALSE,TRUE,Online banking bill payment
11997,1,,1,4.13,single_method_pi,TRUE,TRUE,Cash
11998,1,,4,7.35,single_method_pi,TRUE,TRUE,Debit card
12000,1,,6,217.09,single_method_pi,FALSE,TRUE,Bank account number payment
12004,1,,4,17.02,single_method_pi,TRUE,TRUE,Debit card
12007,1,,3,9.03,single_method_pi,FALSE,FALSE,Credit card
12011,1,,1,8.48,single_method_pi,TRUE,TRUE,Cash
12013,1,,4,101,single_method_pi,TRUE,TRUE,Debit card
12017,1,,1,51,single_method_pi,TRUE,TRUE,Cash
12021,1,,1,4.5600000000000005,single_method_pi,TRUE,TRUE,Cash
12031,1,,1,8,single_method_pi,TRUE,TRUE,Cash
12033,1,,3,61.76,single_method_pi,FALSE,FALSE,Credit card
12034,1,,1,5.3,single_method_pi,TRUE,TRUE,Cash
12039,1,,1,10,single_method_pi,TRUE,TRUE,Cash
12043,1,,4,25,single_method_pi,TRUE,TRUE,Debit card
12044,1,,4,17,single_method_pi,TRUE,TRUE,Debit card
12049,1,,3,162,single_method_pi,FALSE,FALSE,Credit card
12053,1,,4,31.55,single_method_pi,TRUE,TRUE,Debit card
12054,1,,3,32.21,single_method_pi,FALSE,FALSE,Credit card
12056,1,,3,10.47,single_method_pi,FALSE,FALSE,Credit card
12057,1,,3,8.22,single_method_pi,FALSE,FALSE,Credit card
12060,1,,7,50,single_method_pi,FALSE,TRUE,Online banking bill payment
12063,1,,3,36,single_method_pi,FALSE,FALSE,Credit card
12066,1,,4,32.01,single_method_pi,TRUE,TRUE,Debit card
12070,1,,1,27,single_method_pi,TRUE,TRUE,Cash
12071,1,,4,28.05,single_method_pi,TRUE,TRUE,Debit card
12073,1,,2,36.08,single_method_pi,TRUE,TRUE,Check
12078,1,,1,2.3000000000000003,single_method_pi,TRUE,TRUE,Cash
12079,1,,1,42.28,single_method_pi,TRUE,TRUE,Cash
12080,1,,1,30,single_method_pi,TRUE,TRUE,Cash
12082,1,,1,24.88,single_method_pi,TRUE,TRUE,Cash
12083,1,,1,16.61,single_method_pi,TRUE,TRUE,Cash
12085,1,,1,0.55,single_method_pi,TRUE,TRUE,Cash
12090,1,,1,2,single_method_pi,TRUE,TRUE,Cash
12091,1,,1,0.75,single_method_pi,TRUE,TRUE,Cash
12094,1,,1,1.25,single_method_pi,TRUE,TRUE,Cash
12097,1,,1,4.68,single_method_pi,TRUE,TRUE,Cash
12100,1,,1,51.7,single_method_pi,TRUE,TRUE,Cash
12101,1,,1,83.39,single_method_pi,TRUE,TRUE,Cash
12102,1,,1,26.04,single_method_pi,TRUE,TRUE,Cash
12104,1,,1,10,single_method_pi,TRUE,TRUE,Cash
12105,1,,1,4,single_method_pi,TRUE,TRUE,Cash
12106,1,,1,8,single_method_pi,TRUE,TRUE,Cash
12113,1,,4,6.73,single_method_pi,TRUE,TRUE,Debit card
12114,1,,4,115.38,single_method_pi,TRUE,TRUE,Debit card
12118,1,,4,4.59,single_method_pi,TRUE,TRUE,Debit card
12120,1,,4,61.17,single_method_pi,TRUE,TRUE,Debit card
12121,1,,4,23.02,single_method_pi,TRUE,TRUE,Debit card
12123,1,,4,23.51,single_method_pi,TRUE,TRUE,Debit card
12124,1,,4,88.86,single_method_pi,TRUE,TRUE,Debit card
12125,1,,4,5.34,single_method_pi,TRUE,TRUE,Debit card
12129,1,,1,5,single_method_pi,TRUE,TRUE,Cash
12131,1,,1,12,single_method_pi,TRUE,TRUE,Cash
12132,1,,6,231.32,single_method_pi,FALSE,TRUE,Bank account number payment
12137,1,,3,21.03,single_method_pi,FALSE,FALSE,Credit card
12139,1,,3,87.06,single_method_pi,FALSE,FALSE,Credit card
12141,1,,7,150,single_method_pi,FALSE,TRUE,Online banking bill payment
12144,1,,1,4.89,single_method_pi,TRUE,TRUE,Cash
12146,1,,1,650,single_method_pi,TRUE,TRUE,Cash
12147,1,,1,10.55,single_method_pi,TRUE,TRUE,Cash
12148,1,,4,49.61,single_method_pi,TRUE,TRUE,Debit card
12149,1,,1,17.88,single_method_pi,TRUE,TRUE,Cash
12153,1,,6,110,single_method_pi,FALSE,TRUE,Bank account number payment
12156,1,,4,45,single_method_pi,TRUE,TRUE,Debit card
12157,1,,1,10,single_method_pi,TRUE,TRUE,Cash
12162,1,,4,5.44,single_method_pi,TRUE,TRUE,Debit card
12163,1,,4,8.55,single_method_pi,TRUE,TRUE,Debit card
12168,1,,4,18.94,single_method_pi,TRUE,TRUE,Debit card
12171,1,,5,29.46,single_method_pi,FALSE,FALSE,Prepaid/gift/EBT card
12175,1,,4,8.49,single_method_pi,TRUE,TRUE,Debit card
12176,1,,4,48.98,single_method_pi,TRUE,TRUE,Debit card
12179,1,,2,149.05,single_method_pi,TRUE,TRUE,Check
12180,1,,2,27.24,single_method_pi,TRUE,TRUE,Check
12183,1,,4,4.71,single_method_pi,TRUE,TRUE,Debit card
12184,1,,1,10,single_method_pi,TRUE,TRUE,Cash
12189,1,,3,40,single_method_pi,FALSE,FALSE,Credit card
12190,1,,1,2,single_method_pi,TRUE,TRUE,Cash
12193,1,,3,9.06,single_method_pi,FALSE,FALSE,Credit card
12195,1,,2,62.58,single_method_pi,TRUE,TRUE,Check
12204,1,,13,3.8,single_method_pi,FALSE,FALSE,Other payment method
12205,1,,13,1.25,single_method_pi,FALSE,FALSE,Other payment method
12207,1,,3,3.44,single_method_pi,FALSE,FALSE,Credit card
12211,1,,4,24.15,single_method_pi,TRUE,TRUE,Debit card
12212,1,,4,24.64,single_method_pi,TRUE,TRUE,Debit card
12213,1,,4,31.22,single_method_pi,TRUE,TRUE,Debit card
12217,1,,4,17.79,single_method_pi,TRUE,TRUE,Debit card
12222,1,,7,278,single_method_pi,FALSE,TRUE,Online banking bill payment
12224,1,,7,183,single_method_pi,FALSE,TRUE,Online banking bill payment
12230,1,,3,120,single_method_pi,FALSE,FALSE,Credit card
12233,1,,1,3.49,single_method_pi,TRUE,TRUE,Cash
12238,1,,1,14.8,single_method_pi,TRUE,TRUE,Cash
12242,1,,1,2.76,single_method_pi,TRUE,TRUE,Cash
12243,1,,4,29.47,single_method_pi,TRUE,TRUE,Debit card
12244,1,,2,6.04,single_method_pi,TRUE,TRUE,Check
12246,1,,1,2.76,single_method_pi,TRUE,TRUE,Cash
12248,1,,1,6.75,single_method_pi,TRUE,TRUE,Cash
12250,1,,1,1,single_method_pi,TRUE,TRUE,Cash
12262,1,,1,2.5,single_method_pi,TRUE,TRUE,Cash
12263,1,,1,2.12,single_method_pi,TRUE,TRUE,Cash
12265,1,,4,45,single_method_pi,TRUE,TRUE,Debit card
12270,1,,4,77.01,single_method_pi,TRUE,TRUE,Debit card
12276,1,,1,1.1,single_method_pi,TRUE,TRUE,Cash
12283,1,,4,50,single_method_pi,TRUE,TRUE,Debit card
12284,1,,4,40,single_method_pi,TRUE,TRUE,Debit card
12285,1,,4,9.47,single_method_pi,TRUE,TRUE,Debit card
12286,1,,3,11.82,single_method_pi,FALSE,FALSE,Credit card
12290,1,,6,156,single_method_pi,FALSE,TRUE,Bank account number payment
12298,1,,3,22,single_method_pi,FALSE,FALSE,Credit card
12302,1,,4,27,single_method_pi,TRUE,TRUE,Debit card
12305,1,,4,250,single_method_pi,TRUE,TRUE,Debit card
12306,1,,4,250,single_method_pi,TRUE,TRUE,Debit card
12308,1,,4,250,single_method_pi,TRUE,TRUE,Debit card
12309,1,,4,47,single_method_pi,TRUE,TRUE,Debit card
12315,1,,4,11.99,single_method_pi,TRUE,TRUE,Debit card
12316,1,,3,126,single_method_pi,FALSE,FALSE,Credit card
12323,1,,11,889.1700000000001,single_method_pi,FALSE,TRUE,Account-to-account transfer
12325,1,,1,17,single_method_pi,TRUE,TRUE,Cash
12326,1,,1,3,single_method_pi,TRUE,TRUE,Cash
12328,1,,1,3,single_method_pi,TRUE,TRUE,Cash
12338,1,,4,94.79,single_method_pi,TRUE,TRUE,Debit card
12340,1,,1,4.34,single_method_pi,TRUE,TRUE,Cash
12346,1,,5,106,single_method_pi,FALSE,FALSE,Prepaid/gift/EBT card
12347,1,,3,81.78,single_method_pi,FALSE,FALSE,Credit card
12349,1,,1,17,single_method_pi,TRUE,TRUE,Cash
12351,1,,1,22,single_method_pi,TRUE,TRUE,Cash
12355,1,,1,8.25,single_method_pi,TRUE,TRUE,Cash
12356,1,,1,16,single_method_pi,TRUE,TRUE,Cash
12359,1,,4,8,single_method_pi,TRUE,TRUE,Debit card
12360,1,,4,18,single_method_pi,TRUE,TRUE,Debit card
12364,1,,4,3.4,single_method_pi,TRUE,TRUE,Debit card
12365,1,,4,2.54,single_method_pi,TRUE,TRUE,Debit card
12366,1,,4,3.4,single_method_pi,TRUE,TRUE,Debit card
12368,1,,4,20.27,single_method_pi,TRUE,TRUE,Debit card
12369,1,,4,34.06,single_method_pi,TRUE,TRUE,Debit card
12371,1,,4,20.26,single_method_pi,TRUE,TRUE,Debit card
12374,1,,1,5,single_method_pi,TRUE,TRUE,Cash
12375,1,,3,80,single_method_pi,FALSE,FALSE,Credit card
12390,1,,7,4.99,single_method_pi,FALSE,TRUE,Online banking bill payment
12398,1,,3,7.82,single_method_pi,FALSE,FALSE,Credit card
12401,1,,7,98,single_method_pi,FALSE,TRUE,Online banking bill payment
12402,1,,4,34.65,single_method_pi,TRUE,TRUE,Debit card
12403,1,,1,21.6,single_method_pi,TRUE,TRUE,Cash
12404,1,,4,271.56,single_method_pi,TRUE,TRUE,Debit card
12409,1,,4,10.91,single_method_pi,TRUE,TRUE,Debit card
12410,1,,14,9.43,single_method_pi,FALSE,FALSE,Deduction from income
12411,1,,4,26.7,single_method_pi,TRUE,TRUE,Debit card
12413,1,,1,3,single_method_pi,TRUE,TRUE,Cash
12420,1,,1,2,single_method_pi,TRUE,TRUE,Cash
12421,1,,1,13,single_method_pi,TRUE,TRUE,Cash
12422,1,,3,7.5,single_method_pi,FALSE,FALSE,Credit card
12424,1,,1,2,single_method_pi,TRUE,TRUE,Cash
12425,1,,4,18.45,single_method_pi,TRUE,TRUE,Debit card
12426,1,,1,4,single_method_pi,TRUE,TRUE,Cash
12431,1,,1,4,single_method_pi,TRUE,TRUE,Cash
12432,1,,4,3.4,single_method_pi,TRUE,TRUE,Debit card
12436,1,,1,1,single_method_pi,TRUE,TRUE,Cash
12438,1,,4,19.25,single_method_pi,TRUE,TRUE,Debit card
12439,1,,4,5.25,single_method_pi,TRUE,TRUE,Debit card
12440,1,,1,5,single_method_pi,TRUE,TRUE,Cash
12441,1,,1,4.74,single_method_pi,TRUE,TRUE,Cash
12444,1,,2,300,single_method_pi,TRUE,TRUE,Check
12445,1,,1,3.95,single_method_pi,TRUE,TRUE,Cash
12447,1,,3,9.9,single_method_pi,FALSE,FALSE,Credit card
12448,1,,3,19.32,single_method_pi,FALSE,FALSE,Credit card
12452,1,,3,5.49,single_method_pi,FALSE,FALSE,Credit card
12455,1,,4,53.38,single_method_pi,TRUE,TRUE,Debit card
12456,1,,4,13.99,single_method_pi,TRUE,TRUE,Debit card
12458,1,,4,20,single_method_pi,TRUE,TRUE,Debit card
12459,1,,4,20,single_method_pi,TRUE,TRUE,Debit card
12460,1,,4,17,single_method_pi,TRUE,TRUE,Debit card
12461,1,,4,4,single_method_pi,TRUE,TRUE,Debit card
12462,1,,4,27,single_method_pi,TRUE,TRUE,Debit card
12464,1,,3,78.60000000000001,single_method_pi,FALSE,FALSE,Credit card
12465,1,,3,5.7,single_method_pi,FALSE,FALSE,Credit card
12480,1,,4,39.61,single_method_pi,TRUE,TRUE,Debit card
12483,1,,1,5.49,single_method_pi,TRUE,TRUE,Cash
12484,1,,1,2.89,single_method_pi,TRUE,TRUE,Cash
12487,1,,3,16.1,single_method_pi,FALSE,FALSE,Credit card
12490,1,,3,29.93,single_method_pi,FALSE,FALSE,Credit card
12500,1,,4,47.65,single_method_pi,TRUE,TRUE,Debit card
12501,1,,4,54.65,single_method_pi,TRUE,TRUE,Debit card
12507,1,,3,25.79,single_method_pi,FALSE,FALSE,Credit card
12522,1,,5,20,single_method_pi,FALSE,FALSE,Prepaid/gift/EBT card
12523,1,,2,65,single_method_pi,TRUE,TRUE,Check
12526,1,,4,24,single_method_pi,TRUE,TRUE,Debit card
12532,1,,1,4,single_method_pi,TRUE,TRUE,Cash
12533,1,,2,142,single_method_pi,TRUE,TRUE,Check
12535,1,,6,2,single_method_pi,FALSE,TRUE,Bank account number payment
12541,1,,7,99.15,single_method_pi,FALSE,TRUE,Online banking bill payment
12544,1,,3,21.69,single_method_pi,FALSE,FALSE,Credit card
12545,1,,3,85.05,single_method_pi,FALSE,FALSE,Credit card
12546,1,,3,16.37,single_method_pi,FALSE,FALSE,Credit card
12547,1,,3,3.39,single_method_pi,FALSE,FALSE,Credit card
12549,1,,4,4.2,single_method_pi,TRUE,TRUE,Debit card
12550,1,,4,7.2,single_method_pi,TRUE,TRUE,Debit card
12552,1,,4,7.4,single_method_pi,TRUE,TRUE,Debit card
12553,1,,4,37.3,single_method_pi,TRUE,TRUE,Debit card
12555,1,,4,110.22,single_method_pi,TRUE,TRUE,Debit card
12557,1,,4,23.61,single_method_pi,TRUE,TRUE,Debit card
12561,1,,4,4.53,single_method_pi,TRUE,TRUE,Debit card
12569,1,,4,7.8,single_method_pi,TRUE,TRUE,Debit card
12577,1,,1,1,single_method_pi,TRUE,TRUE,Cash
12579,1,,3,29.43,single_method_pi,FALSE,FALSE,Credit card
12583,1,,3,61.41,single_method_pi,FALSE,FALSE,Credit card
12584,1,,3,3.5700000000000003,single_method_pi,FALSE,FALSE,Credit card
12585,1,,3,10.65,single_method_pi,FALSE,FALSE,Credit card
12589,1,,6,6,single_method_pi,FALSE,TRUE,Bank account number payment
12590,1,,4,24,single_method_pi,TRUE,TRUE,Debit card
12591,1,,14,6,single_method_pi,FALSE,FALSE,Deduction from income
12593,1,,4,15.09,single_method_pi,TRUE,TRUE,Debit card
12595,1,,2,246,single_method_pi,TRUE,TRUE,Check
12597,1,,4,5.7700000000000005,single_method_pi,TRUE,TRUE,Debit card
12599,1,,4,10.57,single_method_pi,TRUE,TRUE,Debit card
12600,1,,4,12.51,single_method_pi,TRUE,TRUE,Debit card
12605,1,,1,5,single_method_pi,TRUE,TRUE,Cash
12607,1,,4,65,single_method_pi,TRUE,TRUE,Debit card
12611,1,,3,9.37,single_method_pi,FALSE,FALSE,Credit card
12614,1,,3,16.67,single_method_pi,FALSE,FALSE,Credit card
12622,1,,1,9,single_method_pi,TRUE,TRUE,Cash
12624,1,,4,8,single_method_pi,TRUE,TRUE,Debit card
12625,1,,1,8,single_method_pi,TRUE,TRUE,Cash
12626,1,,1,9,single_method_pi,TRUE,TRUE,Cash
12627,1,,1,12,single_method_pi,TRUE,TRUE,Cash
12629,1,,1,11,single_method_pi,TRUE,TRUE,Cash
12630,1,,1,7,single_method_pi,TRUE,TRUE,Cash
12632,1,,1,7,single_method_pi,TRUE,TRUE,Cash
12633,1,,1,35,single_method_pi,TRUE,TRUE,Cash
12637,1,,4,10.38,single_method_pi,TRUE,TRUE,Debit card
12640,1,,2,96,single_method_pi,TRUE,TRUE,Check
12641,1,,13,49,single_method_pi,FALSE,FALSE,Other payment method
12642,1,,3,39,single_method_pi,FALSE,FALSE,Credit card
12643,1,,3,9,single_method_pi,FALSE,FALSE,Credit card
12645,1,,1,6,single_method_pi,TRUE,TRUE,Cash
12646,1,,1,2.12,single_method_pi,TRUE,TRUE,Cash
12648,1,,5,35.28,single_method_pi,FALSE,FALSE,Prepaid/gift/EBT card
12649,1,,1,1.07,single_method_pi,TRUE,TRUE,Cash
12654,1,,1,22,single_method_pi,TRUE,TRUE,Cash
12659,1,,1,3.53,single_method_pi,TRUE,TRUE,Cash
12660,1,,3,10.5,single_method_pi,FALSE,FALSE,Credit card
12661,1,,3,11.97,single_method_pi,FALSE,FALSE,Credit card
12662,1,,3,6.4,single_method_pi,FALSE,FALSE,Credit card
12664,1,,3,20.5,single_method_pi,FALSE,FALSE,Credit card
12665,1,,7,132.03,single_method_pi,FALSE,TRUE,Online banking bill payment
12667,1,,3,54.370000000000005,single_method_pi,FALSE,FALSE,Credit card
12673,1,,4,10,single_method_pi,TRUE,TRUE,Debit card
12675,1,,6,116,single_method_pi,FALSE,TRUE,Bank account number payment
12676,1,,1,7.53,single_method_pi,TRUE,TRUE,Cash
12677,1,,2,220,single_method_pi,TRUE,TRUE,Check
12682,1,,1,1,single_method_pi,TRUE,TRUE,Cash
12683,1,,4,59,single_method_pi,TRUE,TRUE,Debit card
12684,1,,1,12.99,single_method_pi,TRUE,TRUE,Cash
12686,1,,1,5.34,single_method_pi,TRUE,TRUE,Cash
12687,1,,3,3.3000000000000003,single_method_pi,FALSE,FALSE,Credit card
12688,1,,3,6,single_method_pi,FALSE,FALSE,Credit card
12693,1,,4,9,single_method_pi,TRUE,TRUE,Debit card
12694,1,,7,9,single_method_pi,FALSE,TRUE,Online banking bill payment
12697,1,,1,10,single_method_pi,TRUE,TRUE,Cash
12699,1,,1,7,single_method_pi,TRUE,TRUE,Cash
12702,1,,6,42.94,single_method_pi,FALSE,TRUE,Bank account number payment
12703,1,,4,6.13,single_method_pi,TRUE,TRUE,Debit card
12708,1,,4,13.66,single_method_pi,TRUE,TRUE,Debit card
12711,1,,4,120,single_method_pi,TRUE,TRUE,Debit card
12712,1,,4,24.42,single_method_pi,TRUE,TRUE,Debit card
12713,1,,1,13.68,single_method_pi,TRUE,TRUE,Cash
12717,1,,4,18.14,single_method_pi,TRUE,TRUE,Debit card
12720,1,,6,146.63,single_method_pi,FALSE,TRUE,Bank account number payment
12722,1,,6,345.90000000000003,single_method_pi,FALSE,TRUE,Bank account number payment
12723,1,,6,123.8,single_method_pi,FALSE,TRUE,Bank account number payment
12725,1,,1,2.1,single_method_pi,TRUE,TRUE,Cash
12727,1,,4,43.98,single_method_pi,TRUE,TRUE,Debit card
12729,1,,7,38.12,single_method_pi,FALSE,TRUE,Online banking bill payment
12730,1,,4,86.71000000000001,single_method_pi,TRUE,TRUE,Debit card
12732,1,,4,25.96,single_method_pi,TRUE,TRUE,Debit card
12740,1,,3,4,single_method_pi,FALSE,FALSE,Credit card
12746,1,,1,6.96,single_method_pi,TRUE,TRUE,Cash
12747,1,,1,7.53,single_method_pi,TRUE,TRUE,Cash
12748,1,,1,60.35,single_method_pi,TRUE,TRUE,Cash
12749,1,,1,6.36,single_method_pi,TRUE,TRUE,Cash
12751,1,,3,13.76,single_method_pi,FALSE,FALSE,Credit card
12753,1,,3,6.58,single_method_pi,FALSE,FALSE,Credit card
12754,1,,3,10.21,single_method_pi,FALSE,FALSE,Credit card
12756,1,,1,90,single_method_pi,TRUE,TRUE,Cash
12757,1,,2,500,single_method_pi,TRUE,TRUE,Check
12759,1,,4,38.11,single_method_pi,TRUE,TRUE,Debit card
12760,1,,4,15.62,single_method_pi,TRUE,TRUE,Debit card
12763,1,,4,21.94,single_method_pi,TRUE,TRUE,Debit card
12764,1,,4,4.2,single_method_pi,TRUE,TRUE,Debit card
12765,1,,3,50,single_method_pi,FALSE,FALSE,Credit card
12766,1,,3,34.78,single_method_pi,FALSE,FALSE,Credit card
12770,1,,3,25,single_method_pi,FALSE,FALSE,Credit card
12780,1,,3,3.94,single_method_pi,FALSE,FALSE,Credit card
12782,1,,4,111.5,single_method_pi,TRUE,TRUE,Debit card
12784,1,,4,60,single_method_pi,TRUE,TRUE,Debit card
12787,1,,3,54.27,single_method_pi,FALSE,FALSE,Credit card
12789,1,,7,198,single_method_pi,FALSE,TRUE,Online banking bill payment
12790,1,,3,15.06,single_method_pi,FALSE,FALSE,Credit card
12791,1,,3,42.86,single_method_pi,FALSE,FALSE,Credit card
12793,1,,3,70,single_method_pi,FALSE,FALSE,Credit card
12794,1,,7,89,single_method_pi,FALSE,TRUE,Online banking bill payment
12795,1,,3,40,single_method_pi,FALSE,FALSE,Credit card
12796,1,,2,50,single_method_pi,TRUE,TRUE,Check
12804,1,,4,18.62,single_method_pi,TRUE,TRUE,Debit card
12805,1,,3,21.19,single_method_pi,FALSE,FALSE,Credit card
12806,1,,3,26.17,single_method_pi,FALSE,FALSE,Credit card
12809,1,,4,65,single_method_pi,TRUE,TRUE,Debit card
12813,1,,4,65,single_method_pi,TRUE,TRUE,Debit card
12814,1,,4,70,single_method_pi,TRUE,TRUE,Debit card
12815,1,,4,15,single_method_pi,TRUE,TRUE,Debit card
12819,1,,1,13,single_method_pi,TRUE,TRUE,Cash
12820,1,,8,120,single_method_pi,FALSE,FALSE,Money order
12826,1,,1,6,single_method_pi,TRUE,TRUE,Cash
12827,1,,1,13.59,single_method_pi,TRUE,TRUE,Cash
12832,1,,3,236,single_method_pi,FALSE,FALSE,Credit card
12834,1,,3,12.21,single_method_pi,FALSE,FALSE,Credit card
12847,1,,6,724,single_method_pi,FALSE,TRUE,Bank account number payment
12848,1,,6,100,single_method_pi,FALSE,TRUE,Bank account number payment
12849,1,,1,25,single_method_pi,TRUE,TRUE,Cash
12850,1,,1,22,single_method_pi,TRUE,TRUE,Cash
12851,1,,4,72.5,single_method_pi,TRUE,TRUE,Debit card
12852,1,,1,5,single_method_pi,TRUE,TRUE,Cash
12856,1,,1,5,single_method_pi,TRUE,TRUE,Cash
12867,1,,3,10.81,single_method_pi,FALSE,FALSE,Credit card
12872,1,,3,8.65,single_method_pi,FALSE,FALSE,Credit card
12873,1,,3,83.29,single_method_pi,FALSE,FALSE,Credit card
12874,1,,3,3.27,single_method_pi,FALSE,FALSE,Credit card
12875,1,,3,7.72,single_method_pi,FALSE,FALSE,Credit card
12877,1,,3,5.45,single_method_pi,FALSE,FALSE,Credit card
12886,1,,6,29,single_method_pi,FALSE,TRUE,Bank account number payment
12891,1,,4,7.65,single_method_pi,TRUE,TRUE,Debit card
12892,1,,1,1.87,single_method_pi,TRUE,TRUE,Cash
12893,1,,2,50,single_method_pi,TRUE,TRUE,Check
12894,1,,2,17.580000000000002,single_method_pi,TRUE,TRUE,Check
12898,1,,4,10.7,single_method_pi,TRUE,TRUE,Debit card
12926,1,,10,6,single_method_pi,FALSE,FALSE,Mobile payment app
12927,1,,4,333,single_method_pi,TRUE,TRUE,Debit card
12931,1,,3,33,single_method_pi,FALSE,FALSE,Credit card
12939,1,,4,233,single_method_pi,TRUE,TRUE,Debit card
12950,1,,7,177,single_method_pi,FALSE,TRUE,Online banking bill payment
12951,1,,2,25,single_method_pi,TRUE,TRUE,Check
12952,1,,2,500,single_method_pi,TRUE,TRUE,Check
12956,1,,2,240,single_method_pi,TRUE,TRUE,Check
12957,1,,2,150,single_method_pi,TRUE,TRUE,Check
12959,1,,2,2000,single_method_pi,TRUE,TRUE,Check
12961,1,,1,3,single_method_pi,TRUE,TRUE,Cash
12962,1,,3,9.95,single_method_pi,FALSE,FALSE,Credit card
12965,1,,3,6.5,single_method_pi,FALSE,FALSE,Credit card
12966,1,,3,4.5,single_method_pi,FALSE,FALSE,Credit card
12967,1,,3,8.75,single_method_pi,FALSE,FALSE,Credit card
12968,1,,13,3,single_method_pi,FALSE,FALSE,Other payment method
12970,1,,1,1,single_method_pi,TRUE,TRUE,Cash
12971,1,,3,4.24,single_method_pi,FALSE,FALSE,Credit card
12981,1,,3,140.09,single_method_pi,FALSE,FALSE,Credit card
12983,1,,1,61,single_method_pi,TRUE,TRUE,Cash
12984,1,,3,140.09,single_method_pi,FALSE,FALSE,Credit card
12990,1,,5,2,single_method_pi,FALSE,FALSE,Prepaid/gift/EBT card
12997,1,,3,119,single_method_pi,FALSE,FALSE,Credit card
12998,1,,6,78,single_method_pi,FALSE,TRUE,Bank account number payment
12999,1,,3,4.8,single_method_pi,FALSE,FALSE,Credit card
13001,1,,1,2.69,single_method_pi,TRUE,TRUE,Cash
13011,1,,4,14.24,single_method_pi,TRUE,TRUE,Debit card
13012,1,,3,175,single_method_pi,FALSE,FALSE,Credit card
13014,1,,4,16.37,single_method_pi,TRUE,TRUE,Debit card
13020,1,,2,195,single_method_pi,TRUE,TRUE,Check
13021,1,,3,10.2,single_method_pi,FALSE,FALSE,Credit card
13022,1,,3,6.38,single_method_pi,FALSE,FALSE,Credit card
13024,1,,6,11,single_method_pi,FALSE,TRUE,Bank account number payment
13025,1,,3,9.61,single_method_pi,FALSE,FALSE,Credit card
13028,1,,3,6.5,single_method_pi,FALSE,FALSE,Credit card
13029,1,,2,4450,single_method_pi,TRUE,TRUE,Check
13031,1,,3,74.52,single_method_pi,FALSE,FALSE,Credit card
13032,1,,3,6.98,single_method_pi,FALSE,FALSE,Credit card
13034,1,,6,1295,single_method_pi,FALSE,TRUE,Bank account number payment
13035,1,,4,22.95,single_method_pi,TRUE,TRUE,Debit card
13040,1,,3,14.11,single_method_pi,FALSE,FALSE,Credit card
13044,1,,3,8.55,single_method_pi,FALSE,FALSE,Credit card
13045,1,,3,17.580000000000002,single_method_pi,FALSE,FALSE,Credit card
13048,1,,3,8.3,single_method_pi,FALSE,FALSE,Credit card
13052,1,,3,21.55,single_method_pi,FALSE,FALSE,Credit card
13053,1,,3,12.99,single_method_pi,FALSE,FALSE,Credit card
13056,1,,4,12.06,single_method_pi,TRUE,TRUE,Debit card
13059,1,,4,38.16,single_method_pi,TRUE,TRUE,Debit card
13060,1,,4,225,single_method_pi,TRUE,TRUE,Debit card
13065,1,,3,54.98,single_method_pi,FALSE,FALSE,Credit card
13079,1,,4,14.06,single_method_pi,TRUE,TRUE,Debit card
13080,1,,1,3,single_method_pi,TRUE,TRUE,Cash
13081,1,,1,7,single_method_pi,TRUE,TRUE,Cash
13083,1,,6,18.82,single_method_pi,FALSE,TRUE,Bank account number payment
13087,1,,4,165.23,single_method_pi,TRUE,TRUE,Debit card
13091,1,,3,90,single_method_pi,FALSE,FALSE,Credit card
13093,1,,3,19.73,single_method_pi,FALSE,FALSE,Credit card
13096,1,,3,91.22,single_method_pi,FALSE,FALSE,Credit card
13098,1,,1,30,single_method_pi,TRUE,TRUE,Cash
13099,1,,4,2.67,single_method_pi,TRUE,TRUE,Debit card
13100,1,,4,7.54,single_method_pi,TRUE,TRUE,Debit card
13101,1,,4,40,single_method_pi,TRUE,TRUE,Debit card
13105,1,,11,85,single_method_pi,FALSE,TRUE,Account-to-account transfer
13107,1,,3,8.44,single_method_pi,FALSE,FALSE,Credit card
13108,1,,3,26.5,single_method_pi,FALSE,FALSE,Credit card
13110,1,,3,29.78,single_method_pi,FALSE,FALSE,Credit card
13112,1,,1,5,single_method_pi,TRUE,TRUE,Cash
13113,1,,4,50,single_method_pi,TRUE,TRUE,Debit card
13114,1,,4,5.97,single_method_pi,TRUE,TRUE,Debit card
13116,1,,4,3.21,single_method_pi,TRUE,TRUE,Debit card
13122,1,,1,33,single_method_pi,TRUE,TRUE,Cash
13125,1,,3,13.8,single_method_pi,FALSE,FALSE,Credit card
13126,1,,3,16.41,single_method_pi,FALSE,FALSE,Credit card
13129,1,,3,7.96,single_method_pi,FALSE,FALSE,Credit card
13130,1,,3,8.85,single_method_pi,FALSE,FALSE,Credit card
13133,1,,3,6.5,single_method_pi,FALSE,FALSE,Credit card
13134,1,,3,10.48,single_method_pi,FALSE,FALSE,Credit card
13137,1,,1,5,single_method_pi,TRUE,TRUE,Cash
13140,1,,4,3.6,single_method_pi,TRUE,TRUE,Debit card
13141,1,,4,1.29,single_method_pi,TRUE,TRUE,Debit card
13150,1,,3,30,single_method_pi,FALSE,FALSE,Credit card
13152,1,,1,7,single_method_pi,TRUE,TRUE,Cash
13155,1,,4,46.36,single_method_pi,TRUE,TRUE,Debit card
13158,1,,4,26,single_method_pi,TRUE,TRUE,Debit card
13160,1,,3,5.75,single_method_pi,FALSE,FALSE,Credit card
13164,1,,3,56.11,single_method_pi,FALSE,FALSE,Credit card
13168,1,,3,9.21,single_method_pi,FALSE,FALSE,Credit card
13172,1,,3,65.31,single_method_pi,FALSE,FALSE,Credit card
13174,1,,7,38.26,single_method_pi,FALSE,TRUE,Online banking bill payment
13179,1,,4,4.49,single_method_pi,TRUE,TRUE,Debit card
13180,1,,2,693.59,single_method_pi,TRUE,TRUE,Check
13181,1,,2,1440,single_method_pi,TRUE,TRUE,Check
13182,1,,1,15.07,single_method_pi,TRUE,TRUE,Cash
13190,1,,4,40.03,single_method_pi,TRUE,TRUE,Debit card
13193,1,,3,11.48,single_method_pi,FALSE,FALSE,Credit card
13198,1,,3,8.85,single_method_pi,FALSE,FALSE,Credit card
13199,1,,3,58.01,single_method_pi,FALSE,FALSE,Credit card
13200,1,,4,130,single_method_pi,TRUE,TRUE,Debit card
13205,1,,1,10,single_method_pi,TRUE,TRUE,Cash
13206,1,,1,10,single_method_pi,TRUE,TRUE,Cash
13209,1,,4,488,single_method_pi,TRUE,TRUE,Debit card
13216,1,,3,9.56,single_method_pi,FALSE,FALSE,Credit card
13217,1,,3,8.42,single_method_pi,FALSE,FALSE,Credit card
13220,1,,3,3.16,single_method_pi,FALSE,FALSE,Credit card
13221,1,,3,88.91,single_method_pi,FALSE,FALSE,Credit card
13225,1,,3,25,single_method_pi,FALSE,FALSE,Credit card
13226,1,,3,19.96,single_method_pi,FALSE,FALSE,Credit card
13229,1,,1,3.06,single_method_pi,TRUE,TRUE,Cash
13231,1,,7,54.69,single_method_pi,FALSE,TRUE,Online banking bill payment
13243,1,,5,120,single_method_pi,FALSE,FALSE,Prepaid/gift/EBT card
13244,1,,1,300,single_method_pi,TRUE,TRUE,Cash
13246,1,,4,65.79,single_method_pi,TRUE,TRUE,Debit card
13247,1,,4,20.23,single_method_pi,TRUE,TRUE,Debit card
13265,1,,1,8.11,single_method_pi,TRUE,TRUE,Cash
13269,1,,7,30.4,single_method_pi,FALSE,TRUE,Online banking bill payment
13272,1,,3,19.41,single_method_pi,FALSE,FALSE,Credit card
13274,1,,1,4.59,single_method_pi,TRUE,TRUE,Cash
13277,1,,1,12,single_method_pi,TRUE,TRUE,Cash
13279,1,,4,80,single_method_pi,TRUE,TRUE,Debit card
13286,1,,4,133.45,single_method_pi,TRUE,TRUE,Debit card
13291,1,,4,11.32,single_method_pi,TRUE,TRUE,Debit card
13292,1,,4,33.03,single_method_pi,TRUE,TRUE,Debit card
13293,1,,4,16.67,single_method_pi,TRUE,TRUE,Debit card
13298,1,,1,10,single_method_pi,TRUE,TRUE,Cash
13301,1,,4,27.72,single_method_pi,TRUE,TRUE,Debit card
13306,1,,1,10.72,single_method_pi,TRUE,TRUE,Cash
13307,1,,1,9.18,single_method_pi,TRUE,TRUE,Cash
13308,1,,1,18,single_method_pi,TRUE,TRUE,Cash
13309,1,,3,18.84,single_method_pi,FALSE,FALSE,Credit card
13310,1,,4,2.22,single_method_pi,TRUE,TRUE,Debit card
13314,1,,1,650,single_method_pi,TRUE,TRUE,Cash
13316,1,,1,0.89,single_method_pi,TRUE,TRUE,Cash
13318,1,,2,44.38,single_method_pi,TRUE,TRUE,Check
13320,1,,4,260,single_method_pi,TRUE,TRUE,Debit card
13321,1,,1,31,single_method_pi,TRUE,TRUE,Cash
13328,1,,3,23.77,single_method_pi,FALSE,FALSE,Credit card
13331,1,,2,120,single_method_pi,TRUE,TRUE,Check
13339,1,,4,16.53,single_method_pi,TRUE,TRUE,Debit card
13342,1,,10,100,single_method_pi,FALSE,FALSE,Mobile payment app
13356,1,,1,108,single_method_pi,TRUE,TRUE,Cash
13359,1,,4,50,single_method_pi,TRUE,TRUE,Debit card
13362,1,,1,5,single_method_pi,TRUE,TRUE,Cash
13370,1,,1,5,single_method_pi,TRUE,TRUE,Cash
13373,1,,4,210.5,single_method_pi,TRUE,TRUE,Debit card
13374,1,,4,14.78,single_method_pi,TRUE,TRUE,Debit card
13377,1,,4,7,single_method_pi,TRUE,TRUE,Debit card
13384,1,,4,10,single_method_pi,TRUE,TRUE,Debit card
13385,1,,4,500,single_method_pi,TRUE,TRUE,Debit card
13389,1,,3,80,single_method_pi,FALSE,FALSE,Credit card
13390,1,,4,200,single_method_pi,TRUE,TRUE,Debit card
13391,1,,4,110,single_method_pi,TRUE,TRUE,Debit card
13410,1,,3,19.83,single_method_pi,FALSE,FALSE,Credit card
13415,1,,4,57.33,single_method_pi,TRUE,TRUE,Debit card
13416,1,,6,100,single_method_pi,FALSE,TRUE,Bank account number payment
13417,1,,1,8.65,single_method_pi,TRUE,TRUE,Cash
13421,1,,3,16.34,single_method_pi,FALSE,FALSE,Credit card
13422,1,,3,11.69,single_method_pi,FALSE,FALSE,Credit card
13423,1,,3,26.15,single_method_pi,FALSE,FALSE,Credit card
13424,1,,1,12.15,single_method_pi,TRUE,TRUE,Cash
13425,1,,2,250,single_method_pi,TRUE,TRUE,Check
13429,1,,1,1.25,single_method_pi,TRUE,TRUE,Cash
13430,1,,1,4.74,single_method_pi,TRUE,TRUE,Cash
13432,1,,2,52.36,single_method_pi,TRUE,TRUE,Check
13436,1,,1,100,single_method_pi,TRUE,TRUE,Cash
13439,1,,3,100,single_method_pi,FALSE,FALSE,Credit card
13440,1,,1,13.5,single_method_pi,TRUE,TRUE,Cash
13442,1,,3,40.16,single_method_pi,FALSE,FALSE,Credit card
13444,1,,3,99.06,single_method_pi,FALSE,FALSE,Credit card
13446,1,,1,17.25,single_method_pi,TRUE,TRUE,Cash
13447,1,,3,65.29,single_method_pi,FALSE,FALSE,Credit card
13450,1,,4,47.99,single_method_pi,TRUE,TRUE,Debit card
13452,1,,3,40.59,single_method_pi,FALSE,FALSE,Credit card
13454,1,,4,10.66,single_method_pi,TRUE,TRUE,Debit card
13455,1,,4,5,single_method_pi,TRUE,TRUE,Debit card
13456,1,,1,2,single_method_pi,TRUE,TRUE,Cash
13458,1,,4,94.72,single_method_pi,TRUE,TRUE,Debit card
13461,1,,4,94.72,single_method_pi,TRUE,TRUE,Debit card
13466,1,,4,9.76,single_method_pi,TRUE,TRUE,Debit card
13470,1,,3,99,single_method_pi,FALSE,FALSE,Credit card
13478,1,,4,7.32,single_method_pi,TRUE,TRUE,Debit card
13480,1,,6,579.59,single_method_pi,FALSE,TRUE,Bank account number payment
13481,1,,6,35,single_method_pi,FALSE,TRUE,Bank account number payment
13482,1,,6,25,single_method_pi,FALSE,TRUE,Bank account number payment
13483,1,,2,23,single_method_pi,TRUE,TRUE,Check
13491,1,,1,7,single_method_pi,TRUE,TRUE,Cash
13492,1,,1,2,single_method_pi,TRUE,TRUE,Cash
13493,1,,3,98.84,single_method_pi,FALSE,FALSE,Credit card
13494,1,,1,25.11,single_method_pi,TRUE,TRUE,Cash
13495,1,,1,4.04,single_method_pi,TRUE,TRUE,Cash
13506,1,,7,1289,single_method_pi,FALSE,TRUE,Online banking bill payment
13509,1,,4,50,single_method_pi,TRUE,TRUE,Debit card
13510,1,,1,40,single_method_pi,TRUE,TRUE,Cash
13512,1,,4,35,single_method_pi,TRUE,TRUE,Debit card
13513,1,,1,45,single_method_pi,TRUE,TRUE,Cash
13519,1,,1,500,single_method_pi,TRUE,TRUE,Cash
13520,1,,1,20,single_method_pi,TRUE,TRUE,Cash
13521,1,,1,2,single_method_pi,TRUE,TRUE,Cash
13522,1,,1,40,single_method_pi,TRUE,TRUE,Cash
13524,1,,1,35,single_method_pi,TRUE,TRUE,Cash
13528,1,,4,25,single_method_pi,TRUE,TRUE,Debit card
13533,1,,4,46.3,single_method_pi,TRUE,TRUE,Debit card
13534,1,,1,11,single_method_pi,TRUE,TRUE,Cash
13541,1,,1,5.22,single_method_pi,TRUE,TRUE,Cash
13542,1,,1,12.19,single_method_pi,TRUE,TRUE,Cash
13543,1,,3,24.25,single_method_pi,FALSE,FALSE,Credit card
13545,1,,3,6.45,single_method_pi,FALSE,FALSE,Credit card
13546,1,,3,4.8500000000000005,single_method_pi,FALSE,FALSE,Credit card
13548,1,,1,23.83,single_method_pi,TRUE,TRUE,Cash
13553,1,,7,269.59000000000003,single_method_pi,FALSE,TRUE,Online banking bill payment
13554,1,,4,20,single_method_pi,TRUE,TRUE,Debit card
13563,1,,3,55.1,single_method_pi,FALSE,FALSE,Credit card
13566,1,,3,96.78,single_method_pi,FALSE,FALSE,Credit card
13571,1,,3,6,single_method_pi,FALSE,FALSE,Credit card
13572,1,,3,10,single_method_pi,FALSE,FALSE,Credit card
13574,1,,5,4.55,single_method_pi,FALSE,FALSE,Prepaid/gift/EBT card
13575,1,,3,36.36,single_method_pi,FALSE,FALSE,Credit card
13581,1,,3,84.16,single_method_pi,FALSE,FALSE,Credit card
13583,1,,4,17.34,single_method_pi,TRUE,TRUE,Debit card
13588,1,,4,14.26,single_method_pi,TRUE,TRUE,Debit card
13589,1,,3,56.06,single_method_pi,FALSE,FALSE,Credit card
13590,1,,4,13,single_method_pi,TRUE,TRUE,Debit card
13594,1,,4,31.07,single_method_pi,TRUE,TRUE,Debit card
13598,1,,1,5,single_method_pi,TRUE,TRUE,Cash
13600,1,,3,30.32,single_method_pi,FALSE,FALSE,Credit card
13601,1,,3,15.13,single_method_pi,FALSE,FALSE,Credit card
13602,1,,3,25.58,single_method_pi,FALSE,FALSE,Credit card
13603,1,,3,42,single_method_pi,FALSE,FALSE,Credit card
13605,1,,3,14.85,single_method_pi,FALSE,FALSE,Credit card
13606,1,,3,16.41,single_method_pi,FALSE,FALSE,Credit card
13609,1,,3,38.08,single_method_pi,FALSE,FALSE,Credit card
13611,1,,3,74.45,single_method_pi,FALSE,FALSE,Credit card
13615,1,,3,28,single_method_pi,FALSE,FALSE,Credit card
13617,1,,6,16.38,single_method_pi,FALSE,TRUE,Bank account number payment
13619,1,,4,5.5,single_method_pi,TRUE,TRUE,Debit card
13620,1,,8,102.13,single_method_pi,FALSE,FALSE,Money order
13621,1,,4,215,single_method_pi,TRUE,TRUE,Debit card
13628,1,,7,22.4,single_method_pi,FALSE,TRUE,Online banking bill payment
13629,1,,3,30.73,single_method_pi,FALSE,FALSE,Credit card
13631,1,,7,100,single_method_pi,FALSE,TRUE,Online banking bill payment
13634,1,,3,23.7,single_method_pi,FALSE,FALSE,Credit card
13635,1,,3,109.35,single_method_pi,FALSE,FALSE,Credit card
13636,1,,3,22.69,single_method_pi,FALSE,FALSE,Credit card
13644,1,,7,560.23,single_method_pi,FALSE,TRUE,Online banking bill payment
13650,1,,4,22.64,single_method_pi,TRUE,TRUE,Debit card
13651,1,,2,50,single_method_pi,TRUE,TRUE,Check
13658,1,,1,4.15,single_method_pi,TRUE,TRUE,Cash
13661,1,,4,13.38,single_method_pi,TRUE,TRUE,Debit card
13662,1,,4,8.56,single_method_pi,TRUE,TRUE,Debit card
13663,1,,6,88.37,single_method_pi,FALSE,TRUE,Bank account number payment
13665,1,,4,54.74,single_method_pi,TRUE,TRUE,Debit card
13668,1,,4,6.68,single_method_pi,TRUE,TRUE,Debit card
13672,1,,4,39.23,single_method_pi,TRUE,TRUE,Debit card
13673,1,,3,15.24,single_method_pi,FALSE,FALSE,Credit card
13675,1,,3,2.97,single_method_pi,FALSE,FALSE,Credit card
13676,1,,3,9.56,single_method_pi,FALSE,FALSE,Credit card
13677,1,,3,5.46,single_method_pi,FALSE,FALSE,Credit card
13678,1,,3,6.68,single_method_pi,FALSE,FALSE,Credit card
13680,1,,3,44,single_method_pi,FALSE,FALSE,Credit card
13689,1,,1,5,single_method_pi,TRUE,TRUE,Cash
13692,1,,1,5,single_method_pi,TRUE,TRUE,Cash
13693,1,,4,28.5,single_method_pi,TRUE,TRUE,Debit card
13697,1,,4,6.140000000000001,single_method_pi,TRUE,TRUE,Debit card
13700,1,,4,15.15,single_method_pi,TRUE,TRUE,Debit card
13701,1,,6,187.26,single_method_pi,FALSE,TRUE,Bank account number payment
13702,1,,7,112.06,single_method_pi,FALSE,TRUE,Online banking bill payment
13703,1,,4,11.41,single_method_pi,TRUE,TRUE,Debit card
13704,1,,3,5,single_method_pi,FALSE,FALSE,Credit card
13705,1,,3,39,single_method_pi,FALSE,FALSE,Credit card
13706,1,,3,35,single_method_pi,FALSE,FALSE,Credit card
13707,1,,3,4.37,single_method_pi,FALSE,FALSE,Credit card
13708,1,,3,47.47,single_method_pi,FALSE,FALSE,Credit card
13709,1,,3,17.77,single_method_pi,FALSE,FALSE,Credit card
13710,1,,3,5,single_method_pi,FALSE,FALSE,Credit card
13711,1,,3,26,single_method_pi,FALSE,FALSE,Credit card
13714,1,,3,93.41,single_method_pi,FALSE,FALSE,Credit card
13715,1,,4,14.22,single_method_pi,TRUE,TRUE,Debit card
13717,1,,3,2.2,single_method_pi,FALSE,FALSE,Credit card
13718,1,,3,17.54,single_method_pi,FALSE,FALSE,Credit card
13719,1,,3,75.83,single_method_pi,FALSE,FALSE,Credit card
13721,1,,3,28.97,single_method_pi,FALSE,FALSE,Credit card
13722,1,,3,12.73,single_method_pi,FALSE,FALSE,Credit card
13724,1,,1,4,single_method_pi,TRUE,TRUE,Cash
13727,1,,1,7,single_method_pi,TRUE,TRUE,Cash
13728,1,,3,21.49,single_method_pi,FALSE,FALSE,Credit card
13729,1,,1,6.7700000000000005,single_method_pi,TRUE,TRUE,Cash
13730,1,,3,12.14,single_method_pi,FALSE,FALSE,Credit card
13739,1,,4,11.92,single_method_pi,TRUE,TRUE,Debit card
13741,1,,7,235,single_method_pi,FALSE,TRUE,Online banking bill payment
13744,1,,5,7,single_method_pi,FALSE,FALSE,Prepaid/gift/EBT card
13745,1,,1,25,single_method_pi,TRUE,TRUE,Cash
13752,1,,5,2.75,single_method_pi,FALSE,FALSE,Prepaid/gift/EBT card
13753,1,,3,255.68,single_method_pi,FALSE,FALSE,Credit card
13754,1,,5,2.75,single_method_pi,FALSE,FALSE,Prepaid/gift/EBT card
13758,1,,4,47.24,single_method_pi,TRUE,TRUE,Debit card
13759,1,,1,6,single_method_pi,TRUE,TRUE,Cash
13760,1,,4,19.07,single_method_pi,TRUE,TRUE,Debit card
13761,1,,4,39.62,single_method_pi,TRUE,TRUE,Debit card
13765,1,,1,8,single_method_pi,TRUE,TRUE,Cash
13766,1,,2,652,single_method_pi,TRUE,TRUE,Check
13774,1,,3,5.5,single_method_pi,FALSE,FALSE,Credit card
13775,1,,1,2.75,single_method_pi,TRUE,TRUE,Cash
13777,1,,3,38,single_method_pi,FALSE,FALSE,Credit card
13778,1,,3,5.5,single_method_pi,FALSE,FALSE,Credit card
13779,1,,1,18,single_method_pi,TRUE,TRUE,Cash
13780,1,,3,23.27,single_method_pi,FALSE,FALSE,Credit card
13781,1,,3,203.15,single_method_pi,FALSE,FALSE,Credit card
13782,1,,5,19.82,single_method_pi,FALSE,FALSE,Prepaid/gift/EBT card
13789,1,,4,10.75,single_method_pi,TRUE,TRUE,Debit card
13792,1,,1,9.83,single_method_pi,TRUE,TRUE,Cash
13794,1,,1,20,single_method_pi,TRUE,TRUE,Cash
13796,1,,4,50,single_method_pi,TRUE,TRUE,Debit card
13799,1,,5,13.07,single_method_pi,FALSE,FALSE,Prepaid/gift/EBT card
13803,1,,7,65,single_method_pi,FALSE,TRUE,Online banking bill payment
13804,1,,7,10,single_method_pi,FALSE,TRUE,Online banking bill payment
13805,1,,7,70,single_method_pi,FALSE,TRUE,Online banking bill payment
13806,1,,7,75,single_method_pi,FALSE,TRUE,Online banking bill payment
13807,1,,1,9,single_method_pi,TRUE,TRUE,Cash
13808,1,,1,40,single_method_pi,TRUE,TRUE,Cash
13810,1,,1,20,single_method_pi,TRUE,TRUE,Cash
13813,1,,3,149.25,single_method_pi,FALSE,FALSE,Credit card
13814,1,,3,225,single_method_pi,FALSE,FALSE,Credit card
13816,1,,1,12.95,single_method_pi,TRUE,TRUE,Cash
13818,1,,1,25.56,single_method_pi,TRUE,TRUE,Cash
13822,1,,4,22.09,single_method_pi,TRUE,TRUE,Debit card
13825,1,,2,75,single_method_pi,TRUE,TRUE,Check
13826,1,,1,21,single_method_pi,TRUE,TRUE,Cash
13828,1,,7,2500,single_method_pi,FALSE,TRUE,Online banking bill payment
13836,1,,3,13.71,single_method_pi,FALSE,FALSE,Credit card
13841,1,,1,32.25,single_method_pi,TRUE,TRUE,Cash
13846,1,,1,10,single_method_pi,TRUE,TRUE,Cash
13848,1,,3,124.36,single_method_pi,FALSE,FALSE,Credit card
13849,1,,6,143,single_method_pi,FALSE,TRUE,Bank account number payment
13853,1,,4,14.48,single_method_pi,TRUE,TRUE,Debit card
13860,1,,1,10,single_method_pi,TRUE,TRUE,Cash
13869,1,,1,17.490000000000002,single_method_pi,TRUE,TRUE,Cash
13872,1,,1,3.98,single_method_pi,TRUE,TRUE,Cash
13873,1,,1,12.75,single_method_pi,TRUE,TRUE,Cash
13876,1,,1,2.39,single_method_pi,TRUE,TRUE,Cash
13877,1,,1,8.48,single_method_pi,TRUE,TRUE,Cash
13880,1,,1,2.26,single_method_pi,TRUE,TRUE,Cash
13881,1,,7,2230,single_method_pi,FALSE,TRUE,Online banking bill payment
13884,1,,1,9.31,single_method_pi,TRUE,TRUE,Cash
13888,1,,3,63.5,single_method_pi,FALSE,FALSE,Credit card
13892,1,,3,53.46,single_method_pi,FALSE,FALSE,Credit card
13894,1,,2,10,single_method_pi,TRUE,TRUE,Check
13895,1,,2,49.53,single_method_pi,TRUE,TRUE,Check
13897,1,,4,14.12,single_method_pi,TRUE,TRUE,Debit card
13899,1,,1,8,single_method_pi,TRUE,TRUE,Cash
13900,1,,6,231.2,single_method_pi,FALSE,TRUE,Bank account number payment
13901,1,,6,181.87,single_method_pi,FALSE,TRUE,Bank account number payment
13903,1,,6,93.35,single_method_pi,FALSE,TRUE,Bank account number payment
13906,1,,4,7.5,single_method_pi,TRUE,TRUE,Debit card
13907,1,,4,16.19,single_method_pi,TRUE,TRUE,Debit card
13910,1,,1,2,single_method_pi,TRUE,TRUE,Cash
13912,1,,2,21.25,single_method_pi,TRUE,TRUE,Check
13915,1,,1,1.5,single_method_pi,TRUE,TRUE,Cash
13916,1,,3,23.89,single_method_pi,FALSE,FALSE,Credit card
13917,1,,3,39.42,single_method_pi,FALSE,FALSE,Credit card
13919,1,,2,225,single_method_pi,TRUE,TRUE,Check
13920,1,,7,190.79,single_method_pi,FALSE,TRUE,Online banking bill payment
13921,1,,1,6.75,single_method_pi,TRUE,TRUE,Cash
13922,1,,1,10.96,single_method_pi,TRUE,TRUE,Cash
13923,1,,3,31.21,single_method_pi,FALSE,FALSE,Credit card
13927,1,,3,52.16,single_method_pi,FALSE,FALSE,Credit card
13932,1,,1,2,single_method_pi,TRUE,TRUE,Cash
13933,1,,3,57.44,single_method_pi,FALSE,FALSE,Credit card
13934,1,,3,27.45,single_method_pi,FALSE,FALSE,Credit card
13938,1,,2,50.71,single_method_pi,TRUE,TRUE,Check
13939,1,,2,36.56,single_method_pi,TRUE,TRUE,Check
13940,1,,2,218.04,single_method_pi,TRUE,TRUE,Check
13942,1,,1,14.5,single_method_pi,TRUE,TRUE,Cash
13943,1,,1,21.49,single_method_pi,TRUE,TRUE,Cash
13946,1,,3,70,single_method_pi,FALSE,FALSE,Credit card
13947,1,,4,25.24,single_method_pi,TRUE,TRUE,Debit card
13949,1,,4,21.92,single_method_pi,TRUE,TRUE,Debit card
13950,1,,4,410.58,single_method_pi,TRUE,TRUE,Debit card
13959,1,,4,58.55,single_method_pi,TRUE,TRUE,Debit card
13961,1,,4,62.38,single_method_pi,TRUE,TRUE,Debit card
13962,1,,4,10.99,single_method_pi,TRUE,TRUE,Debit card
13963,1,,3,14.97,single_method_pi,FALSE,FALSE,Credit card
13965,1,,3,18.49,single_method_pi,FALSE,FALSE,Credit card
13969,1,,3,7.72,single_method_pi,FALSE,FALSE,Credit card
13972,1,,3,34.12,single_method_pi,FALSE,FALSE,Credit card
13975,1,,3,0.99,single_method_pi,FALSE,FALSE,Credit card
13977,1,,2,28,single_method_pi,TRUE,TRUE,Check
13978,1,,2,406.5,single_method_pi,TRUE,TRUE,Check
13981,1,,1,15.77,single_method_pi,TRUE,TRUE,Cash
13983,1,,4,15.3,single_method_pi,TRUE,TRUE,Debit card
13984,1,,4,85,single_method_pi,TRUE,TRUE,Debit card
13987,1,,4,66.05,single_method_pi,TRUE,TRUE,Debit card
13988,1,,5,45.33,single_method_pi,FALSE,FALSE,Prepaid/gift/EBT card
13989,1,,3,10,single_method_pi,FALSE,FALSE,Credit card
13990,1,,4,57,single_method_pi,TRUE,TRUE,Debit card
13995,1,,1,5,single_method_pi,TRUE,TRUE,Cash
13996,1,,1,20,single_method_pi,TRUE,TRUE,Cash
13997,1,,1,5,single_method_pi,TRUE,TRUE,Cash
13998,1,,3,27.23,single_method_pi,FALSE,FALSE,Credit card
13999,1,,1,30,single_method_pi,TRUE,TRUE,Cash
14000,1,,1,11,single_method_pi,TRUE,TRUE,Cash
14005,1,,1,7.99,single_method_pi,TRUE,TRUE,Cash
14006,1,,1,6.95,single_method_pi,TRUE,TRUE,Cash
14008,1,,1,6.83,single_method_pi,TRUE,TRUE,Cash
14013,1,,4,13.5,single_method_pi,TRUE,TRUE,Debit card
14014,1,,3,11.91,single_method_pi,FALSE,FALSE,Credit card
14017,1,,3,3.68,single_method_pi,FALSE,FALSE,Credit card
14019,1,,3,16.47,single_method_pi,FALSE,FALSE,Credit card
14020,1,,3,12.76,single_method_pi,FALSE,FALSE,Credit card
14024,1,,3,190,single_method_pi,FALSE,FALSE,Credit card
14025,1,,3,40.84,single_method_pi,FALSE,FALSE,Credit card
14033,1,,7,2087,single_method_pi,FALSE,TRUE,Online banking bill payment
14036,1,,7,17,single_method_pi,FALSE,TRUE,Online banking bill payment
14037,1,,13,25,single_method_pi,FALSE,FALSE,Other payment method
14038,1,,3,15,single_method_pi,FALSE,FALSE,Credit card
14040,1,,2,21,single_method_pi,TRUE,TRUE,Check
14048,1,,7,76.86,single_method_pi,FALSE,TRUE,Online banking bill payment
14051,1,,3,17.78,single_method_pi,FALSE,FALSE,Credit card
14053,1,,7,76.86,single_method_pi,FALSE,TRUE,Online banking bill payment
14055,1,,3,3.8,single_method_pi,FALSE,FALSE,Credit card
14056,1,,3,45.02,single_method_pi,FALSE,FALSE,Credit card
14058,1,,3,16.19,single_method_pi,FALSE,FALSE,Credit card
14062,1,,4,9,single_method_pi,TRUE,TRUE,Debit card
14064,1,,1,12.75,single_method_pi,TRUE,TRUE,Cash
14072,1,,4,83.57000000000001,single_method_pi,TRUE,TRUE,Debit card
14074,1,,4,3.59,single_method_pi,TRUE,TRUE,Debit card
14081,1,,7,53,single_method_pi,FALSE,TRUE,Online banking bill payment
14085,1,,2,42,single_method_pi,TRUE,TRUE,Check
14086,1,,2,106,single_method_pi,TRUE,TRUE,Check
14089,1,,4,60,single_method_pi,TRUE,TRUE,Debit card
14092,1,,3,146.31,single_method_pi,FALSE,FALSE,Credit card
14097,1,,3,27.52,single_method_pi,FALSE,FALSE,Credit card
14098,1,,3,6.41,single_method_pi,FALSE,FALSE,Credit card
14100,1,,3,15.05,single_method_pi,FALSE,FALSE,Credit card
14102,1,,7,315.12,single_method_pi,FALSE,TRUE,Online banking bill payment
14105,1,,7,49.77,single_method_pi,FALSE,TRUE,Online banking bill payment
14106,1,,1,2,single_method_pi,TRUE,TRUE,Cash
14108,1,,7,49.77,single_method_pi,FALSE,TRUE,Online banking bill payment
14112,1,,1,13.78,single_method_pi,TRUE,TRUE,Cash
14113,1,,1,27.64,single_method_pi,TRUE,TRUE,Cash
14118,1,,5,5.89,single_method_pi,FALSE,FALSE,Prepaid/gift/EBT card
14122,1,,3,118,single_method_pi,FALSE,FALSE,Credit card
14124,1,,3,5.7,single_method_pi,FALSE,FALSE,Credit card
14127,1,,3,12,single_method_pi,FALSE,FALSE,Credit card
14128,1,,13,5,single_method_pi,FALSE,FALSE,Other payment method
14129,1,,3,8.700000000000001,single_method_pi,FALSE,FALSE,Credit card
14133,1,,3,59.74,single_method_pi,FALSE,FALSE,Credit card
14134,1,,3,15.32,single_method_pi,FALSE,FALSE,Credit card
14135,1,,3,22.49,single_method_pi,FALSE,FALSE,Credit card
14136,1,,3,10,single_method_pi,FALSE,FALSE,Credit card
14137,1,,1,4,single_method_pi,TRUE,TRUE,Cash
14138,1,,5,6,single_method_pi,FALSE,FALSE,Prepaid/gift/EBT card
14139,1,,5,2.31,single_method_pi,FALSE,FALSE,Prepaid/gift/EBT card
14140,1,,3,25.4,single_method_pi,FALSE,FALSE,Credit card
14142,1,,3,67.39,single_method_pi,FALSE,FALSE,Credit card
14143,1,,3,4.49,single_method_pi,FALSE,FALSE,Credit card
14144,1,,1,4.15,single_method_pi,TRUE,TRUE,Cash
14145,1,,1,9,single_method_pi,TRUE,TRUE,Cash
14146,1,,1,6,single_method_pi,TRUE,TRUE,Cash
14148,1,,1,6,single_method_pi,TRUE,TRUE,Cash
14150,1,,1,11.09,single_method_pi,TRUE,TRUE,Cash
14151,1,,1,5.25,single_method_pi,TRUE,TRUE,Cash
14152,1,,1,6,single_method_pi,TRUE,TRUE,Cash
14153,1,,5,43.81,single_method_pi,FALSE,FALSE,Prepaid/gift/EBT card
14155,1,,1,3.75,single_method_pi,TRUE,TRUE,Cash
14158,1,,1,11.83,single_method_pi,TRUE,TRUE,Cash
14159,1,,1,28,single_method_pi,TRUE,TRUE,Cash
14160,1,,1,2,single_method_pi,TRUE,TRUE,Cash
14161,1,,1,8.75,single_method_pi,TRUE,TRUE,Cash
14163,1,,5,70,single_method_pi,FALSE,FALSE,Prepaid/gift/EBT card
14174,1,,1,3,single_method_pi,TRUE,TRUE,Cash
14177,1,,1,5.42,single_method_pi,TRUE,TRUE,Cash
14183,1,,1,2.72,single_method_pi,TRUE,TRUE,Cash
14188,1,,4,31.28,single_method_pi,TRUE,TRUE,Debit card
14189,1,,4,255.76,single_method_pi,TRUE,TRUE,Debit card
14190,1,,5,98.83,single_method_pi,FALSE,FALSE,Prepaid/gift/EBT card
14193,1,,3,48.42,single_method_pi,FALSE,FALSE,Credit card
14194,1,,3,13.72,single_method_pi,FALSE,FALSE,Credit card
14195,1,,3,6.76,single_method_pi,FALSE,FALSE,Credit card
14196,1,,3,42.38,single_method_pi,FALSE,FALSE,Credit card
14197,1,,3,8.65,single_method_pi,FALSE,FALSE,Credit card
14200,1,,3,8.36,single_method_pi,FALSE,FALSE,Credit card
14202,1,,3,38.39,single_method_pi,FALSE,FALSE,Credit card
14203,1,,3,23.06,single_method_pi,FALSE,FALSE,Credit card
14209,1,,3,30,single_method_pi,FALSE,FALSE,Credit card
14211,1,,4,6.44,single_method_pi,TRUE,TRUE,Debit card
14213,1,,4,37,single_method_pi,TRUE,TRUE,Debit card
14216,1,,3,24.41,single_method_pi,FALSE,FALSE,Credit card
14220,1,,1,18.58,single_method_pi,TRUE,TRUE,Cash
14221,1,,5,5.0600000000000005,single_method_pi,FALSE,FALSE,Prepaid/gift/EBT card
14226,1,,6,72.79,single_method_pi,FALSE,TRUE,Bank account number payment
14227,1,,1,13.35,single_method_pi,TRUE,TRUE,Cash
14228,1,,1,11.37,single_method_pi,TRUE,TRUE,Cash
14230,1,,1,27,single_method_pi,TRUE,TRUE,Cash
14235,1,,3,20.56,single_method_pi,FALSE,FALSE,Credit card
14236,1,,3,41.23,single_method_pi,FALSE,FALSE,Credit card
14242,1,,6,1313.01,single_method_pi,FALSE,TRUE,Bank account number payment
14247,1,,3,12,single_method_pi,FALSE,FALSE,Credit card
14248,1,,3,18,single_method_pi,FALSE,FALSE,Credit card
14249,1,,3,27,single_method_pi,FALSE,FALSE,Credit card
14252,1,,3,28,single_method_pi,FALSE,FALSE,Credit card
14253,1,,3,56.16,single_method_pi,FALSE,FALSE,Credit card
14256,1,,13,20.52,single_method_pi,FALSE,FALSE,Other payment method
14257,1,,13,3.51,single_method_pi,FALSE,FALSE,Other payment method
14260,1,,3,16.740000000000002,single_method_pi,FALSE,FALSE,Credit card
14264,1,,7,110,single_method_pi,FALSE,TRUE,Online banking bill payment
14267,1,,2,110,single_method_pi,TRUE,TRUE,Check
14269,1,,1,5,single_method_pi,TRUE,TRUE,Cash
14275,1,,5,24.14,single_method_pi,FALSE,FALSE,Prepaid/gift/EBT card
14279,1,,4,5,single_method_pi,TRUE,TRUE,Debit card
14281,1,,1,11,single_method_pi,TRUE,TRUE,Cash
14282,1,,6,200,single_method_pi,FALSE,TRUE,Bank account number payment
14283,1,,1,24,single_method_pi,TRUE,TRUE,Cash
14285,1,,4,12.91,single_method_pi,TRUE,TRUE,Debit card
14286,1,,1,11,single_method_pi,TRUE,TRUE,Cash
14288,1,,1,14.26,single_method_pi,TRUE,TRUE,Cash
14289,1,,4,34.88,single_method_pi,TRUE,TRUE,Debit card
14292,1,,4,21.79,single_method_pi,TRUE,TRUE,Debit card
14293,1,,4,24.5,single_method_pi,TRUE,TRUE,Debit card
14313,1,,6,1275,single_method_pi,FALSE,TRUE,Bank account number payment
14314,1,,2,69.8,single_method_pi,TRUE,TRUE,Check
14316,1,,2,69.8,single_method_pi,TRUE,TRUE,Check
14324,1,,3,64,single_method_pi,FALSE,FALSE,Credit card
14325,1,,3,18,single_method_pi,FALSE,FALSE,Credit card
14330,1,,2,99,single_method_pi,TRUE,TRUE,Check
14333,1,,6,39.65,single_method_pi,FALSE,TRUE,Bank account number payment
14334,1,,4,14.67,single_method_pi,TRUE,TRUE,Debit card
14335,1,,3,125,single_method_pi,FALSE,FALSE,Credit card
14339,1,,4,9,single_method_pi,TRUE,TRUE,Debit card
14340,1,,4,43,single_method_pi,TRUE,TRUE,Debit card
14342,1,,4,194,single_method_pi,TRUE,TRUE,Debit card
14344,1,,1,8,single_method_pi,TRUE,TRUE,Cash
14345,1,,4,1500,single_method_pi,TRUE,TRUE,Debit card
14347,1,,4,194,single_method_pi,TRUE,TRUE,Debit card
14350,1,,4,16,single_method_pi,TRUE,TRUE,Debit card
14351,1,,1,2,single_method_pi,TRUE,TRUE,Cash
14352,1,,4,8,single_method_pi,TRUE,TRUE,Debit card
14354,1,,4,25,single_method_pi,TRUE,TRUE,Debit card
14355,1,,3,117.36,single_method_pi,FALSE,FALSE,Credit card
14356,1,,11,13.07,single_method_pi,FALSE,TRUE,Account-to-account transfer
14358,1,,4,11.5,single_method_pi,TRUE,TRUE,Debit card
14361,1,,4,37.53,single_method_pi,TRUE,TRUE,Debit card
14365,1,,4,18.54,single_method_pi,TRUE,TRUE,Debit card
14372,1,,3,41.56,single_method_pi,FALSE,FALSE,Credit card
14374,1,,3,43.05,single_method_pi,FALSE,FALSE,Credit card
14377,1,,3,17.830000000000002,single_method_pi,FALSE,FALSE,Credit card
14378,1,,3,45.65,single_method_pi,FALSE,FALSE,Credit card
14380,1,,3,1.12,single_method_pi,FALSE,FALSE,Credit card
14383,1,,7,75,single_method_pi,FALSE,TRUE,Online banking bill payment
14386,1,,3,5.5200000000000005,single_method_pi,FALSE,FALSE,Credit card
14387,1,,3,83.99,single_method_pi,FALSE,FALSE,Credit card
14389,1,,3,66.21000000000001,single_method_pi,FALSE,FALSE,Credit card
14396,1,,2,320,single_method_pi,TRUE,TRUE,Check
14397,1,,3,10,single_method_pi,FALSE,FALSE,Credit card
14398,1,,2,95,single_method_pi,TRUE,TRUE,Check
14402,1,,3,20.2,single_method_pi,FALSE,FALSE,Credit card
14406,1,,4,9,single_method_pi,TRUE,TRUE,Debit card
14407,1,,4,55,single_method_pi,TRUE,TRUE,Debit card
14409,1,,4,13.13,single_method_pi,TRUE,TRUE,Debit card
14410,1,,4,68.4,single_method_pi,TRUE,TRUE,Debit card
14412,1,,4,67.12,single_method_pi,TRUE,TRUE,Debit card
14415,1,,3,22.95,single_method_pi,FALSE,FALSE,Credit card
14419,1,,3,17.46,single_method_pi,FALSE,FALSE,Credit card
14420,1,,13,13,single_method_pi,FALSE,FALSE,Other payment method
14422,1,,7,39.81,single_method_pi,FALSE,TRUE,Online banking bill payment
14423,1,,3,13.76,single_method_pi,FALSE,FALSE,Credit card
14427,1,,3,17.82,single_method_pi,FALSE,FALSE,Credit card
14431,1,,3,37.54,single_method_pi,FALSE,FALSE,Credit card
14434,1,,1,20,single_method_pi,TRUE,TRUE,Cash
14435,1,,1,3.59,single_method_pi,TRUE,TRUE,Cash
14436,1,,3,52.07,single_method_pi,FALSE,FALSE,Credit card
14437,1,,4,20,single_method_pi,TRUE,TRUE,Debit card
14438,1,,4,2.6,single_method_pi,TRUE,TRUE,Debit card
14442,1,,4,28.43,single_method_pi,TRUE,TRUE,Debit card
14444,1,,4,20.82,single_method_pi,TRUE,TRUE,Debit card
14458,1,,1,4,single_method_pi,TRUE,TRUE,Cash
14459,1,,4,17,single_method_pi,TRUE,TRUE,Debit card
14461,1,,1,1.03,single_method_pi,TRUE,TRUE,Cash
14464,1,,4,82.02,single_method_pi,TRUE,TRUE,Debit card
14468,1,,2,20,single_method_pi,TRUE,TRUE,Check
14469,1,,2,20,single_method_pi,TRUE,TRUE,Check
14470,1,,4,208,single_method_pi,TRUE,TRUE,Debit card
14471,1,,4,11,single_method_pi,TRUE,TRUE,Debit card
14472,1,,14,709,single_method_pi,FALSE,FALSE,Deduction from income
14473,1,,4,3.0700000000000003,single_method_pi,TRUE,TRUE,Debit card
14474,1,,3,107.95,single_method_pi,FALSE,FALSE,Credit card
14476,1,,1,2,single_method_pi,TRUE,TRUE,Cash
14478,1,,3,16.61,single_method_pi,FALSE,FALSE,Credit card
14479,1,,4,6.66,single_method_pi,TRUE,TRUE,Debit card
14480,1,,3,35,single_method_pi,FALSE,FALSE,Credit card
14481,1,,6,250,single_method_pi,FALSE,TRUE,Bank account number payment
14482,1,,3,44.6,single_method_pi,FALSE,FALSE,Credit card
14483,1,,4,8,single_method_pi,TRUE,TRUE,Debit card
14487,1,,3,1.29,single_method_pi,FALSE,FALSE,Credit card
14488,1,,3,38.56,single_method_pi,FALSE,FALSE,Credit card
14490,1,,3,115.29,single_method_pi,FALSE,FALSE,Credit card
14497,1,,1,11,single_method_pi,TRUE,TRUE,Cash
14499,1,,6,572,single_method_pi,FALSE,TRUE,Bank account number payment
14500,1,,3,8.14,single_method_pi,FALSE,FALSE,Credit card
14501,1,,3,16.9,single_method_pi,FALSE,FALSE,Credit card
14502,1,,3,24.82,single_method_pi,FALSE,FALSE,Credit card
14503,1,,3,9.74,single_method_pi,FALSE,FALSE,Credit card
14504,1,,3,32.74,single_method_pi,FALSE,FALSE,Credit card
14505,1,,3,21.07,single_method_pi,FALSE,FALSE,Credit card
14506,1,,3,4.38,single_method_pi,FALSE,FALSE,Credit card
14514,1,,3,76.95,single_method_pi,FALSE,FALSE,Credit card
14515,1,,3,40.91,single_method_pi,FALSE,FALSE,Credit card
14517,1,,3,10.4,single_method_pi,FALSE,FALSE,Credit card
14518,1,,3,18.38,single_method_pi,FALSE,FALSE,Credit card
14530,1,,7,32.25,single_method_pi,FALSE,TRUE,Online banking bill payment
14533,1,,4,47.12,single_method_pi,TRUE,TRUE,Debit card
14538,1,,4,21.25,single_method_pi,TRUE,TRUE,Debit card
14540,1,,4,10,single_method_pi,TRUE,TRUE,Debit card
14541,1,,4,21.25,single_method_pi,TRUE,TRUE,Debit card
14542,1,,4,70,single_method_pi,TRUE,TRUE,Debit card
14544,1,,3,44.4,single_method_pi,FALSE,FALSE,Credit card
14546,1,,2,840,single_method_pi,TRUE,TRUE,Check
14547,1,,3,58,single_method_pi,FALSE,FALSE,Credit card
14548,1,,1,2,single_method_pi,TRUE,TRUE,Cash
14549,1,,3,66.33,single_method_pi,FALSE,FALSE,Credit card
14553,1,,3,69,single_method_pi,FALSE,FALSE,Credit card
14554,1,,7,2000,single_method_pi,FALSE,TRUE,Online banking bill payment
14558,1,,3,21.9,single_method_pi,FALSE,FALSE,Credit card
14562,1,,3,18.3,single_method_pi,FALSE,FALSE,Credit card
14563,1,,3,11,single_method_pi,FALSE,FALSE,Credit card
14564,1,,3,15.84,single_method_pi,FALSE,FALSE,Credit card
14565,1,,1,35,single_method_pi,TRUE,TRUE,Cash
14567,1,,3,50.6,single_method_pi,FALSE,FALSE,Credit card
14569,1,,4,9.01,single_method_pi,TRUE,TRUE,Debit card
14573,1,,4,13.51,single_method_pi,TRUE,TRUE,Debit card
14578,1,,4,9.01,single_method_pi,TRUE,TRUE,Debit card
14580,1,,4,118.14,single_method_pi,TRUE,TRUE,Debit card
14581,1,,4,4.75,single_method_pi,TRUE,TRUE,Debit card
14583,1,,4,195.56,single_method_pi,TRUE,TRUE,Debit card
14585,1,,1,11.68,single_method_pi,TRUE,TRUE,Cash
14587,1,,1,4.24,single_method_pi,TRUE,TRUE,Cash
14590,1,,5,4.8,single_method_pi,FALSE,FALSE,Prepaid/gift/EBT card
14594,1,,4,9.33,single_method_pi,TRUE,TRUE,Debit card
14596,1,,1,3.86,single_method_pi,TRUE,TRUE,Cash
14597,1,,1,25.69,single_method_pi,TRUE,TRUE,Cash
14599,1,,1,14,single_method_pi,TRUE,TRUE,Cash
14602,1,,4,22.98,single_method_pi,TRUE,TRUE,Debit card
14603,1,,7,207.78,single_method_pi,FALSE,TRUE,Online banking bill payment
14605,1,,4,139.98,single_method_pi,TRUE,TRUE,Debit card
14607,1,,4,52.15,single_method_pi,TRUE,TRUE,Debit card
14608,1,,4,26.71,single_method_pi,TRUE,TRUE,Debit card
14610,1,,3,2.5,single_method_pi,FALSE,FALSE,Credit card
14611,1,,3,25,single_method_pi,FALSE,FALSE,Credit card
14615,1,,1,3.25,single_method_pi,TRUE,TRUE,Cash
14617,1,,3,11.66,single_method_pi,FALSE,FALSE,Credit card
14618,1,,3,2.66,single_method_pi,FALSE,FALSE,Credit card
14621,1,,3,6.68,single_method_pi,FALSE,FALSE,Credit card
14622,1,,3,28.27,single_method_pi,FALSE,FALSE,Credit card
14623,1,,3,20.17,single_method_pi,FALSE,FALSE,Credit card
14626,1,,3,41.55,single_method_pi,FALSE,FALSE,Credit card
14641,1,,4,4.73,single_method_pi,TRUE,TRUE,Debit card
14643,1,,4,58.2,single_method_pi,TRUE,TRUE,Debit card
14646,1,,1,3.98,single_method_pi,TRUE,TRUE,Cash
14648,1,,4,14.5,single_method_pi,TRUE,TRUE,Debit card
14649,1,,1,4.51,single_method_pi,TRUE,TRUE,Cash
14655,1,,3,54.24,single_method_pi,FALSE,FALSE,Credit card
14656,1,,1,20,single_method_pi,TRUE,TRUE,Cash
14658,1,,1,1.35,single_method_pi,TRUE,TRUE,Cash
14660,1,,3,3.3000000000000003,single_method_pi,FALSE,FALSE,Credit card
14663,1,,4,22.11,single_method_pi,TRUE,TRUE,Debit card
14664,1,,4,11.73,single_method_pi,TRUE,TRUE,Debit card
14665,1,,4,11,single_method_pi,TRUE,TRUE,Debit card
14667,1,,4,8.52,single_method_pi,TRUE,TRUE,Debit card
14669,1,,4,46.05,single_method_pi,TRUE,TRUE,Debit card
14670,1,,4,37.91,single_method_pi,TRUE,TRUE,Debit card
14672,1,,1,32.05,single_method_pi,TRUE,TRUE,Cash
14673,1,,4,8.63,single_method_pi,TRUE,TRUE,Debit card
14674,1,,4,40.63,single_method_pi,TRUE,TRUE,Debit card
14676,1,,3,84.71000000000001,single_method_pi,FALSE,FALSE,Credit card
14708,1,,5,38.75,single_method_pi,FALSE,FALSE,Prepaid/gift/EBT card
14715,1,,1,6,single_method_pi,TRUE,TRUE,Cash
14716,1,,4,10,single_method_pi,TRUE,TRUE,Debit card
14719,1,,1,5,single_method_pi,TRUE,TRUE,Cash
14725,1,,1,5,single_method_pi,TRUE,TRUE,Cash
14726,1,,1,13,single_method_pi,TRUE,TRUE,Cash
14730,1,,4,10,single_method_pi,TRUE,TRUE,Debit card
14732,1,,1,5,single_method_pi,TRUE,TRUE,Cash
14733,1,,1,5,single_method_pi,TRUE,TRUE,Cash
14739,1,,4,10,single_method_pi,TRUE,TRUE,Debit card
14740,1,,1,7,single_method_pi,TRUE,TRUE,Cash
14742,1,,4,6,single_method_pi,TRUE,TRUE,Debit card
14744,1,,4,27,single_method_pi,TRUE,TRUE,Debit card
14746,1,,13,3900,single_method_pi,FALSE,FALSE,Other payment method
14747,1,,4,10,single_method_pi,TRUE,TRUE,Debit card
14749,1,,4,5.5,single_method_pi,TRUE,TRUE,Debit card
14750,1,,4,15.31,single_method_pi,TRUE,TRUE,Debit card
14752,1,,1,4,single_method_pi,TRUE,TRUE,Cash
14753,1,,1,5.75,single_method_pi,TRUE,TRUE,Cash
14756,1,,4,23,single_method_pi,TRUE,TRUE,Debit card
14757,1,,1,2,single_method_pi,TRUE,TRUE,Cash
14758,1,,1,3,single_method_pi,TRUE,TRUE,Cash
14761,1,,4,9.08,single_method_pi,TRUE,TRUE,Debit card
14762,1,,1,4,single_method_pi,TRUE,TRUE,Cash
14763,1,,4,10.62,single_method_pi,TRUE,TRUE,Debit card
14765,1,,3,32,single_method_pi,FALSE,FALSE,Credit card
14766,1,,3,35.44,single_method_pi,FALSE,FALSE,Credit card
14768,1,,3,76.97,single_method_pi,FALSE,FALSE,Credit card
14770,1,,1,5,single_method_pi,TRUE,TRUE,Cash
14771,1,,3,32.46,single_method_pi,FALSE,FALSE,Credit card
14774,1,,4,27.06,single_method_pi,TRUE,TRUE,Debit card
14777,1,,4,6.25,single_method_pi,TRUE,TRUE,Debit card
14780,1,,4,14.43,single_method_pi,TRUE,TRUE,Debit card
14781,1,,6,32.5,single_method_pi,FALSE,TRUE,Bank account number payment
14782,1,,1,3.18,single_method_pi,TRUE,TRUE,Cash
14783,1,,1,15.15,single_method_pi,TRUE,TRUE,Cash
14793,1,,3,29.25,single_method_pi,FALSE,FALSE,Credit card
14800,1,,4,4.03,single_method_pi,TRUE,TRUE,Debit card
14801,1,,13,200,single_method_pi,FALSE,FALSE,Other payment method
14802,1,,11,50,single_method_pi,FALSE,TRUE,Account-to-account transfer
14803,1,,13,80,single_method_pi,FALSE,FALSE,Other payment method
14804,1,,11,200,single_method_pi,FALSE,TRUE,Account-to-account transfer
14809,1,,4,4.43,single_method_pi,TRUE,TRUE,Debit card
14810,1,,3,27.05,single_method_pi,FALSE,FALSE,Credit card
14811,1,,3,8.17,single_method_pi,FALSE,FALSE,Credit card
14813,1,,3,5.3,single_method_pi,FALSE,FALSE,Credit card
14816,1,,4,13.78,single_method_pi,TRUE,TRUE,Debit card
14817,1,,4,29,single_method_pi,TRUE,TRUE,Debit card
14819,1,,4,14.64,single_method_pi,TRUE,TRUE,Debit card
14821,1,,4,6.97,single_method_pi,TRUE,TRUE,Debit card
14822,1,,4,145.56,single_method_pi,TRUE,TRUE,Debit card
14823,1,,2,140.41,single_method_pi,TRUE,TRUE,Check
14829,1,,3,45,single_method_pi,FALSE,FALSE,Credit card
14830,1,,1,4,single_method_pi,TRUE,TRUE,Cash
14834,1,,4,20.04,single_method_pi,TRUE,TRUE,Debit card
14838,1,,6,1500,single_method_pi,FALSE,TRUE,Bank account number payment
14839,1,,4,34.910000000000004,single_method_pi,TRUE,TRUE,Debit card
14841,1,,6,1252,single_method_pi,FALSE,TRUE,Bank account number payment
14846,1,,4,34.910000000000004,single_method_pi,TRUE,TRUE,Debit card
14849,1,,7,25,single_method_pi,FALSE,TRUE,Online banking bill payment
14850,1,,7,39.74,single_method_pi,FALSE,TRUE,Online banking bill payment
14855,1,,6,182.32,single_method_pi,FALSE,TRUE,Bank account number payment
14858,1,,1,2,single_method_pi,TRUE,TRUE,Cash
14861,1,,6,508.22,single_method_pi,FALSE,TRUE,Bank account number payment
14863,1,,7,165.23,single_method_pi,FALSE,TRUE,Online banking bill payment
14865,1,,6,200,single_method_pi,FALSE,TRUE,Bank account number payment
14866,1,,4,23.27,single_method_pi,TRUE,TRUE,Debit card
14867,1,,4,18.82,single_method_pi,TRUE,TRUE,Debit card
14871,1,,3,50.88,single_method_pi,FALSE,FALSE,Credit card
14872,1,,1,10,single_method_pi,TRUE,TRUE,Cash
14874,1,,3,28,single_method_pi,FALSE,FALSE,Credit card
14875,1,,1,10.09,single_method_pi,TRUE,TRUE,Cash
14876,1,,4,9.19,single_method_pi,TRUE,TRUE,Debit card
14877,1,,1,2,single_method_pi,TRUE,TRUE,Cash
14878,1,,1,1,single_method_pi,TRUE,TRUE,Cash
14879,1,,4,26.49,single_method_pi,TRUE,TRUE,Debit card
14882,1,,3,125,single_method_pi,FALSE,FALSE,Credit card
14883,1,,1,18.47,single_method_pi,TRUE,TRUE,Cash
14884,1,,4,35.86,single_method_pi,TRUE,TRUE,Debit card
14892,1,,6,2,single_method_pi,FALSE,TRUE,Bank account number payment
14895,1,,1,8.23,single_method_pi,TRUE,TRUE,Cash
14898,1,,4,41.42,single_method_pi,TRUE,TRUE,Debit card
14901,1,,4,20,single_method_pi,TRUE,TRUE,Debit card
14912,1,,7,169.76,single_method_pi,FALSE,TRUE,Online banking bill payment
14913,1,,3,22.34,single_method_pi,FALSE,FALSE,Credit card
14918,1,,3,26.05,single_method_pi,FALSE,FALSE,Credit card
14919,1,,3,23.35,single_method_pi,FALSE,FALSE,Credit card
14921,1,,1,1.25,single_method_pi,TRUE,TRUE,Cash
14925,1,,1,3.5,single_method_pi,TRUE,TRUE,Cash
14926,1,,4,133.4,single_method_pi,TRUE,TRUE,Debit card
14927,1,,4,8.8,single_method_pi,TRUE,TRUE,Debit card
14928,1,,5,4.3500000000000005,single_method_pi,FALSE,FALSE,Prepaid/gift/EBT card
14944,1,,1,3,single_method_pi,TRUE,TRUE,Cash
14947,1,,1,1.38,single_method_pi,TRUE,TRUE,Cash
14950,1,,3,90,single_method_pi,FALSE,FALSE,Credit card
14958,1,,4,0.99,single_method_pi,TRUE,TRUE,Debit card
14959,1,,1,13.05,single_method_pi,TRUE,TRUE,Cash
14963,1,,1,10.15,single_method_pi,TRUE,TRUE,Cash
14965,1,,4,14.19,single_method_pi,TRUE,TRUE,Debit card
14966,1,,2,113,single_method_pi,TRUE,TRUE,Check
14967,1,,3,38.14,single_method_pi,FALSE,FALSE,Credit card
14968,1,,1,5.5200000000000005,single_method_pi,TRUE,TRUE,Cash
14970,1,,3,28.59,single_method_pi,FALSE,FALSE,Credit card
14990,1,,1,60,single_method_pi,TRUE,TRUE,Cash
14991,1,,4,63.47,single_method_pi,TRUE,TRUE,Debit card
14993,1,,4,15.85,single_method_pi,TRUE,TRUE,Debit card
14994,1,,4,8.98,single_method_pi,TRUE,TRUE,Debit card
14996,1,,4,66.87,single_method_pi,TRUE,TRUE,Debit card
14998,1,,4,9.08,single_method_pi,TRUE,TRUE,Debit card
15000,1,,4,14.18,single_method_pi,TRUE,TRUE,Debit card
15001,1,,4,30,single_method_pi,TRUE,TRUE,Debit card
15002,1,,4,47.88,single_method_pi,TRUE,TRUE,Debit card
15026,1,,4,5,single_method_pi,TRUE,TRUE,Debit card
15028,1,,4,2.98,single_method_pi,TRUE,TRUE,Debit card
15029,1,,4,1.69,single_method_pi,TRUE,TRUE,Debit card
15032,1,,4,9,single_method_pi,TRUE,TRUE,Debit card
15033,1,,4,14.1,single_method_pi,TRUE,TRUE,Debit card
15034,1,,4,2.38,single_method_pi,TRUE,TRUE,Debit card
15037,1,,4,5.7700000000000005,single_method_pi,TRUE,TRUE,Debit card
15038,1,,4,12.54,single_method_pi,TRUE,TRUE,Debit card
15039,1,,4,24.09,single_method_pi,TRUE,TRUE,Debit card
15040,1,,4,7.87,single_method_pi,TRUE,TRUE,Debit card
15041,1,,4,39.12,single_method_pi,TRUE,TRUE,Debit card
15043,1,,4,5.5,single_method_pi,TRUE,TRUE,Debit card
15046,1,,4,7.13,single_method_pi,TRUE,TRUE,Debit card
15047,1,,4,14.3,single_method_pi,TRUE,TRUE,Debit card
15053,1,,4,396.97,single_method_pi,TRUE,TRUE,Debit card
15060,1,,7,27,single_method_pi,FALSE,TRUE,Online banking bill payment
15061,1,,7,583.44,single_method_pi,FALSE,TRUE,Online banking bill payment
15062,1,,7,408,single_method_pi,FALSE,TRUE,Online banking bill payment
15064,1,,1,4.75,single_method_pi,TRUE,TRUE,Cash
15080,1,,2,35,single_method_pi,TRUE,TRUE,Check
15083,1,,1,9,single_method_pi,TRUE,TRUE,Cash
15084,1,,1,4.75,single_method_pi,TRUE,TRUE,Cash
15092,1,,1,7.87,single_method_pi,TRUE,TRUE,Cash
15093,1,,4,35.6,single_method_pi,TRUE,TRUE,Debit card
15094,1,,1,13.71,single_method_pi,TRUE,TRUE,Cash
15095,1,,1,22.72,single_method_pi,TRUE,TRUE,Cash
2298,1,Cash,1,20,parsed_multipi_breakdown,TRUE,TRUE,Cash
2298,2,Debit Card,4,7.14,parsed_multipi_breakdown,TRUE,TRUE,Debit card
2951,1,Cash,1,2,parsed_multipi_breakdown,TRUE,TRUE,Cash
2951,2,Credit Card,3,21.07,parsed_multipi_breakdown,FALSE,FALSE,Credit card
5274,1,Cash,1,401.96999999999997,parsed_multipi_breakdown,TRUE,TRUE,Cash
5274,2,Money Order,8,0.59,parsed_multipi_breakdown,FALSE,FALSE,Money order
5920,1,Cash,1,6.59,parsed_multipi_breakdown,TRUE,TRUE,Cash
5920,2,Direct deduction from income,14,5,parsed_multipi_breakdown,FALSE,FALSE,Deduction from income
12170,1,Cash,1,10,parsed_multipi_breakdown,TRUE,TRUE,Cash
12170,2,Prepaid/gift/EBT card,5,16.330000000000002,parsed_multipi_breakdown,FALSE,FALSE,Prepaid/gift/EBT card
13315,1,Cash,1,4.89,parsed_multipi_breakdown,TRUE,TRUE,Cash
13315,2,Check,2,44.36,parsed_multipi_breakdown,TRUE,TRUE,Check
14652,1,Credit Card,3,3.5,parsed_multipi_breakdown,FALSE,FALSE,Credit card
14652,2,Direct deduction from income,14,4.07,parsed_multipi_breakdown,FALSE,FALSE,Deduction from income
