panel_id,interviews_observed,n_interviews_observed,n_interview_records,first_interview_month_index,last_interview_month_index,has_complete_interviews_1_4,interviews_exactly_three_months_apart,n_distinct_expected_reference_months,n_distinct_mtbi_reference_months,has_complete_12_month_mtbi_panel
0406947,1234,4,4,24229,24238,TRUE,TRUE,12,12,TRUE
0406948,1234,4,4,24229,24238,TRUE,TRUE,12,12,TRUE
0406952,1234,4,4,24229,24238,TRUE,TRUE,12,12,TRUE
0406956,1234,4,4,24229,24238,TRUE,TRUE,12,12,TRUE
0406958,1234,4,4,24229,24238,TRUE,TRUE,12,12,TRUE
0406961,1234,4,4,24229,24238,TRUE,TRUE,12,12,TRUE
0406966,1234,4,4,24229,24238,TRUE,TRUE,12,12,TRUE
0406971,1234,4,4,24229,24238,TRUE,TRUE,12,12,TRUE
0406972,1234,4,4,24229,24238,TRUE,TRUE,12,12,TRUE
0406976,1234,4,4,24229,24238,TRUE,TRUE,12,12,TRUE
0406981,1234,4,4,24229,24238,TRUE,TRUE,12,12,TRUE
0406983,1234,4,4,24229,24238,TRUE,TRUE,12,12,TRUE
0406984,1234,4,4,24229,24238,TRUE,TRUE,12,12,TRUE
0406987,1234,4,4,24229,24238,TRUE,TRUE,12,12,TRUE
0406989,1234,4,4,24229,24238,TRUE,TRUE,12,12,TRUE
0406991,1234,4,4,24229,24238,TRUE,TRUE,12,12,TRUE
0406992,1234,4,4,24229,24238,TRUE,TRUE,12,12,TRUE
0406999,1234,4,4,24229,24238,TRUE,TRUE,12,12,TRUE
0407011,1234,4,4,24229,24238,TRUE,TRUE,12,12,TRUE
0407016,1234,4,4,24229,24238,TRUE,TRUE,12,12,TRUE
0407017,1234,4,4,24229,24238,TRUE,TRUE,12,12,TRUE
0407020,1234,4,4,24229,24238,TRUE,TRUE,12,12,TRUE
0407027,1234,4,4,24229,24238,TRUE,TRUE,12,12,TRUE
0407029,1234,4,4,24229,24238,TRUE,TRUE,12,12,TRUE
0407032,1234,4,4,24229,24238,TRUE,TRUE,12,12,TRUE
0407037,1234,4,4,24229,24238,TRUE,TRUE,12,12,TRUE
0407038,1234,4,4,24229,24238,TRUE,TRUE,12,12,TRUE
0407041,1234,4,4,24229,24238,TRUE,TRUE,12,12,TRUE
0407045,1234,4,4,24229,24238,TRUE,TRUE,12,12,TRUE
0407046,1234,4,4,24229,24238,TRUE,TRUE,12,12,TRUE
0407048,1234,4,4,24229,24238,TRUE,TRUE,12,12,TRUE
0407057,1234,4,4,24229,24238,TRUE,TRUE,12,12,TRUE
0407058,1234,4,4,24229,24238,TRUE,TRUE,12,12,TRUE
0407060,1234,4,4,24229,24238,TRUE,TRUE,12,12,TRUE
0407063,1234,4,4,24229,24238,TRUE,TRUE,12,12,TRUE
0407068,1234,4,4,24229,24238,TRUE,TRUE,12,12,TRUE
0407069,1234,4,4,24229,24238,TRUE,TRUE,12,12,TRUE
0407070,1234,4,4,24229,24238,TRUE,TRUE,12,12,TRUE
0407086,1234,4,4,24229,24238,TRUE,TRUE,12,12,TRUE
0407093,1234,4,4,24229,24238,TRUE,TRUE,12,12,TRUE
0407095,1234,4,4,24229,24238,TRUE,TRUE,12,12,TRUE
0407097,1234,4,4,24229,24238,TRUE,TRUE,12,12,TRUE
0407099,1234,4,4,24229,24238,TRUE,TRUE,12,12,TRUE
0407105,1234,4,4,24229,24238,TRUE,TRUE,12,12,TRUE
0407106,1234,4,4,24229,24238,TRUE,TRUE,12,12,TRUE
0407111,1234,4,4,24229,24238,TRUE,TRUE,12,12,TRUE
0407112,1234,4,4,24229,24238,TRUE,TRUE,12,12,TRUE
0407113,1234,4,4,24229,24238,TRUE,TRUE,12,12,TRUE
0407115,1234,4,4,24229,24238,TRUE,TRUE,12,12,TRUE
0407118,1234,4,4,24229,24238,TRUE,TRUE,12,12,TRUE
0407119,1234,4,4,24229,24238,TRUE,TRUE,12,12,TRUE
0407122,1234,4,4,24229,24238,TRUE,TRUE,12,12,TRUE
0407125,1234,4,4,24229,24238,TRUE,TRUE,12,12,TRUE
0407127,1234,4,4,24229,24238,TRUE,TRUE,12,12,TRUE
0407131,1234,4,4,24229,24238,TRUE,TRUE,12,12,TRUE
0407132,1234,4,4,24229,24238,TRUE,TRUE,12,12,TRUE
0407133,1234,4,4,24229,24238,TRUE,TRUE,12,12,TRUE
0407134,1234,4,4,24229,24238,TRUE,TRUE,12,12,TRUE
0407135,1234,4,4,24229,24238,TRUE,TRUE,12,12,TRUE
0407138,1234,4,4,24229,24238,TRUE,TRUE,12,12,TRUE
0407139,1234,4,4,24229,24238,TRUE,TRUE,12,12,TRUE
0407145,1234,4,4,24229,24238,TRUE,TRUE,12,12,TRUE
0407148,1234,4,4,24229,24238,TRUE,TRUE,12,12,TRUE
0407149,1234,4,4,24229,24238,TRUE,TRUE,12,12,TRUE
0407150,1234,4,4,24229,24238,TRUE,TRUE,12,12,TRUE
0407152,1234,4,4,24229,24238,TRUE,TRUE,12,12,TRUE
0407153,1234,4,4,24229,24238,TRUE,TRUE,12,12,TRUE
0407160,1234,4,4,24229,24238,TRUE,TRUE,12,12,TRUE
0407164,1234,4,4,24229,24238,TRUE,TRUE,12,12,TRUE
0407165,1234,4,4,24229,24238,TRUE,TRUE,12,12,TRUE
0407168,1234,4,4,24229,24238,TRUE,TRUE,12,12,TRUE
0407173,1234,4,4,24229,24238,TRUE,TRUE,12,12,TRUE
0407177,1234,4,4,24229,24238,TRUE,TRUE,12,12,TRUE
0407180,1234,4,4,24229,24238,TRUE,TRUE,12,12,TRUE
0407186,1234,4,4,24229,24238,TRUE,TRUE,12,12,TRUE
0407191,1234,4,4,24229,24238,TRUE,TRUE,12,12,TRUE
0407195,1234,4,4,24229,24238,TRUE,TRUE,12,12,TRUE
0407200,1234,4,4,24229,24238,TRUE,TRUE,12,12,TRUE
0407202,1234,4,4,24229,24238,TRUE,TRUE,12,12,TRUE
0407207,1234,4,4,24229,24238,TRUE,TRUE,12,12,TRUE
0407214,1234,4,4,24229,24238,TRUE,TRUE,12,12,TRUE
0407220,1234,4,4,24229,24238,TRUE,TRUE,12,12,TRUE
0407222,1234,4,4,24229,24238,TRUE,TRUE,12,12,TRUE
0407225,1234,4,4,24229,24238,TRUE,TRUE,12,12,TRUE
0407237,1234,4,4,24229,24238,TRUE,TRUE,12,12,TRUE
0407239,1234,4,4,24229,24238,TRUE,TRUE,12,12,TRUE
0407241,1234,4,4,24229,24238,TRUE,TRUE,12,12,TRUE
0407244,1234,4,4,24229,24238,TRUE,TRUE,12,12,TRUE
0407245,1234,4,4,24229,24238,TRUE,TRUE,12,12,TRUE
0407252,1234,4,4,24229,24238,TRUE,TRUE,12,12,TRUE
0407258,1234,4,4,24229,24238,TRUE,TRUE,12,12,TRUE
0407260,1234,4,4,24229,24238,TRUE,TRUE,12,12,TRUE
0407261,1234,4,4,24229,24238,TRUE,TRUE,12,12,TRUE
0407274,1234,4,4,24229,24238,TRUE,TRUE,12,12,TRUE
0407276,1234,4,4,24229,24238,TRUE,TRUE,12,12,TRUE
0407277,1234,4,4,24229,24238,TRUE,TRUE,12,12,TRUE
0407278,1234,4,4,24229,24238,TRUE,TRUE,12,12,TRUE
0407282,1234,4,4,24229,24238,TRUE,TRUE,12,12,TRUE
0407284,1234,4,4,24229,24238,TRUE,TRUE,12,12,TRUE
0407291,1234,4,4,24229,24238,TRUE,TRUE,12,12,TRUE
0407293,1234,4,4,24229,24238,TRUE,TRUE,12,12,TRUE
0407297,1234,4,4,24229,24238,TRUE,TRUE,12,12,TRUE
0407300,1234,4,4,24229,24238,TRUE,TRUE,12,12,TRUE
0407301,1234,4,4,24229,24238,TRUE,TRUE,12,12,TRUE
0407304,1234,4,4,24229,24238,TRUE,TRUE,12,12,TRUE
0407312,1234,4,4,24229,24238,TRUE,TRUE,12,12,TRUE
0407318,1234,4,4,24229,24238,TRUE,TRUE,12,12,TRUE
0407319,1234,4,4,24229,24238,TRUE,TRUE,12,12,TRUE
0407327,1234,4,4,24229,24238,TRUE,TRUE,12,12,TRUE
0407331,1234,4,4,24229,24238,TRUE,TRUE,12,12,TRUE
0407334,1234,4,4,24229,24238,TRUE,TRUE,12,12,TRUE
0407336,1234,4,4,24229,24238,TRUE,TRUE,12,12,TRUE
0407341,1234,4,4,24229,24238,TRUE,TRUE,12,12,TRUE
0407342,1234,4,4,24229,24238,TRUE,TRUE,12,12,TRUE
0407344,1234,4,4,24229,24238,TRUE,TRUE,12,12,TRUE
0407345,1234,4,4,24229,24238,TRUE,TRUE,12,12,TRUE
0407346,1234,4,4,24229,24238,TRUE,TRUE,12,12,TRUE
0407366,1234,4,4,24229,24238,TRUE,TRUE,12,12,TRUE
0407370,1234,4,4,24229,24238,TRUE,TRUE,12,12,TRUE
0407379,1234,4,4,24229,24238,TRUE,TRUE,12,12,TRUE
0407382,1234,4,4,24229,24238,TRUE,TRUE,12,12,TRUE
0407385,1234,4,4,24229,24238,TRUE,TRUE,12,12,TRUE
0407387,1234,4,4,24229,24238,TRUE,TRUE,12,12,TRUE
0407392,1234,4,4,24229,24238,TRUE,TRUE,12,12,TRUE
0407395,1234,4,4,24229,24238,TRUE,TRUE,12,12,TRUE
0407396,1234,4,4,24229,24238,TRUE,TRUE,12,12,TRUE
0407407,1234,4,4,24229,24238,TRUE,TRUE,12,12,TRUE
0407422,1234,4,4,24229,24238,TRUE,TRUE,12,12,TRUE
0407423,1234,4,4,24229,24238,TRUE,TRUE,12,12,TRUE
0407428,1234,4,4,24229,24238,TRUE,TRUE,12,12,TRUE
0407432,1234,4,4,24229,24238,TRUE,TRUE,12,12,TRUE
0407436,1234,4,4,24229,24238,TRUE,TRUE,12,12,TRUE
0407437,1234,4,4,24229,24238,TRUE,TRUE,12,12,TRUE
0407439,1234,4,4,24229,24238,TRUE,TRUE,12,12,TRUE
0407443,1234,4,4,24229,24238,TRUE,TRUE,12,12,TRUE
0407452,1234,4,4,24229,24238,TRUE,TRUE,12,12,TRUE
0407454,1234,4,4,24229,24238,TRUE,TRUE,12,12,TRUE
0407456,1234,4,4,24229,24238,TRUE,TRUE,12,12,TRUE
0407459,1234,4,4,24229,24238,TRUE,TRUE,12,12,TRUE
0407461,1234,4,4,24229,24238,TRUE,TRUE,12,12,TRUE
0407462,1234,4,4,24229,24238,TRUE,TRUE,12,12,TRUE
0407466,1234,4,4,24229,24238,TRUE,TRUE,12,12,TRUE
0407472,1234,4,4,24229,24238,TRUE,TRUE,12,12,TRUE
0407476,1234,4,4,24229,24238,TRUE,TRUE,12,12,TRUE
0407479,1234,4,4,24229,24238,TRUE,TRUE,12,12,TRUE
0407480,1234,4,4,24229,24238,TRUE,TRUE,12,12,TRUE
0407488,1234,4,4,24229,24238,TRUE,TRUE,12,12,TRUE
0407494,1234,4,4,24229,24238,TRUE,TRUE,12,12,TRUE
0407506,1234,4,4,24229,24238,TRUE,TRUE,12,12,TRUE
0407508,1234,4,4,24229,24238,TRUE,TRUE,12,12,TRUE
0407510,1234,4,4,24229,24238,TRUE,TRUE,12,12,TRUE
0407513,1234,4,4,24229,24238,TRUE,TRUE,12,12,TRUE
0407514,1234,4,4,24229,24238,TRUE,TRUE,12,12,TRUE
0407515,1234,4,4,24229,24238,TRUE,TRUE,12,12,TRUE
0407530,1234,4,4,24229,24238,TRUE,TRUE,12,12,TRUE
0407537,1234,4,4,24229,24238,TRUE,TRUE,12,12,TRUE
0407538,1234,4,4,24229,24238,TRUE,TRUE,12,12,TRUE
0407544,1234,4,4,24229,24238,TRUE,TRUE,12,12,TRUE
0407547,1234,4,4,24229,24238,TRUE,TRUE,12,12,TRUE
0407549,1234,4,4,24229,24238,TRUE,TRUE,12,12,TRUE
0407552,1234,4,4,24229,24238,TRUE,TRUE,12,12,TRUE
0407553,1234,4,4,24229,24238,TRUE,TRUE,12,12,TRUE
0407555,1234,4,4,24229,24238,TRUE,TRUE,12,12,TRUE
0407556,1234,4,4,24229,24238,TRUE,TRUE,12,12,TRUE
0407559,1234,4,4,24229,24238,TRUE,TRUE,12,12,TRUE
0407571,1234,4,4,24229,24238,TRUE,TRUE,12,12,TRUE
0407575,1234,4,4,24229,24238,TRUE,TRUE,12,12,TRUE
0407583,1234,4,4,24229,24238,TRUE,TRUE,12,12,TRUE
0407592,1234,4,4,24229,24238,TRUE,TRUE,12,12,TRUE
0407594,1234,4,4,24229,24238,TRUE,TRUE,12,12,TRUE
0407599,1234,4,4,24229,24238,TRUE,TRUE,12,12,TRUE
0407601,1234,4,4,24229,24238,TRUE,TRUE,12,12,TRUE
0407604,1234,4,4,24229,24238,TRUE,TRUE,12,12,TRUE
0407607,1234,4,4,24229,24238,TRUE,TRUE,12,12,TRUE
0407610,1234,4,4,24229,24238,TRUE,TRUE,12,12,TRUE
0407613,1234,4,4,24229,24238,TRUE,TRUE,12,12,TRUE
0407614,1234,4,4,24229,24238,TRUE,TRUE,12,12,TRUE
0407619,1234,4,4,24229,24238,TRUE,TRUE,12,12,TRUE
0407621,1234,4,4,24229,24238,TRUE,TRUE,12,12,TRUE
0407622,1234,4,4,24229,24238,TRUE,TRUE,12,12,TRUE
0407626,1234,4,4,24229,24238,TRUE,TRUE,12,12,TRUE
0407635,1234,4,4,24229,24238,TRUE,TRUE,12,12,TRUE
0407637,1234,4,4,24229,24238,TRUE,TRUE,12,12,TRUE
0407644,1234,4,4,24229,24238,TRUE,TRUE,12,12,TRUE
0407645,1234,4,4,24229,24238,TRUE,TRUE,12,12,TRUE
0407647,1234,4,4,24229,24238,TRUE,TRUE,12,12,TRUE
0407650,1234,4,4,24229,24238,TRUE,TRUE,12,12,TRUE
0407651,1234,4,4,24229,24238,TRUE,TRUE,12,12,TRUE
0407653,1234,4,4,24229,24238,TRUE,TRUE,12,12,TRUE
0407663,1234,4,4,24229,24238,TRUE,TRUE,12,12,TRUE
0407666,1234,4,4,24229,24238,TRUE,TRUE,12,12,TRUE
0407669,1234,4,4,24229,24238,TRUE,TRUE,12,12,TRUE
0407671,1234,4,4,24229,24238,TRUE,TRUE,12,12,TRUE
0407672,1234,4,4,24229,24238,TRUE,TRUE,12,12,TRUE
0407677,1234,4,4,24229,24238,TRUE,TRUE,12,12,TRUE
0407683,1234,4,4,24229,24238,TRUE,TRUE,12,12,TRUE
0407686,1234,4,4,24229,24238,TRUE,TRUE,12,12,TRUE
0407692,1234,4,4,24229,24238,TRUE,TRUE,12,12,TRUE
0407696,1234,4,4,24229,24238,TRUE,TRUE,12,12,TRUE
0407701,1234,4,4,24229,24238,TRUE,TRUE,12,12,TRUE
0407702,1234,4,4,24229,24238,TRUE,TRUE,12,12,TRUE
0407705,1234,4,4,24229,24238,TRUE,TRUE,12,12,TRUE
0407711,1234,4,4,24229,24238,TRUE,TRUE,12,12,TRUE
0407714,1234,4,4,24229,24238,TRUE,TRUE,12,12,TRUE
0407716,1234,4,4,24229,24238,TRUE,TRUE,12,12,TRUE
0407724,1234,4,4,24229,24238,TRUE,TRUE,12,12,TRUE
0407727,1234,4,4,24229,24238,TRUE,TRUE,12,12,TRUE
0407736,1234,4,4,24229,24238,TRUE,TRUE,12,12,TRUE
0407737,1234,4,4,24229,24238,TRUE,TRUE,12,12,TRUE
0407739,1234,4,4,24229,24238,TRUE,TRUE,12,12,TRUE
0407741,1234,4,4,24229,24238,TRUE,TRUE,12,12,TRUE
0407746,1234,4,4,24229,24238,TRUE,TRUE,12,12,TRUE
0407748,1234,4,4,24229,24238,TRUE,TRUE,12,12,TRUE
0407752,1234,4,4,24229,24238,TRUE,TRUE,12,12,TRUE
0407754,1234,4,4,24229,24238,TRUE,TRUE,12,12,TRUE
0407755,1234,4,4,24229,24238,TRUE,TRUE,12,12,TRUE
0407756,1234,4,4,24229,24238,TRUE,TRUE,12,12,TRUE
0407759,1234,4,4,24229,24238,TRUE,TRUE,12,12,TRUE
0407761,1234,4,4,24229,24238,TRUE,TRUE,12,12,TRUE
0407763,1234,4,4,24229,24238,TRUE,TRUE,12,12,TRUE
0407764,1234,4,4,24229,24238,TRUE,TRUE,12,12,TRUE
0407767,1234,4,4,24229,24238,TRUE,TRUE,12,12,TRUE
0407776,1234,4,4,24229,24238,TRUE,TRUE,12,12,TRUE
0407780,1234,4,4,24229,24238,TRUE,TRUE,12,12,TRUE
0407788,1234,4,4,24229,24238,TRUE,TRUE,12,12,TRUE
0407790,1234,4,4,24229,24238,TRUE,TRUE,12,12,TRUE
0407798,1234,4,4,24229,24238,TRUE,TRUE,12,12,TRUE
0407806,1234,4,4,24229,24238,TRUE,TRUE,12,12,TRUE
0407807,1234,4,4,24229,24238,TRUE,TRUE,12,12,TRUE
0407810,1234,4,4,24229,24238,TRUE,TRUE,12,12,TRUE
0407825,1234,4,4,24229,24238,TRUE,TRUE,12,12,TRUE
0407833,1234,4,4,24229,24238,TRUE,TRUE,12,12,TRUE
0407835,1234,4,4,24229,24238,TRUE,TRUE,12,12,TRUE
0407841,1234,4,4,24229,24238,TRUE,TRUE,12,12,TRUE
0407842,1234,4,4,24229,24238,TRUE,TRUE,12,12,TRUE
0407843,1234,4,4,24229,24238,TRUE,TRUE,12,12,TRUE
0407845,1234,4,4,24229,24238,TRUE,TRUE,12,12,TRUE
0407852,1234,4,4,24229,24238,TRUE,TRUE,12,12,TRUE
0407855,1234,4,4,24229,24238,TRUE,TRUE,12,12,TRUE
0407856,1234,4,4,24229,24238,TRUE,TRUE,12,12,TRUE
0407857,1234,4,4,24229,24238,TRUE,TRUE,12,12,TRUE
0407858,1234,4,4,24229,24238,TRUE,TRUE,12,12,TRUE
0407860,1234,4,4,24229,24238,TRUE,TRUE,12,12,TRUE
0407861,1234,4,4,24229,24238,TRUE,TRUE,12,12,TRUE
0407862,1234,4,4,24229,24238,TRUE,TRUE,12,12,TRUE
0407863,1234,4,4,24229,24238,TRUE,TRUE,12,12,TRUE
0407870,1234,4,4,24229,24238,TRUE,TRUE,12,12,TRUE
0407875,1234,4,4,24229,24238,TRUE,TRUE,12,12,TRUE
0407878,1234,4,4,24229,24238,TRUE,TRUE,12,12,TRUE
0407879,1234,4,4,24229,24238,TRUE,TRUE,12,12,TRUE
0407884,1234,4,4,24229,24238,TRUE,TRUE,12,12,TRUE
0407885,1234,4,4,24229,24238,TRUE,TRUE,12,12,TRUE
0407891,1234,4,4,24229,24238,TRUE,TRUE,12,12,TRUE
0407897,1234,4,4,24229,24238,TRUE,TRUE,12,12,TRUE
0407899,1234,4,4,24229,24238,TRUE,TRUE,12,12,TRUE
0407904,1234,4,4,24229,24238,TRUE,TRUE,12,12,TRUE
0407905,1234,4,4,24229,24238,TRUE,TRUE,12,12,TRUE
0407907,1234,4,4,24229,24238,TRUE,TRUE,12,12,TRUE
0407911,1234,4,4,24229,24238,TRUE,TRUE,12,12,TRUE
0407916,1234,4,4,24229,24238,TRUE,TRUE,12,12,TRUE
0407917,1234,4,4,24229,24238,TRUE,TRUE,12,12,TRUE
0407918,1234,4,4,24229,24238,TRUE,TRUE,12,12,TRUE
0407925,1234,4,4,24229,24238,TRUE,TRUE,12,12,TRUE
0407926,1234,4,4,24229,24238,TRUE,TRUE,12,12,TRUE
0407927,1234,4,4,24229,24238,TRUE,TRUE,12,12,TRUE
0407932,1234,4,4,24229,24238,TRUE,TRUE,12,12,TRUE
0407933,1234,4,4,24229,24238,TRUE,TRUE,12,12,TRUE
0407937,1234,4,4,24229,24238,TRUE,TRUE,12,12,TRUE
0407943,1234,4,4,24229,24238,TRUE,TRUE,12,12,TRUE
0407947,1234,4,4,24229,24238,TRUE,TRUE,12,12,TRUE
0407955,1234,4,4,24229,24238,TRUE,TRUE,12,12,TRUE
0407957,1234,4,4,24229,24238,TRUE,TRUE,12,12,TRUE
0407959,1234,4,4,24229,24238,TRUE,TRUE,12,12,TRUE
0407964,1234,4,4,24229,24238,TRUE,TRUE,12,12,TRUE
0407967,1234,4,4,24229,24238,TRUE,TRUE,12,12,TRUE
0407971,1234,4,4,24229,24238,TRUE,TRUE,12,12,TRUE
0407973,1234,4,4,24229,24238,TRUE,TRUE,12,12,TRUE
0407974,1234,4,4,24229,24238,TRUE,TRUE,12,12,TRUE
0407988,1234,4,4,24229,24238,TRUE,TRUE,12,12,TRUE
0407991,1234,4,4,24229,24238,TRUE,TRUE,12,12,TRUE
0407993,1234,4,4,24229,24238,TRUE,TRUE,12,12,TRUE
0407996,1234,4,4,24229,24238,TRUE,TRUE,12,12,TRUE
0408004,1234,4,4,24229,24238,TRUE,TRUE,12,12,TRUE
0409053,1234,4,4,24230,24239,TRUE,TRUE,12,12,TRUE
0409054,1234,4,4,24230,24239,TRUE,TRUE,12,12,TRUE
0409056,1234,4,4,24230,24239,TRUE,TRUE,12,12,TRUE
0409057,1234,4,4,24230,24239,TRUE,TRUE,12,12,TRUE
0409060,1234,4,4,24230,24239,TRUE,TRUE,12,12,TRUE
0409065,1234,4,4,24230,24239,TRUE,TRUE,12,12,TRUE
0409067,1234,4,4,24230,24239,TRUE,TRUE,12,12,TRUE
0409073,1234,4,4,24230,24239,TRUE,TRUE,12,12,TRUE
0409078,1234,4,4,24230,24239,TRUE,TRUE,12,12,TRUE
0409079,1234,4,4,24230,24239,TRUE,TRUE,12,12,TRUE
0409080,1234,4,4,24230,24239,TRUE,TRUE,12,12,TRUE
0409081,1234,4,4,24230,24239,TRUE,TRUE,12,12,TRUE
0409088,1234,4,4,24230,24239,TRUE,TRUE,12,12,TRUE
0409090,1234,4,4,24230,24239,TRUE,TRUE,12,12,TRUE
0409091,1234,4,4,24230,24239,TRUE,TRUE,12,12,TRUE
0409093,1234,4,4,24230,24239,TRUE,TRUE,12,12,TRUE
0409095,1234,4,4,24230,24239,TRUE,TRUE,12,12,TRUE
0409100,1234,4,4,24230,24239,TRUE,TRUE,12,12,TRUE
0409102,1234,4,4,24230,24239,TRUE,TRUE,12,12,TRUE
0409103,1234,4,4,24230,24239,TRUE,TRUE,12,12,TRUE
0409104,1234,4,4,24230,24239,TRUE,TRUE,12,12,TRUE
0409106,1234,4,4,24230,24239,TRUE,TRUE,12,12,TRUE
0409120,1234,4,4,24230,24239,TRUE,TRUE,12,12,TRUE
0409124,1234,4,4,24230,24239,TRUE,TRUE,12,12,TRUE
0409128,1234,4,4,24230,24239,TRUE,TRUE,12,12,TRUE
0409130,1234,4,4,24230,24239,TRUE,TRUE,12,12,TRUE
0409132,1234,4,4,24230,24239,TRUE,TRUE,12,12,TRUE
0409134,1234,4,4,24230,24239,TRUE,TRUE,12,12,TRUE
0409142,1234,4,4,24230,24239,TRUE,TRUE,12,12,TRUE
0409150,1234,4,4,24230,24239,TRUE,TRUE,12,12,TRUE
0409153,1234,4,4,24230,24239,TRUE,TRUE,12,12,TRUE
0409154,1234,4,4,24230,24239,TRUE,TRUE,12,12,TRUE
0409155,1234,4,4,24230,24239,TRUE,TRUE,12,12,TRUE
0409157,1234,4,4,24230,24239,TRUE,TRUE,12,12,TRUE
0409162,1234,4,4,24230,24239,TRUE,TRUE,12,12,TRUE
0409165,1234,4,4,24230,24239,TRUE,TRUE,12,12,TRUE
0409168,1234,4,4,24230,24239,TRUE,TRUE,12,12,TRUE
0409171,1234,4,4,24230,24239,TRUE,TRUE,12,12,TRUE
0409177,1234,4,4,24230,24239,TRUE,TRUE,12,12,TRUE
0409183,1234,4,4,24230,24239,TRUE,TRUE,12,12,TRUE
0409189,1234,4,4,24230,24239,TRUE,TRUE,12,12,TRUE
0409192,1234,4,4,24230,24239,TRUE,TRUE,12,12,TRUE
0409195,1234,4,4,24230,24239,TRUE,TRUE,12,12,TRUE
0409199,1234,4,4,24230,24239,TRUE,TRUE,12,12,TRUE
0409200,1234,4,4,24230,24239,TRUE,TRUE,12,12,TRUE
0409202,1234,4,4,24230,24239,TRUE,TRUE,12,12,TRUE
0409204,1234,4,4,24230,24239,TRUE,TRUE,12,12,TRUE
0409211,1234,4,4,24230,24239,TRUE,TRUE,12,12,TRUE
0409216,1234,4,4,24230,24239,TRUE,TRUE,12,12,TRUE
0409224,1234,4,4,24230,24239,TRUE,TRUE,12,12,TRUE
0409226,1234,4,4,24230,24239,TRUE,TRUE,12,12,TRUE
0409229,1234,4,4,24230,24239,TRUE,TRUE,12,12,TRUE
0409235,1234,4,4,24230,24239,TRUE,TRUE,12,12,TRUE
0409238,1234,4,4,24230,24239,TRUE,TRUE,12,12,TRUE
0409241,1234,4,4,24230,24239,TRUE,TRUE,12,12,TRUE
0409242,1234,4,4,24230,24239,TRUE,TRUE,12,12,TRUE
0409243,1234,4,4,24230,24239,TRUE,TRUE,12,12,TRUE
0409248,1234,4,4,24230,24239,TRUE,TRUE,12,12,TRUE
0409255,1234,4,4,24230,24239,TRUE,TRUE,12,12,TRUE
0409258,1234,4,4,24230,24239,TRUE,TRUE,12,12,TRUE
0409259,1234,4,4,24230,24239,TRUE,TRUE,12,12,TRUE
0409263,1234,4,4,24230,24239,TRUE,TRUE,12,12,TRUE
0409283,1234,4,4,24230,24239,TRUE,TRUE,12,12,TRUE
0409286,1234,4,4,24230,24239,TRUE,TRUE,12,12,TRUE
0409291,1234,4,4,24230,24239,TRUE,TRUE,12,12,TRUE
0409293,1234,4,4,24230,24239,TRUE,TRUE,12,12,TRUE
0409297,1234,4,4,24230,24239,TRUE,TRUE,12,12,TRUE
0409300,1234,4,4,24230,24239,TRUE,TRUE,12,12,TRUE
0409305,1234,4,4,24230,24239,TRUE,TRUE,12,12,TRUE
0409306,1234,4,4,24230,24239,TRUE,TRUE,12,12,TRUE
0409307,1234,4,4,24230,24239,TRUE,TRUE,12,12,TRUE
0409308,1234,4,4,24230,24239,TRUE,TRUE,12,12,TRUE
0409310,1234,4,4,24230,24239,TRUE,TRUE,12,12,TRUE
0409313,1234,4,4,24230,24239,TRUE,TRUE,12,12,TRUE
0409318,1234,4,4,24230,24239,TRUE,TRUE,12,12,TRUE
0409320,1234,4,4,24230,24239,TRUE,TRUE,12,12,TRUE
0409321,1234,4,4,24230,24239,TRUE,TRUE,12,12,TRUE
0409322,1234,4,4,24230,24239,TRUE,TRUE,12,12,TRUE
0409325,1234,4,4,24230,24239,TRUE,TRUE,12,12,TRUE
0409326,1234,4,4,24230,24239,TRUE,TRUE,12,12,TRUE
0409328,1234,4,4,24230,24239,TRUE,TRUE,12,12,TRUE
0409329,1234,4,4,24230,24239,TRUE,TRUE,12,12,TRUE
0409332,1234,4,4,24230,24239,TRUE,TRUE,12,12,TRUE
0409334,1234,4,4,24230,24239,TRUE,TRUE,12,12,TRUE
0409342,1234,4,4,24230,24239,TRUE,TRUE,12,12,TRUE
0409345,1234,4,4,24230,24239,TRUE,TRUE,12,12,TRUE
0409354,1234,4,4,24230,24239,TRUE,TRUE,12,12,TRUE
0409355,1234,4,4,24230,24239,TRUE,TRUE,12,12,TRUE
0409360,1234,4,4,24230,24239,TRUE,TRUE,12,12,TRUE
0409363,1234,4,4,24230,24239,TRUE,TRUE,12,12,TRUE
0409366,1234,4,4,24230,24239,TRUE,TRUE,12,12,TRUE
0409374,1234,4,4,24230,24239,TRUE,TRUE,12,12,TRUE
0409375,1234,4,4,24230,24239,TRUE,TRUE,12,12,TRUE
0409377,1234,4,4,24230,24239,TRUE,TRUE,12,12,TRUE
0409381,1234,4,4,24230,24239,TRUE,TRUE,12,12,TRUE
0409387,1234,4,4,24230,24239,TRUE,TRUE,12,12,TRUE
0409392,1234,4,4,24230,24239,TRUE,TRUE,12,12,TRUE
0409395,1234,4,4,24230,24239,TRUE,TRUE,12,12,TRUE
0409399,1234,4,4,24230,24239,TRUE,TRUE,12,12,TRUE
0409401,1234,4,4,24230,24239,TRUE,TRUE,12,12,TRUE
0409405,1234,4,4,24230,24239,TRUE,TRUE,12,12,TRUE
0409407,1234,4,4,24230,24239,TRUE,TRUE,12,12,TRUE
0409412,1234,4,4,24230,24239,TRUE,TRUE,12,12,TRUE
0409416,1234,4,4,24230,24239,TRUE,TRUE,12,12,TRUE
0409417,1234,4,4,24230,24239,TRUE,TRUE,12,12,TRUE
0409431,1234,4,4,24230,24239,TRUE,TRUE,12,12,TRUE
0409434,1234,4,4,24230,24239,TRUE,TRUE,12,12,TRUE
0409438,1234,4,4,24230,24239,TRUE,TRUE,12,12,TRUE
0409439,1234,4,4,24230,24239,TRUE,TRUE,12,12,TRUE
0409446,1234,4,4,24230,24239,TRUE,TRUE,12,12,TRUE
0409448,1234,4,4,24230,24239,TRUE,TRUE,12,12,TRUE
0409449,1234,4,4,24230,24239,TRUE,TRUE,12,12,TRUE
0409452,1234,4,4,24230,24239,TRUE,TRUE,12,12,TRUE
0409461,1234,4,4,24230,24239,TRUE,TRUE,12,12,TRUE
0409463,1234,4,4,24230,24239,TRUE,TRUE,12,12,TRUE
0409464,1234,4,4,24230,24239,TRUE,TRUE,12,12,TRUE
0409465,1234,4,4,24230,24239,TRUE,TRUE,12,12,TRUE
0409466,1234,4,4,24230,24239,TRUE,TRUE,12,12,TRUE
0409467,1234,4,4,24230,24239,TRUE,TRUE,12,12,TRUE
0409468,1234,4,4,24230,24239,TRUE,TRUE,12,12,TRUE
0409472,1234,4,4,24230,24239,TRUE,TRUE,12,12,TRUE
0409479,1234,4,4,24230,24239,TRUE,TRUE,12,12,TRUE
0409480,1234,4,4,24230,24239,TRUE,TRUE,12,12,TRUE
0409486,1234,4,4,24230,24239,TRUE,TRUE,12,12,TRUE
0409490,1234,4,4,24230,24239,TRUE,TRUE,12,12,TRUE
0409493,1234,4,4,24230,24239,TRUE,TRUE,12,12,TRUE
0409503,1234,4,4,24230,24239,TRUE,TRUE,12,12,TRUE
0409504,1234,4,4,24230,24239,TRUE,TRUE,12,12,TRUE
0409505,1234,4,4,24230,24239,TRUE,TRUE,12,12,TRUE
0409507,1234,4,4,24230,24239,TRUE,TRUE,12,12,TRUE
0409509,1234,4,4,24230,24239,TRUE,TRUE,12,12,TRUE
0409513,1234,4,4,24230,24239,TRUE,TRUE,12,12,TRUE
0409519,1234,4,4,24230,24239,TRUE,TRUE,12,12,TRUE
0409522,1234,4,4,24230,24239,TRUE,TRUE,12,12,TRUE
0409525,1234,4,4,24230,24239,TRUE,TRUE,12,12,TRUE
0409528,1234,4,4,24230,24239,TRUE,TRUE,12,12,TRUE
0409530,1234,4,4,24230,24239,TRUE,TRUE,12,12,TRUE
0409543,1234,4,4,24230,24239,TRUE,TRUE,12,12,TRUE
0409544,1234,4,4,24230,24239,TRUE,TRUE,12,12,TRUE
0409549,1234,4,4,24230,24239,TRUE,TRUE,12,12,TRUE
0409553,1234,4,4,24230,24239,TRUE,TRUE,12,12,TRUE
0409561,1234,4,4,24230,24239,TRUE,TRUE,12,12,TRUE
0409564,1234,4,4,24230,24239,TRUE,TRUE,12,12,TRUE
0409567,1234,4,4,24230,24239,TRUE,TRUE,12,12,TRUE
0409573,1234,4,4,24230,24239,TRUE,TRUE,12,12,TRUE
0409574,1234,4,4,24230,24239,TRUE,TRUE,12,12,TRUE
0409576,1234,4,4,24230,24239,TRUE,TRUE,12,12,TRUE
0409583,1234,4,4,24230,24239,TRUE,TRUE,12,12,TRUE
0409587,1234,4,4,24230,24239,TRUE,TRUE,12,12,TRUE
0409594,1234,4,4,24230,24239,TRUE,TRUE,12,12,TRUE
0409595,1234,4,4,24230,24239,TRUE,TRUE,12,12,TRUE
0409598,1234,4,4,24230,24239,TRUE,TRUE,12,12,TRUE
0409600,1234,4,4,24230,24239,TRUE,TRUE,12,12,TRUE
0409603,1234,4,4,24230,24239,TRUE,TRUE,12,12,TRUE
0409614,1234,4,4,24230,24239,TRUE,TRUE,12,12,TRUE
0409615,1234,4,4,24230,24239,TRUE,TRUE,12,12,TRUE
0409625,1234,4,4,24230,24239,TRUE,TRUE,12,12,TRUE
0409635,1234,4,4,24230,24239,TRUE,TRUE,12,12,TRUE
0409641,1234,4,4,24230,24239,TRUE,TRUE,12,12,TRUE
0409642,1234,4,4,24230,24239,TRUE,TRUE,12,12,TRUE
0409645,1234,4,4,24230,24239,TRUE,TRUE,12,12,TRUE
0409646,1234,4,4,24230,24239,TRUE,TRUE,12,12,TRUE
0409649,1234,4,4,24230,24239,TRUE,TRUE,12,12,TRUE
0409652,1234,4,4,24230,24239,TRUE,TRUE,12,12,TRUE
0409653,1234,4,4,24230,24239,TRUE,TRUE,12,12,TRUE
0409656,1234,4,4,24230,24239,TRUE,TRUE,12,12,TRUE
0409664,1234,4,4,24230,24239,TRUE,TRUE,12,12,TRUE
0409669,1234,4,4,24230,24239,TRUE,TRUE,12,12,TRUE
0409672,1234,4,4,24230,24239,TRUE,TRUE,12,12,TRUE
0409678,1234,4,4,24230,24239,TRUE,TRUE,12,12,TRUE
0409680,1234,4,4,24230,24239,TRUE,TRUE,12,12,TRUE
0409683,1234,4,4,24230,24239,TRUE,TRUE,12,12,TRUE
0409693,1234,4,4,24230,24239,TRUE,TRUE,12,12,TRUE
0409695,1234,4,4,24230,24239,TRUE,TRUE,12,12,TRUE
0409701,1234,4,4,24230,24239,TRUE,TRUE,12,12,TRUE
0409718,1234,4,4,24230,24239,TRUE,TRUE,12,12,TRUE
0409726,1234,4,4,24230,24239,TRUE,TRUE,12,12,TRUE
0409735,1234,4,4,24230,24239,TRUE,TRUE,12,12,TRUE
0409736,1234,4,4,24230,24239,TRUE,TRUE,12,12,TRUE
0409737,1234,4,4,24230,24239,TRUE,TRUE,12,12,TRUE
0409739,1234,4,4,24230,24239,TRUE,TRUE,12,12,TRUE
0409740,1234,4,4,24230,24239,TRUE,TRUE,12,12,TRUE
0409742,1234,4,4,24230,24239,TRUE,TRUE,12,12,TRUE
0409747,1234,4,4,24230,24239,TRUE,TRUE,12,12,TRUE
0409752,1234,4,4,24230,24239,TRUE,TRUE,12,12,TRUE
0409754,1234,4,4,24230,24239,TRUE,TRUE,12,12,TRUE
0409758,1234,4,4,24230,24239,TRUE,TRUE,12,12,TRUE
0409764,1234,4,4,24230,24239,TRUE,TRUE,12,12,TRUE
0409771,1234,4,4,24230,24239,TRUE,TRUE,12,12,TRUE
0409774,1234,4,4,24230,24239,TRUE,TRUE,12,12,TRUE
0409777,1234,4,4,24230,24239,TRUE,TRUE,12,12,TRUE
0409778,1234,4,4,24230,24239,TRUE,TRUE,12,12,TRUE
0409780,1234,4,4,24230,24239,TRUE,TRUE,12,12,TRUE
0409792,1234,4,4,24230,24239,TRUE,TRUE,12,12,TRUE
0409794,1234,4,4,24230,24239,TRUE,TRUE,12,12,TRUE
0409796,1234,4,4,24230,24239,TRUE,TRUE,12,12,TRUE
0409797,1234,4,4,24230,24239,TRUE,TRUE,12,12,TRUE
0409801,1234,4,4,24230,24239,TRUE,TRUE,12,12,TRUE
0409810,1234,4,4,24230,24239,TRUE,TRUE,12,12,TRUE
0409811,1234,4,4,24230,24239,TRUE,TRUE,12,12,TRUE
0409817,1234,4,4,24230,24239,TRUE,TRUE,12,12,TRUE
0409820,1234,4,4,24230,24239,TRUE,TRUE,12,12,TRUE
0409821,1234,4,4,24230,24239,TRUE,TRUE,12,12,TRUE
0409823,1234,4,4,24230,24239,TRUE,TRUE,12,12,TRUE
0409827,1234,4,4,24230,24239,TRUE,TRUE,12,12,TRUE
0409829,1234,4,4,24230,24239,TRUE,TRUE,12,12,TRUE
0409830,1234,4,4,24230,24239,TRUE,TRUE,12,12,TRUE
0409833,1234,4,4,24230,24239,TRUE,TRUE,12,12,TRUE
0409837,1234,4,4,24230,24239,TRUE,TRUE,12,12,TRUE
0409852,1234,4,4,24230,24239,TRUE,TRUE,12,12,TRUE
0409856,1234,4,4,24230,24239,TRUE,TRUE,12,12,TRUE
0409860,1234,4,4,24230,24239,TRUE,TRUE,12,12,TRUE
0409862,1234,4,4,24230,24239,TRUE,TRUE,12,12,TRUE
0409863,1234,4,4,24230,24239,TRUE,TRUE,12,12,TRUE
0409870,1234,4,4,24230,24239,TRUE,TRUE,12,12,TRUE
0409873,1234,4,4,24230,24239,TRUE,TRUE,12,12,TRUE
0409875,1234,4,4,24230,24239,TRUE,TRUE,12,12,TRUE
0409877,1234,4,4,24230,24239,TRUE,TRUE,12,12,TRUE
0409884,1234,4,4,24230,24239,TRUE,TRUE,12,12,TRUE
0409892,1234,4,4,24230,24239,TRUE,TRUE,12,12,TRUE
0409898,1234,4,4,24230,24239,TRUE,TRUE,12,12,TRUE
0409901,1234,4,4,24230,24239,TRUE,TRUE,12,12,TRUE
0409904,1234,4,4,24230,24239,TRUE,TRUE,12,12,TRUE
0409908,1234,4,4,24230,24239,TRUE,TRUE,12,12,TRUE
0409911,1234,4,4,24230,24239,TRUE,TRUE,12,12,TRUE
0409917,1234,4,4,24230,24239,TRUE,TRUE,12,12,TRUE
0409925,1234,4,4,24230,24239,TRUE,TRUE,12,12,TRUE
0409926,1234,4,4,24230,24239,TRUE,TRUE,12,12,TRUE
0409928,1234,4,4,24230,24239,TRUE,TRUE,12,12,TRUE
0409932,1234,4,4,24230,24239,TRUE,TRUE,12,12,TRUE
0409935,1234,4,4,24230,24239,TRUE,TRUE,12,12,TRUE
0409942,1234,4,4,24230,24239,TRUE,TRUE,12,12,TRUE
0409945,1234,4,4,24230,24239,TRUE,TRUE,12,12,TRUE
0409957,1234,4,4,24230,24239,TRUE,TRUE,12,12,TRUE
0409960,1234,4,4,24230,24239,TRUE,TRUE,12,12,TRUE
0409967,1234,4,4,24230,24239,TRUE,TRUE,12,12,TRUE
0409973,1234,4,4,24230,24239,TRUE,TRUE,12,12,TRUE
0409979,1234,4,4,24230,24239,TRUE,TRUE,12,12,TRUE
0409983,1234,4,4,24230,24239,TRUE,TRUE,12,12,TRUE
0409987,1234,4,4,24230,24239,TRUE,TRUE,12,12,TRUE
0409992,1234,4,4,24230,24239,TRUE,TRUE,12,12,TRUE
0409999,1234,4,4,24230,24239,TRUE,TRUE,12,12,TRUE
0410000,1234,4,4,24230,24239,TRUE,TRUE,12,12,TRUE
0410007,1234,4,4,24230,24239,TRUE,TRUE,12,12,TRUE
0410010,1234,4,4,24230,24239,TRUE,TRUE,12,12,TRUE
0410018,1234,4,4,24230,24239,TRUE,TRUE,12,12,TRUE
0410019,1234,4,4,24230,24239,TRUE,TRUE,12,12,TRUE
0410024,1234,4,4,24230,24239,TRUE,TRUE,12,12,TRUE
0410025,1234,4,4,24230,24239,TRUE,TRUE,12,12,TRUE
0410027,1234,4,4,24230,24239,TRUE,TRUE,12,12,TRUE
0410036,1234,4,4,24230,24239,TRUE,TRUE,12,12,TRUE
0410038,1234,4,4,24230,24239,TRUE,TRUE,12,12,TRUE
0410043,1234,4,4,24230,24239,TRUE,TRUE,12,12,TRUE
0410052,1234,4,4,24230,24239,TRUE,TRUE,12,12,TRUE
0410056,1234,4,4,24230,24239,TRUE,TRUE,12,12,TRUE
0410059,1234,4,4,24230,24239,TRUE,TRUE,12,12,TRUE
0410062,1234,4,4,24230,24239,TRUE,TRUE,12,12,TRUE
0410065,1234,4,4,24230,24239,TRUE,TRUE,12,12,TRUE
0410068,1234,4,4,24230,24239,TRUE,TRUE,12,12,TRUE
0410084,1234,4,4,24230,24239,TRUE,TRUE,12,12,TRUE
0410085,1234,4,4,24230,24239,TRUE,TRUE,12,12,TRUE
0410088,1234,4,4,24230,24239,TRUE,TRUE,12,12,TRUE
0410095,1234,4,4,24230,24239,TRUE,TRUE,12,12,TRUE
0410099,1234,4,4,24230,24239,TRUE,TRUE,12,12,TRUE
0410105,1234,4,4,24230,24239,TRUE,TRUE,12,12,TRUE
0410106,1234,4,4,24230,24239,TRUE,TRUE,12,12,TRUE
0410109,1234,4,4,24231,24240,TRUE,TRUE,12,12,TRUE
0410111,1234,4,4,24231,24240,TRUE,TRUE,12,12,TRUE
0410113,1234,4,4,24231,24240,TRUE,TRUE,12,12,TRUE
0410118,1234,4,4,24231,24240,TRUE,TRUE,12,12,TRUE
0410119,1234,4,4,24231,24240,TRUE,TRUE,12,12,TRUE
0410122,1234,4,4,24231,24240,TRUE,TRUE,12,12,TRUE
0410123,1234,4,4,24231,24240,TRUE,TRUE,12,12,TRUE
0410124,1234,4,4,24231,24240,TRUE,TRUE,12,12,TRUE
0410133,1234,4,4,24231,24240,TRUE,TRUE,12,12,TRUE
0410134,1234,4,4,24231,24240,TRUE,TRUE,12,12,TRUE
0410135,1234,4,4,24231,24240,TRUE,TRUE,12,12,TRUE
0410139,1234,4,4,24231,24240,TRUE,TRUE,12,12,TRUE
0410140,1234,4,4,24231,24240,TRUE,TRUE,12,12,TRUE
0410142,1234,4,4,24231,24240,TRUE,TRUE,12,12,TRUE
0410147,1234,4,4,24231,24240,TRUE,TRUE,12,12,TRUE
0410155,1234,4,4,24231,24240,TRUE,TRUE,12,12,TRUE
0410156,1234,4,4,24231,24240,TRUE,TRUE,12,12,TRUE
0410162,1234,4,4,24231,24240,TRUE,TRUE,12,12,TRUE
0410168,1234,4,4,24231,24240,TRUE,TRUE,12,12,TRUE
0410174,1234,4,4,24231,24240,TRUE,TRUE,12,12,TRUE
0410177,1234,4,4,24231,24240,TRUE,TRUE,12,12,TRUE
0410189,1234,4,4,24231,24240,TRUE,TRUE,12,12,TRUE
0410193,1234,4,4,24231,24240,TRUE,TRUE,12,12,TRUE
0410197,1234,4,4,24231,24240,TRUE,TRUE,12,12,TRUE
0410199,1234,4,4,24231,24240,TRUE,TRUE,12,12,TRUE
0410200,1234,4,4,24231,24240,TRUE,TRUE,12,12,TRUE
0410202,1234,4,4,24231,24240,TRUE,TRUE,12,12,TRUE
0410205,1234,4,4,24231,24240,TRUE,TRUE,12,12,TRUE
0410206,1234,4,4,24231,24240,TRUE,TRUE,12,12,TRUE
0410207,1234,4,4,24231,24240,TRUE,TRUE,12,12,TRUE
0410208,1234,4,4,24231,24240,TRUE,TRUE,12,12,TRUE
0410212,1234,4,4,24231,24240,TRUE,TRUE,12,12,TRUE
0410213,1234,4,4,24231,24240,TRUE,TRUE,12,12,TRUE
0410214,1234,4,4,24231,24240,TRUE,TRUE,12,12,TRUE
0410216,1234,4,4,24231,24240,TRUE,TRUE,12,12,TRUE
0410222,1234,4,4,24231,24240,TRUE,TRUE,12,12,TRUE
0410225,1234,4,4,24231,24240,TRUE,TRUE,12,12,TRUE
0410239,1234,4,4,24231,24240,TRUE,TRUE,12,12,TRUE
0410240,1234,4,4,24231,24240,TRUE,TRUE,12,12,TRUE
0410241,1234,4,4,24231,24240,TRUE,TRUE,12,12,TRUE
0410245,1234,4,4,24231,24240,TRUE,TRUE,12,12,TRUE
0410247,1234,4,4,24231,24240,TRUE,TRUE,12,12,TRUE
0410249,1234,4,4,24231,24240,TRUE,TRUE,12,12,TRUE
0410250,1234,4,4,24231,24240,TRUE,TRUE,12,12,TRUE
0410260,1234,4,4,24231,24240,TRUE,TRUE,12,12,TRUE
0410262,1234,4,4,24231,24240,TRUE,TRUE,12,12,TRUE
0410270,1234,4,4,24231,24240,TRUE,TRUE,12,12,TRUE
0410276,1234,4,4,24231,24240,TRUE,TRUE,12,12,TRUE
0410280,1234,4,4,24231,24240,TRUE,TRUE,12,12,TRUE
0410281,1234,4,4,24231,24240,TRUE,TRUE,12,12,TRUE
0410283,1234,4,4,24231,24240,TRUE,TRUE,12,12,TRUE
0410285,1234,4,4,24231,24240,TRUE,TRUE,12,12,TRUE
0410287,1234,4,4,24231,24240,TRUE,TRUE,12,12,TRUE
0410291,1234,4,4,24231,24240,TRUE,TRUE,12,12,TRUE
0410294,1234,4,4,24231,24240,TRUE,TRUE,12,12,TRUE
0410299,1234,4,4,24231,24240,TRUE,TRUE,12,12,TRUE
0410300,1234,4,4,24231,24240,TRUE,TRUE,12,12,TRUE
0410301,1234,4,4,24231,24240,TRUE,TRUE,12,12,TRUE
0410304,1234,4,4,24231,24240,TRUE,TRUE,12,12,TRUE
0410307,1234,4,4,24231,24240,TRUE,TRUE,12,12,TRUE
0410308,1234,4,4,24231,24240,TRUE,TRUE,12,12,TRUE
0410310,1234,4,4,24231,24240,TRUE,TRUE,12,12,TRUE
0410317,1234,4,4,24231,24240,TRUE,TRUE,12,12,TRUE
0410326,1234,4,4,24231,24240,TRUE,TRUE,12,12,TRUE
0410327,1234,4,4,24231,24240,TRUE,TRUE,12,12,TRUE
0410329,1234,4,4,24231,24240,TRUE,TRUE,12,12,TRUE
0410331,1234,4,4,24231,24240,TRUE,TRUE,12,12,TRUE
0410335,1234,4,4,24231,24240,TRUE,TRUE,12,12,TRUE
0410338,1234,4,4,24231,24240,TRUE,TRUE,12,12,TRUE
0410341,1234,4,4,24231,24240,TRUE,TRUE,12,12,TRUE
0410344,1234,4,4,24231,24240,TRUE,TRUE,12,12,TRUE
0410345,1234,4,4,24231,24240,TRUE,TRUE,12,12,TRUE
0410347,1234,4,4,24231,24240,TRUE,TRUE,12,12,TRUE
0410349,1234,4,4,24231,24240,TRUE,TRUE,12,12,TRUE
0410353,1234,4,4,24231,24240,TRUE,TRUE,12,12,TRUE
0410357,1234,4,4,24231,24240,TRUE,TRUE,12,12,TRUE
0410363,1234,4,4,24231,24240,TRUE,TRUE,12,12,TRUE
0410367,1234,4,4,24231,24240,TRUE,TRUE,12,12,TRUE
0410371,1234,4,4,24231,24240,TRUE,TRUE,12,12,TRUE
0410374,1234,4,4,24231,24240,TRUE,TRUE,12,12,TRUE
0410375,1234,4,4,24231,24240,TRUE,TRUE,12,12,TRUE
0410380,1234,4,4,24231,24240,TRUE,TRUE,12,12,TRUE
0410385,1234,4,4,24231,24240,TRUE,TRUE,12,12,TRUE
0410391,1234,4,4,24231,24240,TRUE,TRUE,12,12,TRUE
0410398,1234,4,4,24231,24240,TRUE,TRUE,12,12,TRUE
0410403,1234,4,4,24231,24240,TRUE,TRUE,12,12,TRUE
0410408,1234,4,4,24231,24240,TRUE,TRUE,12,12,TRUE
0410415,1234,4,4,24231,24240,TRUE,TRUE,12,12,TRUE
0410420,1234,4,4,24231,24240,TRUE,TRUE,12,12,TRUE
0410423,1234,4,4,24231,24240,TRUE,TRUE,12,12,TRUE
0410424,1234,4,4,24231,24240,TRUE,TRUE,12,12,TRUE
0410428,1234,4,4,24231,24240,TRUE,TRUE,12,12,TRUE
0410433,1234,4,4,24231,24240,TRUE,TRUE,12,12,TRUE
0410439,1234,4,4,24231,24240,TRUE,TRUE,12,12,TRUE
0410442,1234,4,4,24231,24240,TRUE,TRUE,12,12,TRUE
0410445,1234,4,4,24231,24240,TRUE,TRUE,12,12,TRUE
0410453,1234,4,4,24231,24240,TRUE,TRUE,12,12,TRUE
0410454,1234,4,4,24231,24240,TRUE,TRUE,12,12,TRUE
0410459,1234,4,4,24231,24240,TRUE,TRUE,12,12,TRUE
0410460,1234,4,4,24231,24240,TRUE,TRUE,12,12,TRUE
0410463,1234,4,4,24231,24240,TRUE,TRUE,12,12,TRUE
0410468,1234,4,4,24231,24240,TRUE,TRUE,12,12,TRUE
0410472,1234,4,4,24231,24240,TRUE,TRUE,12,12,TRUE
0410474,1234,4,4,24231,24240,TRUE,TRUE,12,12,TRUE
0410476,1234,4,4,24231,24240,TRUE,TRUE,12,12,TRUE
0410477,1234,4,4,24231,24240,TRUE,TRUE,12,12,TRUE
0410478,1234,4,4,24231,24240,TRUE,TRUE,12,12,TRUE
0410483,1234,4,4,24231,24240,TRUE,TRUE,12,12,TRUE
0410487,1234,4,4,24231,24240,TRUE,TRUE,12,12,TRUE
0410489,1234,4,4,24231,24240,TRUE,TRUE,12,12,TRUE
0410492,1234,4,4,24231,24240,TRUE,TRUE,12,12,TRUE
0410494,1234,4,4,24231,24240,TRUE,TRUE,12,12,TRUE
0410498,1234,4,4,24231,24240,TRUE,TRUE,12,12,TRUE
0410499,1234,4,4,24231,24240,TRUE,TRUE,12,12,TRUE
0410503,1234,4,4,24231,24240,TRUE,TRUE,12,12,TRUE
0410504,1234,4,4,24231,24240,TRUE,TRUE,12,12,TRUE
0410509,1234,4,4,24231,24240,TRUE,TRUE,12,12,TRUE
0410510,1234,4,4,24231,24240,TRUE,TRUE,12,12,TRUE
0410513,1234,4,4,24231,24240,TRUE,TRUE,12,12,TRUE
0410522,1234,4,4,24231,24240,TRUE,TRUE,12,12,TRUE
0410524,1234,4,4,24231,24240,TRUE,TRUE,12,12,TRUE
0410526,1234,4,4,24231,24240,TRUE,TRUE,12,12,TRUE
0410527,1234,4,4,24231,24240,TRUE,TRUE,12,12,TRUE
0410528,1234,4,4,24231,24240,TRUE,TRUE,12,12,TRUE
0410532,1234,4,4,24231,24240,TRUE,TRUE,12,12,TRUE
0410539,1234,4,4,24231,24240,TRUE,TRUE,12,12,TRUE
0410542,1234,4,4,24231,24240,TRUE,TRUE,12,12,TRUE
0410548,1234,4,4,24231,24240,TRUE,TRUE,12,12,TRUE
0410559,1234,4,4,24231,24240,TRUE,TRUE,12,12,TRUE
0410569,1234,4,4,24231,24240,TRUE,TRUE,12,12,TRUE
0410570,1234,4,4,24231,24240,TRUE,TRUE,12,12,TRUE
0410571,1234,4,4,24231,24240,TRUE,TRUE,12,12,TRUE
0410576,1234,4,4,24231,24240,TRUE,TRUE,12,12,TRUE
0410582,1234,4,4,24231,24240,TRUE,TRUE,12,12,TRUE
0410584,1234,4,4,24231,24240,TRUE,TRUE,12,12,TRUE
0410586,1234,4,4,24231,24240,TRUE,TRUE,12,12,TRUE
0410613,1234,4,4,24231,24240,TRUE,TRUE,12,12,TRUE
0410622,1234,4,4,24231,24240,TRUE,TRUE,12,12,TRUE
0410623,1234,4,4,24231,24240,TRUE,TRUE,12,12,TRUE
0410640,1234,4,4,24231,24240,TRUE,TRUE,12,12,TRUE
0410642,1234,4,4,24231,24240,TRUE,TRUE,12,12,TRUE
0410647,1234,4,4,24231,24240,TRUE,TRUE,12,12,TRUE
0410648,1234,4,4,24231,24240,TRUE,TRUE,12,12,TRUE
0410652,1234,4,4,24231,24240,TRUE,TRUE,12,12,TRUE
0410654,1234,4,4,24231,24240,TRUE,TRUE,12,12,TRUE
0410662,1234,4,4,24231,24240,TRUE,TRUE,12,12,TRUE
0410663,1234,4,4,24231,24240,TRUE,TRUE,12,12,TRUE
0410668,1234,4,4,24231,24240,TRUE,TRUE,12,12,TRUE
0410669,1234,4,4,24231,24240,TRUE,TRUE,12,12,TRUE
0410670,1234,4,4,24231,24240,TRUE,TRUE,12,12,TRUE
0410671,1234,4,4,24231,24240,TRUE,TRUE,12,12,TRUE
0410674,1234,4,4,24231,24240,TRUE,TRUE,12,12,TRUE
0410681,1234,4,4,24231,24240,TRUE,TRUE,12,12,TRUE
0410683,1234,4,4,24231,24240,TRUE,TRUE,12,12,TRUE
0410686,1234,4,4,24231,24240,TRUE,TRUE,12,12,TRUE
0410692,1234,4,4,24231,24240,TRUE,TRUE,12,12,TRUE
0410694,1234,4,4,24231,24240,TRUE,TRUE,12,12,TRUE
0410695,1234,4,4,24231,24240,TRUE,TRUE,12,12,TRUE
0410699,1234,4,4,24231,24240,TRUE,TRUE,12,12,TRUE
0410702,1234,4,4,24231,24240,TRUE,TRUE,12,12,TRUE
0410704,1234,4,4,24231,24240,TRUE,TRUE,12,12,TRUE
0410707,1234,4,4,24231,24240,TRUE,TRUE,12,12,TRUE
0410708,1234,4,4,24231,24240,TRUE,TRUE,12,12,TRUE
0410717,1234,4,4,24231,24240,TRUE,TRUE,12,12,TRUE
0410718,1234,4,4,24231,24240,TRUE,TRUE,12,12,TRUE
0410721,1234,4,4,24231,24240,TRUE,TRUE,12,12,TRUE
0410726,1234,4,4,24231,24240,TRUE,TRUE,12,12,TRUE
0410727,1234,4,4,24231,24240,TRUE,TRUE,12,12,TRUE
0410734,1234,4,4,24231,24240,TRUE,TRUE,12,12,TRUE
0410740,1234,4,4,24231,24240,TRUE,TRUE,12,12,TRUE
0410744,1234,4,4,24231,24240,TRUE,TRUE,12,12,TRUE
0410745,1234,4,4,24231,24240,TRUE,TRUE,12,12,TRUE
0410750,1234,4,4,24231,24240,TRUE,TRUE,12,12,TRUE
0410751,1234,4,4,24231,24240,TRUE,TRUE,12,12,TRUE
0410753,1234,4,4,24231,24240,TRUE,TRUE,12,12,TRUE
0410762,1234,4,4,24231,24240,TRUE,TRUE,12,12,TRUE
0410764,1234,4,4,24231,24240,TRUE,TRUE,12,12,TRUE
0410766,1234,4,4,24231,24240,TRUE,TRUE,12,12,TRUE
0410767,1234,4,4,24231,24240,TRUE,TRUE,12,12,TRUE
0410776,1234,4,4,24231,24240,TRUE,TRUE,12,12,TRUE
0410781,1234,4,4,24231,24240,TRUE,TRUE,12,12,TRUE
0410782,1234,4,4,24231,24240,TRUE,TRUE,12,12,TRUE
0410783,1234,4,4,24231,24240,TRUE,TRUE,12,12,TRUE
0410785,1234,4,4,24231,24240,TRUE,TRUE,12,12,TRUE
0410787,1234,4,4,24231,24240,TRUE,TRUE,12,12,TRUE
0410792,1234,4,4,24231,24240,TRUE,TRUE,12,12,TRUE
0410793,1234,4,4,24231,24240,TRUE,TRUE,12,12,TRUE
0410798,1234,4,4,24231,24240,TRUE,TRUE,12,12,TRUE
0410804,1234,4,4,24231,24240,TRUE,TRUE,12,12,TRUE
0410809,1234,4,4,24231,24240,TRUE,TRUE,12,12,TRUE
0410814,1234,4,4,24231,24240,TRUE,TRUE,12,12,TRUE
0410820,1234,4,4,24231,24240,TRUE,TRUE,12,12,TRUE
0410821,1234,4,4,24231,24240,TRUE,TRUE,12,12,TRUE
0410824,1234,4,4,24231,24240,TRUE,TRUE,12,12,TRUE
0410825,1234,4,4,24231,24240,TRUE,TRUE,12,12,TRUE
0410829,1234,4,4,24231,24240,TRUE,TRUE,12,12,TRUE
0410833,1234,4,4,24231,24240,TRUE,TRUE,12,12,TRUE
0410836,1234,4,4,24231,24240,TRUE,TRUE,12,12,TRUE
0410848,1234,4,4,24231,24240,TRUE,TRUE,12,12,TRUE
0410850,1234,4,4,24231,24240,TRUE,TRUE,12,12,TRUE
0410851,1234,4,4,24231,24240,TRUE,TRUE,12,12,TRUE
0410857,1234,4,4,24231,24240,TRUE,TRUE,12,12,TRUE
0410858,1234,4,4,24231,24240,TRUE,TRUE,12,12,TRUE
0410861,1234,4,4,24231,24240,TRUE,TRUE,12,12,TRUE
0410866,1234,4,4,24231,24240,TRUE,TRUE,12,12,TRUE
0410870,1234,4,4,24231,24240,TRUE,TRUE,12,12,TRUE
0410871,1234,4,4,24231,24240,TRUE,TRUE,12,12,TRUE
0410874,1234,4,4,24231,24240,TRUE,TRUE,12,12,TRUE
0410878,1234,4,4,24231,24240,TRUE,TRUE,12,12,TRUE
0410886,1234,4,4,24231,24240,TRUE,TRUE,12,12,TRUE
0410888,1234,4,4,24231,24240,TRUE,TRUE,12,12,TRUE
0410892,1234,4,4,24231,24240,TRUE,TRUE,12,12,TRUE
0410899,1234,4,4,24231,24240,TRUE,TRUE,12,12,TRUE
0410904,1234,4,4,24231,24240,TRUE,TRUE,12,12,TRUE
0410905,1234,4,4,24231,24240,TRUE,TRUE,12,12,TRUE
0410908,1234,4,4,24231,24240,TRUE,TRUE,12,12,TRUE
0410913,1234,4,4,24231,24240,TRUE,TRUE,12,12,TRUE
0410915,1234,4,4,24231,24240,TRUE,TRUE,12,12,TRUE
0410916,1234,4,4,24231,24240,TRUE,TRUE,12,12,TRUE
0410922,1234,4,4,24231,24240,TRUE,TRUE,12,12,TRUE
0410925,1234,4,4,24231,24240,TRUE,TRUE,12,12,TRUE
0410929,1234,4,4,24231,24240,TRUE,TRUE,12,12,TRUE
0410931,1234,4,4,24231,24240,TRUE,TRUE,12,12,TRUE
0410933,1234,4,4,24231,24240,TRUE,TRUE,12,12,TRUE
0410937,1234,4,4,24231,24240,TRUE,TRUE,12,12,TRUE
0410955,1234,4,4,24231,24240,TRUE,TRUE,12,12,TRUE
0410956,1234,4,4,24231,24240,TRUE,TRUE,12,12,TRUE
0410960,1234,4,4,24231,24240,TRUE,TRUE,12,12,TRUE
0410963,1234,4,4,24231,24240,TRUE,TRUE,12,12,TRUE
0410969,1234,4,4,24231,24240,TRUE,TRUE,12,12,TRUE
0410970,1234,4,4,24231,24240,TRUE,TRUE,12,12,TRUE
0410973,1234,4,4,24231,24240,TRUE,TRUE,12,12,TRUE
0410982,1234,4,4,24231,24240,TRUE,TRUE,12,12,TRUE
0410984,1234,4,4,24231,24240,TRUE,TRUE,12,12,TRUE
0410987,1234,4,4,24231,24240,TRUE,TRUE,12,12,TRUE
0410990,1234,4,4,24231,24240,TRUE,TRUE,12,12,TRUE
0410992,1234,4,4,24231,24240,TRUE,TRUE,12,12,TRUE
0411002,1234,4,4,24231,24240,TRUE,TRUE,12,12,TRUE
0411004,1234,4,4,24231,24240,TRUE,TRUE,12,12,TRUE
0411007,1234,4,4,24231,24240,TRUE,TRUE,12,12,TRUE
0411017,1234,4,4,24231,24240,TRUE,TRUE,12,12,TRUE
0411020,1234,4,4,24231,24240,TRUE,TRUE,12,12,TRUE
0411021,1234,4,4,24231,24240,TRUE,TRUE,12,12,TRUE
0411023,1234,4,4,24231,24240,TRUE,TRUE,12,12,TRUE
0411025,1234,4,4,24231,24240,TRUE,TRUE,12,12,TRUE
0411029,1234,4,4,24231,24240,TRUE,TRUE,12,12,TRUE
0411033,1234,4,4,24231,24240,TRUE,TRUE,12,12,TRUE
0411035,1234,4,4,24231,24240,TRUE,TRUE,12,12,TRUE
0411036,1234,4,4,24231,24240,TRUE,TRUE,12,12,TRUE
0411037,1234,4,4,24231,24240,TRUE,TRUE,12,12,TRUE
0411044,1234,4,4,24231,24240,TRUE,TRUE,12,12,TRUE
0411046,1234,4,4,24231,24240,TRUE,TRUE,12,12,TRUE
0411049,1234,4,4,24231,24240,TRUE,TRUE,12,12,TRUE
0411054,1234,4,4,24231,24240,TRUE,TRUE,12,12,TRUE
0411055,1234,4,4,24231,24240,TRUE,TRUE,12,12,TRUE
0411060,1234,4,4,24231,24240,TRUE,TRUE,12,12,TRUE
0411065,1234,4,4,24231,24240,TRUE,TRUE,12,12,TRUE
0411070,1234,4,4,24231,24240,TRUE,TRUE,12,12,TRUE
0411071,1234,4,4,24231,24240,TRUE,TRUE,12,12,TRUE
0411072,1234,4,4,24231,24240,TRUE,TRUE,12,12,TRUE
0411076,1234,4,4,24231,24240,TRUE,TRUE,12,12,TRUE
0411079,1234,4,4,24231,24240,TRUE,TRUE,12,12,TRUE
0411085,1234,4,4,24231,24240,TRUE,TRUE,12,12,TRUE
0411089,1234,4,4,24231,24240,TRUE,TRUE,12,12,TRUE
0411092,1234,4,4,24231,24240,TRUE,TRUE,12,12,TRUE
0411095,1234,4,4,24231,24240,TRUE,TRUE,12,12,TRUE
0411096,1234,4,4,24231,24240,TRUE,TRUE,12,12,TRUE
0411099,1234,4,4,24231,24240,TRUE,TRUE,12,12,TRUE
0411106,1234,4,4,24231,24240,TRUE,TRUE,12,12,TRUE
0411107,1234,4,4,24231,24240,TRUE,TRUE,12,12,TRUE
0411116,1234,4,4,24231,24240,TRUE,TRUE,12,12,TRUE
0411117,1234,4,4,24231,24240,TRUE,TRUE,12,12,TRUE
0411119,1234,4,4,24231,24240,TRUE,TRUE,12,12,TRUE
0411126,1234,4,4,24231,24240,TRUE,TRUE,12,12,TRUE
0411127,1234,4,4,24231,24240,TRUE,TRUE,12,12,TRUE
0411128,1234,4,4,24231,24240,TRUE,TRUE,12,12,TRUE
0411132,1234,4,4,24231,24240,TRUE,TRUE,12,12,TRUE
0411143,1234,4,4,24231,24240,TRUE,TRUE,12,12,TRUE
0417271,1234,4,4,24232,24241,TRUE,TRUE,12,12,TRUE
0417272,1234,4,4,24232,24241,TRUE,TRUE,12,12,TRUE
0417287,1234,4,4,24232,24241,TRUE,TRUE,12,12,TRUE
0417289,1234,4,4,24232,24241,TRUE,TRUE,12,12,TRUE
0417295,1234,4,4,24232,24241,TRUE,TRUE,12,12,TRUE
0417296,1234,4,4,24232,24241,TRUE,TRUE,12,12,TRUE
0417299,1234,4,4,24232,24241,TRUE,TRUE,12,12,TRUE
0417304,1234,4,4,24232,24241,TRUE,TRUE,12,12,TRUE
0417305,1234,4,4,24232,24241,TRUE,TRUE,12,12,TRUE
0417311,1234,4,4,24232,24241,TRUE,TRUE,12,12,TRUE
0417312,1234,4,4,24232,24241,TRUE,TRUE,12,12,TRUE
0417314,1234,4,4,24232,24241,TRUE,TRUE,12,12,TRUE
0417315,1234,4,4,24232,24241,TRUE,TRUE,12,12,TRUE
0417316,1234,4,4,24232,24241,TRUE,TRUE,12,12,TRUE
0417318,1234,4,4,24232,24241,TRUE,TRUE,12,12,TRUE
0417334,1234,4,4,24232,24241,TRUE,TRUE,12,12,TRUE
0417336,1234,4,4,24232,24241,TRUE,TRUE,12,12,TRUE
0417338,1234,4,4,24232,24241,TRUE,TRUE,12,12,TRUE
0417339,1234,4,4,24232,24241,TRUE,TRUE,12,12,TRUE
0417342,1234,4,4,24232,24241,TRUE,TRUE,12,12,TRUE
0417346,1234,4,4,24232,24241,TRUE,TRUE,12,12,TRUE
0417348,1234,4,4,24232,24241,TRUE,TRUE,12,12,TRUE
0417349,1234,4,4,24232,24241,TRUE,TRUE,12,12,TRUE
0417351,1234,4,4,24232,24241,TRUE,TRUE,12,12,TRUE
0417352,1234,4,4,24232,24241,TRUE,TRUE,12,12,TRUE
0417354,1234,4,4,24232,24241,TRUE,TRUE,12,12,TRUE
0417356,1234,4,4,24232,24241,TRUE,TRUE,12,12,TRUE
0417360,1234,4,4,24232,24241,TRUE,TRUE,12,12,TRUE
0417361,1234,4,4,24232,24241,TRUE,TRUE,12,12,TRUE
0417363,1234,4,4,24232,24241,TRUE,TRUE,12,12,TRUE
0417364,1234,4,4,24232,24241,TRUE,TRUE,12,12,TRUE
0417367,1234,4,4,24232,24241,TRUE,TRUE,12,12,TRUE
0417371,1234,4,4,24232,24241,TRUE,TRUE,12,12,TRUE
0417372,1234,4,4,24232,24241,TRUE,TRUE,12,12,TRUE
0417385,1234,4,4,24232,24241,TRUE,TRUE,12,12,TRUE
0417388,1234,4,4,24232,24241,TRUE,TRUE,12,12,TRUE
0417391,1234,4,4,24232,24241,TRUE,TRUE,12,12,TRUE
0417397,1234,4,4,24232,24241,TRUE,TRUE,12,12,TRUE
0417401,1234,4,4,24232,24241,TRUE,TRUE,12,12,TRUE
0417402,1234,4,4,24232,24241,TRUE,TRUE,12,12,TRUE
0417403,1234,4,4,24232,24241,TRUE,TRUE,12,12,TRUE
0417406,1234,4,4,24232,24241,TRUE,TRUE,12,12,TRUE
0417408,1234,4,4,24232,24241,TRUE,TRUE,12,12,TRUE
0417410,1234,4,4,24232,24241,TRUE,TRUE,12,12,TRUE
0417419,1234,4,4,24232,24241,TRUE,TRUE,12,12,TRUE
0417431,1234,4,4,24232,24241,TRUE,TRUE,12,12,TRUE
0417436,1234,4,4,24232,24241,TRUE,TRUE,12,12,TRUE
0417448,1234,4,4,24232,24241,TRUE,TRUE,12,12,TRUE
0417450,1234,4,4,24232,24241,TRUE,TRUE,12,12,TRUE
0417452,1234,4,4,24232,24241,TRUE,TRUE,12,12,TRUE
0417453,1234,4,4,24232,24241,TRUE,TRUE,12,12,TRUE
0417454,1234,4,4,24232,24241,TRUE,TRUE,12,12,TRUE
0417455,1234,4,4,24232,24241,TRUE,TRUE,12,12,TRUE
0417456,1234,4,4,24232,24241,TRUE,TRUE,12,12,TRUE
0417457,1234,4,4,24232,24241,TRUE,TRUE,12,12,TRUE
0417465,1234,4,4,24232,24241,TRUE,TRUE,12,12,TRUE
0417466,1234,4,4,24232,24241,TRUE,TRUE,12,12,TRUE
0417467,1234,4,4,24232,24241,TRUE,TRUE,12,12,TRUE
0417470,1234,4,4,24232,24241,TRUE,TRUE,12,12,TRUE
0417471,1234,4,4,24232,24241,TRUE,TRUE,12,12,TRUE
0417479,1234,4,4,24232,24241,TRUE,TRUE,12,12,TRUE
0417484,1234,4,4,24232,24241,TRUE,TRUE,12,12,TRUE
0417485,1234,4,4,24232,24241,TRUE,TRUE,12,12,TRUE
0417486,1234,4,4,24232,24241,TRUE,TRUE,12,12,TRUE
0417489,1234,4,4,24232,24241,TRUE,TRUE,12,12,TRUE
0417492,1234,4,4,24232,24241,TRUE,TRUE,12,12,TRUE
0417493,1234,4,4,24232,24241,TRUE,TRUE,12,12,TRUE
0417512,1234,4,4,24232,24241,TRUE,TRUE,12,12,TRUE
0417515,1234,4,4,24232,24241,TRUE,TRUE,12,12,TRUE
0417524,1234,4,4,24232,24241,TRUE,TRUE,12,12,TRUE
0417526,1234,4,4,24232,24241,TRUE,TRUE,12,12,TRUE
0417530,1234,4,4,24232,24241,TRUE,TRUE,12,12,TRUE
0417538,1234,4,4,24232,24241,TRUE,TRUE,12,12,TRUE
0417542,1234,4,4,24232,24241,TRUE,TRUE,12,12,TRUE
0417553,1234,4,4,24232,24241,TRUE,TRUE,12,12,TRUE
0417554,1234,4,4,24232,24241,TRUE,TRUE,12,12,TRUE
0417556,1234,4,4,24232,24241,TRUE,TRUE,12,12,TRUE
0417559,1234,4,4,24232,24241,TRUE,TRUE,12,12,TRUE
0417560,1234,4,4,24232,24241,TRUE,TRUE,12,12,TRUE
0417562,1234,4,4,24232,24241,TRUE,TRUE,12,12,TRUE
0417566,1234,4,4,24232,24241,TRUE,TRUE,12,12,TRUE
0417571,1234,4,4,24232,24241,TRUE,TRUE,12,12,TRUE
0417573,1234,4,4,24232,24241,TRUE,TRUE,12,12,TRUE
0417575,1234,4,4,24232,24241,TRUE,TRUE,12,12,TRUE
0417580,1234,4,4,24232,24241,TRUE,TRUE,12,12,TRUE
0417590,1234,4,4,24232,24241,TRUE,TRUE,12,12,TRUE
0417591,1234,4,4,24232,24241,TRUE,TRUE,12,12,TRUE
0417592,1234,4,4,24232,24241,TRUE,TRUE,12,12,TRUE
0417595,1234,4,4,24232,24241,TRUE,TRUE,12,12,TRUE
0417597,1234,4,4,24232,24241,TRUE,TRUE,12,12,TRUE
0417598,1234,4,4,24232,24241,TRUE,TRUE,12,12,TRUE
0417600,1234,4,4,24232,24241,TRUE,TRUE,12,12,TRUE
0417605,1234,4,4,24232,24241,TRUE,TRUE,12,12,TRUE
0417611,1234,4,4,24232,24241,TRUE,TRUE,12,12,TRUE
0417612,1234,4,4,24232,24241,TRUE,TRUE,12,12,TRUE
0417620,1234,4,4,24232,24241,TRUE,TRUE,12,12,TRUE
0417622,1234,4,4,24232,24241,TRUE,TRUE,12,12,TRUE
0417623,1234,4,4,24232,24241,TRUE,TRUE,12,12,TRUE
0417630,1234,4,4,24232,24241,TRUE,TRUE,12,12,TRUE
0417631,1234,4,4,24232,24241,TRUE,TRUE,12,12,TRUE
0417635,1234,4,4,24232,24241,TRUE,TRUE,12,12,TRUE
0417638,1234,4,4,24232,24241,TRUE,TRUE,12,12,TRUE
0417643,1234,4,4,24232,24241,TRUE,TRUE,12,12,TRUE
0417648,1234,4,4,24232,24241,TRUE,TRUE,12,12,TRUE
0417653,1234,4,4,24232,24241,TRUE,TRUE,12,12,TRUE
0417658,1234,4,4,24232,24241,TRUE,TRUE,12,12,TRUE
0417663,1234,4,4,24232,24241,TRUE,TRUE,12,12,TRUE
0417665,1234,4,4,24232,24241,TRUE,TRUE,12,12,TRUE
0417667,1234,4,4,24232,24241,TRUE,TRUE,12,12,TRUE
0417668,1234,4,4,24232,24241,TRUE,TRUE,12,12,TRUE
0417678,1234,4,4,24232,24241,TRUE,TRUE,12,12,TRUE
0417680,1234,4,4,24232,24241,TRUE,TRUE,12,12,TRUE
0417681,1234,4,4,24232,24241,TRUE,TRUE,12,12,TRUE
0417682,1234,4,4,24232,24241,TRUE,TRUE,12,12,TRUE
0417686,1234,4,4,24232,24241,TRUE,TRUE,12,12,TRUE
0417690,1234,4,4,24232,24241,TRUE,TRUE,12,12,TRUE
0417691,1234,4,4,24232,24241,TRUE,TRUE,12,12,TRUE
0417694,1234,4,4,24232,24241,TRUE,TRUE,12,12,TRUE
0417699,1234,4,4,24232,24241,TRUE,TRUE,12,12,TRUE
0417704,1234,4,4,24232,24241,TRUE,TRUE,12,12,TRUE
0417711,1234,4,4,24232,24241,TRUE,TRUE,12,12,TRUE
0417712,1234,4,4,24232,24241,TRUE,TRUE,12,12,TRUE
0417717,1234,4,4,24232,24241,TRUE,TRUE,12,12,TRUE
0417721,1234,4,4,24232,24241,TRUE,TRUE,12,12,TRUE
0417727,1234,4,4,24232,24241,TRUE,TRUE,12,12,TRUE
0417730,1234,4,4,24232,24241,TRUE,TRUE,12,12,TRUE
0417732,1234,4,4,24232,24241,TRUE,TRUE,12,12,TRUE
0417734,1234,4,4,24232,24241,TRUE,TRUE,12,12,TRUE
0417745,1234,4,4,24232,24241,TRUE,TRUE,12,12,TRUE
0417746,1234,4,4,24232,24241,TRUE,TRUE,12,12,TRUE
0417747,1234,4,4,24232,24241,TRUE,TRUE,12,12,TRUE
0417752,1234,4,4,24232,24241,TRUE,TRUE,12,12,TRUE
0417758,1234,4,4,24232,24241,TRUE,TRUE,12,12,TRUE
0417762,1234,4,4,24232,24241,TRUE,TRUE,12,12,TRUE
0417765,1234,4,4,24232,24241,TRUE,TRUE,12,12,TRUE
0417767,1234,4,4,24232,24241,TRUE,TRUE,12,12,TRUE
0417771,1234,4,4,24232,24241,TRUE,TRUE,12,12,TRUE
0417777,1234,4,4,24232,24241,TRUE,TRUE,12,12,TRUE
0417779,1234,4,4,24232,24241,TRUE,TRUE,12,12,TRUE
0417790,1234,4,4,24232,24241,TRUE,TRUE,12,12,TRUE
0417793,1234,4,4,24232,24241,TRUE,TRUE,12,12,TRUE
0417799,1234,4,4,24232,24241,TRUE,TRUE,12,12,TRUE
0417802,1234,4,4,24232,24241,TRUE,TRUE,12,12,TRUE
0417807,1234,4,4,24232,24241,TRUE,TRUE,12,12,TRUE
0417809,1234,4,4,24232,24241,TRUE,TRUE,12,12,TRUE
0417811,1234,4,4,24232,24241,TRUE,TRUE,12,12,TRUE
0417816,1234,4,4,24232,24241,TRUE,TRUE,12,12,TRUE
0417828,1234,4,4,24232,24241,TRUE,TRUE,12,12,TRUE
0417829,1234,4,4,24232,24241,TRUE,TRUE,12,12,TRUE
0417835,1234,4,4,24232,24241,TRUE,TRUE,12,12,TRUE
0417836,1234,4,4,24232,24241,TRUE,TRUE,12,12,TRUE
0417838,1234,4,4,24232,24241,TRUE,TRUE,12,12,TRUE
0417843,1234,4,4,24232,24241,TRUE,TRUE,12,12,TRUE
0417845,1234,4,4,24232,24241,TRUE,TRUE,12,12,TRUE
0417847,1234,4,4,24232,24241,TRUE,TRUE,12,12,TRUE
0417848,1234,4,4,24232,24241,TRUE,TRUE,12,12,TRUE
0417851,1234,4,4,24232,24241,TRUE,TRUE,12,12,TRUE
0417852,1234,4,4,24232,24241,TRUE,TRUE,12,12,TRUE
0417857,1234,4,4,24232,24241,TRUE,TRUE,12,12,TRUE
0417859,1234,4,4,24232,24241,TRUE,TRUE,12,12,TRUE
0417864,1234,4,4,24232,24241,TRUE,TRUE,12,12,TRUE
0417865,1234,4,4,24232,24241,TRUE,TRUE,12,12,TRUE
0417867,1234,4,4,24232,24241,TRUE,TRUE,12,12,TRUE
0417871,1234,4,4,24232,24241,TRUE,TRUE,12,12,TRUE
0417874,1234,4,4,24232,24241,TRUE,TRUE,12,12,TRUE
0417881,1234,4,4,24232,24241,TRUE,TRUE,12,12,TRUE
0417884,1234,4,4,24232,24241,TRUE,TRUE,12,12,TRUE
0417885,1234,4,4,24232,24241,TRUE,TRUE,12,12,TRUE
0417889,1234,4,4,24232,24241,TRUE,TRUE,12,12,TRUE
0417890,1234,4,4,24232,24241,TRUE,TRUE,12,12,TRUE
0417892,1234,4,4,24232,24241,TRUE,TRUE,12,12,TRUE
0417895,1234,4,4,24232,24241,TRUE,TRUE,12,12,TRUE
0417896,1234,4,4,24232,24241,TRUE,TRUE,12,12,TRUE
0417897,1234,4,4,24232,24241,TRUE,TRUE,12,12,TRUE
0417899,1234,4,4,24232,24241,TRUE,TRUE,12,12,TRUE
0417902,1234,4,4,24232,24241,TRUE,TRUE,12,12,TRUE
0417910,1234,4,4,24232,24241,TRUE,TRUE,12,12,TRUE
0417915,1234,4,4,24232,24241,TRUE,TRUE,12,12,TRUE
0417919,1234,4,4,24232,24241,TRUE,TRUE,12,12,TRUE
0417920,1234,4,4,24232,24241,TRUE,TRUE,12,12,TRUE
0417924,1234,4,4,24232,24241,TRUE,TRUE,12,12,TRUE
0417935,1234,4,4,24232,24241,TRUE,TRUE,12,12,TRUE
0417938,1234,4,4,24232,24241,TRUE,TRUE,12,12,TRUE
0417941,1234,4,4,24232,24241,TRUE,TRUE,12,12,TRUE
0417942,1234,4,4,24232,24241,TRUE,TRUE,12,12,TRUE
0417947,1234,4,4,24232,24241,TRUE,TRUE,12,12,TRUE
0417948,1234,4,4,24232,24241,TRUE,TRUE,12,12,TRUE
0417952,1234,4,4,24232,24241,TRUE,TRUE,12,12,TRUE
0417954,1234,4,4,24232,24241,TRUE,TRUE,12,12,TRUE
0417959,1234,4,4,24232,24241,TRUE,TRUE,12,12,TRUE
0417960,1234,4,4,24232,24241,TRUE,TRUE,12,12,TRUE
0417965,1234,4,4,24232,24241,TRUE,TRUE,12,12,TRUE
0417970,1234,4,4,24232,24241,TRUE,TRUE,12,12,TRUE
0417971,1234,4,4,24232,24241,TRUE,TRUE,12,12,TRUE
0417975,1234,4,4,24232,24241,TRUE,TRUE,12,12,TRUE
0417977,1234,4,4,24232,24241,TRUE,TRUE,12,12,TRUE
0417981,1234,4,4,24232,24241,TRUE,TRUE,12,12,TRUE
0417982,1234,4,4,24232,24241,TRUE,TRUE,12,12,TRUE
0417987,1234,4,4,24232,24241,TRUE,TRUE,12,12,TRUE
0417989,1234,4,4,24232,24241,TRUE,TRUE,12,12,TRUE
0418000,1234,4,4,24232,24241,TRUE,TRUE,12,12,TRUE
0418001,1234,4,4,24232,24241,TRUE,TRUE,12,12,TRUE
0418002,1234,4,4,24232,24241,TRUE,TRUE,12,12,TRUE
0418004,1234,4,4,24232,24241,TRUE,TRUE,12,12,TRUE
0418008,1234,4,4,24232,24241,TRUE,TRUE,12,12,TRUE
0418010,1234,4,4,24232,24241,TRUE,TRUE,12,12,TRUE
0418012,1234,4,4,24232,24241,TRUE,TRUE,12,12,TRUE
0418026,1234,4,4,24232,24241,TRUE,TRUE,12,12,TRUE
0418030,1234,4,4,24232,24241,TRUE,TRUE,12,12,TRUE
0418037,1234,4,4,24232,24241,TRUE,TRUE,12,12,TRUE
0418046,1234,4,4,24232,24241,TRUE,TRUE,12,12,TRUE
0418047,1234,4,4,24232,24241,TRUE,TRUE,12,12,TRUE
0418050,1234,4,4,24232,24241,TRUE,TRUE,12,12,TRUE
0418055,1234,4,4,24232,24241,TRUE,TRUE,12,12,TRUE
0418057,1234,4,4,24232,24241,TRUE,TRUE,12,12,TRUE
0418058,1234,4,4,24232,24241,TRUE,TRUE,12,12,TRUE
0418060,1234,4,4,24232,24241,TRUE,TRUE,12,12,TRUE
0418063,1234,4,4,24232,24241,TRUE,TRUE,12,12,TRUE
0418068,1234,4,4,24232,24241,TRUE,TRUE,12,12,TRUE
0418069,1234,4,4,24232,24241,TRUE,TRUE,12,12,TRUE
0418072,1234,4,4,24232,24241,TRUE,TRUE,12,12,TRUE
0418080,1234,4,4,24232,24241,TRUE,TRUE,12,12,TRUE
0418083,1234,4,4,24232,24241,TRUE,TRUE,12,12,TRUE
0418087,1234,4,4,24232,24241,TRUE,TRUE,12,12,TRUE
0418091,1234,4,4,24232,24241,TRUE,TRUE,12,12,TRUE
0418094,1234,4,4,24232,24241,TRUE,TRUE,12,12,TRUE
0418096,1234,4,4,24232,24241,TRUE,TRUE,12,12,TRUE
0418097,1234,4,4,24232,24241,TRUE,TRUE,12,12,TRUE
0418107,1234,4,4,24232,24241,TRUE,TRUE,12,12,TRUE
0418109,1234,4,4,24232,24241,TRUE,TRUE,12,12,TRUE
0418110,1234,4,4,24232,24241,TRUE,TRUE,12,12,TRUE
0418112,1234,4,4,24232,24241,TRUE,TRUE,12,12,TRUE
0418118,1234,4,4,24232,24241,TRUE,TRUE,12,12,TRUE
0418119,1234,4,4,24232,24241,TRUE,TRUE,12,12,TRUE
0418120,1234,4,4,24232,24241,TRUE,TRUE,12,12,TRUE
0418121,1234,4,4,24232,24241,TRUE,TRUE,12,12,TRUE
0418123,1234,4,4,24232,24241,TRUE,TRUE,12,12,TRUE
0418126,1234,4,4,24232,24241,TRUE,TRUE,12,12,TRUE
0418129,1234,4,4,24232,24241,TRUE,TRUE,12,12,TRUE
0418130,1234,4,4,24232,24241,TRUE,TRUE,12,12,TRUE
0418131,1234,4,4,24232,24241,TRUE,TRUE,12,12,TRUE
0418140,1234,4,4,24232,24241,TRUE,TRUE,12,12,TRUE
0418143,1234,4,4,24232,24241,TRUE,TRUE,12,12,TRUE
0418149,1234,4,4,24232,24241,TRUE,TRUE,12,12,TRUE
0418150,1234,4,4,24232,24241,TRUE,TRUE,12,12,TRUE
0418154,1234,4,4,24232,24241,TRUE,TRUE,12,12,TRUE
0418155,1234,4,4,24232,24241,TRUE,TRUE,12,12,TRUE
0418158,1234,4,4,24232,24241,TRUE,TRUE,12,12,TRUE
0418159,1234,4,4,24232,24241,TRUE,TRUE,12,12,TRUE
0418161,1234,4,4,24232,24241,TRUE,TRUE,12,12,TRUE
0418162,1234,4,4,24232,24241,TRUE,TRUE,12,12,TRUE
0418163,1234,4,4,24232,24241,TRUE,TRUE,12,12,TRUE
0418178,1234,4,4,24232,24241,TRUE,TRUE,12,12,TRUE
0418182,1234,4,4,24232,24241,TRUE,TRUE,12,12,TRUE
0418184,1234,4,4,24232,24241,TRUE,TRUE,12,12,TRUE
0418186,1234,4,4,24232,24241,TRUE,TRUE,12,12,TRUE
0418187,1234,4,4,24232,24241,TRUE,TRUE,12,12,TRUE
0418188,1234,4,4,24232,24241,TRUE,TRUE,12,12,TRUE
0418192,1234,4,4,24232,24241,TRUE,TRUE,12,12,TRUE
0418195,1234,4,4,24232,24241,TRUE,TRUE,12,12,TRUE
0418200,1234,4,4,24232,24241,TRUE,TRUE,12,12,TRUE
0418204,1234,4,4,24232,24241,TRUE,TRUE,12,12,TRUE
0418205,1234,4,4,24232,24241,TRUE,TRUE,12,12,TRUE
0418206,1234,4,4,24232,24241,TRUE,TRUE,12,12,TRUE
0418209,1234,4,4,24232,24241,TRUE,TRUE,12,12,TRUE
0418220,1234,4,4,24232,24241,TRUE,TRUE,12,12,TRUE
0418221,1234,4,4,24232,24241,TRUE,TRUE,12,12,TRUE
0418223,1234,4,4,24232,24241,TRUE,TRUE,12,12,TRUE
0418228,1234,4,4,24232,24241,TRUE,TRUE,12,12,TRUE
0418231,1234,4,4,24232,24241,TRUE,TRUE,12,12,TRUE
0418236,1234,4,4,24232,24241,TRUE,TRUE,12,12,TRUE
0418238,1234,4,4,24232,24241,TRUE,TRUE,12,12,TRUE
0418239,1234,4,4,24232,24241,TRUE,TRUE,12,12,TRUE
0418243,1234,4,4,24232,24241,TRUE,TRUE,12,12,TRUE
0418252,1234,4,4,24232,24241,TRUE,TRUE,12,12,TRUE
0418253,1234,4,4,24232,24241,TRUE,TRUE,12,12,TRUE
0418255,1234,4,4,24232,24241,TRUE,TRUE,12,12,TRUE
0418259,1234,4,4,24232,24241,TRUE,TRUE,12,12,TRUE
0418261,1234,4,4,24232,24241,TRUE,TRUE,12,12,TRUE
0418262,1234,4,4,24232,24241,TRUE,TRUE,12,12,TRUE
0418265,1234,4,4,24232,24241,TRUE,TRUE,12,12,TRUE
0418269,1234,4,4,24232,24241,TRUE,TRUE,12,12,TRUE
0418272,1234,4,4,24232,24241,TRUE,TRUE,12,12,TRUE
0418273,1234,4,4,24232,24241,TRUE,TRUE,12,12,TRUE
0418275,1234,4,4,24232,24241,TRUE,TRUE,12,12,TRUE
0418278,1234,4,4,24232,24241,TRUE,TRUE,12,12,TRUE
0418279,1234,4,4,24232,24241,TRUE,TRUE,12,12,TRUE
0418280,1234,4,4,24232,24241,TRUE,TRUE,12,12,TRUE
0418282,1234,4,4,24232,24241,TRUE,TRUE,12,12,TRUE
0418283,1234,4,4,24232,24241,TRUE,TRUE,12,12,TRUE
0418285,1234,4,4,24232,24241,TRUE,TRUE,12,12,TRUE
0418299,1234,4,4,24232,24241,TRUE,TRUE,12,12,TRUE
0418301,1234,4,4,24232,24241,TRUE,TRUE,12,12,TRUE
0418305,1234,4,4,24232,24241,TRUE,TRUE,12,12,TRUE
0418306,1234,4,4,24232,24241,TRUE,TRUE,12,12,TRUE
0418307,1234,4,4,24232,24241,TRUE,TRUE,12,12,TRUE
0418310,1234,4,4,24232,24241,TRUE,TRUE,12,12,TRUE
0418311,1234,4,4,24232,24241,TRUE,TRUE,12,12,TRUE
0418312,1234,4,4,24232,24241,TRUE,TRUE,12,12,TRUE
0418314,1234,4,4,24232,24241,TRUE,TRUE,12,12,TRUE
0418317,1234,4,4,24232,24241,TRUE,TRUE,12,12,TRUE
0418323,1234,4,4,24233,24242,TRUE,TRUE,12,12,TRUE
0418324,1234,4,4,24233,24242,TRUE,TRUE,12,12,TRUE
0418326,1234,4,4,24233,24242,TRUE,TRUE,12,12,TRUE
0418329,1234,4,4,24233,24242,TRUE,TRUE,12,12,TRUE
0418330,1234,4,4,24233,24242,TRUE,TRUE,12,12,TRUE
0418331,1234,4,4,24233,24242,TRUE,TRUE,12,12,TRUE
0418334,1234,4,4,24233,24242,TRUE,TRUE,12,12,TRUE
0418336,1234,4,4,24233,24242,TRUE,TRUE,12,12,TRUE
0418350,1234,4,4,24233,24242,TRUE,TRUE,12,12,TRUE
0418361,1234,4,4,24233,24242,TRUE,TRUE,12,12,TRUE
0418367,1234,4,4,24233,24242,TRUE,TRUE,12,12,TRUE
0418369,1234,4,4,24233,24242,TRUE,TRUE,12,12,TRUE
0418375,1234,4,4,24233,24242,TRUE,TRUE,12,12,TRUE
0418376,1234,4,4,24233,24242,TRUE,TRUE,12,12,TRUE
0418382,1234,4,4,24233,24242,TRUE,TRUE,12,12,TRUE
0418387,1234,4,4,24233,24242,TRUE,TRUE,12,12,TRUE
0418388,1234,4,4,24233,24242,TRUE,TRUE,12,12,TRUE
0418389,1234,4,4,24233,24242,TRUE,TRUE,12,12,TRUE
0418391,1234,4,4,24233,24242,TRUE,TRUE,12,12,TRUE
0418392,1234,4,4,24233,24242,TRUE,TRUE,12,12,TRUE
0418394,1234,4,4,24233,24242,TRUE,TRUE,12,12,TRUE
0418396,1234,4,4,24233,24242,TRUE,TRUE,12,12,TRUE
0418404,1234,4,4,24233,24242,TRUE,TRUE,12,12,TRUE
0418411,1234,4,4,24233,24242,TRUE,TRUE,12,12,TRUE
0418412,1234,4,4,24233,24242,TRUE,TRUE,12,12,TRUE
0418413,1234,4,4,24233,24242,TRUE,TRUE,12,12,TRUE
0418414,1234,4,4,24233,24242,TRUE,TRUE,12,12,TRUE
0418415,1234,4,4,24233,24242,TRUE,TRUE,12,12,TRUE
0418416,1234,4,4,24233,24242,TRUE,TRUE,12,12,TRUE
0418417,1234,4,4,24233,24242,TRUE,TRUE,12,12,TRUE
0418418,1234,4,4,24233,24242,TRUE,TRUE,12,12,TRUE
0418419,1234,4,4,24233,24242,TRUE,TRUE,12,12,TRUE
0418433,1234,4,4,24233,24242,TRUE,TRUE,12,12,TRUE
0418435,1234,4,4,24233,24242,TRUE,TRUE,12,12,TRUE
0418436,1234,4,4,24233,24242,TRUE,TRUE,12,12,TRUE
0418441,1234,4,4,24233,24242,TRUE,TRUE,12,12,TRUE
0418442,1234,4,4,24233,24242,TRUE,TRUE,12,12,TRUE
0418448,1234,4,4,24233,24242,TRUE,TRUE,12,12,TRUE
0418450,1234,4,4,24233,24242,TRUE,TRUE,12,12,TRUE
0418451,1234,4,4,24233,24242,TRUE,TRUE,12,12,TRUE
0418454,1234,4,4,24233,24242,TRUE,TRUE,12,12,TRUE
0418459,1234,4,4,24233,24242,TRUE,TRUE,12,12,TRUE
0418463,1234,4,4,24233,24242,TRUE,TRUE,12,12,TRUE
0418464,1234,4,4,24233,24242,TRUE,TRUE,12,12,TRUE
0418466,1234,4,4,24233,24242,TRUE,TRUE,12,12,TRUE
0418468,1234,4,4,24233,24242,TRUE,TRUE,12,12,TRUE
0418470,1234,4,4,24233,24242,TRUE,TRUE,12,12,TRUE
0418472,1234,4,4,24233,24242,TRUE,TRUE,12,12,TRUE
0418475,1234,4,4,24233,24242,TRUE,TRUE,12,12,TRUE
0418478,1234,4,4,24233,24242,TRUE,TRUE,12,12,TRUE
0418483,1234,4,4,24233,24242,TRUE,TRUE,12,12,TRUE
0418486,1234,4,4,24233,24242,TRUE,TRUE,12,12,TRUE
0418489,1234,4,4,24233,24242,TRUE,TRUE,12,12,TRUE
0418490,1234,4,4,24233,24242,TRUE,TRUE,12,12,TRUE
0418495,1234,4,4,24233,24242,TRUE,TRUE,12,12,TRUE
0418497,1234,4,4,24233,24242,TRUE,TRUE,12,12,TRUE
0418499,1234,4,4,24233,24242,TRUE,TRUE,12,12,TRUE
0418507,1234,4,4,24233,24242,TRUE,TRUE,12,12,TRUE
0418508,1234,4,4,24233,24242,TRUE,TRUE,12,12,TRUE
0418516,1234,4,4,24233,24242,TRUE,TRUE,12,12,TRUE
0418518,1234,4,4,24233,24242,TRUE,TRUE,12,12,TRUE
0418525,1234,4,4,24233,24242,TRUE,TRUE,12,12,TRUE
0418528,1234,4,4,24233,24242,TRUE,TRUE,12,12,TRUE
0418531,1234,4,4,24233,24242,TRUE,TRUE,12,12,TRUE
0418532,1234,4,4,24233,24242,TRUE,TRUE,12,12,TRUE
0418533,1234,4,4,24233,24242,TRUE,TRUE,12,12,TRUE
0418549,1234,4,4,24233,24242,TRUE,TRUE,12,12,TRUE
0418561,1234,4,4,24233,24242,TRUE,TRUE,12,12,TRUE
0418564,1234,4,4,24233,24242,TRUE,TRUE,12,12,TRUE
0418565,1234,4,4,24233,24242,TRUE,TRUE,12,12,TRUE
0418574,1234,4,4,24233,24242,TRUE,TRUE,12,12,TRUE
0418575,1234,4,4,24233,24242,TRUE,TRUE,12,12,TRUE
0418594,1234,4,4,24233,24242,TRUE,TRUE,12,12,TRUE
0418596,1234,4,4,24233,24242,TRUE,TRUE,12,12,TRUE
0418601,1234,4,4,24233,24242,TRUE,TRUE,12,12,TRUE
0418602,1234,4,4,24233,24242,TRUE,TRUE,12,12,TRUE
0418603,1234,4,4,24233,24242,TRUE,TRUE,12,12,TRUE
0418604,1234,4,4,24233,24242,TRUE,TRUE,12,12,TRUE
0418606,1234,4,4,24233,24242,TRUE,TRUE,12,12,TRUE
0418615,1234,4,4,24233,24242,TRUE,TRUE,12,12,TRUE
0418619,1234,4,4,24233,24242,TRUE,TRUE,12,12,TRUE
0418625,1234,4,4,24233,24242,TRUE,TRUE,12,12,TRUE
0418635,1234,4,4,24233,24242,TRUE,TRUE,12,12,TRUE
0418638,1234,4,4,24233,24242,TRUE,TRUE,12,12,TRUE
0418641,1234,4,4,24233,24242,TRUE,TRUE,12,12,TRUE
0418647,1234,4,4,24233,24242,TRUE,TRUE,12,12,TRUE
0418649,1234,4,4,24233,24242,TRUE,TRUE,12,12,TRUE
0418650,1234,4,4,24233,24242,TRUE,TRUE,12,12,TRUE
0418655,1234,4,4,24233,24242,TRUE,TRUE,12,12,TRUE
0418657,1234,4,4,24233,24242,TRUE,TRUE,12,12,TRUE
0418659,1234,4,4,24233,24242,TRUE,TRUE,12,12,TRUE
0418662,1234,4,4,24233,24242,TRUE,TRUE,12,12,TRUE
0418665,1234,4,4,24233,24242,TRUE,TRUE,12,12,TRUE
0418668,1234,4,4,24233,24242,TRUE,TRUE,12,12,TRUE
0418672,1234,4,4,24233,24242,TRUE,TRUE,12,12,TRUE
0418675,1234,4,4,24233,24242,TRUE,TRUE,12,12,TRUE
0418679,1234,4,4,24233,24242,TRUE,TRUE,12,12,TRUE
0418681,1234,4,4,24233,24242,TRUE,TRUE,12,12,TRUE
0418682,1234,4,4,24233,24242,TRUE,TRUE,12,12,TRUE
0418686,1234,4,4,24233,24242,TRUE,TRUE,12,12,TRUE
0418688,1234,4,4,24233,24242,TRUE,TRUE,12,12,TRUE
0418691,1234,4,4,24233,24242,TRUE,TRUE,12,12,TRUE
0418695,1234,4,4,24233,24242,TRUE,TRUE,12,12,TRUE
0418697,1234,4,4,24233,24242,TRUE,TRUE,12,12,TRUE
0418699,1234,4,4,24233,24242,TRUE,TRUE,12,12,TRUE
0418704,1234,4,4,24233,24242,TRUE,TRUE,12,12,TRUE
0418709,1234,4,4,24233,24242,TRUE,TRUE,12,12,TRUE
0418711,1234,4,4,24233,24242,TRUE,TRUE,12,12,TRUE
0418713,1234,4,4,24233,24242,TRUE,TRUE,12,12,TRUE
0418719,1234,4,4,24233,24242,TRUE,TRUE,12,12,TRUE
0418723,1234,4,4,24233,24242,TRUE,TRUE,12,12,TRUE
0418724,1234,4,4,24233,24242,TRUE,TRUE,12,12,TRUE
0418730,1234,4,4,24233,24242,TRUE,TRUE,12,12,TRUE
0418732,1234,4,4,24233,24242,TRUE,TRUE,12,12,TRUE
0418733,1234,4,4,24233,24242,TRUE,TRUE,12,12,TRUE
0418740,1234,4,4,24233,24242,TRUE,TRUE,12,12,TRUE
0418746,1234,4,4,24233,24242,TRUE,TRUE,12,12,TRUE
0418758,1234,4,4,24233,24242,TRUE,TRUE,12,12,TRUE
0418759,1234,4,4,24233,24242,TRUE,TRUE,12,12,TRUE
0418762,1234,4,4,24233,24242,TRUE,TRUE,12,12,TRUE
0418765,1234,4,4,24233,24242,TRUE,TRUE,12,12,TRUE
0418766,1234,4,4,24233,24242,TRUE,TRUE,12,12,TRUE
0418767,1234,4,4,24233,24242,TRUE,TRUE,12,12,TRUE
0418768,1234,4,4,24233,24242,TRUE,TRUE,12,12,TRUE
0418772,1234,4,4,24233,24242,TRUE,TRUE,12,12,TRUE
0418775,1234,4,4,24233,24242,TRUE,TRUE,12,12,TRUE
0418780,1234,4,4,24233,24242,TRUE,TRUE,12,12,TRUE
0418784,1234,4,4,24233,24242,TRUE,TRUE,12,12,TRUE
0418785,1234,4,4,24233,24242,TRUE,TRUE,12,12,TRUE
0418787,1234,4,4,24233,24242,TRUE,TRUE,12,12,TRUE
0418796,1234,4,4,24233,24242,TRUE,TRUE,12,12,TRUE
0418797,1234,4,4,24233,24242,TRUE,TRUE,12,12,TRUE
0418798,1234,4,4,24233,24242,TRUE,TRUE,12,12,TRUE
0418802,1234,4,4,24233,24242,TRUE,TRUE,12,12,TRUE
0418803,1234,4,4,24233,24242,TRUE,TRUE,12,12,TRUE
0418805,1234,4,4,24233,24242,TRUE,TRUE,12,12,TRUE
0418806,1234,4,4,24233,24242,TRUE,TRUE,12,12,TRUE
0418810,1234,4,4,24233,24242,TRUE,TRUE,12,12,TRUE
0418812,1234,4,4,24233,24242,TRUE,TRUE,12,12,TRUE
0418814,1234,4,4,24233,24242,TRUE,TRUE,12,12,TRUE
0418823,1234,4,4,24233,24242,TRUE,TRUE,12,12,TRUE
0418825,1234,4,4,24233,24242,TRUE,TRUE,12,12,TRUE
0418826,1234,4,4,24233,24242,TRUE,TRUE,12,12,TRUE
0418833,1234,4,4,24233,24242,TRUE,TRUE,12,12,TRUE
0418841,1234,4,4,24233,24242,TRUE,TRUE,12,12,TRUE
0418844,1234,4,4,24233,24242,TRUE,TRUE,12,12,TRUE
0418846,1234,4,4,24233,24242,TRUE,TRUE,12,12,TRUE
0418851,1234,4,4,24233,24242,TRUE,TRUE,12,12,TRUE
0418854,1234,4,4,24233,24242,TRUE,TRUE,12,12,TRUE
0418855,1234,4,4,24233,24242,TRUE,TRUE,12,12,TRUE
0418859,1234,4,4,24233,24242,TRUE,TRUE,12,12,TRUE
0418864,1234,4,4,24233,24242,TRUE,TRUE,12,12,TRUE
0418867,1234,4,4,24233,24242,TRUE,TRUE,12,12,TRUE
0418878,1234,4,4,24233,24242,TRUE,TRUE,12,12,TRUE
0418880,1234,4,4,24233,24242,TRUE,TRUE,12,12,TRUE
0418882,1234,4,4,24233,24242,TRUE,TRUE,12,12,TRUE
0418883,1234,4,4,24233,24242,TRUE,TRUE,12,12,TRUE
0418890,1234,4,4,24233,24242,TRUE,TRUE,12,12,TRUE
0418895,1234,4,4,24233,24242,TRUE,TRUE,12,12,TRUE
0418899,1234,4,4,24233,24242,TRUE,TRUE,12,12,TRUE
0418922,1234,4,4,24233,24242,TRUE,TRUE,12,12,TRUE
0418923,1234,4,4,24233,24242,TRUE,TRUE,12,12,TRUE
0418924,1234,4,4,24233,24242,TRUE,TRUE,12,12,TRUE
0418927,1234,4,4,24233,24242,TRUE,TRUE,12,12,TRUE
0418929,1234,4,4,24233,24242,TRUE,TRUE,12,12,TRUE
0418935,1234,4,4,24233,24242,TRUE,TRUE,12,12,TRUE
0418939,1234,4,4,24233,24242,TRUE,TRUE,12,12,TRUE
0418940,1234,4,4,24233,24242,TRUE,TRUE,12,12,TRUE
0418941,1234,4,4,24233,24242,TRUE,TRUE,12,12,TRUE
0418957,1234,4,4,24233,24242,TRUE,TRUE,12,12,TRUE
0418967,1234,4,4,24233,24242,TRUE,TRUE,12,12,TRUE
0418972,1234,4,4,24233,24242,TRUE,TRUE,12,12,TRUE
0418973,1234,4,4,24233,24242,TRUE,TRUE,12,12,TRUE
0418975,1234,4,4,24233,24242,TRUE,TRUE,12,12,TRUE
0418993,1234,4,4,24233,24242,TRUE,TRUE,12,12,TRUE
0419007,1234,4,4,24233,24242,TRUE,TRUE,12,12,TRUE
0419014,1234,4,4,24233,24242,TRUE,TRUE,12,12,TRUE
0419022,1234,4,4,24233,24242,TRUE,TRUE,12,12,TRUE
0419023,1234,4,4,24233,24242,TRUE,TRUE,12,12,TRUE
0419024,1234,4,4,24233,24242,TRUE,TRUE,12,12,TRUE
0419026,1234,4,4,24233,24242,TRUE,TRUE,12,12,TRUE
0419030,1234,4,4,24233,24242,TRUE,TRUE,12,12,TRUE
0419031,1234,4,4,24233,24242,TRUE,TRUE,12,12,TRUE
0419033,1234,4,4,24233,24242,TRUE,TRUE,12,12,TRUE
0419041,1234,4,4,24233,24242,TRUE,TRUE,12,12,TRUE
0419042,1234,4,4,24233,24242,TRUE,TRUE,12,12,TRUE
0419048,1234,4,4,24233,24242,TRUE,TRUE,12,12,TRUE
0419049,1234,4,4,24233,24242,TRUE,TRUE,12,12,TRUE
0419052,1234,4,4,24233,24242,TRUE,TRUE,12,12,TRUE
0419054,1234,4,4,24233,24242,TRUE,TRUE,12,12,TRUE
0419056,1234,4,4,24233,24242,TRUE,TRUE,12,12,TRUE
0419058,1234,4,4,24233,24242,TRUE,TRUE,12,12,TRUE
0419061,1234,4,4,24233,24242,TRUE,TRUE,12,12,TRUE
0419064,1234,4,4,24233,24242,TRUE,TRUE,12,12,TRUE
0419070,1234,4,4,24233,24242,TRUE,TRUE,12,12,TRUE
0419073,1234,4,4,24233,24242,TRUE,TRUE,12,12,TRUE
0419074,1234,4,4,24233,24242,TRUE,TRUE,12,12,TRUE
0419080,1234,4,4,24233,24242,TRUE,TRUE,12,12,TRUE
0419082,1234,4,4,24233,24242,TRUE,TRUE,12,12,TRUE
0419092,1234,4,4,24233,24242,TRUE,TRUE,12,12,TRUE
0419095,1234,4,4,24233,24242,TRUE,TRUE,12,12,TRUE
0419097,1234,4,4,24233,24242,TRUE,TRUE,12,12,TRUE
0419113,1234,4,4,24233,24242,TRUE,TRUE,12,12,TRUE
0419116,1234,4,4,24233,24242,TRUE,TRUE,12,12,TRUE
0419119,1234,4,4,24233,24242,TRUE,TRUE,12,12,TRUE
0419121,1234,4,4,24233,24242,TRUE,TRUE,12,12,TRUE
0419122,1234,4,4,24233,24242,TRUE,TRUE,12,12,TRUE
0419125,1234,4,4,24233,24242,TRUE,TRUE,12,12,TRUE
0419126,1234,4,4,24233,24242,TRUE,TRUE,12,12,TRUE
0419127,1234,4,4,24233,24242,TRUE,TRUE,12,12,TRUE
0419128,1234,4,4,24233,24242,TRUE,TRUE,12,12,TRUE
0419129,1234,4,4,24233,24242,TRUE,TRUE,12,12,TRUE
0419137,1234,4,4,24233,24242,TRUE,TRUE,12,12,TRUE
0419140,1234,4,4,24233,24242,TRUE,TRUE,12,12,TRUE
0419142,1234,4,4,24233,24242,TRUE,TRUE,12,12,TRUE
0419144,1234,4,4,24233,24242,TRUE,TRUE,12,12,TRUE
0419149,1234,4,4,24233,24242,TRUE,TRUE,12,12,TRUE
0419152,1234,4,4,24233,24242,TRUE,TRUE,12,12,TRUE
0419169,1234,4,4,24233,24242,TRUE,TRUE,12,12,TRUE
0419183,1234,4,4,24233,24242,TRUE,TRUE,12,12,TRUE
0419184,1234,4,4,24233,24242,TRUE,TRUE,12,12,TRUE
0419185,1234,4,4,24233,24242,TRUE,TRUE,12,12,TRUE
0419190,1234,4,4,24233,24242,TRUE,TRUE,12,12,TRUE
0419192,1234,4,4,24233,24242,TRUE,TRUE,12,12,TRUE
0419194,1234,4,4,24233,24242,TRUE,TRUE,12,12,TRUE
0419204,1234,4,4,24233,24242,TRUE,TRUE,12,12,TRUE
0419206,1234,4,4,24233,24242,TRUE,TRUE,12,12,TRUE
0419220,1234,4,4,24233,24242,TRUE,TRUE,12,12,TRUE
0419222,1234,4,4,24233,24242,TRUE,TRUE,12,12,TRUE
0419224,1234,4,4,24233,24242,TRUE,TRUE,12,12,TRUE
0419229,1234,4,4,24233,24242,TRUE,TRUE,12,12,TRUE
0419239,1234,4,4,24233,24242,TRUE,TRUE,12,12,TRUE
0419244,1234,4,4,24233,24242,TRUE,TRUE,12,12,TRUE
0419245,1234,4,4,24233,24242,TRUE,TRUE,12,12,TRUE
0419247,1234,4,4,24233,24242,TRUE,TRUE,12,12,TRUE
0419253,1234,4,4,24233,24242,TRUE,TRUE,12,12,TRUE
0419259,1234,4,4,24233,24242,TRUE,TRUE,12,12,TRUE
0419262,1234,4,4,24233,24242,TRUE,TRUE,12,12,TRUE
0419265,1234,4,4,24233,24242,TRUE,TRUE,12,12,TRUE
0419274,1234,4,4,24233,24242,TRUE,TRUE,12,12,TRUE
0419275,1234,4,4,24233,24242,TRUE,TRUE,12,12,TRUE
0419277,1234,4,4,24233,24242,TRUE,TRUE,12,12,TRUE
0419279,1234,4,4,24233,24242,TRUE,TRUE,12,12,TRUE
0419284,1234,4,4,24233,24242,TRUE,TRUE,12,12,TRUE
0419286,1234,4,4,24233,24242,TRUE,TRUE,12,12,TRUE
0419288,1234,4,4,24233,24242,TRUE,TRUE,12,12,TRUE
0419294,1234,4,4,24233,24242,TRUE,TRUE,12,12,TRUE
0419297,1234,4,4,24233,24242,TRUE,TRUE,12,12,TRUE
0419301,1234,4,4,24233,24242,TRUE,TRUE,12,12,TRUE
0419309,1234,4,4,24233,24242,TRUE,TRUE,12,12,TRUE
0419317,1234,4,4,24233,24242,TRUE,TRUE,12,12,TRUE
0419321,1234,4,4,24233,24242,TRUE,TRUE,12,12,TRUE
0419323,1234,4,4,24233,24242,TRUE,TRUE,12,12,TRUE
0419327,1234,4,4,24233,24242,TRUE,TRUE,12,12,TRUE
0419331,1234,4,4,24233,24242,TRUE,TRUE,12,12,TRUE
0419332,1234,4,4,24233,24242,TRUE,TRUE,12,12,TRUE
0419335,1234,4,4,24233,24242,TRUE,TRUE,12,12,TRUE
0419341,1234,4,4,24233,24242,TRUE,TRUE,12,12,TRUE
0419346,1234,4,4,24233,24242,TRUE,TRUE,12,12,TRUE
0419358,1234,4,4,24233,24242,TRUE,TRUE,12,12,TRUE
0419361,1234,4,4,24233,24242,TRUE,TRUE,12,12,TRUE
0419366,1234,4,4,24233,24242,TRUE,TRUE,12,12,TRUE
0419376,1234,4,4,24233,24242,TRUE,TRUE,12,12,TRUE
0419386,1234,4,4,24233,24242,TRUE,TRUE,12,12,TRUE
0419388,1234,4,4,24233,24242,TRUE,TRUE,12,12,TRUE
0419391,1234,4,4,24233,24242,TRUE,TRUE,12,12,TRUE
0419394,1234,4,4,24233,24242,TRUE,TRUE,12,12,TRUE
0419408,1234,4,4,24234,24243,TRUE,TRUE,12,12,TRUE
0419416,1234,4,4,24234,24243,TRUE,TRUE,12,12,TRUE
0419418,1234,4,4,24234,24243,TRUE,TRUE,12,12,TRUE
0419419,1234,4,4,24234,24243,TRUE,TRUE,12,12,TRUE
0419421,1234,4,4,24234,24243,TRUE,TRUE,12,12,TRUE
0419425,1234,4,4,24234,24243,TRUE,TRUE,12,12,TRUE
0419426,1234,4,4,24234,24243,TRUE,TRUE,12,12,TRUE
0419430,1234,4,4,24234,24243,TRUE,TRUE,12,12,TRUE
0419431,1234,4,4,24234,24243,TRUE,TRUE,12,12,TRUE
0419437,1234,4,4,24234,24243,TRUE,TRUE,12,12,TRUE
0419438,1234,4,4,24234,24243,TRUE,TRUE,12,12,TRUE
0419442,1234,4,4,24234,24243,TRUE,TRUE,12,12,TRUE
0419465,1234,4,4,24234,24243,TRUE,TRUE,12,12,TRUE
0419471,1234,4,4,24234,24243,TRUE,TRUE,12,12,TRUE
0419472,1234,4,4,24234,24243,TRUE,TRUE,12,12,TRUE
0419473,1234,4,4,24234,24243,TRUE,TRUE,12,12,TRUE
0419474,1234,4,4,24234,24243,TRUE,TRUE,12,12,TRUE
0419476,1234,4,4,24234,24243,TRUE,TRUE,12,12,TRUE
0419477,1234,4,4,24234,24243,TRUE,TRUE,12,12,TRUE
0419478,1234,4,4,24234,24243,TRUE,TRUE,12,12,TRUE
0419479,1234,4,4,24234,24243,TRUE,TRUE,12,12,TRUE
0419485,1234,4,4,24234,24243,TRUE,TRUE,12,12,TRUE
0419487,1234,4,4,24234,24243,TRUE,TRUE,12,12,TRUE
0419489,1234,4,4,24234,24243,TRUE,TRUE,12,12,TRUE
0419491,1234,4,4,24234,24243,TRUE,TRUE,12,12,TRUE
0419502,1234,4,4,24234,24243,TRUE,TRUE,12,12,TRUE
0419503,1234,4,4,24234,24243,TRUE,TRUE,12,12,TRUE
0419504,1234,4,4,24234,24243,TRUE,TRUE,12,12,TRUE
0419513,1234,4,4,24234,24243,TRUE,TRUE,12,12,TRUE
0419514,1234,4,4,24234,24243,TRUE,TRUE,12,12,TRUE
0419515,1234,4,4,24234,24243,TRUE,TRUE,12,12,TRUE
0419516,1234,4,4,24234,24243,TRUE,TRUE,12,12,TRUE
0419520,1234,4,4,24234,24243,TRUE,TRUE,12,12,TRUE
0419526,1234,4,4,24234,24243,TRUE,TRUE,12,12,TRUE
0419528,1234,4,4,24234,24243,TRUE,TRUE,12,12,TRUE
0419540,1234,4,4,24234,24243,TRUE,TRUE,12,12,TRUE
0419543,1234,4,4,24234,24243,TRUE,TRUE,12,12,TRUE
0419554,1234,4,4,24234,24243,TRUE,TRUE,12,12,TRUE
0419555,1234,4,4,24234,24243,TRUE,TRUE,12,12,TRUE
0419560,1234,4,4,24234,24243,TRUE,TRUE,12,12,TRUE
0419565,1234,4,4,24234,24243,TRUE,TRUE,12,12,TRUE
0419569,1234,4,4,24234,24243,TRUE,TRUE,12,12,TRUE
0419570,1234,4,4,24234,24243,TRUE,TRUE,12,12,TRUE
0419573,1234,4,4,24234,24243,TRUE,TRUE,12,12,TRUE
0419575,1234,4,4,24234,24243,TRUE,TRUE,12,12,TRUE
0419576,1234,4,4,24234,24243,TRUE,TRUE,12,12,TRUE
0419579,1234,4,4,24234,24243,TRUE,TRUE,12,12,TRUE
0419586,1234,4,4,24234,24243,TRUE,TRUE,12,12,TRUE
0419587,1234,4,4,24234,24243,TRUE,TRUE,12,12,TRUE
0419597,1234,4,4,24234,24243,TRUE,TRUE,12,12,TRUE
0419604,1234,4,4,24234,24243,TRUE,TRUE,12,12,TRUE
0419609,1234,4,4,24234,24243,TRUE,TRUE,12,12,TRUE
0419618,1234,4,4,24234,24243,TRUE,TRUE,12,12,TRUE
0419633,1234,4,4,24234,24243,TRUE,TRUE,12,12,TRUE
0419639,1234,4,4,24234,24243,TRUE,TRUE,12,12,TRUE
0419640,1234,4,4,24234,24243,TRUE,TRUE,12,12,TRUE
0419644,1234,4,4,24234,24243,TRUE,TRUE,12,12,TRUE
0419667,1234,4,4,24234,24243,TRUE,TRUE,12,12,TRUE
0419670,1234,4,4,24234,24243,TRUE,TRUE,12,12,TRUE
0419674,1234,4,4,24234,24243,TRUE,TRUE,12,12,TRUE
0419677,1234,4,4,24234,24243,TRUE,TRUE,12,12,TRUE
0419695,1234,4,4,24234,24243,TRUE,TRUE,12,12,TRUE
0419704,1234,4,4,24234,24243,TRUE,TRUE,12,12,TRUE
0419706,1234,4,4,24234,24243,TRUE,TRUE,12,12,TRUE
0419711,1234,4,4,24234,24243,TRUE,TRUE,12,12,TRUE
0419738,1234,4,4,24234,24243,TRUE,TRUE,12,12,TRUE
0419741,1234,4,4,24234,24243,TRUE,TRUE,12,12,TRUE
0419742,1234,4,4,24234,24243,TRUE,TRUE,12,12,TRUE
0419749,1234,4,4,24234,24243,TRUE,TRUE,12,12,TRUE
0419750,1234,4,4,24234,24243,TRUE,TRUE,12,12,TRUE
0419751,1234,4,4,24234,24243,TRUE,TRUE,12,12,TRUE
0419753,1234,4,4,24234,24243,TRUE,TRUE,12,12,TRUE
0419761,1234,4,4,24234,24243,TRUE,TRUE,12,12,TRUE
0419764,1234,4,4,24234,24243,TRUE,TRUE,12,12,TRUE
0419767,1234,4,4,24234,24243,TRUE,TRUE,12,12,TRUE
0419771,1234,4,4,24234,24243,TRUE,TRUE,12,12,TRUE
0419774,1234,4,4,24234,24243,TRUE,TRUE,12,12,TRUE
0419777,1234,4,4,24234,24243,TRUE,TRUE,12,12,TRUE
0419784,1234,4,4,24234,24243,TRUE,TRUE,12,12,TRUE
0419786,1234,4,4,24234,24243,TRUE,TRUE,12,12,TRUE
0419789,1234,4,4,24234,24243,TRUE,TRUE,12,12,TRUE
0419791,1234,4,4,24234,24243,TRUE,TRUE,12,12,TRUE
0419795,1234,4,4,24234,24243,TRUE,TRUE,12,12,TRUE
0419808,1234,4,4,24234,24243,TRUE,TRUE,12,12,TRUE
0419814,1234,4,4,24234,24243,TRUE,TRUE,12,12,TRUE
0419825,1234,4,4,24234,24243,TRUE,TRUE,12,12,TRUE
0419828,1234,4,4,24234,24243,TRUE,TRUE,12,12,TRUE
0419832,1234,4,4,24234,24243,TRUE,TRUE,12,12,TRUE
0419833,1234,4,4,24234,24243,TRUE,TRUE,12,12,TRUE
0419839,1234,4,4,24234,24243,TRUE,TRUE,12,12,TRUE
0419850,1234,4,4,24234,24243,TRUE,TRUE,12,12,TRUE
0419852,1234,4,4,24234,24243,TRUE,TRUE,12,12,TRUE
0419856,1234,4,4,24234,24243,TRUE,TRUE,12,12,TRUE
0419865,1234,4,4,24234,24243,TRUE,TRUE,12,12,TRUE
0419866,1234,4,4,24234,24243,TRUE,TRUE,12,12,TRUE
0419872,1234,4,4,24234,24243,TRUE,TRUE,12,12,TRUE
0419883,1234,4,4,24234,24243,TRUE,TRUE,12,12,TRUE
0419886,1234,4,4,24234,24243,TRUE,TRUE,12,12,TRUE
0419889,1234,4,4,24234,24243,TRUE,TRUE,12,12,TRUE
0419890,1234,4,4,24234,24243,TRUE,TRUE,12,12,TRUE
0419895,1234,4,4,24234,24243,TRUE,TRUE,12,12,TRUE
0419903,1234,4,4,24234,24243,TRUE,TRUE,12,12,TRUE
0419904,1234,4,4,24234,24243,TRUE,TRUE,12,12,TRUE
0419914,1234,4,4,24234,24243,TRUE,TRUE,12,12,TRUE
0419916,1234,4,4,24234,24243,TRUE,TRUE,12,12,TRUE
0419924,1234,4,4,24234,24243,TRUE,TRUE,12,12,TRUE
0419925,1234,4,4,24234,24243,TRUE,TRUE,12,12,TRUE
0419926,1234,4,4,24234,24243,TRUE,TRUE,12,12,TRUE
0419928,1234,4,4,24234,24243,TRUE,TRUE,12,12,TRUE
0419931,1234,4,4,24234,24243,TRUE,TRUE,12,12,TRUE
0419932,1234,4,4,24234,24243,TRUE,TRUE,12,12,TRUE
0419936,1234,4,4,24234,24243,TRUE,TRUE,12,12,TRUE
0419941,1234,4,4,24234,24243,TRUE,TRUE,12,12,TRUE
0419944,1234,4,4,24234,24243,TRUE,TRUE,12,12,TRUE
0419949,1234,4,4,24234,24243,TRUE,TRUE,12,12,TRUE
0419955,1234,4,4,24234,24243,TRUE,TRUE,12,12,TRUE
0419961,1234,4,4,24234,24243,TRUE,TRUE,12,12,TRUE
0419962,1234,4,4,24234,24243,TRUE,TRUE,12,12,TRUE
0419963,1234,4,4,24234,24243,TRUE,TRUE,12,12,TRUE
0419965,1234,4,4,24234,24243,TRUE,TRUE,12,12,TRUE
0419966,1234,4,4,24234,24243,TRUE,TRUE,12,12,TRUE
0419971,1234,4,4,24234,24243,TRUE,TRUE,12,12,TRUE
0419974,1234,4,4,24234,24243,TRUE,TRUE,12,12,TRUE
0419976,1234,4,4,24234,24243,TRUE,TRUE,12,12,TRUE
0419978,1234,4,4,24234,24243,TRUE,TRUE,12,12,TRUE
0419979,1234,4,4,24234,24243,TRUE,TRUE,12,12,TRUE
0419982,1234,4,4,24234,24243,TRUE,TRUE,12,12,TRUE
0419983,1234,4,4,24234,24243,TRUE,TRUE,12,12,TRUE
0419985,1234,4,4,24234,24243,TRUE,TRUE,12,12,TRUE
0419989,1234,4,4,24234,24243,TRUE,TRUE,12,12,TRUE
0419999,1234,4,4,24234,24243,TRUE,TRUE,12,12,TRUE
0420002,1234,4,4,24234,24243,TRUE,TRUE,12,12,TRUE
0420003,1234,4,4,24234,24243,TRUE,TRUE,12,12,TRUE
0420014,1234,4,4,24234,24243,TRUE,TRUE,12,12,TRUE
0420017,1234,4,4,24234,24243,TRUE,TRUE,12,12,TRUE
0420025,1234,4,4,24234,24243,TRUE,TRUE,12,12,TRUE
0420026,1234,4,4,24234,24243,TRUE,TRUE,12,12,TRUE
0420034,1234,4,4,24234,24243,TRUE,TRUE,12,12,TRUE
0420035,1234,4,4,24234,24243,TRUE,TRUE,12,12,TRUE
0420043,1234,4,4,24234,24243,TRUE,TRUE,12,12,TRUE
0420046,1234,4,4,24234,24243,TRUE,TRUE,12,12,TRUE
0420051,1234,4,4,24234,24243,TRUE,TRUE,12,12,TRUE
0420052,1234,4,4,24234,24243,TRUE,TRUE,12,12,TRUE
0420062,1234,4,4,24234,24243,TRUE,TRUE,12,12,TRUE
0420063,1234,4,4,24234,24243,TRUE,TRUE,12,12,TRUE
0420066,1234,4,4,24234,24243,TRUE,TRUE,12,12,TRUE
0420070,1234,4,4,24234,24243,TRUE,TRUE,12,12,TRUE
0420073,1234,4,4,24234,24243,TRUE,TRUE,12,12,TRUE
0420075,1234,4,4,24234,24243,TRUE,TRUE,12,12,TRUE
0420082,1234,4,4,24234,24243,TRUE,TRUE,12,12,TRUE
0420086,1234,4,4,24234,24243,TRUE,TRUE,12,12,TRUE
0420090,1234,4,4,24234,24243,TRUE,TRUE,12,12,TRUE
0420099,1234,4,4,24234,24243,TRUE,TRUE,12,12,TRUE
0420102,1234,4,4,24234,24243,TRUE,TRUE,12,12,TRUE
0420105,1234,4,4,24234,24243,TRUE,TRUE,12,12,TRUE
0420110,1234,4,4,24234,24243,TRUE,TRUE,12,12,TRUE
0420111,1234,4,4,24234,24243,TRUE,TRUE,12,12,TRUE
0420113,1234,4,4,24234,24243,TRUE,TRUE,12,12,TRUE
0420114,1234,4,4,24234,24243,TRUE,TRUE,12,12,TRUE
0420115,1234,4,4,24234,24243,TRUE,TRUE,12,12,TRUE
0420120,1234,4,4,24234,24243,TRUE,TRUE,12,12,TRUE
0420122,1234,4,4,24234,24243,TRUE,TRUE,12,12,TRUE
0420127,1234,4,4,24234,24243,TRUE,TRUE,12,12,TRUE
0420128,1234,4,4,24234,24243,TRUE,TRUE,12,12,TRUE
0420131,1234,4,4,24234,24243,TRUE,TRUE,12,12,TRUE
0420132,1234,4,4,24234,24243,TRUE,TRUE,12,12,TRUE
0420136,1234,4,4,24234,24243,TRUE,TRUE,12,12,TRUE
0420143,1234,4,4,24234,24243,TRUE,TRUE,12,12,TRUE
0420144,1234,4,4,24234,24243,TRUE,TRUE,12,12,TRUE
0420152,1234,4,4,24234,24243,TRUE,TRUE,12,12,TRUE
0420153,1234,4,4,24234,24243,TRUE,TRUE,12,12,TRUE
0420154,1234,4,4,24234,24243,TRUE,TRUE,12,12,TRUE
0420157,1234,4,4,24234,24243,TRUE,TRUE,12,12,TRUE
0420162,1234,4,4,24234,24243,TRUE,TRUE,12,12,TRUE
0420174,1234,4,4,24234,24243,TRUE,TRUE,12,12,TRUE
0420176,1234,4,4,24234,24243,TRUE,TRUE,12,12,TRUE
0420184,1234,4,4,24234,24243,TRUE,TRUE,12,12,TRUE
0420187,1234,4,4,24234,24243,TRUE,TRUE,12,12,TRUE
0420189,1234,4,4,24234,24243,TRUE,TRUE,12,12,TRUE
0420190,1234,4,4,24234,24243,TRUE,TRUE,12,12,TRUE
0420202,1234,4,4,24234,24243,TRUE,TRUE,12,12,TRUE
0420207,1234,4,4,24234,24243,TRUE,TRUE,12,12,TRUE
0420212,1234,4,4,24234,24243,TRUE,TRUE,12,12,TRUE
0420219,1234,4,4,24234,24243,TRUE,TRUE,12,12,TRUE
0420225,1234,4,4,24234,24243,TRUE,TRUE,12,12,TRUE
0420234,1234,4,4,24234,24243,TRUE,TRUE,12,12,TRUE
0420236,1234,4,4,24234,24243,TRUE,TRUE,12,12,TRUE
0420237,1234,4,4,24234,24243,TRUE,TRUE,12,12,TRUE
0420238,1234,4,4,24234,24243,TRUE,TRUE,12,12,TRUE
0420262,1234,4,4,24234,24243,TRUE,TRUE,12,12,TRUE
0420266,1234,4,4,24234,24243,TRUE,TRUE,12,12,TRUE
0420269,1234,4,4,24234,24243,TRUE,TRUE,12,12,TRUE
0420272,1234,4,4,24234,24243,TRUE,TRUE,12,12,TRUE
0420276,1234,4,4,24234,24243,TRUE,TRUE,12,12,TRUE
0420282,1234,4,4,24234,24243,TRUE,TRUE,12,12,TRUE
0420287,1234,4,4,24234,24243,TRUE,TRUE,12,12,TRUE
0420289,1234,4,4,24234,24243,TRUE,TRUE,12,12,TRUE
0420293,1234,4,4,24234,24243,TRUE,TRUE,12,12,TRUE
0420294,1234,4,4,24234,24243,TRUE,TRUE,12,12,TRUE
0420296,1234,4,4,24234,24243,TRUE,TRUE,12,12,TRUE
0420300,1234,4,4,24234,24243,TRUE,TRUE,12,12,TRUE
0420307,1234,4,4,24234,24243,TRUE,TRUE,12,12,TRUE
0420308,1234,4,4,24234,24243,TRUE,TRUE,12,12,TRUE
0420312,1234,4,4,24234,24243,TRUE,TRUE,12,12,TRUE
0420314,1234,4,4,24234,24243,TRUE,TRUE,12,12,TRUE
0420315,1234,4,4,24234,24243,TRUE,TRUE,12,12,TRUE
0420317,1234,4,4,24234,24243,TRUE,TRUE,12,12,TRUE
0420318,1234,4,4,24234,24243,TRUE,TRUE,12,12,TRUE
0420320,1234,4,4,24234,24243,TRUE,TRUE,12,12,TRUE
0420323,1234,4,4,24234,24243,TRUE,TRUE,12,12,TRUE
0420325,1234,4,4,24234,24243,TRUE,TRUE,12,12,TRUE
0420330,1234,4,4,24234,24243,TRUE,TRUE,12,12,TRUE
0420334,1234,4,4,24234,24243,TRUE,TRUE,12,12,TRUE
0420341,1234,4,4,24234,24243,TRUE,TRUE,12,12,TRUE
0420342,1234,4,4,24234,24243,TRUE,TRUE,12,12,TRUE
0420353,1234,4,4,24234,24243,TRUE,TRUE,12,12,TRUE
0420364,1234,4,4,24234,24243,TRUE,TRUE,12,12,TRUE
0420375,1234,4,4,24234,24243,TRUE,TRUE,12,12,TRUE
0420377,1234,4,4,24234,24243,TRUE,TRUE,12,12,TRUE
0420385,1234,4,4,24234,24243,TRUE,TRUE,12,12,TRUE
0420388,1234,4,4,24234,24243,TRUE,TRUE,12,12,TRUE
0420395,1234,4,4,24234,24243,TRUE,TRUE,12,12,TRUE
0420399,1234,4,4,24234,24243,TRUE,TRUE,12,12,TRUE
0420401,1234,4,4,24234,24243,TRUE,TRUE,12,12,TRUE
0420403,1234,4,4,24234,24243,TRUE,TRUE,12,12,TRUE
0420408,1234,4,4,24234,24243,TRUE,TRUE,12,12,TRUE
0420417,1234,4,4,24234,24243,TRUE,TRUE,12,12,TRUE
0420420,1234,4,4,24234,24243,TRUE,TRUE,12,12,TRUE
0420421,1234,4,4,24234,24243,TRUE,TRUE,12,12,TRUE
0420422,1234,4,4,24234,24243,TRUE,TRUE,12,12,TRUE
0420431,1234,4,4,24234,24243,TRUE,TRUE,12,12,TRUE
0420433,1234,4,4,24234,24243,TRUE,TRUE,12,12,TRUE
0420435,1234,4,4,24234,24243,TRUE,TRUE,12,12,TRUE
0420440,1234,4,4,24234,24243,TRUE,TRUE,12,12,TRUE
0420453,1234,4,4,24234,24243,TRUE,TRUE,12,12,TRUE
0420454,1234,4,4,24234,24243,TRUE,TRUE,12,12,TRUE
0420457,1234,4,4,24234,24243,TRUE,TRUE,12,12,TRUE
0420459,1234,4,4,24234,24243,TRUE,TRUE,12,12,TRUE
0420462,1234,4,4,24234,24243,TRUE,TRUE,12,12,TRUE
0389113,4,1,1,24229,24229,FALSE,TRUE,3,3,FALSE
0389115,4,1,1,24229,24229,FALSE,TRUE,3,3,FALSE
0389117,4,1,1,24229,24229,FALSE,TRUE,3,3,FALSE
0389122,4,1,1,24229,24229,FALSE,TRUE,3,3,FALSE
0389123,4,1,1,24229,24229,FALSE,TRUE,3,3,FALSE
0389124,4,1,1,24229,24229,FALSE,TRUE,3,3,FALSE
0389125,4,1,1,24229,24229,FALSE,TRUE,3,3,FALSE
0389128,4,1,1,24229,24229,FALSE,TRUE,3,3,FALSE
0389135,4,1,1,24229,24229,FALSE,TRUE,3,3,FALSE
0389138,4,1,1,24229,24229,FALSE,TRUE,3,3,FALSE
0389139,4,1,1,24229,24229,FALSE,TRUE,3,3,FALSE
0389140,4,1,1,24229,24229,FALSE,TRUE,3,3,FALSE
0389146,4,1,1,24229,24229,FALSE,TRUE,3,3,FALSE
0389149,4,1,1,24229,24229,FALSE,TRUE,3,3,FALSE
0389150,4,1,1,24229,24229,FALSE,TRUE,3,3,FALSE
0389153,4,1,1,24229,24229,FALSE,TRUE,3,3,FALSE
0389156,4,1,1,24229,24229,FALSE,TRUE,3,3,FALSE
0389160,4,1,1,24229,24229,FALSE,TRUE,3,3,FALSE
0389162,4,1,1,24229,24229,FALSE,TRUE,3,3,FALSE
0389163,4,1,1,24229,24229,FALSE,TRUE,3,3,FALSE
0389164,4,1,1,24229,24229,FALSE,TRUE,3,3,FALSE
0389165,4,1,1,24229,24229,FALSE,TRUE,3,3,FALSE
0389170,4,1,1,24229,24229,FALSE,TRUE,3,3,FALSE
0389171,4,1,1,24229,24229,FALSE,TRUE,3,3,FALSE
0389172,4,1,1,24229,24229,FALSE,TRUE,3,3,FALSE
0389174,4,1,1,24229,24229,FALSE,TRUE,3,3,FALSE
0389175,4,1,1,24229,24229,FALSE,TRUE,3,3,FALSE
0389177,4,1,1,24229,24229,FALSE,TRUE,3,3,FALSE
0389181,4,1,1,24229,24229,FALSE,TRUE,3,3,FALSE
0389182,4,1,1,24229,24229,FALSE,TRUE,3,3,FALSE
0389183,4,1,1,24229,24229,FALSE,TRUE,3,3,FALSE
0389184,4,1,1,24229,24229,FALSE,TRUE,3,3,FALSE
0389185,4,1,1,24229,24229,FALSE,TRUE,3,3,FALSE
0389186,4,1,1,24229,24229,FALSE,TRUE,3,3,FALSE
0389187,4,1,1,24229,24229,FALSE,TRUE,3,3,FALSE
0389188,4,1,1,24229,24229,FALSE,TRUE,3,3,FALSE
0389193,4,1,1,24229,24229,FALSE,TRUE,3,3,FALSE
0389194,4,1,1,24229,24229,FALSE,TRUE,3,3,FALSE
0389197,4,1,1,24229,24229,FALSE,TRUE,3,3,FALSE
0389202,4,1,1,24229,24229,FALSE,TRUE,3,3,FALSE
0389203,4,1,1,24229,24229,FALSE,TRUE,3,3,FALSE
0389204,4,1,1,24229,24229,FALSE,TRUE,3,3,FALSE
0389205,4,1,1,24229,24229,FALSE,TRUE,3,3,FALSE
0389206,4,1,1,24229,24229,FALSE,TRUE,3,3,FALSE
0389208,4,1,1,24229,24229,FALSE,TRUE,3,3,FALSE
0389210,4,1,1,24229,24229,FALSE,TRUE,3,3,FALSE
0389211,4,1,1,24229,24229,FALSE,TRUE,3,3,FALSE
0389214,4,1,1,24229,24229,FALSE,TRUE,3,3,FALSE
0389220,4,1,1,24229,24229,FALSE,TRUE,3,3,FALSE
0389223,4,1,1,24229,24229,FALSE,TRUE,3,3,FALSE
0389224,4,1,1,24229,24229,FALSE,TRUE,3,3,FALSE
0389225,4,1,1,24229,24229,FALSE,TRUE,3,3,FALSE
0389228,4,1,1,24229,24229,FALSE,TRUE,3,3,FALSE
0389229,4,1,1,24229,24229,FALSE,TRUE,3,3,FALSE
0389230,4,1,1,24229,24229,FALSE,TRUE,3,3,FALSE
0389234,4,1,1,24229,24229,FALSE,TRUE,3,3,FALSE
0389235,4,1,1,24229,24229,FALSE,TRUE,3,3,FALSE
0389236,4,1,1,24229,24229,FALSE,TRUE,3,3,FALSE
0389238,4,1,1,24229,24229,FALSE,TRUE,3,3,FALSE
0389241,4,1,1,24229,24229,FALSE,TRUE,3,3,FALSE
0389242,4,1,1,24229,24229,FALSE,TRUE,3,3,FALSE
0389245,4,1,1,24229,24229,FALSE,TRUE,3,3,FALSE
0389248,4,1,1,24229,24229,FALSE,TRUE,3,3,FALSE
0389251,4,1,1,24229,24229,FALSE,TRUE,3,3,FALSE
0389256,4,1,1,24229,24229,FALSE,TRUE,3,3,FALSE
0389258,4,1,1,24229,24229,FALSE,TRUE,3,3,FALSE
0389260,4,1,1,24229,24229,FALSE,TRUE,3,3,FALSE
0389261,4,1,1,24229,24229,FALSE,TRUE,3,3,FALSE
0389262,4,1,1,24229,24229,FALSE,TRUE,3,3,FALSE
0389267,4,1,1,24229,24229,FALSE,TRUE,3,3,FALSE
0389274,4,1,1,24229,24229,FALSE,TRUE,3,3,FALSE
0389277,4,1,1,24229,24229,FALSE,TRUE,3,3,FALSE
0389279,4,1,1,24229,24229,FALSE,TRUE,3,3,FALSE
0389281,4,1,1,24229,24229,FALSE,TRUE,3,3,FALSE
0389282,4,1,1,24229,24229,FALSE,TRUE,3,3,FALSE
0389283,4,1,1,24229,24229,FALSE,TRUE,3,3,FALSE
0389284,4,1,1,24229,24229,FALSE,TRUE,3,3,FALSE
0389285,4,1,1,24229,24229,FALSE,TRUE,3,3,FALSE
0389286,4,1,1,24229,24229,FALSE,TRUE,3,3,FALSE
0389289,4,1,1,24229,24229,FALSE,TRUE,3,3,FALSE
0389292,4,1,1,24229,24229,FALSE,TRUE,3,3,FALSE
0389293,4,1,1,24229,24229,FALSE,TRUE,3,3,FALSE
0389298,4,1,1,24229,24229,FALSE,TRUE,3,3,FALSE
0389299,4,1,1,24229,24229,FALSE,TRUE,3,3,FALSE
0389301,4,1,1,24229,24229,FALSE,TRUE,3,3,FALSE
0389303,4,1,1,24229,24229,FALSE,TRUE,3,3,FALSE
0389305,4,1,1,24229,24229,FALSE,TRUE,3,3,FALSE
0389307,4,1,1,24229,24229,FALSE,TRUE,3,3,FALSE
0389308,4,1,1,24229,24229,FALSE,TRUE,3,3,FALSE
0389311,4,1,1,24229,24229,FALSE,TRUE,3,3,FALSE
0389314,4,1,1,24229,24229,FALSE,TRUE,3,3,FALSE
0389316,4,1,1,24229,24229,FALSE,TRUE,3,3,FALSE
0389318,4,1,1,24229,24229,FALSE,TRUE,3,3,FALSE
0389319,4,1,1,24229,24229,FALSE,TRUE,3,3,FALSE
0389321,4,1,1,24229,24229,FALSE,TRUE,3,3,FALSE
0389323,4,1,1,24229,24229,FALSE,TRUE,3,3,FALSE
0389326,4,1,1,24229,24229,FALSE,TRUE,3,3,FALSE
0389328,4,1,1,24229,24229,FALSE,TRUE,3,3,FALSE
0389331,4,1,1,24229,24229,FALSE,TRUE,3,3,FALSE
0389333,4,1,1,24229,24229,FALSE,TRUE,3,3,FALSE
0389334,4,1,1,24229,24229,FALSE,TRUE,3,3,FALSE
0389336,4,1,1,24229,24229,FALSE,TRUE,3,3,FALSE
0389338,4,1,1,24229,24229,FALSE,TRUE,3,3,FALSE
0389339,4,1,1,24229,24229,FALSE,TRUE,3,3,FALSE
0389342,4,1,1,24229,24229,FALSE,TRUE,3,3,FALSE
0389343,4,1,1,24229,24229,FALSE,TRUE,3,3,FALSE
0389345,4,1,1,24229,24229,FALSE,TRUE,3,3,FALSE
0389347,4,1,1,24229,24229,FALSE,TRUE,3,3,FALSE
0389348,4,1,1,24229,24229,FALSE,TRUE,3,3,FALSE
0389350,4,1,1,24229,24229,FALSE,TRUE,3,3,FALSE
0389352,4,1,1,24229,24229,FALSE,TRUE,3,3,FALSE
0389355,4,1,1,24229,24229,FALSE,TRUE,3,3,FALSE
0389356,4,1,1,24229,24229,FALSE,TRUE,3,3,FALSE
0389357,4,1,1,24229,24229,FALSE,TRUE,3,3,FALSE
0389359,4,1,1,24229,24229,FALSE,TRUE,3,3,FALSE
0389360,4,1,1,24229,24229,FALSE,TRUE,3,3,FALSE
0389362,4,1,1,24229,24229,FALSE,TRUE,3,3,FALSE
0389364,4,1,1,24229,24229,FALSE,TRUE,3,3,FALSE
0389365,4,1,1,24229,24229,FALSE,TRUE,3,3,FALSE
0389367,4,1,1,24229,24229,FALSE,TRUE,3,3,FALSE
0389368,4,1,1,24229,24229,FALSE,TRUE,3,3,FALSE
0389370,4,1,1,24229,24229,FALSE,TRUE,3,3,FALSE
0389375,4,1,1,24229,24229,FALSE,TRUE,3,3,FALSE
0389381,4,1,1,24229,24229,FALSE,TRUE,3,3,FALSE
0389382,4,1,1,24229,24229,FALSE,TRUE,3,3,FALSE
0389385,4,1,1,24229,24229,FALSE,TRUE,3,3,FALSE
0389387,4,1,1,24229,24229,FALSE,TRUE,3,3,FALSE
0389388,4,1,1,24229,24229,FALSE,TRUE,3,3,FALSE
0389389,4,1,1,24229,24229,FALSE,TRUE,3,3,FALSE
0389390,4,1,1,24229,24229,FALSE,TRUE,3,3,FALSE
0389394,4,1,1,24229,24229,FALSE,TRUE,3,3,FALSE
0389395,4,1,1,24229,24229,FALSE,TRUE,3,3,FALSE
0389397,4,1,1,24229,24229,FALSE,TRUE,3,3,FALSE
0389398,4,1,1,24229,24229,FALSE,TRUE,3,3,FALSE
0389401,4,1,1,24229,24229,FALSE,TRUE,3,3,FALSE
0389405,4,1,1,24229,24229,FALSE,TRUE,3,3,FALSE
0389407,4,1,1,24229,24229,FALSE,TRUE,3,3,FALSE
0389408,4,1,1,24229,24229,FALSE,TRUE,3,3,FALSE
0389409,4,1,1,24229,24229,FALSE,TRUE,3,3,FALSE
0389410,4,1,1,24229,24229,FALSE,TRUE,3,3,FALSE
0389411,4,1,1,24229,24229,FALSE,TRUE,3,3,FALSE
0389417,4,1,1,24229,24229,FALSE,TRUE,3,3,FALSE
0389419,4,1,1,24229,24229,FALSE,TRUE,3,3,FALSE
0389422,4,1,1,24229,24229,FALSE,TRUE,3,3,FALSE
0389423,4,1,1,24229,24229,FALSE,TRUE,3,3,FALSE
0389424,4,1,1,24229,24229,FALSE,TRUE,3,3,FALSE
0389425,4,1,1,24229,24229,FALSE,TRUE,3,3,FALSE
0389429,4,1,1,24229,24229,FALSE,TRUE,3,3,FALSE
0389435,4,1,1,24229,24229,FALSE,TRUE,3,3,FALSE
0389437,4,1,1,24229,24229,FALSE,TRUE,3,3,FALSE
0389445,4,1,1,24229,24229,FALSE,TRUE,3,3,FALSE
0389446,4,1,1,24229,24229,FALSE,TRUE,3,3,FALSE
0389447,4,1,1,24229,24229,FALSE,TRUE,3,3,FALSE
0389448,4,1,1,24229,24229,FALSE,TRUE,3,3,FALSE
0389451,4,1,1,24229,24229,FALSE,TRUE,3,3,FALSE
0389453,4,1,1,24229,24229,FALSE,TRUE,3,3,FALSE
0389455,4,1,1,24229,24229,FALSE,TRUE,3,3,FALSE
0389457,4,1,1,24229,24229,FALSE,TRUE,3,3,FALSE
0389458,4,1,1,24229,24229,FALSE,TRUE,3,3,FALSE
0389460,4,1,1,24229,24229,FALSE,TRUE,3,3,FALSE
0389462,4,1,1,24229,24229,FALSE,TRUE,3,3,FALSE
0389466,4,1,1,24229,24229,FALSE,TRUE,3,3,FALSE
0389467,4,1,1,24229,24229,FALSE,TRUE,3,3,FALSE
0389473,4,1,1,24229,24229,FALSE,TRUE,3,3,FALSE
0389477,4,1,1,24229,24229,FALSE,TRUE,3,3,FALSE
0389478,4,1,1,24229,24229,FALSE,TRUE,3,3,FALSE
0389479,4,1,1,24229,24229,FALSE,TRUE,3,3,FALSE
0389480,4,1,1,24229,24229,FALSE,TRUE,3,3,FALSE
0389483,4,1,1,24229,24229,FALSE,TRUE,3,3,FALSE
0389485,4,1,1,24229,24229,FALSE,TRUE,3,3,FALSE
0389488,4,1,1,24229,24229,FALSE,TRUE,3,3,FALSE
0389491,4,1,1,24229,24229,FALSE,TRUE,3,3,FALSE
0389494,4,1,1,24229,24229,FALSE,TRUE,3,3,FALSE
0389497,4,1,1,24229,24229,FALSE,TRUE,3,3,FALSE
0389499,4,1,1,24229,24229,FALSE,TRUE,3,3,FALSE
0389502,4,1,1,24229,24229,FALSE,TRUE,3,3,FALSE
0389503,4,1,1,24229,24229,FALSE,TRUE,3,3,FALSE
0389505,4,1,1,24229,24229,FALSE,TRUE,3,3,FALSE
0389509,4,1,1,24229,24229,FALSE,TRUE,3,3,FALSE
0389510,4,1,1,24229,24229,FALSE,TRUE,3,3,FALSE
0389511,4,1,1,24229,24229,FALSE,TRUE,3,3,FALSE
0389519,4,1,1,24229,24229,FALSE,TRUE,3,3,FALSE
0389522,4,1,1,24229,24229,FALSE,TRUE,3,3,FALSE
0389524,4,1,1,24229,24229,FALSE,TRUE,3,3,FALSE
0389525,4,1,1,24229,24229,FALSE,TRUE,3,3,FALSE
0389526,4,1,1,24229,24229,FALSE,TRUE,3,3,FALSE
0389531,4,1,1,24229,24229,FALSE,TRUE,3,3,FALSE
0389532,4,1,1,24229,24229,FALSE,TRUE,3,3,FALSE
0389533,4,1,1,24229,24229,FALSE,TRUE,3,3,FALSE
0389537,4,1,1,24229,24229,FALSE,TRUE,3,3,FALSE
0389540,4,1,1,24229,24229,FALSE,TRUE,3,3,FALSE
0389545,4,1,1,24229,24229,FALSE,TRUE,3,3,FALSE
0389548,4,1,1,24229,24229,FALSE,TRUE,3,3,FALSE
0389550,4,1,1,24229,24229,FALSE,TRUE,3,3,FALSE
0389551,4,1,1,24229,24229,FALSE,TRUE,3,3,FALSE
0389552,4,1,1,24229,24229,FALSE,TRUE,3,3,FALSE
0389554,4,1,1,24229,24229,FALSE,TRUE,3,3,FALSE
0389555,4,1,1,24229,24229,FALSE,TRUE,3,3,FALSE
0389560,4,1,1,24229,24229,FALSE,TRUE,3,3,FALSE
0389562,4,1,1,24229,24229,FALSE,TRUE,3,3,FALSE
0389568,4,1,1,24229,24229,FALSE,TRUE,3,3,FALSE
0389570,4,1,1,24229,24229,FALSE,TRUE,3,3,FALSE
0389573,4,1,1,24229,24229,FALSE,TRUE,3,3,FALSE
0389574,4,1,1,24229,24229,FALSE,TRUE,3,3,FALSE
0389575,4,1,1,24229,24229,FALSE,TRUE,3,3,FALSE
0389579,4,1,1,24229,24229,FALSE,TRUE,3,3,FALSE
0389580,4,1,1,24229,24229,FALSE,TRUE,3,3,FALSE
0389582,4,1,1,24229,24229,FALSE,TRUE,3,3,FALSE
0389585,4,1,1,24229,24229,FALSE,TRUE,3,3,FALSE
0389588,4,1,1,24229,24229,FALSE,TRUE,3,3,FALSE
0389590,4,1,1,24229,24229,FALSE,TRUE,3,3,FALSE
0389591,4,1,1,24229,24229,FALSE,TRUE,3,3,FALSE
0389592,4,1,1,24229,24229,FALSE,TRUE,3,3,FALSE
0389594,4,1,1,24229,24229,FALSE,TRUE,3,3,FALSE
0389595,4,1,1,24229,24229,FALSE,TRUE,3,3,FALSE
0389596,4,1,1,24229,24229,FALSE,TRUE,3,3,FALSE
0389597,4,1,1,24229,24229,FALSE,TRUE,3,3,FALSE
0389599,4,1,1,24229,24229,FALSE,TRUE,3,3,FALSE
0389600,4,1,1,24229,24229,FALSE,TRUE,3,3,FALSE
0389601,4,1,1,24229,24229,FALSE,TRUE,3,3,FALSE
0389607,4,1,1,24229,24229,FALSE,TRUE,3,3,FALSE
0389611,4,1,1,24229,24229,FALSE,TRUE,3,3,FALSE
0389612,4,1,1,24229,24229,FALSE,TRUE,3,3,FALSE
0389613,4,1,1,24229,24229,FALSE,TRUE,3,3,FALSE
0389614,4,1,1,24229,24229,FALSE,TRUE,3,3,FALSE
0389615,4,1,1,24229,24229,FALSE,TRUE,3,3,FALSE
0389619,4,1,1,24229,24229,FALSE,TRUE,3,3,FALSE
0389623,4,1,1,24229,24229,FALSE,TRUE,3,3,FALSE
0389625,4,1,1,24229,24229,FALSE,TRUE,3,3,FALSE
0389630,4,1,1,24229,24229,FALSE,TRUE,3,3,FALSE
0389632,4,1,1,24229,24229,FALSE,TRUE,3,3,FALSE
0389636,4,1,1,24229,24229,FALSE,TRUE,3,3,FALSE
0389637,4,1,1,24229,24229,FALSE,TRUE,3,3,FALSE
0389641,4,1,1,24229,24229,FALSE,TRUE,3,3,FALSE
0389642,4,1,1,24229,24229,FALSE,TRUE,3,3,FALSE
0389644,4,1,1,24229,24229,FALSE,TRUE,3,3,FALSE
0389651,4,1,1,24229,24229,FALSE,TRUE,3,3,FALSE
0389654,4,1,1,24229,24229,FALSE,TRUE,3,3,FALSE
0389655,4,1,1,24229,24229,FALSE,TRUE,3,3,FALSE
0389658,4,1,1,24229,24229,FALSE,TRUE,3,3,FALSE
0389659,4,1,1,24229,24229,FALSE,TRUE,3,3,FALSE
0389660,4,1,1,24229,24229,FALSE,TRUE,3,3,FALSE
0389662,4,1,1,24229,24229,FALSE,TRUE,3,3,FALSE
0389665,4,1,1,24229,24229,FALSE,TRUE,3,3,FALSE
0389668,4,1,1,24229,24229,FALSE,TRUE,3,3,FALSE
0389671,4,1,1,24229,24229,FALSE,TRUE,3,3,FALSE
0389672,4,1,1,24229,24229,FALSE,TRUE,3,3,FALSE
0389673,4,1,1,24229,24229,FALSE,TRUE,3,3,FALSE
0389676,4,1,1,24229,24229,FALSE,TRUE,3,3,FALSE
0389677,4,1,1,24229,24229,FALSE,TRUE,3,3,FALSE
0389678,4,1,1,24229,24229,FALSE,TRUE,3,3,FALSE
0389679,4,1,1,24229,24229,FALSE,TRUE,3,3,FALSE
0389680,4,1,1,24229,24229,FALSE,TRUE,3,3,FALSE
0389683,4,1,1,24229,24229,FALSE,TRUE,3,3,FALSE
0389684,4,1,1,24229,24229,FALSE,TRUE,3,3,FALSE
0389686,4,1,1,24229,24229,FALSE,TRUE,3,3,FALSE
0389690,4,1,1,24229,24229,FALSE,TRUE,3,3,FALSE
0389691,4,1,1,24229,24229,FALSE,TRUE,3,3,FALSE
0389696,4,1,1,24229,24229,FALSE,TRUE,3,3,FALSE
0389704,4,1,1,24229,24229,FALSE,TRUE,3,3,FALSE
0389705,4,1,1,24229,24229,FALSE,TRUE,3,3,FALSE
0389706,4,1,1,24229,24229,FALSE,TRUE,3,3,FALSE
0389709,4,1,1,24229,24229,FALSE,TRUE,3,3,FALSE
0389711,4,1,1,24229,24229,FALSE,TRUE,3,3,FALSE
0389712,4,1,1,24229,24229,FALSE,TRUE,3,3,FALSE
0389715,4,1,1,24229,24229,FALSE,TRUE,3,3,FALSE
0389716,4,1,1,24229,24229,FALSE,TRUE,3,3,FALSE
0389719,4,1,1,24229,24229,FALSE,TRUE,3,3,FALSE
0389720,4,1,1,24229,24229,FALSE,TRUE,3,3,FALSE
0389721,4,1,1,24229,24229,FALSE,TRUE,3,3,FALSE
0389727,4,1,1,24229,24229,FALSE,TRUE,3,3,FALSE
0389728,4,1,1,24229,24229,FALSE,TRUE,3,3,FALSE
0389736,4,1,1,24229,24229,FALSE,TRUE,3,3,FALSE
0389737,4,1,1,24229,24229,FALSE,TRUE,3,3,FALSE
0389741,4,1,1,24229,24229,FALSE,TRUE,3,3,FALSE
0389747,4,1,1,24229,24229,FALSE,TRUE,3,3,FALSE
0389749,4,1,1,24229,24229,FALSE,TRUE,3,3,FALSE
0389750,4,1,1,24229,24229,FALSE,TRUE,3,3,FALSE
0389752,4,1,1,24229,24229,FALSE,TRUE,3,3,FALSE
0389756,4,1,1,24229,24229,FALSE,TRUE,3,3,FALSE
0389758,4,1,1,24229,24229,FALSE,TRUE,3,3,FALSE
0389759,4,1,1,24229,24229,FALSE,TRUE,3,3,FALSE
0389760,4,1,1,24229,24229,FALSE,TRUE,3,3,FALSE
0389772,4,1,1,24229,24229,FALSE,TRUE,3,3,FALSE
0389776,4,1,1,24229,24229,FALSE,TRUE,3,3,FALSE
0389777,4,1,1,24229,24229,FALSE,TRUE,3,3,FALSE
0389782,4,1,1,24229,24229,FALSE,TRUE,3,3,FALSE
0389783,4,1,1,24229,24229,FALSE,TRUE,3,3,FALSE
0389786,4,1,1,24229,24229,FALSE,TRUE,3,3,FALSE
0389787,4,1,1,24229,24229,FALSE,TRUE,3,3,FALSE
0389790,4,1,1,24229,24229,FALSE,TRUE,3,3,FALSE
0389792,4,1,1,24229,24229,FALSE,TRUE,3,3,FALSE
0389795,4,1,1,24229,24229,FALSE,TRUE,3,3,FALSE
0389798,4,1,1,24229,24229,FALSE,TRUE,3,3,FALSE
0389800,4,1,1,24229,24229,FALSE,TRUE,3,3,FALSE
0389801,4,1,1,24229,24229,FALSE,TRUE,3,3,FALSE
0389802,4,1,1,24229,24229,FALSE,TRUE,3,3,FALSE
0389803,4,1,1,24229,24229,FALSE,TRUE,3,3,FALSE
0389806,4,1,1,24229,24229,FALSE,TRUE,3,3,FALSE
0389810,4,1,1,24229,24229,FALSE,TRUE,3,3,FALSE
0389811,4,1,1,24229,24229,FALSE,TRUE,3,3,FALSE
0389821,4,1,1,24229,24229,FALSE,TRUE,3,3,FALSE
0389824,4,1,1,24229,24229,FALSE,TRUE,3,3,FALSE
0389825,4,1,1,24229,24229,FALSE,TRUE,3,3,FALSE
0389827,4,1,1,24229,24229,FALSE,TRUE,3,3,FALSE
0389831,4,1,1,24229,24229,FALSE,TRUE,3,3,FALSE
0389832,4,1,1,24229,24229,FALSE,TRUE,3,3,FALSE
0389837,4,1,1,24229,24229,FALSE,TRUE,3,3,FALSE
0389838,4,1,1,24229,24229,FALSE,TRUE,3,3,FALSE
0389840,4,1,1,24229,24229,FALSE,TRUE,3,3,FALSE
0389841,4,1,1,24229,24229,FALSE,TRUE,3,3,FALSE
0389842,4,1,1,24229,24229,FALSE,TRUE,3,3,FALSE
0389844,4,1,1,24229,24229,FALSE,TRUE,3,3,FALSE
0389846,4,1,1,24229,24229,FALSE,TRUE,3,3,FALSE
0389847,4,1,1,24229,24229,FALSE,TRUE,3,3,FALSE
0389849,4,1,1,24229,24229,FALSE,TRUE,3,3,FALSE
0389852,4,1,1,24229,24229,FALSE,TRUE,3,3,FALSE
0389855,4,1,1,24229,24229,FALSE,TRUE,3,3,FALSE
0389857,4,1,1,24229,24229,FALSE,TRUE,3,3,FALSE
0389858,4,1,1,24229,24229,FALSE,TRUE,3,3,FALSE
0389859,4,1,1,24229,24229,FALSE,TRUE,3,3,FALSE
0389861,4,1,1,24229,24229,FALSE,TRUE,3,3,FALSE
0389864,4,1,1,24229,24229,FALSE,TRUE,3,3,FALSE
0389866,4,1,1,24229,24229,FALSE,TRUE,3,3,FALSE
0389868,4,1,1,24229,24229,FALSE,TRUE,3,3,FALSE
0389869,4,1,1,24229,24229,FALSE,TRUE,3,3,FALSE
0389871,4,1,1,24229,24229,FALSE,TRUE,3,3,FALSE
0389876,4,1,1,24229,24229,FALSE,TRUE,3,3,FALSE
0389878,4,1,1,24229,24229,FALSE,TRUE,3,3,FALSE
0389881,4,1,1,24229,24229,FALSE,TRUE,3,3,FALSE
0389882,4,1,1,24229,24229,FALSE,TRUE,3,3,FALSE
0389883,4,1,1,24229,24229,FALSE,TRUE,3,3,FALSE
0389884,4,1,1,24229,24229,FALSE,TRUE,3,3,FALSE
0389887,4,1,1,24229,24229,FALSE,TRUE,3,3,FALSE
0389888,4,1,1,24229,24229,FALSE,TRUE,3,3,FALSE
0389889,4,1,1,24229,24229,FALSE,TRUE,3,3,FALSE
0389891,4,1,1,24229,24229,FALSE,TRUE,3,3,FALSE
0389893,4,1,1,24229,24229,FALSE,TRUE,3,3,FALSE
0389894,4,1,1,24229,24229,FALSE,TRUE,3,3,FALSE
0389895,4,1,1,24229,24229,FALSE,TRUE,3,3,FALSE
0389898,4,1,1,24229,24229,FALSE,TRUE,3,3,FALSE
0389900,4,1,1,24229,24229,FALSE,TRUE,3,3,FALSE
0389907,4,1,1,24229,24229,FALSE,TRUE,3,3,FALSE
0389909,4,1,1,24229,24229,FALSE,TRUE,3,3,FALSE
0389910,4,1,1,24229,24229,FALSE,TRUE,3,3,FALSE
0389913,4,1,1,24229,24229,FALSE,TRUE,3,3,FALSE
0389917,4,1,1,24229,24229,FALSE,TRUE,3,3,FALSE
0389919,4,1,1,24229,24229,FALSE,TRUE,3,3,FALSE
0389923,4,1,1,24229,24229,FALSE,TRUE,3,3,FALSE
0389927,4,1,1,24229,24229,FALSE,TRUE,3,3,FALSE
0389928,4,1,1,24229,24229,FALSE,TRUE,3,3,FALSE
0389929,4,1,1,24229,24229,FALSE,TRUE,3,3,FALSE
0389930,4,1,1,24229,24229,FALSE,TRUE,3,3,FALSE
0389931,4,1,1,24229,24229,FALSE,TRUE,3,3,FALSE
0389932,4,1,1,24229,24229,FALSE,TRUE,3,3,FALSE
0389934,4,1,1,24229,24229,FALSE,TRUE,3,3,FALSE
0389936,4,1,1,24229,24229,FALSE,TRUE,3,3,FALSE
0389938,4,1,1,24229,24229,FALSE,TRUE,3,3,FALSE
0389941,4,1,1,24229,24229,FALSE,TRUE,3,3,FALSE
0389944,4,1,1,24229,24229,FALSE,TRUE,3,3,FALSE
0389950,4,1,1,24229,24229,FALSE,TRUE,3,3,FALSE
0389951,4,1,1,24229,24229,FALSE,TRUE,3,3,FALSE
0389952,4,1,1,24229,24229,FALSE,TRUE,3,3,FALSE
0389953,4,1,1,24229,24229,FALSE,TRUE,3,3,FALSE
0389954,4,1,1,24229,24229,FALSE,TRUE,3,3,FALSE
0389956,4,1,1,24229,24229,FALSE,TRUE,3,3,FALSE
0389957,4,1,1,24229,24229,FALSE,TRUE,3,3,FALSE
0389958,4,1,1,24229,24229,FALSE,TRUE,3,3,FALSE
0389960,4,1,1,24229,24229,FALSE,TRUE,3,3,FALSE
0389963,4,1,1,24229,24229,FALSE,TRUE,3,3,FALSE
0389964,4,1,1,24229,24229,FALSE,TRUE,3,3,FALSE
0389969,4,1,1,24229,24229,FALSE,TRUE,3,3,FALSE
0389970,4,1,1,24229,24229,FALSE,TRUE,3,3,FALSE
0389971,4,1,1,24229,24229,FALSE,TRUE,3,3,FALSE
0389974,4,1,1,24229,24229,FALSE,TRUE,3,3,FALSE
0389975,4,1,1,24229,24229,FALSE,TRUE,3,3,FALSE
0389977,4,1,1,24229,24229,FALSE,TRUE,3,3,FALSE
0389979,4,1,1,24229,24229,FALSE,TRUE,3,3,FALSE
0389980,4,1,1,24229,24229,FALSE,TRUE,3,3,FALSE
0389981,4,1,1,24229,24229,FALSE,TRUE,3,3,FALSE
0389982,4,1,1,24229,24229,FALSE,TRUE,3,3,FALSE
0389990,4,1,1,24229,24229,FALSE,TRUE,3,3,FALSE
0389993,4,1,1,24229,24229,FALSE,TRUE,3,3,FALSE
0389995,4,1,1,24229,24229,FALSE,TRUE,3,3,FALSE
0389996,4,1,1,24229,24229,FALSE,TRUE,3,3,FALSE
0390004,4,1,1,24229,24229,FALSE,TRUE,3,3,FALSE
0390007,4,1,1,24229,24229,FALSE,TRUE,3,3,FALSE
0390008,4,1,1,24229,24229,FALSE,TRUE,3,3,FALSE
0390012,4,1,1,24229,24229,FALSE,TRUE,3,3,FALSE
0390013,4,1,1,24229,24229,FALSE,TRUE,3,3,FALSE
0390016,4,1,1,24229,24229,FALSE,TRUE,3,3,FALSE
0390019,4,1,1,24229,24229,FALSE,TRUE,3,3,FALSE
0390021,4,1,1,24229,24229,FALSE,TRUE,3,3,FALSE
0390022,4,1,1,24229,24229,FALSE,TRUE,3,3,FALSE
0390025,4,1,1,24229,24229,FALSE,TRUE,3,3,FALSE
0390031,4,1,1,24229,24229,FALSE,TRUE,3,3,FALSE
0390033,4,1,1,24229,24229,FALSE,TRUE,3,3,FALSE
0390034,4,1,1,24229,24229,FALSE,TRUE,3,3,FALSE
0390039,4,1,1,24229,24229,FALSE,TRUE,3,3,FALSE
0390041,4,1,1,24229,24229,FALSE,TRUE,3,3,FALSE
0390042,4,1,1,24229,24229,FALSE,TRUE,3,3,FALSE
0390044,4,1,1,24229,24229,FALSE,TRUE,3,3,FALSE
0390047,4,1,1,24229,24229,FALSE,TRUE,3,3,FALSE
0390048,4,1,1,24229,24229,FALSE,TRUE,3,3,FALSE
0390050,4,1,1,24229,24229,FALSE,TRUE,3,3,FALSE
0390053,4,1,1,24229,24229,FALSE,TRUE,3,3,FALSE
0390054,4,1,1,24229,24229,FALSE,TRUE,3,3,FALSE
0390056,4,1,1,24229,24229,FALSE,TRUE,3,3,FALSE
0390058,4,1,1,24229,24229,FALSE,TRUE,3,3,FALSE
0390059,4,1,1,24229,24229,FALSE,TRUE,3,3,FALSE
0390062,4,1,1,24229,24229,FALSE,TRUE,3,3,FALSE
0390072,4,1,1,24229,24229,FALSE,TRUE,3,3,FALSE
0390074,4,1,1,24229,24229,FALSE,TRUE,3,3,FALSE
0390075,4,1,1,24229,24229,FALSE,TRUE,3,3,FALSE
0390080,4,1,1,24229,24229,FALSE,TRUE,3,3,FALSE
0390082,4,1,1,24229,24229,FALSE,TRUE,3,3,FALSE
0390084,4,1,1,24229,24229,FALSE,TRUE,3,3,FALSE
0390087,4,1,1,24229,24229,FALSE,TRUE,3,3,FALSE
0390088,4,1,1,24229,24229,FALSE,TRUE,3,3,FALSE
0390090,4,1,1,24229,24229,FALSE,TRUE,3,3,FALSE
0390096,4,1,1,24229,24229,FALSE,TRUE,3,3,FALSE
0390097,4,1,1,24229,24229,FALSE,TRUE,3,3,FALSE
0390098,4,1,1,24229,24229,FALSE,TRUE,3,3,FALSE
0390099,4,1,1,24229,24229,FALSE,TRUE,3,3,FALSE
0390100,4,1,1,24229,24229,FALSE,TRUE,3,3,FALSE
0390101,4,1,1,24229,24229,FALSE,TRUE,3,3,FALSE
0390106,4,1,1,24229,24229,FALSE,TRUE,3,3,FALSE
0390108,4,1,1,24229,24229,FALSE,TRUE,3,3,FALSE
0390110,4,1,1,24229,24229,FALSE,TRUE,3,3,FALSE
0390114,4,1,1,24229,24229,FALSE,TRUE,3,3,FALSE
0390116,4,1,1,24229,24229,FALSE,TRUE,3,3,FALSE
0390118,4,1,1,24229,24229,FALSE,TRUE,3,3,FALSE
0390122,4,1,1,24229,24229,FALSE,TRUE,3,3,FALSE
0390125,4,1,1,24229,24229,FALSE,TRUE,3,3,FALSE
0390128,4,1,1,24229,24229,FALSE,TRUE,3,3,FALSE
0390129,4,1,1,24229,24229,FALSE,TRUE,3,3,FALSE
0390134,4,1,1,24229,24229,FALSE,TRUE,3,3,FALSE
0390135,4,1,1,24229,24229,FALSE,TRUE,3,3,FALSE
0390138,4,1,1,24229,24229,FALSE,TRUE,3,3,FALSE
0390139,4,1,1,24229,24229,FALSE,TRUE,3,3,FALSE
0390142,4,1,1,24229,24229,FALSE,TRUE,3,3,FALSE
0390145,4,1,1,24229,24229,FALSE,TRUE,3,3,FALSE
0390147,4,1,1,24229,24229,FALSE,TRUE,3,3,FALSE
0390150,4,1,1,24229,24229,FALSE,TRUE,3,3,FALSE
0390151,4,1,1,24229,24229,FALSE,TRUE,3,3,FALSE
0390152,4,1,1,24229,24229,FALSE,TRUE,3,3,FALSE
0390153,4,1,1,24229,24229,FALSE,TRUE,3,3,FALSE
0390158,4,1,1,24229,24229,FALSE,TRUE,3,3,FALSE
0390160,4,1,1,24229,24229,FALSE,TRUE,3,3,FALSE
0390161,4,1,1,24229,24229,FALSE,TRUE,3,3,FALSE
0390163,4,1,1,24229,24229,FALSE,TRUE,3,3,FALSE
0390166,4,1,1,24229,24229,FALSE,TRUE,3,3,FALSE
0390167,4,1,1,24229,24229,FALSE,TRUE,3,3,FALSE
0390169,4,1,1,24229,24229,FALSE,TRUE,3,3,FALSE
0390170,4,1,1,24229,24229,FALSE,TRUE,3,3,FALSE
0390173,4,1,1,24229,24229,FALSE,TRUE,3,3,FALSE
0390177,4,1,1,24229,24229,FALSE,TRUE,3,3,FALSE
0390178,4,1,1,24229,24229,FALSE,TRUE,3,3,FALSE
0390179,4,1,1,24229,24229,FALSE,TRUE,3,3,FALSE
0390180,4,1,1,24229,24229,FALSE,TRUE,3,3,FALSE
0390181,4,1,1,24229,24229,FALSE,TRUE,3,3,FALSE
0390182,4,1,1,24229,24229,FALSE,TRUE,3,3,FALSE
0390185,4,1,1,24229,24229,FALSE,TRUE,3,3,FALSE
0390188,4,1,1,24229,24229,FALSE,TRUE,3,3,FALSE
0390189,4,1,1,24230,24230,FALSE,TRUE,3,3,FALSE
0390190,4,1,1,24230,24230,FALSE,TRUE,3,3,FALSE
0390192,4,1,1,24230,24230,FALSE,TRUE,3,3,FALSE
0390193,4,1,1,24230,24230,FALSE,TRUE,3,3,FALSE
0390196,4,1,1,24230,24230,FALSE,TRUE,3,3,FALSE
0390201,4,1,1,24230,24230,FALSE,TRUE,3,3,FALSE
0390202,4,1,1,24230,24230,FALSE,TRUE,3,3,FALSE
0390204,4,1,1,24230,24230,FALSE,TRUE,3,3,FALSE
0390205,4,1,1,24230,24230,FALSE,TRUE,3,3,FALSE
0390206,4,1,1,24230,24230,FALSE,TRUE,3,3,FALSE
0390211,4,1,1,24230,24230,FALSE,TRUE,3,3,FALSE
0390212,4,1,1,24230,24230,FALSE,TRUE,3,3,FALSE
0390214,4,1,1,24230,24230,FALSE,TRUE,3,3,FALSE
0390216,4,1,1,24230,24230,FALSE,TRUE,3,3,FALSE
0390223,4,1,1,24230,24230,FALSE,TRUE,3,3,FALSE
0390225,4,1,1,24230,24230,FALSE,TRUE,3,3,FALSE
0390226,4,1,1,24230,24230,FALSE,TRUE,3,3,FALSE
0390228,4,1,1,24230,24230,FALSE,TRUE,3,3,FALSE
0390229,4,1,1,24230,24230,FALSE,TRUE,3,3,FALSE
0390230,4,1,1,24230,24230,FALSE,TRUE,3,3,FALSE
0390231,4,1,1,24230,24230,FALSE,TRUE,3,3,FALSE
0390232,4,1,1,24230,24230,FALSE,TRUE,3,3,FALSE
0390233,4,1,1,24230,24230,FALSE,TRUE,3,3,FALSE
0390234,4,1,1,24230,24230,FALSE,TRUE,3,3,FALSE
0390235,4,1,1,24230,24230,FALSE,TRUE,3,3,FALSE
0390237,4,1,1,24230,24230,FALSE,TRUE,3,3,FALSE
0390238,4,1,1,24230,24230,FALSE,TRUE,3,3,FALSE
0390242,4,1,1,24230,24230,FALSE,TRUE,3,3,FALSE
0390246,4,1,1,24230,24230,FALSE,TRUE,3,3,FALSE
0390248,4,1,1,24230,24230,FALSE,TRUE,3,3,FALSE
0390251,4,1,1,24230,24230,FALSE,TRUE,3,3,FALSE
0390253,4,1,1,24230,24230,FALSE,TRUE,3,3,FALSE
0390254,4,1,1,24230,24230,FALSE,TRUE,3,3,FALSE
0390256,4,1,1,24230,24230,FALSE,TRUE,3,3,FALSE
0390257,4,1,1,24230,24230,FALSE,TRUE,3,3,FALSE
0390258,4,1,1,24230,24230,FALSE,TRUE,3,3,FALSE
0390259,4,1,1,24230,24230,FALSE,TRUE,3,3,FALSE
0390266,4,1,1,24230,24230,FALSE,TRUE,3,3,FALSE
0390270,4,1,1,24230,24230,FALSE,TRUE,3,3,FALSE
0390275,4,1,1,24230,24230,FALSE,TRUE,3,3,FALSE
0390276,4,1,1,24230,24230,FALSE,TRUE,3,3,FALSE
0390277,4,1,1,24230,24230,FALSE,TRUE,3,3,FALSE
0390281,4,1,1,24230,24230,FALSE,TRUE,3,3,FALSE
0390284,4,1,1,24230,24230,FALSE,TRUE,3,3,FALSE
0390290,4,1,1,24230,24230,FALSE,TRUE,3,3,FALSE
0390294,4,1,1,24230,24230,FALSE,TRUE,3,3,FALSE
0390303,4,1,1,24230,24230,FALSE,TRUE,3,3,FALSE
0390304,4,1,1,24230,24230,FALSE,TRUE,3,3,FALSE
0390311,4,1,1,24230,24230,FALSE,TRUE,3,3,FALSE
0390313,4,1,1,24230,24230,FALSE,TRUE,3,3,FALSE
0390315,4,1,1,24230,24230,FALSE,TRUE,3,3,FALSE
0390316,4,1,1,24230,24230,FALSE,TRUE,3,3,FALSE
0390318,4,1,1,24230,24230,FALSE,TRUE,3,3,FALSE
0390319,4,1,1,24230,24230,FALSE,TRUE,3,3,FALSE
0390320,4,1,1,24230,24230,FALSE,TRUE,3,3,FALSE
0390326,4,1,1,24230,24230,FALSE,TRUE,3,3,FALSE
0390329,4,1,1,24230,24230,FALSE,TRUE,3,3,FALSE
0390333,4,1,1,24230,24230,FALSE,TRUE,3,3,FALSE
0390340,4,1,1,24230,24230,FALSE,TRUE,3,3,FALSE
0390342,4,1,1,24230,24230,FALSE,TRUE,3,3,FALSE
0390347,4,1,1,24230,24230,FALSE,TRUE,3,3,FALSE
0390348,4,1,1,24230,24230,FALSE,TRUE,3,3,FALSE
0390350,4,1,1,24230,24230,FALSE,TRUE,3,3,FALSE
0390354,4,1,1,24230,24230,FALSE,TRUE,3,3,FALSE
0390355,4,1,1,24230,24230,FALSE,TRUE,3,3,FALSE
0390356,4,1,1,24230,24230,FALSE,TRUE,3,3,FALSE
0390358,4,1,1,24230,24230,FALSE,TRUE,3,3,FALSE
0390360,4,1,1,24230,24230,FALSE,TRUE,3,3,FALSE
0390361,4,1,1,24230,24230,FALSE,TRUE,3,3,FALSE
0390363,4,1,1,24230,24230,FALSE,TRUE,3,3,FALSE
0390364,4,1,1,24230,24230,FALSE,TRUE,3,3,FALSE
0390365,4,1,1,24230,24230,FALSE,TRUE,3,3,FALSE
0390366,4,1,1,24230,24230,FALSE,TRUE,3,3,FALSE
0390369,4,1,1,24230,24230,FALSE,TRUE,3,3,FALSE
0390370,4,1,1,24230,24230,FALSE,TRUE,3,3,FALSE
0390371,4,1,1,24230,24230,FALSE,TRUE,3,3,FALSE
0390373,4,1,1,24230,24230,FALSE,TRUE,3,3,FALSE
0390374,4,1,1,24230,24230,FALSE,TRUE,3,3,FALSE
0390375,4,1,1,24230,24230,FALSE,TRUE,3,3,FALSE
0390376,4,1,1,24230,24230,FALSE,TRUE,3,3,FALSE
0390377,4,1,1,24230,24230,FALSE,TRUE,3,3,FALSE
0390378,4,1,1,24230,24230,FALSE,TRUE,3,3,FALSE
0390381,4,1,1,24230,24230,FALSE,TRUE,3,3,FALSE
0390385,4,1,1,24230,24230,FALSE,TRUE,3,3,FALSE
0390386,4,1,1,24230,24230,FALSE,TRUE,3,3,FALSE
0390390,4,1,1,24230,24230,FALSE,TRUE,3,3,FALSE
0390391,4,1,1,24230,24230,FALSE,TRUE,3,3,FALSE
0390392,4,1,1,24230,24230,FALSE,TRUE,3,3,FALSE
0390396,4,1,1,24230,24230,FALSE,TRUE,3,3,FALSE
0390398,4,1,1,24230,24230,FALSE,TRUE,3,3,FALSE
0390399,4,1,1,24230,24230,FALSE,TRUE,3,3,FALSE
0390400,4,1,1,24230,24230,FALSE,TRUE,3,3,FALSE
0390408,4,1,1,24230,24230,FALSE,TRUE,3,3,FALSE
0390410,4,1,1,24230,24230,FALSE,TRUE,3,3,FALSE
0390412,4,1,1,24230,24230,FALSE,TRUE,3,3,FALSE
0390416,4,1,1,24230,24230,FALSE,TRUE,3,3,FALSE
0390424,4,1,1,24230,24230,FALSE,TRUE,3,3,FALSE
0390425,4,1,1,24230,24230,FALSE,TRUE,3,3,FALSE
0390427,4,1,1,24230,24230,FALSE,TRUE,3,3,FALSE
0390431,4,1,1,24230,24230,FALSE,TRUE,3,3,FALSE
0390435,4,1,1,24230,24230,FALSE,TRUE,3,3,FALSE
0390437,4,1,1,24230,24230,FALSE,TRUE,3,3,FALSE
0390440,4,1,1,24230,24230,FALSE,TRUE,3,3,FALSE
0390444,4,1,1,24230,24230,FALSE,TRUE,3,3,FALSE
0390446,4,1,1,24230,24230,FALSE,TRUE,3,3,FALSE
0390447,4,1,1,24230,24230,FALSE,TRUE,3,3,FALSE
0390448,4,1,1,24230,24230,FALSE,TRUE,3,3,FALSE
0390459,4,1,1,24230,24230,FALSE,TRUE,3,3,FALSE
0390462,4,1,1,24230,24230,FALSE,TRUE,3,3,FALSE
0390463,4,1,1,24230,24230,FALSE,TRUE,3,3,FALSE
0390465,4,1,1,24230,24230,FALSE,TRUE,3,3,FALSE
0390466,4,1,1,24230,24230,FALSE,TRUE,3,3,FALSE
0390470,4,1,1,24230,24230,FALSE,TRUE,3,3,FALSE
0390472,4,1,1,24230,24230,FALSE,TRUE,3,3,FALSE
0390473,4,1,1,24230,24230,FALSE,TRUE,3,3,FALSE
0390475,4,1,1,24230,24230,FALSE,TRUE,3,3,FALSE
0390477,4,1,1,24230,24230,FALSE,TRUE,3,3,FALSE
0390478,4,1,1,24230,24230,FALSE,TRUE,3,3,FALSE
0390481,4,1,1,24230,24230,FALSE,TRUE,3,3,FALSE
0390484,4,1,1,24230,24230,FALSE,TRUE,3,3,FALSE
0390485,4,1,1,24230,24230,FALSE,TRUE,3,3,FALSE
0390488,4,1,1,24230,24230,FALSE,TRUE,3,3,FALSE
0390490,4,1,1,24230,24230,FALSE,TRUE,3,3,FALSE
0390491,4,1,1,24230,24230,FALSE,TRUE,3,3,FALSE
0390493,4,1,1,24230,24230,FALSE,TRUE,3,3,FALSE
0390496,4,1,1,24230,24230,FALSE,TRUE,3,3,FALSE
0390498,4,1,1,24230,24230,FALSE,TRUE,3,3,FALSE
0390499,4,1,1,24230,24230,FALSE,TRUE,3,3,FALSE
0390500,4,1,1,24230,24230,FALSE,TRUE,3,3,FALSE
0390502,4,1,1,24230,24230,FALSE,TRUE,3,3,FALSE
0390503,4,1,1,24230,24230,FALSE,TRUE,3,3,FALSE
0390506,4,1,1,24230,24230,FALSE,TRUE,3,3,FALSE
0390507,4,1,1,24230,24230,FALSE,TRUE,3,3,FALSE
0390513,4,1,1,24230,24230,FALSE,TRUE,3,3,FALSE
0390515,4,1,1,24230,24230,FALSE,TRUE,3,3,FALSE
0390517,4,1,1,24230,24230,FALSE,TRUE,3,3,FALSE
0390521,4,1,1,24230,24230,FALSE,TRUE,3,3,FALSE
0390522,4,1,1,24230,24230,FALSE,TRUE,3,3,FALSE
0390523,4,1,1,24230,24230,FALSE,TRUE,3,3,FALSE
0390525,4,1,1,24230,24230,FALSE,TRUE,3,3,FALSE
0390527,4,1,1,24230,24230,FALSE,TRUE,3,3,FALSE
0390531,4,1,1,24230,24230,FALSE,TRUE,3,3,FALSE
0390534,4,1,1,24230,24230,FALSE,TRUE,3,3,FALSE
0390535,4,1,1,24230,24230,FALSE,TRUE,3,3,FALSE
0390537,4,1,1,24230,24230,FALSE,TRUE,3,3,FALSE
0390538,4,1,1,24230,24230,FALSE,TRUE,3,3,FALSE
0390539,4,1,1,24230,24230,FALSE,TRUE,3,3,FALSE
0390541,4,1,1,24230,24230,FALSE,TRUE,3,3,FALSE
0390545,4,1,1,24230,24230,FALSE,TRUE,3,3,FALSE
0390551,4,1,1,24230,24230,FALSE,TRUE,3,3,FALSE
0390555,4,1,1,24230,24230,FALSE,TRUE,3,3,FALSE
0390558,4,1,1,24230,24230,FALSE,TRUE,3,3,FALSE
0390561,4,1,1,24230,24230,FALSE,TRUE,3,3,FALSE
0390563,4,1,1,24230,24230,FALSE,TRUE,3,3,FALSE
0390564,4,1,1,24230,24230,FALSE,TRUE,3,3,FALSE
0390569,4,1,1,24230,24230,FALSE,TRUE,3,3,FALSE
0390570,4,1,1,24230,24230,FALSE,TRUE,3,3,FALSE
0390573,4,1,1,24230,24230,FALSE,TRUE,3,3,FALSE
0390574,4,1,1,24230,24230,FALSE,TRUE,3,3,FALSE
0390575,4,1,1,24230,24230,FALSE,TRUE,3,3,FALSE
0390577,4,1,1,24230,24230,FALSE,TRUE,3,3,FALSE
0390578,4,1,1,24230,24230,FALSE,TRUE,3,3,FALSE
0390579,4,1,1,24230,24230,FALSE,TRUE,3,3,FALSE
0390583,4,1,1,24230,24230,FALSE,TRUE,3,3,FALSE
0390586,4,1,1,24230,24230,FALSE,TRUE,3,3,FALSE
0390589,4,1,1,24230,24230,FALSE,TRUE,3,3,FALSE
0390593,4,1,1,24230,24230,FALSE,TRUE,3,3,FALSE
0390595,4,1,1,24230,24230,FALSE,TRUE,3,3,FALSE
0390597,4,1,1,24230,24230,FALSE,TRUE,3,3,FALSE
0390598,4,1,1,24230,24230,FALSE,TRUE,3,3,FALSE
0390599,4,1,1,24230,24230,FALSE,TRUE,3,3,FALSE
0390600,4,1,1,24230,24230,FALSE,TRUE,3,3,FALSE
0390601,4,1,1,24230,24230,FALSE,TRUE,3,3,FALSE
0390602,4,1,1,24230,24230,FALSE,TRUE,3,3,FALSE
0390603,4,1,1,24230,24230,FALSE,TRUE,3,3,FALSE
0390605,4,1,1,24230,24230,FALSE,TRUE,3,3,FALSE
0390610,4,1,1,24230,24230,FALSE,TRUE,3,3,FALSE
0390615,4,1,1,24230,24230,FALSE,TRUE,3,3,FALSE
0390617,4,1,1,24230,24230,FALSE,TRUE,3,3,FALSE
0390622,4,1,1,24230,24230,FALSE,TRUE,3,3,FALSE
0390623,4,1,1,24230,24230,FALSE,TRUE,3,3,FALSE
0390625,4,1,1,24230,24230,FALSE,TRUE,3,3,FALSE
0390628,4,1,1,24230,24230,FALSE,TRUE,3,3,FALSE
0390629,4,1,1,24230,24230,FALSE,TRUE,3,3,FALSE
0390630,4,1,1,24230,24230,FALSE,TRUE,3,3,FALSE
0390633,4,1,1,24230,24230,FALSE,TRUE,3,3,FALSE
0390634,4,1,1,24230,24230,FALSE,TRUE,3,3,FALSE
0390636,4,1,1,24230,24230,FALSE,TRUE,3,3,FALSE
0390640,4,1,1,24230,24230,FALSE,TRUE,3,3,FALSE
0390643,4,1,1,24230,24230,FALSE,TRUE,3,3,FALSE
0390644,4,1,1,24230,24230,FALSE,TRUE,3,3,FALSE
0390646,4,1,1,24230,24230,FALSE,TRUE,3,3,FALSE
0390647,4,1,1,24230,24230,FALSE,TRUE,3,3,FALSE
0390648,4,1,1,24230,24230,FALSE,TRUE,3,3,FALSE
0390652,4,1,1,24230,24230,FALSE,TRUE,3,3,FALSE
0390653,4,1,1,24230,24230,FALSE,TRUE,3,3,FALSE
0390656,4,1,1,24230,24230,FALSE,TRUE,3,3,FALSE
0390657,4,1,1,24230,24230,FALSE,TRUE,3,3,FALSE
0390658,4,1,1,24230,24230,FALSE,TRUE,3,3,FALSE
0390659,4,1,1,24230,24230,FALSE,TRUE,3,3,FALSE
0390662,4,1,1,24230,24230,FALSE,TRUE,3,3,FALSE
0390663,4,1,1,24230,24230,FALSE,TRUE,3,3,FALSE
0390666,4,1,1,24230,24230,FALSE,TRUE,3,3,FALSE
0390668,4,1,1,24230,24230,FALSE,TRUE,3,3,FALSE
0390670,4,1,1,24230,24230,FALSE,TRUE,3,3,FALSE
0390673,4,1,1,24230,24230,FALSE,TRUE,3,3,FALSE
0390674,4,1,1,24230,24230,FALSE,TRUE,3,3,FALSE
0390675,4,1,1,24230,24230,FALSE,TRUE,3,3,FALSE
0390676,4,1,1,24230,24230,FALSE,TRUE,3,3,FALSE
0390680,4,1,1,24230,24230,FALSE,TRUE,3,3,FALSE
0390689,4,1,1,24230,24230,FALSE,TRUE,3,3,FALSE
0390690,4,1,1,24230,24230,FALSE,TRUE,3,3,FALSE
0390694,4,1,1,24230,24230,FALSE,TRUE,3,3,FALSE
0390695,4,1,1,24230,24230,FALSE,TRUE,3,3,FALSE
0390697,4,1,1,24230,24230,FALSE,TRUE,3,3,FALSE
0390698,4,1,1,24230,24230,FALSE,TRUE,3,3,FALSE
0390699,4,1,1,24230,24230,FALSE,TRUE,3,3,FALSE
0390702,4,1,1,24230,24230,FALSE,TRUE,3,3,FALSE
0390703,4,1,1,24230,24230,FALSE,TRUE,3,3,FALSE
0390704,4,1,1,24230,24230,FALSE,TRUE,3,3,FALSE
0390705,4,1,1,24230,24230,FALSE,TRUE,3,3,FALSE
0390706,4,1,1,24230,24230,FALSE,TRUE,3,3,FALSE
0390708,4,1,1,24230,24230,FALSE,TRUE,3,3,FALSE
0390709,4,1,1,24230,24230,FALSE,TRUE,3,3,FALSE
0390711,4,1,1,24230,24230,FALSE,TRUE,3,3,FALSE
0390712,4,1,1,24230,24230,FALSE,TRUE,3,3,FALSE
0390715,4,1,1,24230,24230,FALSE,TRUE,3,3,FALSE
0390716,4,1,1,24230,24230,FALSE,TRUE,3,3,FALSE
0390718,4,1,1,24230,24230,FALSE,TRUE,3,3,FALSE
0390720,4,1,1,24230,24230,FALSE,TRUE,3,3,FALSE
0390721,4,1,1,24230,24230,FALSE,TRUE,3,3,FALSE
0390726,4,1,1,24230,24230,FALSE,TRUE,3,3,FALSE
0390728,4,1,1,24230,24230,FALSE,TRUE,3,3,FALSE
0390729,4,1,1,24230,24230,FALSE,TRUE,3,3,FALSE
0390733,4,1,1,24230,24230,FALSE,TRUE,3,3,FALSE
0390740,4,1,1,24230,24230,FALSE,TRUE,3,3,FALSE
0390745,4,1,1,24230,24230,FALSE,TRUE,3,3,FALSE
0390746,4,1,1,24230,24230,FALSE,TRUE,3,3,FALSE
0390748,4,1,1,24230,24230,FALSE,TRUE,3,3,FALSE
0390750,4,1,1,24230,24230,FALSE,TRUE,3,3,FALSE
0390752,4,1,1,24230,24230,FALSE,TRUE,3,3,FALSE
0390754,4,1,1,24230,24230,FALSE,TRUE,3,3,FALSE
0390761,4,1,1,24230,24230,FALSE,TRUE,3,3,FALSE
0390767,4,1,1,24230,24230,FALSE,TRUE,3,3,FALSE
0390768,4,1,1,24230,24230,FALSE,TRUE,3,3,FALSE
0390769,4,1,1,24230,24230,FALSE,TRUE,3,3,FALSE
0390770,4,1,1,24230,24230,FALSE,TRUE,3,3,FALSE
0390772,4,1,1,24230,24230,FALSE,TRUE,3,3,FALSE
0390775,4,1,1,24230,24230,FALSE,TRUE,3,3,FALSE
0390782,4,1,1,24230,24230,FALSE,TRUE,3,3,FALSE
0390783,4,1,1,24230,24230,FALSE,TRUE,3,3,FALSE
0390786,4,1,1,24230,24230,FALSE,TRUE,3,3,FALSE
0390788,4,1,1,24230,24230,FALSE,TRUE,3,3,FALSE
0390789,4,1,1,24230,24230,FALSE,TRUE,3,3,FALSE
0390795,4,1,1,24230,24230,FALSE,TRUE,3,3,FALSE
0390800,4,1,1,24230,24230,FALSE,TRUE,3,3,FALSE
0390803,4,1,1,24230,24230,FALSE,TRUE,3,3,FALSE
0390804,4,1,1,24230,24230,FALSE,TRUE,3,3,FALSE
0390809,4,1,1,24230,24230,FALSE,TRUE,3,3,FALSE
0390812,4,1,1,24230,24230,FALSE,TRUE,3,3,FALSE
0390813,4,1,1,24230,24230,FALSE,TRUE,3,3,FALSE
0390815,4,1,1,24230,24230,FALSE,TRUE,3,3,FALSE
0390816,4,1,1,24230,24230,FALSE,TRUE,3,3,FALSE
0390817,4,1,1,24230,24230,FALSE,TRUE,3,3,FALSE
0390818,4,1,1,24230,24230,FALSE,TRUE,3,3,FALSE
0390819,4,1,1,24230,24230,FALSE,TRUE,3,3,FALSE
0390820,4,1,1,24230,24230,FALSE,TRUE,3,3,FALSE
0390827,4,1,1,24230,24230,FALSE,TRUE,3,3,FALSE
0390829,4,1,1,24230,24230,FALSE,TRUE,3,3,FALSE
0390836,4,1,1,24230,24230,FALSE,TRUE,3,3,FALSE
0390838,4,1,1,24230,24230,FALSE,TRUE,3,3,FALSE
0390840,4,1,1,24230,24230,FALSE,TRUE,3,3,FALSE
0390846,4,1,1,24230,24230,FALSE,TRUE,3,3,FALSE
0390847,4,1,1,24230,24230,FALSE,TRUE,3,3,FALSE
0390851,4,1,1,24230,24230,FALSE,TRUE,3,3,FALSE
0390852,4,1,1,24230,24230,FALSE,TRUE,3,3,FALSE
0390853,4,1,1,24230,24230,FALSE,TRUE,3,3,FALSE
0390854,4,1,1,24230,24230,FALSE,TRUE,3,3,FALSE
0390856,4,1,1,24230,24230,FALSE,TRUE,3,3,FALSE
0390860,4,1,1,24230,24230,FALSE,TRUE,3,3,FALSE
0390861,4,1,1,24230,24230,FALSE,TRUE,3,3,FALSE
0390863,4,1,1,24230,24230,FALSE,TRUE,3,3,FALSE
0390864,4,1,1,24230,24230,FALSE,TRUE,3,3,FALSE
0390866,4,1,1,24230,24230,FALSE,TRUE,3,3,FALSE
0390867,4,1,1,24230,24230,FALSE,TRUE,3,3,FALSE
0390874,4,1,1,24230,24230,FALSE,TRUE,3,3,FALSE
0390875,4,1,1,24230,24230,FALSE,TRUE,3,3,FALSE
0390878,4,1,1,24230,24230,FALSE,TRUE,3,3,FALSE
0390883,4,1,1,24230,24230,FALSE,TRUE,3,3,FALSE
0390891,4,1,1,24230,24230,FALSE,TRUE,3,3,FALSE
0390892,4,1,1,24230,24230,FALSE,TRUE,3,3,FALSE
0390897,4,1,1,24230,24230,FALSE,TRUE,3,3,FALSE
0390898,4,1,1,24230,24230,FALSE,TRUE,3,3,FALSE
0390899,4,1,1,24230,24230,FALSE,TRUE,3,3,FALSE
0390903,4,1,1,24230,24230,FALSE,TRUE,3,3,FALSE
0390904,4,1,1,24230,24230,FALSE,TRUE,3,3,FALSE
0390908,4,1,1,24230,24230,FALSE,TRUE,3,3,FALSE
0390909,4,1,1,24230,24230,FALSE,TRUE,3,3,FALSE
0390910,4,1,1,24230,24230,FALSE,TRUE,3,3,FALSE
0390913,4,1,1,24230,24230,FALSE,TRUE,3,3,FALSE
0390914,4,1,1,24230,24230,FALSE,TRUE,3,3,FALSE
0390915,4,1,1,24230,24230,FALSE,TRUE,3,3,FALSE
0390920,4,1,1,24230,24230,FALSE,TRUE,3,3,FALSE
0390931,4,1,1,24230,24230,FALSE,TRUE,3,3,FALSE
0390936,4,1,1,24230,24230,FALSE,TRUE,3,3,FALSE
0390940,4,1,1,24230,24230,FALSE,TRUE,3,3,FALSE
0390945,4,1,1,24230,24230,FALSE,TRUE,3,3,FALSE
0390948,4,1,1,24230,24230,FALSE,TRUE,3,3,FALSE
0390949,4,1,1,24230,24230,FALSE,TRUE,3,3,FALSE
0390953,4,1,1,24230,24230,FALSE,TRUE,3,3,FALSE
0390954,4,1,1,24230,24230,FALSE,TRUE,3,3,FALSE
0390956,4,1,1,24230,24230,FALSE,TRUE,3,3,FALSE
0390959,4,1,1,24230,24230,FALSE,TRUE,3,3,FALSE
0390962,4,1,1,24230,24230,FALSE,TRUE,3,3,FALSE
0390964,4,1,1,24230,24230,FALSE,TRUE,3,3,FALSE
0390965,4,1,1,24230,24230,FALSE,TRUE,3,3,FALSE
0390969,4,1,1,24230,24230,FALSE,TRUE,3,3,FALSE
0390973,4,1,1,24230,24230,FALSE,TRUE,3,3,FALSE
0390975,4,1,1,24230,24230,FALSE,TRUE,3,3,FALSE
0390978,4,1,1,24230,24230,FALSE,TRUE,3,3,FALSE
0390979,4,1,1,24230,24230,FALSE,TRUE,3,3,FALSE
0390980,4,1,1,24230,24230,FALSE,TRUE,3,3,FALSE
0390981,4,1,1,24230,24230,FALSE,TRUE,3,3,FALSE
0390993,4,1,1,24230,24230,FALSE,TRUE,3,3,FALSE
0390997,4,1,1,24230,24230,FALSE,TRUE,3,3,FALSE
0390999,4,1,1,24230,24230,FALSE,TRUE,3,3,FALSE
0391002,4,1,1,24230,24230,FALSE,TRUE,3,3,FALSE
0391003,4,1,1,24230,24230,FALSE,TRUE,3,3,FALSE
0391005,4,1,1,24230,24230,FALSE,TRUE,3,3,FALSE
0391007,4,1,1,24230,24230,FALSE,TRUE,3,3,FALSE
0391009,4,1,1,24230,24230,FALSE,TRUE,3,3,FALSE
0391011,4,1,1,24230,24230,FALSE,TRUE,3,3,FALSE
0391012,4,1,1,24230,24230,FALSE,TRUE,3,3,FALSE
0391013,4,1,1,24230,24230,FALSE,TRUE,3,3,FALSE
0391017,4,1,1,24230,24230,FALSE,TRUE,3,3,FALSE
0391018,4,1,1,24230,24230,FALSE,TRUE,3,3,FALSE
0391020,4,1,1,24230,24230,FALSE,TRUE,3,3,FALSE
0391023,4,1,1,24230,24230,FALSE,TRUE,3,3,FALSE
0391024,4,1,1,24230,24230,FALSE,TRUE,3,3,FALSE
0391025,4,1,1,24230,24230,FALSE,TRUE,3,3,FALSE
0391028,4,1,1,24230,24230,FALSE,TRUE,3,3,FALSE
0391029,4,1,1,24230,24230,FALSE,TRUE,3,3,FALSE
0391030,4,1,1,24230,24230,FALSE,TRUE,3,3,FALSE
0391031,4,1,1,24230,24230,FALSE,TRUE,3,3,FALSE
0391035,4,1,1,24230,24230,FALSE,TRUE,3,3,FALSE
0391038,4,1,1,24230,24230,FALSE,TRUE,3,3,FALSE
0391039,4,1,1,24230,24230,FALSE,TRUE,3,3,FALSE
0391045,4,1,1,24230,24230,FALSE,TRUE,3,3,FALSE
0391049,4,1,1,24230,24230,FALSE,TRUE,3,3,FALSE
0391053,4,1,1,24230,24230,FALSE,TRUE,3,3,FALSE
0391054,4,1,1,24230,24230,FALSE,TRUE,3,3,FALSE
0391055,4,1,1,24230,24230,FALSE,TRUE,3,3,FALSE
0391061,4,1,1,24230,24230,FALSE,TRUE,3,3,FALSE
0391069,4,1,1,24230,24230,FALSE,TRUE,3,3,FALSE
0391070,4,1,1,24230,24230,FALSE,TRUE,3,3,FALSE
0391071,4,1,1,24230,24230,FALSE,TRUE,3,3,FALSE
0391072,4,1,1,24230,24230,FALSE,TRUE,3,3,FALSE
0391073,4,1,1,24230,24230,FALSE,TRUE,3,3,FALSE
0391076,4,1,1,24230,24230,FALSE,TRUE,3,3,FALSE
0391078,4,1,1,24230,24230,FALSE,TRUE,3,3,FALSE
0391083,4,1,1,24230,24230,FALSE,TRUE,3,3,FALSE
0391090,4,1,1,24230,24230,FALSE,TRUE,3,3,FALSE
0391093,4,1,1,24230,24230,FALSE,TRUE,3,3,FALSE
0391095,4,1,1,24230,24230,FALSE,TRUE,3,3,FALSE
0391096,4,1,1,24230,24230,FALSE,TRUE,3,3,FALSE
0391097,4,1,1,24230,24230,FALSE,TRUE,3,3,FALSE
0391101,4,1,1,24230,24230,FALSE,TRUE,3,3,FALSE
0391103,4,1,1,24230,24230,FALSE,TRUE,3,3,FALSE
0391106,4,1,1,24230,24230,FALSE,TRUE,3,3,FALSE
0391107,4,1,1,24230,24230,FALSE,TRUE,3,3,FALSE
0391114,4,1,1,24230,24230,FALSE,TRUE,3,3,FALSE
0391115,4,1,1,24230,24230,FALSE,TRUE,3,3,FALSE
0391116,4,1,1,24230,24230,FALSE,TRUE,3,3,FALSE
0391117,4,1,1,24230,24230,FALSE,TRUE,3,3,FALSE
0391122,4,1,1,24230,24230,FALSE,TRUE,3,3,FALSE
0391124,4,1,1,24230,24230,FALSE,TRUE,3,3,FALSE
0391126,4,1,1,24230,24230,FALSE,TRUE,3,3,FALSE
0391129,4,1,1,24230,24230,FALSE,TRUE,3,3,FALSE
0391131,4,1,1,24230,24230,FALSE,TRUE,3,3,FALSE
0391132,4,1,1,24230,24230,FALSE,TRUE,3,3,FALSE
0391133,4,1,1,24230,24230,FALSE,TRUE,3,3,FALSE
0391134,4,1,1,24230,24230,FALSE,TRUE,3,3,FALSE
0391136,4,1,1,24230,24230,FALSE,TRUE,3,3,FALSE
0391141,4,1,1,24230,24230,FALSE,TRUE,3,3,FALSE
0391147,4,1,1,24230,24230,FALSE,TRUE,3,3,FALSE
0391152,4,1,1,24230,24230,FALSE,TRUE,3,3,FALSE
0391153,4,1,1,24230,24230,FALSE,TRUE,3,3,FALSE
0391159,4,1,1,24230,24230,FALSE,TRUE,3,3,FALSE
0391160,4,1,1,24230,24230,FALSE,TRUE,3,3,FALSE
0391164,4,1,1,24230,24230,FALSE,TRUE,3,3,FALSE
0391166,4,1,1,24230,24230,FALSE,TRUE,3,3,FALSE
0391167,4,1,1,24230,24230,FALSE,TRUE,3,3,FALSE
0391168,4,1,1,24230,24230,FALSE,TRUE,3,3,FALSE
0391174,4,1,1,24230,24230,FALSE,TRUE,3,3,FALSE
0391175,4,1,1,24230,24230,FALSE,TRUE,3,3,FALSE
0391177,4,1,1,24230,24230,FALSE,TRUE,3,3,FALSE
0391179,4,1,1,24230,24230,FALSE,TRUE,3,3,FALSE
0391180,4,1,1,24230,24230,FALSE,TRUE,3,3,FALSE
0391183,4,1,1,24230,24230,FALSE,TRUE,3,3,FALSE
0391186,4,1,1,24230,24230,FALSE,TRUE,3,3,FALSE
0391191,4,1,1,24230,24230,FALSE,TRUE,3,3,FALSE
0391192,4,1,1,24230,24230,FALSE,TRUE,3,3,FALSE
0391194,4,1,1,24230,24230,FALSE,TRUE,3,3,FALSE
0391198,4,1,1,24230,24230,FALSE,TRUE,3,3,FALSE
0391199,4,1,1,24230,24230,FALSE,TRUE,3,3,FALSE
0391203,4,1,1,24230,24230,FALSE,TRUE,3,3,FALSE
0391204,4,1,1,24230,24230,FALSE,TRUE,3,3,FALSE
0391205,4,1,1,24230,24230,FALSE,TRUE,3,3,FALSE
0391207,4,1,1,24230,24230,FALSE,TRUE,3,3,FALSE
0391208,4,1,1,24230,24230,FALSE,TRUE,3,3,FALSE
0391209,4,1,1,24230,24230,FALSE,TRUE,3,3,FALSE
0391217,4,1,1,24230,24230,FALSE,TRUE,3,3,FALSE
0391219,4,1,1,24230,24230,FALSE,TRUE,3,3,FALSE
0391222,4,1,1,24230,24230,FALSE,TRUE,3,3,FALSE
0391223,4,1,1,24230,24230,FALSE,TRUE,3,3,FALSE
0391224,4,1,1,24230,24230,FALSE,TRUE,3,3,FALSE
0391225,4,1,1,24230,24230,FALSE,TRUE,3,3,FALSE
0391227,4,1,1,24230,24230,FALSE,TRUE,3,3,FALSE
0391228,4,1,1,24230,24230,FALSE,TRUE,3,3,FALSE
0391229,4,1,1,24230,24230,FALSE,TRUE,3,3,FALSE
0391230,4,1,1,24230,24230,FALSE,TRUE,3,3,FALSE
0391231,4,1,1,24230,24230,FALSE,TRUE,3,3,FALSE
0391233,4,1,1,24230,24230,FALSE,TRUE,3,3,FALSE
0391234,4,1,1,24230,24230,FALSE,TRUE,3,3,FALSE
0391242,4,1,1,24230,24230,FALSE,TRUE,3,3,FALSE
0391243,4,1,1,24230,24230,FALSE,TRUE,3,3,FALSE
0391244,4,1,1,24230,24230,FALSE,TRUE,3,3,FALSE
0391248,4,1,1,24230,24230,FALSE,TRUE,3,3,FALSE
0391249,4,1,1,24230,24230,FALSE,TRUE,3,3,FALSE
0391250,4,1,1,24230,24230,FALSE,TRUE,3,3,FALSE
0391251,4,1,1,24230,24230,FALSE,TRUE,3,3,FALSE
0391253,4,1,1,24230,24230,FALSE,TRUE,3,3,FALSE
0391255,4,1,1,24230,24230,FALSE,TRUE,3,3,FALSE
0391258,4,1,1,24230,24230,FALSE,TRUE,3,3,FALSE
0391261,4,1,1,24230,24230,FALSE,TRUE,3,3,FALSE
0391263,4,1,1,24230,24230,FALSE,TRUE,3,3,FALSE
0391264,4,1,1,24230,24230,FALSE,TRUE,3,3,FALSE
0391265,4,1,1,24230,24230,FALSE,TRUE,3,3,FALSE
0392280,4,1,1,24231,24231,FALSE,TRUE,3,3,FALSE
0392284,4,1,1,24231,24231,FALSE,TRUE,3,3,FALSE
0392285,4,1,1,24231,24231,FALSE,TRUE,3,3,FALSE
0392289,4,1,1,24231,24231,FALSE,TRUE,3,3,FALSE
0392293,4,1,1,24231,24231,FALSE,TRUE,3,3,FALSE
0392295,4,1,1,24231,24231,FALSE,TRUE,3,3,FALSE
0392300,4,1,1,24231,24231,FALSE,TRUE,3,3,FALSE
0392301,4,1,1,24231,24231,FALSE,TRUE,3,3,FALSE
0392302,4,1,1,24231,24231,FALSE,TRUE,3,3,FALSE
0392303,4,1,1,24231,24231,FALSE,TRUE,3,3,FALSE
0392304,4,1,1,24231,24231,FALSE,TRUE,3,3,FALSE
0392315,4,1,1,24231,24231,FALSE,TRUE,3,3,FALSE
0392317,4,1,1,24231,24231,FALSE,TRUE,3,3,FALSE
0392319,4,1,1,24231,24231,FALSE,TRUE,3,3,FALSE
0392321,4,1,1,24231,24231,FALSE,TRUE,3,3,FALSE
0392323,4,1,1,24231,24231,FALSE,TRUE,3,3,FALSE
0392325,4,1,1,24231,24231,FALSE,TRUE,3,3,FALSE
0392331,4,1,1,24231,24231,FALSE,TRUE,3,3,FALSE
0392333,4,1,1,24231,24231,FALSE,TRUE,3,3,FALSE
0392334,4,1,1,24231,24231,FALSE,TRUE,3,3,FALSE
0392338,4,1,1,24231,24231,FALSE,TRUE,3,3,FALSE
0392339,4,1,1,24231,24231,FALSE,TRUE,3,3,FALSE
0392340,4,1,1,24231,24231,FALSE,TRUE,3,3,FALSE
0392341,4,1,1,24231,24231,FALSE,TRUE,3,3,FALSE
0392342,4,1,1,24231,24231,FALSE,TRUE,3,3,FALSE
0392347,4,1,1,24231,24231,FALSE,TRUE,3,3,FALSE
0392348,4,1,1,24231,24231,FALSE,TRUE,3,3,FALSE
0392350,4,1,1,24231,24231,FALSE,TRUE,3,3,FALSE
0392353,4,1,1,24231,24231,FALSE,TRUE,3,3,FALSE
0392355,4,1,1,24231,24231,FALSE,TRUE,3,3,FALSE
0392356,4,1,1,24231,24231,FALSE,TRUE,3,3,FALSE
0392358,4,1,1,24231,24231,FALSE,TRUE,3,3,FALSE
0392360,4,1,1,24231,24231,FALSE,TRUE,3,3,FALSE
0392363,4,1,1,24231,24231,FALSE,TRUE,3,3,FALSE
0392365,4,1,1,24231,24231,FALSE,TRUE,3,3,FALSE
0392366,4,1,1,24231,24231,FALSE,TRUE,3,3,FALSE
0392369,4,1,1,24231,24231,FALSE,TRUE,3,3,FALSE
0392372,4,1,1,24231,24231,FALSE,TRUE,3,3,FALSE
0392375,4,1,1,24231,24231,FALSE,TRUE,3,3,FALSE
0392376,4,1,1,24231,24231,FALSE,TRUE,3,3,FALSE
0392378,4,1,1,24231,24231,FALSE,TRUE,3,3,FALSE
0392380,4,1,1,24231,24231,FALSE,TRUE,3,3,FALSE
0392381,4,1,1,24231,24231,FALSE,TRUE,3,3,FALSE
0392385,4,1,1,24231,24231,FALSE,TRUE,3,3,FALSE
0392388,4,1,1,24231,24231,FALSE,TRUE,3,3,FALSE
0392389,4,1,1,24231,24231,FALSE,TRUE,3,3,FALSE
0392393,4,1,1,24231,24231,FALSE,TRUE,3,3,FALSE
0392396,4,1,1,24231,24231,FALSE,TRUE,3,3,FALSE
0392397,4,1,1,24231,24231,FALSE,TRUE,3,3,FALSE
0392400,4,1,1,24231,24231,FALSE,TRUE,3,3,FALSE
0392403,4,1,1,24231,24231,FALSE,TRUE,3,3,FALSE
0392405,4,1,1,24231,24231,FALSE,TRUE,3,3,FALSE
0392409,4,1,1,24231,24231,FALSE,TRUE,3,3,FALSE
0392410,4,1,1,24231,24231,FALSE,TRUE,3,3,FALSE
0392412,4,1,1,24231,24231,FALSE,TRUE,3,3,FALSE
0392416,4,1,1,24231,24231,FALSE,TRUE,3,3,FALSE
0392421,4,1,1,24231,24231,FALSE,TRUE,3,3,FALSE
0392423,4,1,1,24231,24231,FALSE,TRUE,3,3,FALSE
0392424,4,1,1,24231,24231,FALSE,TRUE,3,3,FALSE
0392426,4,1,1,24231,24231,FALSE,TRUE,3,3,FALSE
0392427,4,1,1,24231,24231,FALSE,TRUE,3,3,FALSE
0392428,4,1,1,24231,24231,FALSE,TRUE,3,3,FALSE
0392429,4,1,1,24231,24231,FALSE,TRUE,3,3,FALSE
0392430,4,1,1,24231,24231,FALSE,TRUE,3,3,FALSE
0392433,4,1,1,24231,24231,FALSE,TRUE,3,3,FALSE
0392438,4,1,1,24231,24231,FALSE,TRUE,3,3,FALSE
0392439,4,1,1,24231,24231,FALSE,TRUE,3,3,FALSE
0392441,4,1,1,24231,24231,FALSE,TRUE,3,3,FALSE
0392442,4,1,1,24231,24231,FALSE,TRUE,3,3,FALSE
0392444,4,1,1,24231,24231,FALSE,TRUE,3,3,FALSE
0392446,4,1,1,24231,24231,FALSE,TRUE,3,3,FALSE
0392447,4,1,1,24231,24231,FALSE,TRUE,3,3,FALSE
0392448,4,1,1,24231,24231,FALSE,TRUE,3,3,FALSE
0392451,4,1,1,24231,24231,FALSE,TRUE,3,3,FALSE
0392458,4,1,1,24231,24231,FALSE,TRUE,3,3,FALSE
0392459,4,1,1,24231,24231,FALSE,TRUE,3,3,FALSE
0392466,4,1,1,24231,24231,FALSE,TRUE,3,3,FALSE
0392468,4,1,1,24231,24231,FALSE,TRUE,3,3,FALSE
0392471,4,1,1,24231,24231,FALSE,TRUE,3,3,FALSE
0392472,4,1,1,24231,24231,FALSE,TRUE,3,3,FALSE
0392473,4,1,1,24231,24231,FALSE,TRUE,3,3,FALSE
0392475,4,1,1,24231,24231,FALSE,TRUE,3,3,FALSE
0392476,4,1,1,24231,24231,FALSE,TRUE,3,3,FALSE
0392478,4,1,1,24231,24231,FALSE,TRUE,3,3,FALSE
0392480,4,1,1,24231,24231,FALSE,TRUE,3,3,FALSE
0392481,4,1,1,24231,24231,FALSE,TRUE,3,3,FALSE
0392483,4,1,1,24231,24231,FALSE,TRUE,3,3,FALSE
0392486,4,1,1,24231,24231,FALSE,TRUE,3,3,FALSE
0392487,4,1,1,24231,24231,FALSE,TRUE,3,3,FALSE
0392489,4,1,1,24231,24231,FALSE,TRUE,3,3,FALSE
0392490,4,1,1,24231,24231,FALSE,TRUE,3,3,FALSE
0392491,4,1,1,24231,24231,FALSE,TRUE,3,3,FALSE
0392493,4,1,1,24231,24231,FALSE,TRUE,3,3,FALSE
0392494,4,1,1,24231,24231,FALSE,TRUE,3,3,FALSE
0392495,4,1,1,24231,24231,FALSE,TRUE,3,3,FALSE
0392498,4,1,1,24231,24231,FALSE,TRUE,3,3,FALSE
0392503,4,1,1,24231,24231,FALSE,TRUE,3,3,FALSE
0392504,4,1,1,24231,24231,FALSE,TRUE,3,3,FALSE
0392505,4,1,1,24231,24231,FALSE,TRUE,3,3,FALSE
0392507,4,1,1,24231,24231,FALSE,TRUE,3,3,FALSE
0392508,4,1,1,24231,24231,FALSE,TRUE,3,3,FALSE
0392509,4,1,1,24231,24231,FALSE,TRUE,3,3,FALSE
0392510,4,1,1,24231,24231,FALSE,TRUE,3,3,FALSE
0392519,4,1,1,24231,24231,FALSE,TRUE,3,3,FALSE
0392520,4,1,1,24231,24231,FALSE,TRUE,3,3,FALSE
0392522,4,1,1,24231,24231,FALSE,TRUE,3,3,FALSE
0392532,4,1,1,24231,24231,FALSE,TRUE,3,3,FALSE
0392533,4,1,1,24231,24231,FALSE,TRUE,3,3,FALSE
0392538,4,1,1,24231,24231,FALSE,TRUE,3,3,FALSE
0392539,4,1,1,24231,24231,FALSE,TRUE,3,3,FALSE
0392542,4,1,1,24231,24231,FALSE,TRUE,3,3,FALSE
0392544,4,1,1,24231,24231,FALSE,TRUE,3,3,FALSE
0392545,4,1,1,24231,24231,FALSE,TRUE,3,3,FALSE
0392546,4,1,1,24231,24231,FALSE,TRUE,3,3,FALSE
0392555,4,1,1,24231,24231,FALSE,TRUE,3,3,FALSE
0392559,4,1,1,24231,24231,FALSE,TRUE,3,3,FALSE
0392566,4,1,1,24231,24231,FALSE,TRUE,3,3,FALSE
0392570,4,1,1,24231,24231,FALSE,TRUE,3,3,FALSE
0392573,4,1,1,24231,24231,FALSE,TRUE,3,3,FALSE
0392575,4,1,1,24231,24231,FALSE,TRUE,3,3,FALSE
0392576,4,1,1,24231,24231,FALSE,TRUE,3,3,FALSE
0392577,4,1,1,24231,24231,FALSE,TRUE,3,3,FALSE
0392580,4,1,1,24231,24231,FALSE,TRUE,3,3,FALSE
0392582,4,1,1,24231,24231,FALSE,TRUE,3,3,FALSE
0392583,4,1,1,24231,24231,FALSE,TRUE,3,3,FALSE
0392585,4,1,1,24231,24231,FALSE,TRUE,3,3,FALSE
0392587,4,1,1,24231,24231,FALSE,TRUE,3,3,FALSE
0392589,4,1,1,24231,24231,FALSE,TRUE,3,3,FALSE
0392590,4,1,1,24231,24231,FALSE,TRUE,3,3,FALSE
0392592,4,1,1,24231,24231,FALSE,TRUE,3,3,FALSE
0392593,4,1,1,24231,24231,FALSE,TRUE,3,3,FALSE
0392595,4,1,1,24231,24231,FALSE,TRUE,3,3,FALSE
0392596,4,1,1,24231,24231,FALSE,TRUE,3,3,FALSE
0392597,4,1,1,24231,24231,FALSE,TRUE,3,3,FALSE
0392600,4,1,1,24231,24231,FALSE,TRUE,3,3,FALSE
0392614,4,1,1,24231,24231,FALSE,TRUE,3,3,FALSE
0392616,4,1,1,24231,24231,FALSE,TRUE,3,3,FALSE
0392619,4,1,1,24231,24231,FALSE,TRUE,3,3,FALSE
0392620,4,1,1,24231,24231,FALSE,TRUE,3,3,FALSE
0392621,4,1,1,24231,24231,FALSE,TRUE,3,3,FALSE
0392624,4,1,1,24231,24231,FALSE,TRUE,3,3,FALSE
0392625,4,1,1,24231,24231,FALSE,TRUE,3,3,FALSE
0392628,4,1,1,24231,24231,FALSE,TRUE,3,3,FALSE
0392629,4,1,1,24231,24231,FALSE,TRUE,3,3,FALSE
0392633,4,1,1,24231,24231,FALSE,TRUE,3,3,FALSE
0392634,4,1,1,24231,24231,FALSE,TRUE,3,3,FALSE
0392635,4,1,1,24231,24231,FALSE,TRUE,3,3,FALSE
0392638,4,1,1,24231,24231,FALSE,TRUE,3,3,FALSE
0392639,4,1,1,24231,24231,FALSE,TRUE,3,3,FALSE
0392644,4,1,1,24231,24231,FALSE,TRUE,3,3,FALSE
0392645,4,1,1,24231,24231,FALSE,TRUE,3,3,FALSE
0392646,4,1,1,24231,24231,FALSE,TRUE,3,3,FALSE
0392651,4,1,1,24231,24231,FALSE,TRUE,3,3,FALSE
0392653,4,1,1,24231,24231,FALSE,TRUE,3,3,FALSE
0392654,4,1,1,24231,24231,FALSE,TRUE,3,3,FALSE
0392661,4,1,1,24231,24231,FALSE,TRUE,3,3,FALSE
0392662,4,1,1,24231,24231,FALSE,TRUE,3,3,FALSE
0392664,4,1,1,24231,24231,FALSE,TRUE,3,3,FALSE
0392665,4,1,1,24231,24231,FALSE,TRUE,3,3,FALSE
0392667,4,1,1,24231,24231,FALSE,TRUE,3,3,FALSE
0392670,4,1,1,24231,24231,FALSE,TRUE,3,3,FALSE
0392678,4,1,1,24231,24231,FALSE,TRUE,3,3,FALSE
0392680,4,1,1,24231,24231,FALSE,TRUE,3,3,FALSE
0392682,4,1,1,24231,24231,FALSE,TRUE,3,3,FALSE
0392684,4,1,1,24231,24231,FALSE,TRUE,3,3,FALSE
0392686,4,1,1,24231,24231,FALSE,TRUE,3,3,FALSE
0392687,4,1,1,24231,24231,FALSE,TRUE,3,3,FALSE
0392692,4,1,1,24231,24231,FALSE,TRUE,3,3,FALSE
0392693,4,1,1,24231,24231,FALSE,TRUE,3,3,FALSE
0392696,4,1,1,24231,24231,FALSE,TRUE,3,3,FALSE
0392697,4,1,1,24231,24231,FALSE,TRUE,3,3,FALSE
0392698,4,1,1,24231,24231,FALSE,TRUE,3,3,FALSE
0392699,4,1,1,24231,24231,FALSE,TRUE,3,3,FALSE
0392700,4,1,1,24231,24231,FALSE,TRUE,3,3,FALSE
0392701,4,1,1,24231,24231,FALSE,TRUE,3,3,FALSE
0392704,4,1,1,24231,24231,FALSE,TRUE,3,3,FALSE
0392705,4,1,1,24231,24231,FALSE,TRUE,3,3,FALSE
0392706,4,1,1,24231,24231,FALSE,TRUE,3,3,FALSE
0392710,4,1,1,24231,24231,FALSE,TRUE,3,3,FALSE
0392714,4,1,1,24231,24231,FALSE,TRUE,3,3,FALSE
0392715,4,1,1,24231,24231,FALSE,TRUE,3,3,FALSE
0392716,4,1,1,24231,24231,FALSE,TRUE,3,3,FALSE
0392718,4,1,1,24231,24231,FALSE,TRUE,3,3,FALSE
0392720,4,1,1,24231,24231,FALSE,TRUE,3,3,FALSE
0392723,4,1,1,24231,24231,FALSE,TRUE,3,3,FALSE
0392724,4,1,1,24231,24231,FALSE,TRUE,3,3,FALSE
0392725,4,1,1,24231,24231,FALSE,TRUE,3,3,FALSE
0392730,4,1,1,24231,24231,FALSE,TRUE,3,3,FALSE
0392731,4,1,1,24231,24231,FALSE,TRUE,3,3,FALSE
0392733,4,1,1,24231,24231,FALSE,TRUE,3,3,FALSE
0392735,4,1,1,24231,24231,FALSE,TRUE,3,3,FALSE
0392737,4,1,1,24231,24231,FALSE,TRUE,3,3,FALSE
0392739,4,1,1,24231,24231,FALSE,TRUE,3,3,FALSE
0392742,4,1,1,24231,24231,FALSE,TRUE,3,3,FALSE
0392744,4,1,1,24231,24231,FALSE,TRUE,3,3,FALSE
0392746,4,1,1,24231,24231,FALSE,TRUE,3,3,FALSE
0392747,4,1,1,24231,24231,FALSE,TRUE,3,3,FALSE
0392749,4,1,1,24231,24231,FALSE,TRUE,3,3,FALSE
0392750,4,1,1,24231,24231,FALSE,TRUE,3,3,FALSE
0392753,4,1,1,24231,24231,FALSE,TRUE,3,3,FALSE
0392755,4,1,1,24231,24231,FALSE,TRUE,3,3,FALSE
0392756,4,1,1,24231,24231,FALSE,TRUE,3,3,FALSE
0392758,4,1,1,24231,24231,FALSE,TRUE,3,3,FALSE
0392759,4,1,1,24231,24231,FALSE,TRUE,3,3,FALSE
0392761,4,1,1,24231,24231,FALSE,TRUE,3,3,FALSE
0392763,4,1,1,24231,24231,FALSE,TRUE,3,3,FALSE
0392764,4,1,1,24231,24231,FALSE,TRUE,3,3,FALSE
0392765,4,1,1,24231,24231,FALSE,TRUE,3,3,FALSE
0392768,4,1,1,24231,24231,FALSE,TRUE,3,3,FALSE
0392769,4,1,1,24231,24231,FALSE,TRUE,3,3,FALSE
0392780,4,1,1,24231,24231,FALSE,TRUE,3,3,FALSE
0392781,4,1,1,24231,24231,FALSE,TRUE,3,3,FALSE
0392782,4,1,1,24231,24231,FALSE,TRUE,3,3,FALSE
0392790,4,1,1,24231,24231,FALSE,TRUE,3,3,FALSE
0392791,4,1,1,24231,24231,FALSE,TRUE,3,3,FALSE
0392792,4,1,1,24231,24231,FALSE,TRUE,3,3,FALSE
0392795,4,1,1,24231,24231,FALSE,TRUE,3,3,FALSE
0392797,4,1,1,24231,24231,FALSE,TRUE,3,3,FALSE
0392798,4,1,1,24231,24231,FALSE,TRUE,3,3,FALSE
0392799,4,1,1,24231,24231,FALSE,TRUE,3,3,FALSE
0392805,4,1,1,24231,24231,FALSE,TRUE,3,3,FALSE
0392806,4,1,1,24231,24231,FALSE,TRUE,3,3,FALSE
0392807,4,1,1,24231,24231,FALSE,TRUE,3,3,FALSE
0392811,4,1,1,24231,24231,FALSE,TRUE,3,3,FALSE
0392814,4,1,1,24231,24231,FALSE,TRUE,3,3,FALSE
0392818,4,1,1,24231,24231,FALSE,TRUE,3,3,FALSE
0392820,4,1,1,24231,24231,FALSE,TRUE,3,3,FALSE
0392824,4,1,1,24231,24231,FALSE,TRUE,3,3,FALSE
0392828,4,1,1,24231,24231,FALSE,TRUE,3,3,FALSE
0392829,4,1,1,24231,24231,FALSE,TRUE,3,3,FALSE
0392833,4,1,1,24231,24231,FALSE,TRUE,3,3,FALSE
0392841,4,1,1,24231,24231,FALSE,TRUE,3,3,FALSE
0392842,4,1,1,24231,24231,FALSE,TRUE,3,3,FALSE
0392844,4,1,1,24231,24231,FALSE,TRUE,3,3,FALSE
0392846,4,1,1,24231,24231,FALSE,TRUE,3,3,FALSE
0392848,4,1,1,24231,24231,FALSE,TRUE,3,3,FALSE
0392849,4,1,1,24231,24231,FALSE,TRUE,3,3,FALSE
0392850,4,1,1,24231,24231,FALSE,TRUE,3,3,FALSE
0392851,4,1,1,24231,24231,FALSE,TRUE,3,3,FALSE
0392852,4,1,1,24231,24231,FALSE,TRUE,3,3,FALSE
0392853,4,1,1,24231,24231,FALSE,TRUE,3,3,FALSE
0392854,4,1,1,24231,24231,FALSE,TRUE,3,3,FALSE
0392857,4,1,1,24231,24231,FALSE,TRUE,3,3,FALSE
0392862,4,1,1,24231,24231,FALSE,TRUE,3,3,FALSE
0392864,4,1,1,24231,24231,FALSE,TRUE,3,3,FALSE
0392866,4,1,1,24231,24231,FALSE,TRUE,3,3,FALSE
0392870,4,1,1,24231,24231,FALSE,TRUE,3,3,FALSE
0392873,4,1,1,24231,24231,FALSE,TRUE,3,3,FALSE
0392875,4,1,1,24231,24231,FALSE,TRUE,3,3,FALSE
0392876,4,1,1,24231,24231,FALSE,TRUE,3,3,FALSE
0392877,4,1,1,24231,24231,FALSE,TRUE,3,3,FALSE
0392882,4,1,1,24231,24231,FALSE,TRUE,3,3,FALSE
0392887,4,1,1,24231,24231,FALSE,TRUE,3,3,FALSE
0392888,4,1,1,24231,24231,FALSE,TRUE,3,3,FALSE
0392890,4,1,1,24231,24231,FALSE,TRUE,3,3,FALSE
0392893,4,1,1,24231,24231,FALSE,TRUE,3,3,FALSE
0392896,4,1,1,24231,24231,FALSE,TRUE,3,3,FALSE
0392897,4,1,1,24231,24231,FALSE,TRUE,3,3,FALSE
0392898,4,1,1,24231,24231,FALSE,TRUE,3,3,FALSE
0392899,4,1,1,24231,24231,FALSE,TRUE,3,3,FALSE
0392900,4,1,1,24231,24231,FALSE,TRUE,3,3,FALSE
0392902,4,1,1,24231,24231,FALSE,TRUE,3,3,FALSE
0392913,4,1,1,24231,24231,FALSE,TRUE,3,3,FALSE
0392914,4,1,1,24231,24231,FALSE,TRUE,3,3,FALSE
0392915,4,1,1,24231,24231,FALSE,TRUE,3,3,FALSE
0392916,4,1,1,24231,24231,FALSE,TRUE,3,3,FALSE
0392917,4,1,1,24231,24231,FALSE,TRUE,3,3,FALSE
0392918,4,1,1,24231,24231,FALSE,TRUE,3,3,FALSE
0392924,4,1,1,24231,24231,FALSE,TRUE,3,3,FALSE
0392927,4,1,1,24231,24231,FALSE,TRUE,3,3,FALSE
0392928,4,1,1,24231,24231,FALSE,TRUE,3,3,FALSE
0392930,4,1,1,24231,24231,FALSE,TRUE,3,3,FALSE
0392931,4,1,1,24231,24231,FALSE,TRUE,3,3,FALSE
0392932,4,1,1,24231,24231,FALSE,TRUE,3,3,FALSE
0392936,4,1,1,24231,24231,FALSE,TRUE,3,3,FALSE
0392939,4,1,1,24231,24231,FALSE,TRUE,3,3,FALSE
0392942,4,1,1,24231,24231,FALSE,TRUE,3,3,FALSE
0392943,4,1,1,24231,24231,FALSE,TRUE,3,3,FALSE
0392945,4,1,1,24231,24231,FALSE,TRUE,3,3,FALSE
0392946,4,1,1,24231,24231,FALSE,TRUE,3,3,FALSE
0392951,4,1,1,24231,24231,FALSE,TRUE,3,3,FALSE
0392952,4,1,1,24231,24231,FALSE,TRUE,3,3,FALSE
0392953,4,1,1,24231,24231,FALSE,TRUE,3,3,FALSE
0392954,4,1,1,24231,24231,FALSE,TRUE,3,3,FALSE
0392956,4,1,1,24231,24231,FALSE,TRUE,3,3,FALSE
0392962,4,1,1,24231,24231,FALSE,TRUE,3,3,FALSE
0392967,4,1,1,24231,24231,FALSE,TRUE,3,3,FALSE
0392968,4,1,1,24231,24231,FALSE,TRUE,3,3,FALSE
0392972,4,1,1,24231,24231,FALSE,TRUE,3,3,FALSE
0392974,4,1,1,24231,24231,FALSE,TRUE,3,3,FALSE
0392981,4,1,1,24231,24231,FALSE,TRUE,3,3,FALSE
0392982,4,1,1,24231,24231,FALSE,TRUE,3,3,FALSE
0392985,4,1,1,24231,24231,FALSE,TRUE,3,3,FALSE
0392987,4,1,1,24231,24231,FALSE,TRUE,3,3,FALSE
0392990,4,1,1,24231,24231,FALSE,TRUE,3,3,FALSE
0392992,4,1,1,24231,24231,FALSE,TRUE,3,3,FALSE
0392993,4,1,1,24231,24231,FALSE,TRUE,3,3,FALSE
0393002,4,1,1,24231,24231,FALSE,TRUE,3,3,FALSE
0393003,4,1,1,24231,24231,FALSE,TRUE,3,3,FALSE
0393004,4,1,1,24231,24231,FALSE,TRUE,3,3,FALSE
0393005,4,1,1,24231,24231,FALSE,TRUE,3,3,FALSE
0393008,4,1,1,24231,24231,FALSE,TRUE,3,3,FALSE
0393011,4,1,1,24231,24231,FALSE,TRUE,3,3,FALSE
0393012,4,1,1,24231,24231,FALSE,TRUE,3,3,FALSE
0393013,4,1,1,24231,24231,FALSE,TRUE,3,3,FALSE
0393015,4,1,1,24231,24231,FALSE,TRUE,3,3,FALSE
0393017,4,1,1,24231,24231,FALSE,TRUE,3,3,FALSE
0393022,4,1,1,24231,24231,FALSE,TRUE,3,3,FALSE
0393023,4,1,1,24231,24231,FALSE,TRUE,3,3,FALSE
0393024,4,1,1,24231,24231,FALSE,TRUE,3,3,FALSE
0393026,4,1,1,24231,24231,FALSE,TRUE,3,3,FALSE
0393027,4,1,1,24231,24231,FALSE,TRUE,3,3,FALSE
0393029,4,1,1,24231,24231,FALSE,TRUE,3,3,FALSE
0393030,4,1,1,24231,24231,FALSE,TRUE,3,3,FALSE
0393031,4,1,1,24231,24231,FALSE,TRUE,3,3,FALSE
0393034,4,1,1,24231,24231,FALSE,TRUE,3,3,FALSE
0393035,4,1,1,24231,24231,FALSE,TRUE,3,3,FALSE
0393036,4,1,1,24231,24231,FALSE,TRUE,3,3,FALSE
0393039,4,1,1,24231,24231,FALSE,TRUE,3,3,FALSE
0393041,4,1,1,24231,24231,FALSE,TRUE,3,3,FALSE
0393042,4,1,1,24231,24231,FALSE,TRUE,3,3,FALSE
0393043,4,1,1,24231,24231,FALSE,TRUE,3,3,FALSE
0393047,4,1,1,24231,24231,FALSE,TRUE,3,3,FALSE
0393048,4,1,1,24231,24231,FALSE,TRUE,3,3,FALSE
0393051,4,1,1,24231,24231,FALSE,TRUE,3,3,FALSE
0393054,4,1,1,24231,24231,FALSE,TRUE,3,3,FALSE
0393056,4,1,1,24231,24231,FALSE,TRUE,3,3,FALSE
0393057,4,1,1,24231,24231,FALSE,TRUE,3,3,FALSE
0393059,4,1,1,24231,24231,FALSE,TRUE,3,3,FALSE
0393065,4,1,1,24231,24231,FALSE,TRUE,3,3,FALSE
0393070,4,1,1,24231,24231,FALSE,TRUE,3,3,FALSE
0393072,4,1,1,24231,24231,FALSE,TRUE,3,3,FALSE
0393073,4,1,1,24231,24231,FALSE,TRUE,3,3,FALSE
0393081,4,1,1,24231,24231,FALSE,TRUE,3,3,FALSE
0393082,4,1,1,24231,24231,FALSE,TRUE,3,3,FALSE
0393083,4,1,1,24231,24231,FALSE,TRUE,3,3,FALSE
0393085,4,1,1,24231,24231,FALSE,TRUE,3,3,FALSE
0393086,4,1,1,24231,24231,FALSE,TRUE,3,3,FALSE
0393087,4,1,1,24231,24231,FALSE,TRUE,3,3,FALSE
0393090,4,1,1,24231,24231,FALSE,TRUE,3,3,FALSE
0393091,4,1,1,24231,24231,FALSE,TRUE,3,3,FALSE
0393093,4,1,1,24231,24231,FALSE,TRUE,3,3,FALSE
0393094,4,1,1,24231,24231,FALSE,TRUE,3,3,FALSE
0393095,4,1,1,24231,24231,FALSE,TRUE,3,3,FALSE
0393101,4,1,1,24231,24231,FALSE,TRUE,3,3,FALSE
0393103,4,1,1,24231,24231,FALSE,TRUE,3,3,FALSE
0393105,4,1,1,24231,24231,FALSE,TRUE,3,3,FALSE
0393106,4,1,1,24231,24231,FALSE,TRUE,3,3,FALSE
0393108,4,1,1,24231,24231,FALSE,TRUE,3,3,FALSE
0393109,4,1,1,24231,24231,FALSE,TRUE,3,3,FALSE
0393111,4,1,1,24231,24231,FALSE,TRUE,3,3,FALSE
0393112,4,1,1,24231,24231,FALSE,TRUE,3,3,FALSE
0393113,4,1,1,24231,24231,FALSE,TRUE,3,3,FALSE
0393115,4,1,1,24231,24231,FALSE,TRUE,3,3,FALSE
0393118,4,1,1,24231,24231,FALSE,TRUE,3,3,FALSE
0393123,4,1,1,24231,24231,FALSE,TRUE,3,3,FALSE
0393125,4,1,1,24231,24231,FALSE,TRUE,3,3,FALSE
0393128,4,1,1,24231,24231,FALSE,TRUE,3,3,FALSE
0393129,4,1,1,24231,24231,FALSE,TRUE,3,3,FALSE
0393132,4,1,1,24231,24231,FALSE,TRUE,3,3,FALSE
0393135,4,1,1,24231,24231,FALSE,TRUE,3,3,FALSE
0393138,4,1,1,24231,24231,FALSE,TRUE,3,3,FALSE
0393144,4,1,1,24231,24231,FALSE,TRUE,3,3,FALSE
0393146,4,1,1,24231,24231,FALSE,TRUE,3,3,FALSE
0393149,4,1,1,24231,24231,FALSE,TRUE,3,3,FALSE
0393152,4,1,1,24231,24231,FALSE,TRUE,3,3,FALSE
0393155,4,1,1,24231,24231,FALSE,TRUE,3,3,FALSE
0393160,4,1,1,24231,24231,FALSE,TRUE,3,3,FALSE
0393162,4,1,1,24231,24231,FALSE,TRUE,3,3,FALSE
0393165,4,1,1,24231,24231,FALSE,TRUE,3,3,FALSE
0393167,4,1,1,24231,24231,FALSE,TRUE,3,3,FALSE
0393170,4,1,1,24231,24231,FALSE,TRUE,3,3,FALSE
0393171,4,1,1,24231,24231,FALSE,TRUE,3,3,FALSE
0393172,4,1,1,24231,24231,FALSE,TRUE,3,3,FALSE
0393174,4,1,1,24231,24231,FALSE,TRUE,3,3,FALSE
0393175,4,1,1,24231,24231,FALSE,TRUE,3,3,FALSE
0393178,4,1,1,24231,24231,FALSE,TRUE,3,3,FALSE
0393179,4,1,1,24231,24231,FALSE,TRUE,3,3,FALSE
0393181,4,1,1,24231,24231,FALSE,TRUE,3,3,FALSE
0393186,4,1,1,24231,24231,FALSE,TRUE,3,3,FALSE
0393187,4,1,1,24231,24231,FALSE,TRUE,3,3,FALSE
0393188,4,1,1,24231,24231,FALSE,TRUE,3,3,FALSE
0393189,4,1,1,24231,24231,FALSE,TRUE,3,3,FALSE
0393190,4,1,1,24231,24231,FALSE,TRUE,3,3,FALSE
0393192,4,1,1,24231,24231,FALSE,TRUE,3,3,FALSE
0393198,4,1,1,24231,24231,FALSE,TRUE,3,3,FALSE
0393203,4,1,1,24231,24231,FALSE,TRUE,3,3,FALSE
0393207,4,1,1,24231,24231,FALSE,TRUE,3,3,FALSE
0393210,4,1,1,24231,24231,FALSE,TRUE,3,3,FALSE
0393214,4,1,1,24231,24231,FALSE,TRUE,3,3,FALSE
0393216,4,1,1,24231,24231,FALSE,TRUE,3,3,FALSE
0393220,4,1,1,24231,24231,FALSE,TRUE,3,3,FALSE
0393221,4,1,1,24231,24231,FALSE,TRUE,3,3,FALSE
0393223,4,1,1,24231,24231,FALSE,TRUE,3,3,FALSE
0393224,4,1,1,24231,24231,FALSE,TRUE,3,3,FALSE
0393229,4,1,1,24231,24231,FALSE,TRUE,3,3,FALSE
0393231,4,1,1,24231,24231,FALSE,TRUE,3,3,FALSE
0393232,4,1,1,24231,24231,FALSE,TRUE,3,3,FALSE
0393234,4,1,1,24231,24231,FALSE,TRUE,3,3,FALSE
0393237,4,1,1,24231,24231,FALSE,TRUE,3,3,FALSE
0393240,4,1,1,24231,24231,FALSE,TRUE,3,3,FALSE
0393242,4,1,1,24231,24231,FALSE,TRUE,3,3,FALSE
0393244,4,1,1,24231,24231,FALSE,TRUE,3,3,FALSE
0393247,4,1,1,24231,24231,FALSE,TRUE,3,3,FALSE
0393249,4,1,1,24231,24231,FALSE,TRUE,3,3,FALSE
0393251,4,1,1,24231,24231,FALSE,TRUE,3,3,FALSE
0393253,4,1,1,24231,24231,FALSE,TRUE,3,3,FALSE
0393254,4,1,1,24231,24231,FALSE,TRUE,3,3,FALSE
0393255,4,1,1,24231,24231,FALSE,TRUE,3,3,FALSE
0393257,4,1,1,24231,24231,FALSE,TRUE,3,3,FALSE
0393258,4,1,1,24231,24231,FALSE,TRUE,3,3,FALSE
0393259,4,1,1,24231,24231,FALSE,TRUE,3,3,FALSE
0393266,4,1,1,24231,24231,FALSE,TRUE,3,3,FALSE
0393267,4,1,1,24231,24231,FALSE,TRUE,3,3,FALSE
0393268,4,1,1,24231,24231,FALSE,TRUE,3,3,FALSE
0393270,4,1,1,24231,24231,FALSE,TRUE,3,3,FALSE
0393271,4,1,1,24231,24231,FALSE,TRUE,3,3,FALSE
0393272,4,1,1,24231,24231,FALSE,TRUE,3,3,FALSE
0393273,4,1,1,24231,24231,FALSE,TRUE,3,3,FALSE
0393275,4,1,1,24231,24231,FALSE,TRUE,3,3,FALSE
0393276,4,1,1,24231,24231,FALSE,TRUE,3,3,FALSE
0393277,4,1,1,24231,24231,FALSE,TRUE,3,3,FALSE
0393278,4,1,1,24231,24231,FALSE,TRUE,3,3,FALSE
0393279,4,1,1,24231,24231,FALSE,TRUE,3,3,FALSE
0393281,4,1,1,24231,24231,FALSE,TRUE,3,3,FALSE
0393283,4,1,1,24231,24231,FALSE,TRUE,3,3,FALSE
0393286,4,1,1,24231,24231,FALSE,TRUE,3,3,FALSE
0393288,4,1,1,24231,24231,FALSE,TRUE,3,3,FALSE
0393290,4,1,1,24231,24231,FALSE,TRUE,3,3,FALSE
0393291,4,1,1,24231,24231,FALSE,TRUE,3,3,FALSE
0393292,4,1,1,24231,24231,FALSE,TRUE,3,3,FALSE
0393293,4,1,1,24231,24231,FALSE,TRUE,3,3,FALSE
0393296,4,1,1,24231,24231,FALSE,TRUE,3,3,FALSE
0393299,4,1,1,24231,24231,FALSE,TRUE,3,3,FALSE
0393300,4,1,1,24231,24231,FALSE,TRUE,3,3,FALSE
0393301,4,1,1,24231,24231,FALSE,TRUE,3,3,FALSE
0393303,4,1,1,24231,24231,FALSE,TRUE,3,3,FALSE
0393305,4,1,1,24231,24231,FALSE,TRUE,3,3,FALSE
0393312,4,1,1,24231,24231,FALSE,TRUE,3,3,FALSE
0393316,4,1,1,24231,24231,FALSE,TRUE,3,3,FALSE
0393319,4,1,1,24231,24231,FALSE,TRUE,3,3,FALSE
0393323,4,1,1,24231,24231,FALSE,TRUE,3,3,FALSE
0393328,4,1,1,24231,24231,FALSE,TRUE,3,3,FALSE
0393332,4,1,1,24231,24231,FALSE,TRUE,3,3,FALSE
0393333,4,1,1,24231,24231,FALSE,TRUE,3,3,FALSE
0393336,4,1,1,24231,24231,FALSE,TRUE,3,3,FALSE
0393341,4,1,1,24231,24231,FALSE,TRUE,3,3,FALSE
0393342,4,1,1,24231,24231,FALSE,TRUE,3,3,FALSE
0393346,4,1,1,24231,24231,FALSE,TRUE,3,3,FALSE
0393347,4,1,1,24231,24231,FALSE,TRUE,3,3,FALSE
0393348,4,1,1,24231,24231,FALSE,TRUE,3,3,FALSE
0393352,4,1,1,24231,24231,FALSE,TRUE,3,3,FALSE
0393354,4,1,1,24231,24231,FALSE,TRUE,3,3,FALSE
0394401,34,2,2,24229,24232,FALSE,TRUE,6,6,FALSE
0394403,34,2,2,24229,24232,FALSE,TRUE,6,6,FALSE
0394406,4,1,1,24232,24232,FALSE,TRUE,3,3,FALSE
0394410,4,1,1,24232,24232,FALSE,TRUE,3,3,FALSE
0394411,34,2,2,24229,24232,FALSE,TRUE,6,6,FALSE
0394413,34,2,2,24229,24232,FALSE,TRUE,6,6,FALSE
0394414,3,1,1,24229,24229,FALSE,TRUE,3,3,FALSE
0394416,34,2,2,24229,24232,FALSE,TRUE,6,6,FALSE
0394418,34,2,2,24229,24232,FALSE,TRUE,6,6,FALSE
0394419,34,2,2,24229,24232,FALSE,TRUE,6,6,FALSE
0394420,34,2,2,24229,24232,FALSE,TRUE,6,6,FALSE
0394421,34,2,2,24229,24232,FALSE,TRUE,6,6,FALSE
0394422,34,2,2,24229,24232,FALSE,TRUE,6,6,FALSE
0394424,3,1,1,24229,24229,FALSE,TRUE,3,3,FALSE
0394427,34,2,2,24229,24232,FALSE,TRUE,6,6,FALSE
0394431,34,2,2,24229,24232,FALSE,TRUE,6,6,FALSE
0394433,34,2,2,24229,24232,FALSE,TRUE,6,6,FALSE
0394437,34,2,2,24229,24232,FALSE,TRUE,6,6,FALSE
0394440,34,2,2,24229,24232,FALSE,TRUE,6,6,FALSE
0394441,34,2,2,24229,24232,FALSE,TRUE,6,6,FALSE
0394442,34,2,2,24229,24232,FALSE,TRUE,6,6,FALSE
0394445,3,1,1,24229,24229,FALSE,TRUE,3,3,FALSE
0394447,34,2,2,24229,24232,FALSE,TRUE,6,6,FALSE
0394448,34,2,2,24229,24232,FALSE,TRUE,6,6,FALSE
0394449,34,2,2,24229,24232,FALSE,TRUE,6,6,FALSE
0394450,3,1,1,24229,24229,FALSE,TRUE,3,3,FALSE
0394452,34,2,2,24229,24232,FALSE,TRUE,6,6,FALSE
0394453,34,2,2,24229,24232,FALSE,TRUE,6,6,FALSE
0394454,4,1,1,24232,24232,FALSE,TRUE,3,3,FALSE
0394455,34,2,2,24229,24232,FALSE,TRUE,6,6,FALSE
0394457,34,2,2,24229,24232,FALSE,TRUE,6,6,FALSE
0394459,3,1,1,24229,24229,FALSE,TRUE,3,3,FALSE
0394460,34,2,2,24229,24232,FALSE,TRUE,6,6,FALSE
0394462,34,2,2,24229,24232,FALSE,TRUE,6,6,FALSE
0394463,34,2,2,24229,24232,FALSE,TRUE,6,6,FALSE
0394467,34,2,2,24229,24232,FALSE,TRUE,6,6,FALSE
0394469,4,1,1,24232,24232,FALSE,TRUE,3,3,FALSE
0394471,34,2,2,24229,24232,FALSE,TRUE,6,6,FALSE
0394474,34,2,2,24229,24232,FALSE,TRUE,6,6,FALSE
0394476,34,2,2,24229,24232,FALSE,TRUE,6,6,FALSE
0394481,34,2,2,24229,24232,FALSE,TRUE,6,6,FALSE
0394482,4,1,1,24232,24232,FALSE,TRUE,3,3,FALSE
0394483,3,1,1,24229,24229,FALSE,TRUE,3,3,FALSE
0394484,34,2,2,24229,24232,FALSE,TRUE,6,6,FALSE
0394486,34,2,2,24229,24232,FALSE,TRUE,6,6,FALSE
0394489,34,2,2,24229,24232,FALSE,TRUE,6,6,FALSE
0394490,34,2,2,24229,24232,FALSE,TRUE,6,6,FALSE
0394494,34,2,2,24229,24232,FALSE,TRUE,6,6,FALSE
0394495,34,2,2,24229,24232,FALSE,TRUE,6,6,FALSE
0394496,34,2,2,24229,24232,FALSE,TRUE,6,6,FALSE
0394498,34,2,2,24229,24232,FALSE,TRUE,6,6,FALSE
0394500,34,2,2,24229,24232,FALSE,TRUE,6,6,FALSE
0394501,34,2,2,24229,24232,FALSE,TRUE,6,6,FALSE
0394506,34,2,2,24229,24232,FALSE,TRUE,6,6,FALSE
0394508,4,1,1,24232,24232,FALSE,TRUE,3,3,FALSE
0394509,4,1,1,24232,24232,FALSE,TRUE,3,3,FALSE
0394510,34,2,2,24229,24232,FALSE,TRUE,6,6,FALSE
0394520,34,2,2,24229,24232,FALSE,TRUE,6,6,FALSE
0394522,3,1,1,24229,24229,FALSE,TRUE,3,3,FALSE
0394526,34,2,2,24229,24232,FALSE,TRUE,6,6,FALSE
0394527,34,2,2,24229,24232,FALSE,TRUE,6,6,FALSE
0394528,34,2,2,24229,24232,FALSE,TRUE,6,6,FALSE
0394529,3,1,1,24229,24229,FALSE,TRUE,3,3,FALSE
0394532,4,1,1,24232,24232,FALSE,TRUE,3,3,FALSE
0394533,34,2,2,24229,24232,FALSE,TRUE,6,6,FALSE
0394534,34,2,2,24229,24232,FALSE,TRUE,6,6,FALSE
0394539,34,2,2,24229,24232,FALSE,TRUE,6,6,FALSE
0394541,34,2,2,24229,24232,FALSE,TRUE,6,6,FALSE
0394543,34,2,2,24229,24232,FALSE,TRUE,6,6,FALSE
0394545,34,2,2,24229,24232,FALSE,TRUE,6,6,FALSE
0394546,34,2,2,24229,24232,FALSE,TRUE,6,6,FALSE
0394547,4,1,1,24232,24232,FALSE,TRUE,3,3,FALSE
0394550,34,2,2,24229,24232,FALSE,TRUE,6,6,FALSE
0394552,34,2,2,24229,24232,FALSE,TRUE,6,6,FALSE
0394553,34,2,2,24229,24232,FALSE,TRUE,6,6,FALSE
0394554,34,2,2,24229,24232,FALSE,TRUE,6,6,FALSE
0394556,34,2,2,24229,24232,FALSE,TRUE,6,6,FALSE
0394557,34,2,2,24229,24232,FALSE,TRUE,6,6,FALSE
0394559,34,2,2,24229,24232,FALSE,TRUE,6,6,FALSE
0394563,34,2,2,24229,24232,FALSE,TRUE,6,6,FALSE
0394567,4,1,1,24232,24232,FALSE,TRUE,3,3,FALSE
0394568,34,2,2,24229,24232,FALSE,TRUE,6,6,FALSE
0394569,34,2,2,24229,24232,FALSE,TRUE,6,6,FALSE
0394570,4,1,1,24232,24232,FALSE,TRUE,3,3,FALSE
0394571,34,2,2,24229,24232,FALSE,TRUE,6,6,FALSE
0394573,34,2,2,24229,24232,FALSE,TRUE,6,6,FALSE
0394574,34,2,2,24229,24232,FALSE,TRUE,6,6,FALSE
0394578,34,2,2,24229,24232,FALSE,TRUE,6,6,FALSE
0394584,34,2,2,24229,24232,FALSE,TRUE,6,6,FALSE
0394585,4,1,1,24232,24232,FALSE,TRUE,3,3,FALSE
0394586,3,1,1,24229,24229,FALSE,TRUE,3,3,FALSE
0394587,34,2,2,24229,24232,FALSE,TRUE,6,6,FALSE
0394590,34,2,2,24229,24232,FALSE,TRUE,6,6,FALSE
0394593,34,2,2,24229,24232,FALSE,TRUE,6,6,FALSE
0394595,34,2,2,24229,24232,FALSE,TRUE,6,6,FALSE
0394597,34,2,2,24229,24232,FALSE,TRUE,6,6,FALSE
0394601,34,2,2,24229,24232,FALSE,TRUE,6,6,FALSE
0394603,34,2,2,24229,24232,FALSE,TRUE,6,6,FALSE
0394606,3,1,1,24229,24229,FALSE,TRUE,3,3,FALSE
0394610,3,1,1,24229,24229,FALSE,TRUE,3,3,FALSE
0394611,3,1,1,24229,24229,FALSE,TRUE,3,3,FALSE
0394612,4,1,1,24232,24232,FALSE,TRUE,3,3,FALSE
0394616,34,2,2,24229,24232,FALSE,TRUE,6,6,FALSE
0394617,4,1,1,24232,24232,FALSE,TRUE,3,3,FALSE
0394618,4,1,1,24232,24232,FALSE,TRUE,3,3,FALSE
0394619,34,2,2,24229,24232,FALSE,TRUE,6,6,FALSE
0394621,4,1,1,24232,24232,FALSE,TRUE,3,3,FALSE
0394624,34,2,2,24229,24232,FALSE,TRUE,6,6,FALSE
0394625,34,2,2,24229,24232,FALSE,TRUE,6,6,FALSE
0394626,34,2,2,24229,24232,FALSE,TRUE,6,6,FALSE
0394628,34,2,2,24229,24232,FALSE,TRUE,6,6,FALSE
0394630,34,2,2,24229,24232,FALSE,TRUE,6,6,FALSE
0394631,34,2,2,24229,24232,FALSE,TRUE,6,6,FALSE
0394632,34,2,2,24229,24232,FALSE,TRUE,6,6,FALSE
0394634,34,2,2,24229,24232,FALSE,TRUE,6,6,FALSE
0394635,34,2,2,24229,24232,FALSE,TRUE,6,6,FALSE
0394637,34,2,2,24229,24232,FALSE,TRUE,6,6,FALSE
0394638,34,2,2,24229,24232,FALSE,TRUE,6,6,FALSE
0394641,34,2,2,24229,24232,FALSE,TRUE,6,6,FALSE
0394643,34,2,2,24229,24232,FALSE,TRUE,6,6,FALSE
0394644,34,2,2,24229,24232,FALSE,TRUE,6,6,FALSE
0394649,34,2,2,24229,24232,FALSE,TRUE,6,6,FALSE
0394650,4,1,1,24229,24229,FALSE,TRUE,3,3,FALSE
0394658,3,1,1,24229,24229,FALSE,TRUE,3,3,FALSE
0394660,34,2,2,24229,24232,FALSE,TRUE,6,6,FALSE
0394661,34,2,2,24229,24232,FALSE,TRUE,6,6,FALSE
0394662,34,2,2,24229,24232,FALSE,TRUE,6,6,FALSE
0394664,34,2,2,24229,24232,FALSE,TRUE,6,6,FALSE
0394665,34,2,2,24229,24232,FALSE,TRUE,6,6,FALSE
0394666,34,2,2,24229,24232,FALSE,TRUE,6,6,FALSE
0394673,34,2,2,24229,24232,FALSE,TRUE,6,6,FALSE
0394677,4,1,1,24232,24232,FALSE,TRUE,3,3,FALSE
0394678,34,2,2,24229,24232,FALSE,TRUE,6,6,FALSE
0394679,3,1,1,24229,24229,FALSE,TRUE,3,3,FALSE
0394682,34,2,2,24229,24232,FALSE,TRUE,6,6,FALSE
0394683,34,2,2,24229,24232,FALSE,TRUE,6,6,FALSE
0394685,34,2,2,24229,24232,FALSE,TRUE,6,6,FALSE
0394686,3,1,1,24229,24229,FALSE,TRUE,3,3,FALSE
0394687,34,2,2,24229,24232,FALSE,TRUE,6,6,FALSE
0394688,34,2,2,24229,24232,FALSE,TRUE,6,6,FALSE
0394692,34,2,2,24229,24232,FALSE,TRUE,6,6,FALSE
0394694,3,1,1,24229,24229,FALSE,TRUE,3,3,FALSE
0394695,34,2,2,24229,24232,FALSE,TRUE,6,6,FALSE
0394697,34,2,2,24229,24232,FALSE,TRUE,6,6,FALSE
0394698,34,2,2,24229,24232,FALSE,TRUE,6,6,FALSE
0394699,34,2,2,24229,24232,FALSE,TRUE,6,6,FALSE
0394702,34,2,2,24229,24232,FALSE,TRUE,6,6,FALSE
0394703,34,2,2,24229,24232,FALSE,TRUE,6,6,FALSE
0394704,34,2,2,24229,24232,FALSE,TRUE,6,6,FALSE
0394705,34,2,2,24229,24232,FALSE,TRUE,6,6,FALSE
0394707,3,1,1,24229,24229,FALSE,TRUE,3,3,FALSE
0394708,4,1,1,24232,24232,FALSE,TRUE,3,3,FALSE
0394709,34,2,2,24229,24232,FALSE,TRUE,6,6,FALSE
0394713,34,2,2,24229,24232,FALSE,TRUE,6,6,FALSE
0394714,34,2,2,24229,24232,FALSE,TRUE,6,6,FALSE
0394715,4,1,1,24232,24232,FALSE,TRUE,3,3,FALSE
0394718,34,2,2,24229,24232,FALSE,TRUE,6,6,FALSE
0394719,34,2,2,24229,24232,FALSE,TRUE,6,6,FALSE
0394720,34,2,2,24229,24232,FALSE,TRUE,6,6,FALSE
0394721,3,1,1,24229,24229,FALSE,TRUE,3,3,FALSE
0394723,34,2,2,24229,24232,FALSE,TRUE,6,6,FALSE
0394726,34,2,2,24229,24232,FALSE,TRUE,6,6,FALSE
0394727,4,1,1,24232,24232,FALSE,TRUE,3,3,FALSE
0394728,34,2,2,24229,24232,FALSE,TRUE,6,6,FALSE
0394729,34,2,2,24229,24232,FALSE,TRUE,6,6,FALSE
0394735,34,2,2,24229,24232,FALSE,TRUE,6,6,FALSE
0394740,34,2,2,24229,24232,FALSE,TRUE,6,6,FALSE
0394742,4,1,1,24232,24232,FALSE,TRUE,3,3,FALSE
0394743,34,2,2,24229,24232,FALSE,TRUE,6,6,FALSE
0394744,34,2,2,24229,24232,FALSE,TRUE,6,6,FALSE
0394748,4,1,1,24232,24232,FALSE,TRUE,3,3,FALSE
0394750,34,2,2,24229,24232,FALSE,TRUE,6,6,FALSE
0394752,4,1,1,24232,24232,FALSE,TRUE,3,3,FALSE
0394753,34,2,2,24229,24232,FALSE,TRUE,6,6,FALSE
0394754,3,1,1,24229,24229,FALSE,TRUE,3,3,FALSE
0394759,4,1,1,24232,24232,FALSE,TRUE,3,3,FALSE
0394760,34,2,2,24229,24232,FALSE,TRUE,6,6,FALSE
0394761,34,2,2,24229,24232,FALSE,TRUE,6,6,FALSE
0394762,34,2,2,24229,24232,FALSE,TRUE,6,6,FALSE
0394764,3,1,1,24229,24229,FALSE,TRUE,3,3,FALSE
0394768,34,2,2,24229,24232,FALSE,TRUE,6,6,FALSE
0394770,4,1,1,24232,24232,FALSE,TRUE,3,3,FALSE
0394774,34,2,2,24229,24232,FALSE,TRUE,6,6,FALSE
0394776,3,1,1,24229,24229,FALSE,TRUE,3,3,FALSE
0394777,34,2,2,24229,24232,FALSE,TRUE,6,6,FALSE
0394778,34,2,2,24229,24232,FALSE,TRUE,6,6,FALSE
0394779,34,2,2,24229,24232,FALSE,TRUE,6,6,FALSE
0394781,34,2,2,24229,24232,FALSE,TRUE,6,6,FALSE
0394784,3,1,1,24229,24229,FALSE,TRUE,3,3,FALSE
0394787,34,2,2,24229,24232,FALSE,TRUE,6,6,FALSE
0394788,34,2,2,24229,24232,FALSE,TRUE,6,6,FALSE
0394789,34,2,2,24229,24232,FALSE,TRUE,6,6,FALSE
0394790,34,2,2,24229,24232,FALSE,TRUE,6,6,FALSE
0394791,34,2,2,24229,24232,FALSE,TRUE,6,6,FALSE
0394797,4,1,1,24232,24232,FALSE,TRUE,3,3,FALSE
0394798,34,2,2,24229,24232,FALSE,TRUE,6,6,FALSE
0394800,34,2,2,24229,24232,FALSE,TRUE,6,6,FALSE
0394801,3,1,1,24229,24229,FALSE,TRUE,3,3,FALSE
0394803,34,2,2,24229,24232,FALSE,TRUE,6,6,FALSE
0394804,34,2,2,24229,24232,FALSE,TRUE,6,6,FALSE
0394806,4,1,1,24232,24232,FALSE,TRUE,3,3,FALSE
0394808,34,2,2,24229,24232,FALSE,TRUE,6,6,FALSE
0394809,34,2,2,24229,24232,FALSE,TRUE,6,6,FALSE
0394810,34,2,2,24229,24232,FALSE,TRUE,6,6,FALSE
0394811,34,2,2,24229,24232,FALSE,TRUE,6,6,FALSE
0394812,34,2,2,24229,24232,FALSE,TRUE,6,6,FALSE
0394813,34,2,2,24229,24232,FALSE,TRUE,6,6,FALSE
0394815,34,2,2,24229,24232,FALSE,TRUE,6,6,FALSE
0394816,34,2,2,24229,24232,FALSE,TRUE,6,6,FALSE
0394817,34,2,2,24229,24232,FALSE,TRUE,6,6,FALSE
0394819,34,2,2,24229,24232,FALSE,TRUE,6,6,FALSE
0394820,4,1,1,24232,24232,FALSE,TRUE,3,3,FALSE
0394821,34,2,2,24229,24232,FALSE,TRUE,6,6,FALSE
0394823,34,2,2,24229,24232,FALSE,TRUE,6,6,FALSE
0394824,3,1,1,24229,24229,FALSE,TRUE,3,3,FALSE
0394825,34,2,2,24229,24232,FALSE,TRUE,6,6,FALSE
0394830,34,2,2,24229,24232,FALSE,TRUE,6,6,FALSE
0394832,4,1,1,24232,24232,FALSE,TRUE,3,3,FALSE
0394833,4,1,1,24232,24232,FALSE,TRUE,3,3,FALSE
0394834,34,2,2,24229,24232,FALSE,TRUE,6,6,FALSE
0394835,4,1,1,24232,24232,FALSE,TRUE,3,3,FALSE
0394838,34,2,2,24229,24232,FALSE,TRUE,6,6,FALSE
0394839,34,2,2,24229,24232,FALSE,TRUE,6,6,FALSE
0394841,4,1,1,24232,24232,FALSE,TRUE,3,3,FALSE
0394844,34,2,2,24229,24232,FALSE,TRUE,6,6,FALSE
0394846,34,2,2,24229,24232,FALSE,TRUE,6,6,FALSE
0394847,3,1,1,24229,24229,FALSE,TRUE,3,3,FALSE
0394850,34,2,2,24229,24232,FALSE,TRUE,6,6,FALSE
0394851,34,2,2,24229,24232,FALSE,TRUE,6,6,FALSE
0394854,34,2,2,24229,24232,FALSE,TRUE,6,6,FALSE
0394855,34,2,2,24229,24232,FALSE,TRUE,6,6,FALSE
0394856,34,2,2,24229,24232,FALSE,TRUE,6,6,FALSE
0394858,34,2,2,24229,24232,FALSE,TRUE,6,6,FALSE
0394861,34,2,2,24229,24232,FALSE,TRUE,6,6,FALSE
0394863,34,2,2,24229,24232,FALSE,TRUE,6,6,FALSE
0394864,34,2,2,24229,24232,FALSE,TRUE,6,6,FALSE
0394865,34,2,2,24229,24232,FALSE,TRUE,6,6,FALSE
0394868,34,2,2,24229,24232,FALSE,TRUE,6,6,FALSE
0394869,34,2,2,24229,24232,FALSE,TRUE,6,6,FALSE
0394870,34,2,2,24229,24232,FALSE,TRUE,6,6,FALSE
0394872,34,2,2,24229,24232,FALSE,TRUE,6,6,FALSE
0394874,4,1,1,24232,24232,FALSE,TRUE,3,3,FALSE
0394881,34,2,2,24229,24232,FALSE,TRUE,6,6,FALSE
0394888,34,2,2,24229,24232,FALSE,TRUE,6,6,FALSE
0394889,34,2,2,24229,24232,FALSE,TRUE,6,6,FALSE
0394894,34,2,2,24229,24232,FALSE,TRUE,6,6,FALSE
0394895,34,2,2,24229,24232,FALSE,TRUE,6,6,FALSE
0394896,34,2,2,24229,24232,FALSE,TRUE,6,6,FALSE
0394899,3,1,1,24229,24229,FALSE,TRUE,3,3,FALSE
0394900,34,2,2,24229,24232,FALSE,TRUE,6,6,FALSE
0394901,34,2,2,24229,24232,FALSE,TRUE,6,6,FALSE
0394907,34,2,2,24229,24232,FALSE,TRUE,6,6,FALSE
0394909,34,2,2,24229,24232,FALSE,TRUE,6,6,FALSE
0394910,34,2,2,24229,24232,FALSE,TRUE,6,6,FALSE
0394914,34,2,2,24229,24232,FALSE,TRUE,6,6,FALSE
0394915,34,2,2,24229,24232,FALSE,TRUE,6,6,FALSE
0394916,34,2,2,24229,24232,FALSE,TRUE,6,6,FALSE
0394919,34,2,2,24229,24232,FALSE,TRUE,6,6,FALSE
0394920,4,1,1,24232,24232,FALSE,TRUE,3,3,FALSE
0394923,4,1,1,24232,24232,FALSE,TRUE,3,3,FALSE
0394927,3,1,1,24229,24229,FALSE,TRUE,3,3,FALSE
0394929,34,2,2,24229,24232,FALSE,TRUE,6,6,FALSE
0394932,34,2,2,24229,24232,FALSE,TRUE,6,6,FALSE
0394935,34,2,2,24229,24232,FALSE,TRUE,6,6,FALSE
0394937,34,2,2,24229,24232,FALSE,TRUE,6,6,FALSE
0394941,34,2,2,24229,24232,FALSE,TRUE,6,6,FALSE
0394942,34,2,2,24229,24232,FALSE,TRUE,6,6,FALSE
0394950,4,1,1,24232,24232,FALSE,TRUE,3,3,FALSE
0394951,34,2,2,24229,24232,FALSE,TRUE,6,6,FALSE
0394952,34,2,2,24229,24232,FALSE,TRUE,6,6,FALSE
0394953,4,1,1,24232,24232,FALSE,TRUE,3,3,FALSE
0394956,34,2,2,24229,24232,FALSE,TRUE,6,6,FALSE
0394957,34,2,2,24229,24232,FALSE,TRUE,6,6,FALSE
0394958,34,2,2,24229,24232,FALSE,TRUE,6,6,FALSE
0394960,34,2,2,24229,24232,FALSE,TRUE,6,6,FALSE
0394961,34,2,2,24229,24232,FALSE,TRUE,6,6,FALSE
0394962,34,2,2,24229,24232,FALSE,TRUE,6,6,FALSE
0394963,4,1,1,24232,24232,FALSE,TRUE,3,3,FALSE
0394964,34,2,2,24229,24232,FALSE,TRUE,6,6,FALSE
0394967,34,2,2,24229,24232,FALSE,TRUE,6,6,FALSE
0394969,34,2,2,24229,24232,FALSE,TRUE,6,6,FALSE
0394970,34,2,2,24229,24232,FALSE,TRUE,6,6,FALSE
0394973,34,2,2,24229,24232,FALSE,TRUE,6,6,FALSE
0394977,34,2,2,24229,24232,FALSE,TRUE,6,6,FALSE
0394978,34,2,2,24229,24232,FALSE,TRUE,6,6,FALSE
0394979,3,1,1,24229,24229,FALSE,TRUE,3,3,FALSE
0394982,34,2,2,24229,24232,FALSE,TRUE,6,6,FALSE
0394983,3,1,1,24229,24229,FALSE,TRUE,3,3,FALSE
0394984,34,2,2,24229,24232,FALSE,TRUE,6,6,FALSE
0394989,34,2,2,24229,24232,FALSE,TRUE,6,6,FALSE
0394990,4,1,1,24232,24232,FALSE,TRUE,3,3,FALSE
0394991,3,1,1,24229,24229,FALSE,TRUE,3,3,FALSE
0394998,3,1,1,24229,24229,FALSE,TRUE,3,3,FALSE
0395000,34,2,2,24229,24232,FALSE,TRUE,6,6,FALSE
0395001,34,2,2,24229,24232,FALSE,TRUE,6,6,FALSE
0395002,34,2,2,24229,24232,FALSE,TRUE,6,6,FALSE
0395005,34,2,2,24229,24232,FALSE,TRUE,6,6,FALSE
0395006,34,2,2,24229,24232,FALSE,TRUE,6,6,FALSE
0395012,3,1,1,24229,24229,FALSE,TRUE,3,3,FALSE
0395015,34,2,2,24229,24232,FALSE,TRUE,6,6,FALSE
0395017,34,2,2,24229,24232,FALSE,TRUE,6,6,FALSE
0395019,34,2,2,24229,24232,FALSE,TRUE,6,6,FALSE
0395020,34,2,2,24229,24232,FALSE,TRUE,6,6,FALSE
0395021,34,2,2,24229,24232,FALSE,TRUE,6,6,FALSE
0395023,3,1,1,24229,24229,FALSE,TRUE,3,3,FALSE
0395025,34,2,2,24229,24232,FALSE,TRUE,6,6,FALSE
0395027,34,2,2,24229,24232,FALSE,TRUE,6,6,FALSE
0395033,34,2,2,24229,24232,FALSE,TRUE,6,6,FALSE
0395039,34,2,2,24229,24232,FALSE,TRUE,6,6,FALSE
0395040,34,2,2,24229,24232,FALSE,TRUE,6,6,FALSE
0395041,4,1,1,24232,24232,FALSE,TRUE,3,3,FALSE
0395043,34,2,2,24229,24232,FALSE,TRUE,6,6,FALSE
0395044,34,2,2,24229,24232,FALSE,TRUE,6,6,FALSE
0395046,34,2,2,24229,24232,FALSE,TRUE,6,6,FALSE
0395052,34,2,2,24229,24232,FALSE,TRUE,6,6,FALSE
0395054,34,2,2,24229,24232,FALSE,TRUE,6,6,FALSE
0395055,3,1,1,24229,24229,FALSE,TRUE,3,3,FALSE
0395056,34,2,2,24229,24232,FALSE,TRUE,6,6,FALSE
0395057,3,1,1,24229,24229,FALSE,TRUE,3,3,FALSE
0395062,34,2,2,24229,24232,FALSE,TRUE,6,6,FALSE
0395063,34,2,2,24229,24232,FALSE,TRUE,6,6,FALSE
0395068,34,2,2,24229,24232,FALSE,TRUE,6,6,FALSE
0395071,34,2,2,24229,24232,FALSE,TRUE,6,6,FALSE
0395072,34,2,2,24229,24232,FALSE,TRUE,6,6,FALSE
0395073,34,2,2,24229,24232,FALSE,TRUE,6,6,FALSE
0395075,34,2,2,24229,24232,FALSE,TRUE,6,6,FALSE
0395077,3,1,1,24229,24229,FALSE,TRUE,3,3,FALSE
0395079,34,2,2,24229,24232,FALSE,TRUE,6,6,FALSE
0395081,34,2,2,24229,24232,FALSE,TRUE,6,6,FALSE
0395083,34,2,2,24229,24232,FALSE,TRUE,6,6,FALSE
0395084,4,1,1,24232,24232,FALSE,TRUE,3,3,FALSE
0395087,34,2,2,24229,24232,FALSE,TRUE,6,6,FALSE
0395089,34,2,2,24229,24232,FALSE,TRUE,6,6,FALSE
0395091,34,2,2,24229,24232,FALSE,TRUE,6,6,FALSE
0395092,34,2,2,24229,24232,FALSE,TRUE,6,6,FALSE
0395093,34,2,2,24229,24232,FALSE,TRUE,6,6,FALSE
0395094,34,2,2,24229,24232,FALSE,TRUE,6,6,FALSE
0395095,34,2,2,24229,24232,FALSE,TRUE,6,6,FALSE
0395096,34,2,2,24229,24232,FALSE,TRUE,6,6,FALSE
0395097,34,2,2,24229,24232,FALSE,TRUE,6,6,FALSE
0395099,4,1,1,24232,24232,FALSE,TRUE,3,3,FALSE
0395102,34,2,2,24229,24232,FALSE,TRUE,6,6,FALSE
0395106,4,1,1,24232,24232,FALSE,TRUE,3,3,FALSE
0395107,34,2,2,24229,24232,FALSE,TRUE,6,6,FALSE
0395110,34,2,2,24229,24232,FALSE,TRUE,6,6,FALSE
0395111,3,1,1,24229,24229,FALSE,TRUE,3,3,FALSE
0395117,34,2,2,24229,24232,FALSE,TRUE,6,6,FALSE
0395120,34,2,2,24229,24232,FALSE,TRUE,6,6,FALSE
0395122,34,2,2,24229,24232,FALSE,TRUE,6,6,FALSE
0395123,34,2,2,24229,24232,FALSE,TRUE,6,6,FALSE
0395124,34,2,2,24229,24232,FALSE,TRUE,6,6,FALSE
0395127,3,1,1,24229,24229,FALSE,TRUE,3,3,FALSE
0395129,34,2,2,24229,24232,FALSE,TRUE,6,6,FALSE
0395130,34,2,2,24229,24232,FALSE,TRUE,6,6,FALSE
0395132,34,2,2,24229,24232,FALSE,TRUE,6,6,FALSE
0395134,3,1,1,24229,24229,FALSE,TRUE,3,3,FALSE
0395135,34,2,2,24229,24232,FALSE,TRUE,6,6,FALSE
0395136,34,2,2,24229,24232,FALSE,TRUE,6,6,FALSE
0395139,3,1,1,24229,24229,FALSE,TRUE,3,3,FALSE
0395140,34,2,2,24229,24232,FALSE,TRUE,6,6,FALSE
0395142,34,2,2,24229,24232,FALSE,TRUE,6,6,FALSE
0395145,34,2,2,24229,24232,FALSE,TRUE,6,6,FALSE
0395147,34,2,2,24229,24232,FALSE,TRUE,6,6,FALSE
0395149,34,2,2,24229,24232,FALSE,TRUE,6,6,FALSE
0395150,34,2,2,24229,24232,FALSE,TRUE,6,6,FALSE
0395151,3,1,1,24229,24229,FALSE,TRUE,3,3,FALSE
0395152,34,2,2,24229,24232,FALSE,TRUE,6,6,FALSE
0395160,4,1,1,24232,24232,FALSE,TRUE,3,3,FALSE
0395162,34,2,2,24229,24232,FALSE,TRUE,6,6,FALSE
0395163,34,2,2,24229,24232,FALSE,TRUE,6,6,FALSE
0395168,34,2,2,24229,24232,FALSE,TRUE,6,6,FALSE
0395169,34,2,2,24229,24232,FALSE,TRUE,6,6,FALSE
0395171,3,1,1,24229,24229,FALSE,TRUE,3,3,FALSE
0395173,34,2,2,24229,24232,FALSE,TRUE,6,6,FALSE
0395175,34,2,2,24229,24232,FALSE,TRUE,6,6,FALSE
0395176,34,2,2,24229,24232,FALSE,TRUE,6,6,FALSE
0395177,34,2,2,24229,24232,FALSE,TRUE,6,6,FALSE
0395184,34,2,2,24229,24232,FALSE,TRUE,6,6,FALSE
0395189,4,1,1,24229,24229,FALSE,TRUE,3,3,FALSE
0395190,34,2,2,24229,24232,FALSE,TRUE,6,6,FALSE
0395191,34,2,2,24229,24232,FALSE,TRUE,6,6,FALSE
0395195,34,2,2,24229,24232,FALSE,TRUE,6,6,FALSE
0395197,34,2,2,24229,24232,FALSE,TRUE,6,6,FALSE
0395198,34,2,2,24229,24232,FALSE,TRUE,6,6,FALSE
0395202,3,1,1,24229,24229,FALSE,TRUE,3,3,FALSE
0395205,34,2,2,24229,24232,FALSE,TRUE,6,6,FALSE
0395207,3,1,1,24229,24229,FALSE,TRUE,3,3,FALSE
0395210,4,1,1,24232,24232,FALSE,TRUE,3,3,FALSE
0395211,34,2,2,24229,24232,FALSE,TRUE,6,6,FALSE
0395216,34,2,2,24229,24232,FALSE,TRUE,6,6,FALSE
0395222,34,2,2,24229,24232,FALSE,TRUE,6,6,FALSE
0395230,34,2,2,24229,24232,FALSE,TRUE,6,6,FALSE
0395231,4,1,1,24232,24232,FALSE,TRUE,3,3,FALSE
0395232,34,2,2,24229,24232,FALSE,TRUE,6,6,FALSE
0395233,4,1,1,24232,24232,FALSE,TRUE,3,3,FALSE
0395236,4,1,1,24232,24232,FALSE,TRUE,3,3,FALSE
0395237,4,1,1,24232,24232,FALSE,TRUE,3,3,FALSE
0395238,34,2,2,24229,24232,FALSE,TRUE,6,6,FALSE
0395239,34,2,2,24229,24232,FALSE,TRUE,6,6,FALSE
0395244,34,2,2,24229,24232,FALSE,TRUE,6,6,FALSE
0395247,34,2,2,24229,24232,FALSE,TRUE,6,6,FALSE
0395250,34,2,2,24229,24232,FALSE,TRUE,6,6,FALSE
0395251,34,2,2,24229,24232,FALSE,TRUE,6,6,FALSE
0395252,34,2,2,24229,24232,FALSE,TRUE,6,6,FALSE
0395255,34,2,2,24229,24232,FALSE,TRUE,6,6,FALSE
0395256,34,2,2,24229,24232,FALSE,TRUE,6,6,FALSE
0395258,34,2,2,24229,24232,FALSE,TRUE,6,6,FALSE
0395259,34,2,2,24229,24232,FALSE,TRUE,6,6,FALSE
0395260,4,1,1,24232,24232,FALSE,TRUE,3,3,FALSE
0395264,34,2,2,24229,24232,FALSE,TRUE,6,6,FALSE
0395265,34,2,2,24229,24232,FALSE,TRUE,6,6,FALSE
0395267,34,2,2,24229,24232,FALSE,TRUE,6,6,FALSE
0395269,34,2,2,24229,24232,FALSE,TRUE,6,6,FALSE
0395271,34,2,2,24229,24232,FALSE,TRUE,6,6,FALSE
0395272,4,1,1,24232,24232,FALSE,TRUE,3,3,FALSE
0395274,34,2,2,24229,24232,FALSE,TRUE,6,6,FALSE
0395275,34,2,2,24229,24232,FALSE,TRUE,6,6,FALSE
0395276,3,1,1,24229,24229,FALSE,TRUE,3,3,FALSE
0395278,34,2,2,24229,24232,FALSE,TRUE,6,6,FALSE
0395280,34,2,2,24229,24232,FALSE,TRUE,6,6,FALSE
0395282,34,2,2,24229,24232,FALSE,TRUE,6,6,FALSE
0395286,34,2,2,24229,24232,FALSE,TRUE,6,6,FALSE
0395288,34,2,2,24229,24232,FALSE,TRUE,6,6,FALSE
0395291,34,2,2,24229,24232,FALSE,TRUE,6,6,FALSE
0395292,4,1,1,24232,24232,FALSE,TRUE,3,3,FALSE
0395293,4,1,1,24232,24232,FALSE,TRUE,3,3,FALSE
0395294,34,2,2,24229,24232,FALSE,TRUE,6,6,FALSE
0395296,34,2,2,24229,24232,FALSE,TRUE,6,6,FALSE
0395297,34,2,2,24229,24232,FALSE,TRUE,6,6,FALSE
0395299,34,2,2,24229,24232,FALSE,TRUE,6,6,FALSE
0395301,34,2,2,24229,24232,FALSE,TRUE,6,6,FALSE
0395303,34,2,2,24229,24232,FALSE,TRUE,6,6,FALSE
0395304,34,2,2,24229,24232,FALSE,TRUE,6,6,FALSE
0395306,34,2,2,24229,24232,FALSE,TRUE,6,6,FALSE
0395308,34,2,2,24229,24232,FALSE,TRUE,6,6,FALSE
0395309,34,2,2,24229,24232,FALSE,TRUE,6,6,FALSE
0395312,34,2,2,24229,24232,FALSE,TRUE,6,6,FALSE
0395317,34,2,2,24229,24232,FALSE,TRUE,6,6,FALSE
0395319,34,2,2,24229,24232,FALSE,TRUE,6,6,FALSE
0395321,34,2,2,24229,24232,FALSE,TRUE,6,6,FALSE
0395329,34,2,2,24229,24232,FALSE,TRUE,6,6,FALSE
0395330,34,2,2,24229,24232,FALSE,TRUE,6,6,FALSE
0395333,34,2,2,24229,24232,FALSE,TRUE,6,6,FALSE
0395336,34,2,2,24229,24232,FALSE,TRUE,6,6,FALSE
0395338,34,2,2,24229,24232,FALSE,TRUE,6,6,FALSE
0395339,34,2,2,24229,24232,FALSE,TRUE,6,6,FALSE
0395343,34,2,2,24229,24232,FALSE,TRUE,6,6,FALSE
0395345,3,1,1,24229,24229,FALSE,TRUE,3,3,FALSE
0395348,34,2,2,24229,24232,FALSE,TRUE,6,6,FALSE
0395349,34,2,2,24229,24232,FALSE,TRUE,6,6,FALSE
0395351,4,1,1,24232,24232,FALSE,TRUE,3,3,FALSE
0395355,4,1,1,24232,24232,FALSE,TRUE,3,3,FALSE
0395357,4,1,1,24232,24232,FALSE,TRUE,3,3,FALSE
0395358,3,1,1,24229,24229,FALSE,TRUE,3,3,FALSE
0395360,34,2,2,24229,24232,FALSE,TRUE,6,6,FALSE
0395363,4,1,1,24232,24232,FALSE,TRUE,3,3,FALSE
0395365,34,2,2,24229,24232,FALSE,TRUE,6,6,FALSE
0395366,34,2,2,24229,24232,FALSE,TRUE,6,6,FALSE
0395367,34,2,2,24229,24232,FALSE,TRUE,6,6,FALSE
0395371,34,2,2,24229,24232,FALSE,TRUE,6,6,FALSE
0395373,34,2,2,24229,24232,FALSE,TRUE,6,6,FALSE
0395374,34,2,2,24229,24232,FALSE,TRUE,6,6,FALSE
0395375,4,1,1,24232,24232,FALSE,TRUE,3,3,FALSE
0395376,4,1,1,24229,24229,FALSE,TRUE,3,3,FALSE
0395377,34,2,2,24229,24232,FALSE,TRUE,6,6,FALSE
0395378,34,2,2,24229,24232,FALSE,TRUE,6,6,FALSE
0395379,34,2,2,24229,24232,FALSE,TRUE,6,6,FALSE
0395383,4,1,1,24232,24232,FALSE,TRUE,3,3,FALSE
0395386,34,2,2,24229,24232,FALSE,TRUE,6,6,FALSE
0395389,34,2,2,24229,24232,FALSE,TRUE,6,6,FALSE
0395392,34,2,2,24229,24232,FALSE,TRUE,6,6,FALSE
0395395,34,2,2,24229,24232,FALSE,TRUE,6,6,FALSE
0395396,34,2,2,24229,24232,FALSE,TRUE,6,6,FALSE
0395402,34,2,2,24229,24232,FALSE,TRUE,6,6,FALSE
0395403,34,2,2,24229,24232,FALSE,TRUE,6,6,FALSE
0395404,34,2,2,24229,24232,FALSE,TRUE,6,6,FALSE
0395405,34,2,2,24229,24232,FALSE,TRUE,6,6,FALSE
0395406,3,1,1,24229,24229,FALSE,TRUE,3,3,FALSE
0395409,34,2,2,24229,24232,FALSE,TRUE,6,6,FALSE
0395410,34,2,2,24229,24232,FALSE,TRUE,6,6,FALSE
0395412,4,1,1,24232,24232,FALSE,TRUE,3,3,FALSE
0395415,34,2,2,24229,24232,FALSE,TRUE,6,6,FALSE
0395416,4,1,1,24232,24232,FALSE,TRUE,3,3,FALSE
0395423,34,2,2,24229,24232,FALSE,TRUE,6,6,FALSE
0395424,3,1,1,24229,24229,FALSE,TRUE,3,3,FALSE
0395425,34,2,2,24229,24232,FALSE,TRUE,6,6,FALSE
0395427,4,1,1,24232,24232,FALSE,TRUE,3,3,FALSE
0395428,34,2,2,24229,24232,FALSE,TRUE,6,6,FALSE
0395429,34,2,2,24229,24232,FALSE,TRUE,6,6,FALSE
0395435,3,1,1,24229,24229,FALSE,TRUE,3,3,FALSE
0395436,34,2,2,24229,24232,FALSE,TRUE,6,6,FALSE
0395439,3,1,1,24229,24229,FALSE,TRUE,3,3,FALSE
0395442,3,1,1,24229,24229,FALSE,TRUE,3,3,FALSE
0395443,34,2,2,24229,24232,FALSE,TRUE,6,6,FALSE
0395444,34,2,2,24229,24232,FALSE,TRUE,6,6,FALSE
0395445,3,1,1,24229,24229,FALSE,TRUE,3,3,FALSE
0395446,34,2,2,24229,24232,FALSE,TRUE,6,6,FALSE
0395447,34,2,2,24229,24232,FALSE,TRUE,6,6,FALSE
0395448,3,1,1,24229,24229,FALSE,TRUE,3,3,FALSE
0395449,34,2,2,24229,24232,FALSE,TRUE,6,6,FALSE
0395450,34,2,2,24229,24232,FALSE,TRUE,6,6,FALSE
0395451,34,2,2,24229,24232,FALSE,TRUE,6,6,FALSE
0395452,3,1,1,24229,24229,FALSE,TRUE,3,3,FALSE
0395454,34,2,2,24229,24232,FALSE,TRUE,6,6,FALSE
0396460,34,2,2,24230,24233,FALSE,TRUE,6,6,FALSE
0396464,34,2,2,24230,24233,FALSE,TRUE,6,6,FALSE
0396466,34,2,2,24230,24233,FALSE,TRUE,6,6,FALSE
0396469,34,2,2,24230,24233,FALSE,TRUE,6,6,FALSE
0396471,34,2,2,24230,24233,FALSE,TRUE,6,6,FALSE
0396472,34,2,2,24230,24233,FALSE,TRUE,6,6,FALSE
0396474,34,2,2,24230,24233,FALSE,TRUE,6,6,FALSE
0396475,34,2,2,24230,24233,FALSE,TRUE,6,6,FALSE
0396476,34,2,2,24230,24233,FALSE,TRUE,6,6,FALSE
0396478,3,1,1,24230,24230,FALSE,TRUE,3,3,FALSE
0396479,34,2,2,24230,24233,FALSE,TRUE,6,6,FALSE
0396481,34,2,2,24230,24233,FALSE,TRUE,6,6,FALSE
0396483,34,2,2,24230,24233,FALSE,TRUE,6,6,FALSE
0396486,4,1,1,24230,24230,FALSE,TRUE,3,3,FALSE
0396487,34,2,2,24230,24233,FALSE,TRUE,6,6,FALSE
0396490,34,2,2,24230,24233,FALSE,TRUE,6,6,FALSE
0396491,34,2,2,24230,24233,FALSE,TRUE,6,6,FALSE
0396492,4,1,1,24233,24233,FALSE,TRUE,3,3,FALSE
0396493,34,2,2,24230,24233,FALSE,TRUE,6,6,FALSE
0396495,34,2,2,24230,24233,FALSE,TRUE,6,6,FALSE
0396496,34,2,2,24230,24233,FALSE,TRUE,6,6,FALSE
0396497,34,2,2,24230,24233,FALSE,TRUE,6,6,FALSE
0396498,34,2,2,24230,24233,FALSE,TRUE,6,6,FALSE
0396499,34,2,2,24230,24233,FALSE,TRUE,6,6,FALSE
0396502,34,2,2,24230,24233,FALSE,TRUE,6,6,FALSE
0396503,4,1,1,24233,24233,FALSE,TRUE,3,3,FALSE
0396505,34,2,2,24230,24233,FALSE,TRUE,6,6,FALSE
0396507,34,2,2,24230,24233,FALSE,TRUE,6,6,FALSE
0396508,34,2,2,24230,24233,FALSE,TRUE,6,6,FALSE
0396509,34,2,2,24230,24233,FALSE,TRUE,6,6,FALSE
0396510,34,2,2,24230,24233,FALSE,TRUE,6,6,FALSE
0396511,34,2,2,24230,24233,FALSE,TRUE,6,6,FALSE
0396516,34,2,2,24230,24233,FALSE,TRUE,6,6,FALSE
0396518,34,2,2,24230,24233,FALSE,TRUE,6,6,FALSE
0396519,34,2,2,24230,24233,FALSE,TRUE,6,6,FALSE
0396520,3,1,1,24230,24230,FALSE,TRUE,3,3,FALSE
0396521,34,2,2,24230,24233,FALSE,TRUE,6,6,FALSE
0396524,3,1,1,24230,24230,FALSE,TRUE,3,3,FALSE
0396525,34,2,2,24230,24233,FALSE,TRUE,6,6,FALSE
0396526,34,2,2,24230,24233,FALSE,TRUE,6,6,FALSE
0396529,34,2,2,24230,24233,FALSE,TRUE,6,6,FALSE
0396532,34,2,2,24230,24233,FALSE,TRUE,6,6,FALSE
0396533,34,2,2,24230,24233,FALSE,TRUE,6,6,FALSE
0396534,34,2,2,24230,24233,FALSE,TRUE,6,6,FALSE
0396535,34,2,2,24230,24233,FALSE,TRUE,6,6,FALSE
0396536,34,2,2,24230,24233,FALSE,TRUE,6,6,FALSE
0396539,34,2,2,24230,24233,FALSE,TRUE,6,6,FALSE
0396541,34,2,2,24230,24233,FALSE,TRUE,6,6,FALSE
0396543,34,2,2,24230,24233,FALSE,TRUE,6,6,FALSE
0396544,4,1,1,24233,24233,FALSE,TRUE,3,3,FALSE
0396545,3,1,1,24230,24230,FALSE,TRUE,3,3,FALSE
0396550,4,1,1,24233,24233,FALSE,TRUE,3,3,FALSE
0396552,34,2,2,24230,24233,FALSE,TRUE,6,6,FALSE
0396555,3,1,1,24230,24230,FALSE,TRUE,3,3,FALSE
0396556,34,2,2,24230,24233,FALSE,TRUE,6,6,FALSE
0396559,34,2,2,24230,24233,FALSE,TRUE,6,6,FALSE
0396560,34,2,2,24230,24233,FALSE,TRUE,6,6,FALSE
0396565,34,2,2,24230,24233,FALSE,TRUE,6,6,FALSE
0396567,34,2,2,24230,24233,FALSE,TRUE,6,6,FALSE
0396570,34,2,2,24230,24233,FALSE,TRUE,6,6,FALSE
0396573,34,2,2,24230,24233,FALSE,TRUE,6,6,FALSE
0396574,4,1,1,24233,24233,FALSE,TRUE,3,3,FALSE
0396575,3,1,1,24230,24230,FALSE,TRUE,3,3,FALSE
0396580,34,2,2,24230,24233,FALSE,TRUE,6,6,FALSE
0396581,34,2,2,24230,24233,FALSE,TRUE,6,6,FALSE
0396583,34,2,2,24230,24233,FALSE,TRUE,6,6,FALSE
0396587,34,2,2,24230,24233,FALSE,TRUE,6,6,FALSE
0396588,34,2,2,24230,24233,FALSE,TRUE,6,6,FALSE
0396590,4,1,1,24233,24233,FALSE,TRUE,3,3,FALSE
0396591,34,2,2,24230,24233,FALSE,TRUE,6,6,FALSE
0396593,34,2,2,24230,24233,FALSE,TRUE,6,6,FALSE
0396594,34,2,2,24230,24233,FALSE,TRUE,6,6,FALSE
0396595,34,2,2,24230,24233,FALSE,TRUE,6,6,FALSE
0396596,34,2,2,24230,24233,FALSE,TRUE,6,6,FALSE
0396597,34,2,2,24230,24233,FALSE,TRUE,6,6,FALSE
0396599,4,1,1,24233,24233,FALSE,TRUE,3,3,FALSE
0396604,3,1,1,24230,24230,FALSE,TRUE,3,3,FALSE
0396606,34,2,2,24230,24233,FALSE,TRUE,6,6,FALSE
0396607,34,2,2,24230,24233,FALSE,TRUE,6,6,FALSE
0396609,34,2,2,24230,24233,FALSE,TRUE,6,6,FALSE
0396610,34,2,2,24230,24233,FALSE,TRUE,6,6,FALSE
0396613,34,2,2,24230,24233,FALSE,TRUE,6,6,FALSE
0396615,34,2,2,24230,24233,FALSE,TRUE,6,6,FALSE
0396619,3,1,1,24230,24230,FALSE,TRUE,3,3,FALSE
0396620,3,1,1,24230,24230,FALSE,TRUE,3,3,FALSE
0396621,34,2,2,24230,24233,FALSE,TRUE,6,6,FALSE
0396622,34,2,2,24230,24233,FALSE,TRUE,6,6,FALSE
0396625,34,2,2,24230,24233,FALSE,TRUE,6,6,FALSE
0396626,34,2,2,24230,24233,FALSE,TRUE,6,6,FALSE
0396628,34,2,2,24230,24233,FALSE,TRUE,6,6,FALSE
0396629,34,2,2,24230,24233,FALSE,TRUE,6,6,FALSE
0396632,34,2,2,24230,24233,FALSE,TRUE,6,6,FALSE
0396634,34,2,2,24230,24233,FALSE,TRUE,6,6,FALSE
0396637,4,1,1,24233,24233,FALSE,TRUE,3,3,FALSE
0396640,3,1,1,24230,24230,FALSE,TRUE,3,3,FALSE
0396648,3,1,1,24230,24230,FALSE,TRUE,3,3,FALSE
0396650,3,1,1,24230,24230,FALSE,TRUE,3,3,FALSE
0396651,34,2,2,24230,24233,FALSE,TRUE,6,6,FALSE
0396653,34,2,2,24230,24233,FALSE,TRUE,6,6,FALSE
0396655,34,2,2,24230,24233,FALSE,TRUE,6,6,FALSE
0396660,34,2,2,24230,24233,FALSE,TRUE,6,6,FALSE
0396661,4,1,1,24233,24233,FALSE,TRUE,3,3,FALSE
0396662,34,2,2,24230,24233,FALSE,TRUE,6,6,FALSE
0396663,34,2,2,24230,24233,FALSE,TRUE,6,6,FALSE
0396665,34,2,2,24230,24233,FALSE,TRUE,6,6,FALSE
0396668,34,2,2,24230,24233,FALSE,TRUE,6,6,FALSE
0396669,34,2,2,24230,24233,FALSE,TRUE,6,6,FALSE
0396670,3,1,1,24230,24230,FALSE,TRUE,3,3,FALSE
0396672,4,1,1,24233,24233,FALSE,TRUE,3,3,FALSE
0396673,34,2,2,24230,24233,FALSE,TRUE,6,6,FALSE
0396674,3,1,1,24230,24230,FALSE,TRUE,3,3,FALSE
0396677,3,1,1,24230,24230,FALSE,TRUE,3,3,FALSE
0396678,34,2,2,24230,24233,FALSE,TRUE,6,6,FALSE
0396681,3,1,1,24230,24230,FALSE,TRUE,3,3,FALSE
0396684,4,1,1,24233,24233,FALSE,TRUE,3,3,FALSE
0396686,34,2,2,24230,24233,FALSE,TRUE,6,6,FALSE
0396687,34,2,2,24230,24233,FALSE,TRUE,6,6,FALSE
0396693,34,2,2,24230,24233,FALSE,TRUE,6,6,FALSE
0396694,34,2,2,24230,24233,FALSE,TRUE,6,6,FALSE
0396695,34,2,2,24230,24233,FALSE,TRUE,6,6,FALSE
0396697,3,1,1,24230,24230,FALSE,TRUE,3,3,FALSE
0396698,3,1,1,24230,24230,FALSE,TRUE,3,3,FALSE
0396699,34,2,2,24230,24233,FALSE,TRUE,6,6,FALSE
0396702,34,2,2,24230,24233,FALSE,TRUE,6,6,FALSE
0396703,34,2,2,24230,24233,FALSE,TRUE,6,6,FALSE
0396704,3,1,1,24230,24230,FALSE,TRUE,3,3,FALSE
0396706,3,1,1,24230,24230,FALSE,TRUE,3,3,FALSE
0396707,4,1,1,24230,24230,FALSE,TRUE,3,3,FALSE
0396708,3,1,1,24230,24230,FALSE,TRUE,3,3,FALSE
0396710,34,2,2,24230,24233,FALSE,TRUE,6,6,FALSE
0396711,34,2,2,24230,24233,FALSE,TRUE,6,6,FALSE
0396713,34,2,2,24230,24233,FALSE,TRUE,6,6,FALSE
0396717,34,2,2,24230,24233,FALSE,TRUE,6,6,FALSE
0396719,34,2,2,24230,24233,FALSE,TRUE,6,6,FALSE
0396720,34,2,2,24230,24233,FALSE,TRUE,6,6,FALSE
0396721,34,2,2,24230,24233,FALSE,TRUE,6,6,FALSE
0396724,34,2,2,24230,24233,FALSE,TRUE,6,6,FALSE
0396727,34,2,2,24230,24233,FALSE,TRUE,6,6,FALSE
0396730,34,2,2,24230,24233,FALSE,TRUE,6,6,FALSE
0396733,4,1,1,24233,24233,FALSE,TRUE,3,3,FALSE
0396736,34,2,2,24230,24233,FALSE,TRUE,6,6,FALSE
0396737,34,2,2,24230,24233,FALSE,TRUE,6,6,FALSE
0396738,3,1,1,24230,24230,FALSE,TRUE,3,3,FALSE
0396739,34,2,2,24230,24233,FALSE,TRUE,6,6,FALSE
0396741,34,2,2,24230,24233,FALSE,TRUE,6,6,FALSE
0396743,3,1,1,24230,24230,FALSE,TRUE,3,3,FALSE
0396744,34,2,2,24230,24233,FALSE,TRUE,6,6,FALSE
0396745,34,2,2,24230,24233,FALSE,TRUE,6,6,FALSE
0396746,34,2,2,24230,24233,FALSE,TRUE,6,6,FALSE
0396749,3,1,1,24230,24230,FALSE,TRUE,3,3,FALSE
0396751,34,2,2,24230,24233,FALSE,TRUE,6,6,FALSE
0396752,34,2,2,24230,24233,FALSE,TRUE,6,6,FALSE
0396753,34,2,2,24230,24233,FALSE,TRUE,6,6,FALSE
0396754,34,2,2,24230,24233,FALSE,TRUE,6,6,FALSE
0396755,34,2,2,24230,24233,FALSE,TRUE,6,6,FALSE
0396758,4,1,1,24233,24233,FALSE,TRUE,3,3,FALSE
0396762,34,2,2,24230,24233,FALSE,TRUE,6,6,FALSE
0396763,34,2,2,24230,24233,FALSE,TRUE,6,6,FALSE
0396764,34,2,2,24230,24233,FALSE,TRUE,6,6,FALSE
0396770,3,1,1,24230,24230,FALSE,TRUE,3,3,FALSE
0396771,3,1,1,24230,24230,FALSE,TRUE,3,3,FALSE
0396773,34,2,2,24230,24233,FALSE,TRUE,6,6,FALSE
0396774,34,2,2,24230,24233,FALSE,TRUE,6,6,FALSE
0396778,4,1,1,24233,24233,FALSE,TRUE,3,3,FALSE
0396780,34,2,2,24230,24233,FALSE,TRUE,6,6,FALSE
0396781,4,1,1,24233,24233,FALSE,TRUE,3,3,FALSE
0396782,34,2,2,24230,24233,FALSE,TRUE,6,6,FALSE
0396783,3,1,1,24230,24230,FALSE,TRUE,3,3,FALSE
0396785,3,1,1,24230,24230,FALSE,TRUE,3,3,FALSE
0396786,4,1,1,24233,24233,FALSE,TRUE,3,3,FALSE
0396788,34,2,2,24230,24233,FALSE,TRUE,6,6,FALSE
0396789,34,2,2,24230,24233,FALSE,TRUE,6,6,FALSE
0396792,34,2,2,24230,24233,FALSE,TRUE,6,6,FALSE
0396793,4,1,1,24233,24233,FALSE,TRUE,3,3,FALSE
0396795,34,2,2,24230,24233,FALSE,TRUE,6,6,FALSE
0396798,34,2,2,24230,24233,FALSE,TRUE,6,6,FALSE
0396806,34,2,2,24230,24233,FALSE,TRUE,6,6,FALSE
0396807,34,2,2,24230,24233,FALSE,TRUE,6,6,FALSE
0396808,34,2,2,24230,24233,FALSE,TRUE,6,6,FALSE
0396810,34,2,2,24230,24233,FALSE,TRUE,6,6,FALSE
0396813,4,1,1,24233,24233,FALSE,TRUE,3,3,FALSE
0396814,34,2,2,24230,24233,FALSE,TRUE,6,6,FALSE
0396818,34,2,2,24230,24233,FALSE,TRUE,6,6,FALSE
0396819,4,1,1,24233,24233,FALSE,TRUE,3,3,FALSE
0396821,34,2,2,24230,24233,FALSE,TRUE,6,6,FALSE
0396827,34,2,2,24230,24233,FALSE,TRUE,6,6,FALSE
0396831,34,2,2,24230,24233,FALSE,TRUE,6,6,FALSE
0396832,34,2,2,24230,24233,FALSE,TRUE,6,6,FALSE
0396838,34,2,2,24230,24233,FALSE,TRUE,6,6,FALSE
0396839,34,2,2,24230,24233,FALSE,TRUE,6,6,FALSE
0396843,34,2,2,24230,24233,FALSE,TRUE,6,6,FALSE
0396849,34,2,2,24230,24233,FALSE,TRUE,6,6,FALSE
0396856,34,2,2,24230,24233,FALSE,TRUE,6,6,FALSE
0396860,4,1,1,24233,24233,FALSE,TRUE,3,3,FALSE
0396861,3,1,1,24230,24230,FALSE,TRUE,3,3,FALSE
0396863,4,1,1,24233,24233,FALSE,TRUE,3,3,FALSE
0396865,34,2,2,24230,24233,FALSE,TRUE,6,6,FALSE
0396866,3,1,1,24230,24230,FALSE,TRUE,3,3,FALSE
0396873,34,2,2,24230,24233,FALSE,TRUE,6,6,FALSE
0396875,34,2,2,24230,24233,FALSE,TRUE,6,6,FALSE
0396876,34,2,2,24230,24233,FALSE,TRUE,6,6,FALSE
0396877,34,2,2,24230,24233,FALSE,TRUE,6,6,FALSE
0396878,34,2,2,24230,24233,FALSE,TRUE,6,6,FALSE
0396882,34,2,2,24230,24233,FALSE,TRUE,6,6,FALSE
0396883,4,1,1,24233,24233,FALSE,TRUE,3,3,FALSE
0396884,4,1,1,24233,24233,FALSE,TRUE,3,3,FALSE
0396885,34,2,2,24230,24233,FALSE,TRUE,6,6,FALSE
0396887,34,2,2,24230,24233,FALSE,TRUE,6,6,FALSE
0396890,3,1,1,24230,24230,FALSE,TRUE,3,3,FALSE
0396891,34,2,2,24230,24233,FALSE,TRUE,6,6,FALSE
0396892,3,1,1,24230,24230,FALSE,TRUE,3,3,FALSE
0396893,34,2,2,24230,24233,FALSE,TRUE,6,6,FALSE
0396896,34,2,2,24230,24233,FALSE,TRUE,6,6,FALSE
0396898,34,2,2,24230,24233,FALSE,TRUE,6,6,FALSE
0396902,34,2,2,24230,24233,FALSE,TRUE,6,6,FALSE
0396904,34,2,2,24230,24233,FALSE,TRUE,6,6,FALSE
0396906,34,2,2,24230,24233,FALSE,TRUE,6,6,FALSE
0396908,34,2,2,24230,24233,FALSE,TRUE,6,6,FALSE
0396912,34,2,2,24230,24233,FALSE,TRUE,6,6,FALSE
0396915,34,2,2,24230,24233,FALSE,TRUE,6,6,FALSE
0396916,3,1,1,24230,24230,FALSE,TRUE,3,3,FALSE
0396919,34,2,2,24230,24233,FALSE,TRUE,6,6,FALSE
0396921,34,2,2,24230,24233,FALSE,TRUE,6,6,FALSE
0396925,34,2,2,24230,24233,FALSE,TRUE,6,6,FALSE
0396926,34,2,2,24230,24233,FALSE,TRUE,6,6,FALSE
0396927,34,2,2,24230,24233,FALSE,TRUE,6,6,FALSE
0396928,3,1,1,24230,24230,FALSE,TRUE,3,3,FALSE
0396929,34,2,2,24230,24233,FALSE,TRUE,6,6,FALSE
0396930,3,1,1,24230,24230,FALSE,TRUE,3,3,FALSE
0396934,34,2,2,24230,24233,FALSE,TRUE,6,6,FALSE
0396935,34,2,2,24230,24233,FALSE,TRUE,6,6,FALSE
0396937,34,2,2,24230,24233,FALSE,TRUE,6,6,FALSE
0396939,4,1,1,24233,24233,FALSE,TRUE,3,3,FALSE
0396944,34,2,2,24230,24233,FALSE,TRUE,6,6,FALSE
0396945,34,2,2,24230,24233,FALSE,TRUE,6,6,FALSE
0396947,3,1,1,24230,24230,FALSE,TRUE,3,3,FALSE
0396948,3,1,1,24230,24230,FALSE,TRUE,3,3,FALSE
0396949,34,2,2,24230,24233,FALSE,TRUE,6,6,FALSE
0396950,34,2,2,24230,24233,FALSE,TRUE,6,6,FALSE
0396954,4,1,1,24233,24233,FALSE,TRUE,3,3,FALSE
0396956,34,2,2,24230,24233,FALSE,TRUE,6,6,FALSE
0396957,34,2,2,24230,24233,FALSE,TRUE,6,6,FALSE
0396959,3,1,1,24230,24230,FALSE,TRUE,3,3,FALSE
0396960,4,1,1,24233,24233,FALSE,TRUE,3,3,FALSE
0396963,34,2,2,24230,24233,FALSE,TRUE,6,6,FALSE
0396965,34,2,2,24230,24233,FALSE,TRUE,6,6,FALSE
0396970,34,2,2,24230,24233,FALSE,TRUE,6,6,FALSE
0396973,4,1,1,24233,24233,FALSE,TRUE,3,3,FALSE
0396977,34,2,2,24230,24233,FALSE,TRUE,6,6,FALSE
0396979,4,1,1,24233,24233,FALSE,TRUE,3,3,FALSE
0396980,3,1,1,24230,24230,FALSE,TRUE,3,3,FALSE
0396984,4,1,1,24233,24233,FALSE,TRUE,3,3,FALSE
0396985,3,1,1,24230,24230,FALSE,TRUE,3,3,FALSE
0396988,34,2,2,24230,24233,FALSE,TRUE,6,6,FALSE
0396991,34,2,2,24230,24233,FALSE,TRUE,6,6,FALSE
0396992,34,2,2,24230,24233,FALSE,TRUE,6,6,FALSE
0396995,34,2,2,24230,24233,FALSE,TRUE,6,6,FALSE
0396999,34,2,2,24230,24233,FALSE,TRUE,6,6,FALSE
0397005,34,2,2,24230,24233,FALSE,TRUE,6,6,FALSE
0397007,34,2,2,24230,24233,FALSE,TRUE,6,6,FALSE
0397008,34,2,2,24230,24233,FALSE,TRUE,6,6,FALSE
0397009,4,1,1,24233,24233,FALSE,TRUE,3,3,FALSE
0397012,3,1,1,24230,24230,FALSE,TRUE,3,3,FALSE
0397013,34,2,2,24230,24233,FALSE,TRUE,6,6,FALSE
0397014,34,2,2,24230,24233,FALSE,TRUE,6,6,FALSE
0397015,34,2,2,24230,24233,FALSE,TRUE,6,6,FALSE
0397016,34,2,2,24230,24233,FALSE,TRUE,6,6,FALSE
0397017,34,2,2,24230,24233,FALSE,TRUE,6,6,FALSE
0397019,34,2,2,24230,24233,FALSE,TRUE,6,6,FALSE
0397021,34,2,2,24230,24233,FALSE,TRUE,6,6,FALSE
0397024,34,2,2,24230,24233,FALSE,TRUE,6,6,FALSE
0397026,34,2,2,24230,24233,FALSE,TRUE,6,6,FALSE
0397028,34,2,2,24230,24233,FALSE,TRUE,6,6,FALSE
0397031,34,2,2,24230,24233,FALSE,TRUE,6,6,FALSE
0397032,34,2,2,24230,24233,FALSE,TRUE,6,6,FALSE
0397035,4,1,1,24233,24233,FALSE,TRUE,3,3,FALSE
0397040,34,2,2,24230,24233,FALSE,TRUE,6,6,FALSE
0397041,34,2,2,24230,24233,FALSE,TRUE,6,6,FALSE
0397044,34,2,2,24230,24233,FALSE,TRUE,6,6,FALSE
0397047,34,2,2,24230,24233,FALSE,TRUE,6,6,FALSE
0397048,34,2,2,24230,24233,FALSE,TRUE,6,6,FALSE
0397050,34,2,2,24230,24233,FALSE,TRUE,6,6,FALSE
0397051,34,2,2,24230,24233,FALSE,TRUE,6,6,FALSE
0397052,3,1,1,24230,24230,FALSE,TRUE,3,3,FALSE
0397053,3,1,1,24230,24230,FALSE,TRUE,3,3,FALSE
0397054,34,2,2,24230,24233,FALSE,TRUE,6,6,FALSE
0397055,34,2,2,24230,24233,FALSE,TRUE,6,6,FALSE
0397057,34,2,2,24230,24233,FALSE,TRUE,6,6,FALSE
0397058,34,2,2,24230,24233,FALSE,TRUE,6,6,FALSE
0397059,34,2,2,24230,24233,FALSE,TRUE,6,6,FALSE
0397060,4,1,1,24233,24233,FALSE,TRUE,3,3,FALSE
0397063,34,2,2,24230,24233,FALSE,TRUE,6,6,FALSE
0397064,34,2,2,24230,24233,FALSE,TRUE,6,6,FALSE
0397065,34,2,2,24230,24233,FALSE,TRUE,6,6,FALSE
0397066,34,2,2,24230,24233,FALSE,TRUE,6,6,FALSE
0397067,3,1,1,24230,24230,FALSE,TRUE,3,3,FALSE
0397068,34,2,2,24230,24233,FALSE,TRUE,6,6,FALSE
0397069,34,2,2,24230,24233,FALSE,TRUE,6,6,FALSE
0397070,3,1,1,24230,24230,FALSE,TRUE,3,3,FALSE
0397071,34,2,2,24230,24233,FALSE,TRUE,6,6,FALSE
0397075,34,2,2,24230,24233,FALSE,TRUE,6,6,FALSE
0397076,4,1,1,24233,24233,FALSE,TRUE,3,3,FALSE
0397080,34,2,2,24230,24233,FALSE,TRUE,6,6,FALSE
0397082,4,1,1,24233,24233,FALSE,TRUE,3,3,FALSE
0397085,34,2,2,24230,24233,FALSE,TRUE,6,6,FALSE
0397088,34,2,2,24230,24233,FALSE,TRUE,6,6,FALSE
0397089,4,1,1,24233,24233,FALSE,TRUE,3,3,FALSE
0397090,34,2,2,24230,24233,FALSE,TRUE,6,6,FALSE
0397091,34,2,2,24230,24233,FALSE,TRUE,6,6,FALSE
0397094,4,1,1,24233,24233,FALSE,TRUE,3,3,FALSE
0397101,34,2,2,24230,24233,FALSE,TRUE,6,6,FALSE
0397107,4,1,1,24233,24233,FALSE,TRUE,3,3,FALSE
0397109,34,2,2,24230,24233,FALSE,TRUE,6,6,FALSE
0397111,34,2,2,24230,24233,FALSE,TRUE,6,6,FALSE
0397113,34,2,2,24230,24233,FALSE,TRUE,6,6,FALSE
0397114,3,1,1,24230,24230,FALSE,TRUE,3,3,FALSE
0397115,34,2,2,24230,24233,FALSE,TRUE,6,6,FALSE
0397117,34,2,2,24230,24233,FALSE,TRUE,6,6,FALSE
0397120,34,2,2,24230,24233,FALSE,TRUE,6,6,FALSE
0397121,34,2,2,24230,24233,FALSE,TRUE,6,6,FALSE
0397123,34,2,2,24230,24233,FALSE,TRUE,6,6,FALSE
0397124,3,1,1,24230,24230,FALSE,TRUE,3,3,FALSE
0397125,34,2,2,24230,24233,FALSE,TRUE,6,6,FALSE
0397126,34,2,2,24230,24233,FALSE,TRUE,6,6,FALSE
0397128,34,2,2,24230,24233,FALSE,TRUE,6,6,FALSE
0397129,34,2,2,24230,24233,FALSE,TRUE,6,6,FALSE
0397130,34,2,2,24230,24233,FALSE,TRUE,6,6,FALSE
0397134,4,1,1,24233,24233,FALSE,TRUE,3,3,FALSE
0397136,3,1,1,24230,24230,FALSE,TRUE,3,3,FALSE
0397137,34,2,2,24230,24233,FALSE,TRUE,6,6,FALSE
0397138,34,2,2,24230,24233,FALSE,TRUE,6,6,FALSE
0397142,34,2,2,24230,24233,FALSE,TRUE,6,6,FALSE
0397147,34,2,2,24230,24233,FALSE,TRUE,6,6,FALSE
0397148,34,2,2,24230,24233,FALSE,TRUE,6,6,FALSE
0397149,34,2,2,24230,24233,FALSE,TRUE,6,6,FALSE
0397152,34,2,2,24230,24233,FALSE,TRUE,6,6,FALSE
0397153,34,2,2,24230,24233,FALSE,TRUE,6,6,FALSE
0397157,34,2,2,24230,24233,FALSE,TRUE,6,6,FALSE
0397158,4,1,1,24233,24233,FALSE,TRUE,3,3,FALSE
0397160,34,2,2,24230,24233,FALSE,TRUE,6,6,FALSE
0397161,3,1,1,24230,24230,FALSE,TRUE,3,3,FALSE
0397162,34,2,2,24230,24233,FALSE,TRUE,6,6,FALSE
0397163,4,1,1,24233,24233,FALSE,TRUE,3,3,FALSE
0397165,34,2,2,24230,24233,FALSE,TRUE,6,6,FALSE
0397166,34,2,2,24230,24233,FALSE,TRUE,6,6,FALSE
0397167,34,2,2,24230,24233,FALSE,TRUE,6,6,FALSE
0397168,34,2,2,24230,24233,FALSE,TRUE,6,6,FALSE
0397173,34,2,2,24230,24233,FALSE,TRUE,6,6,FALSE
0397177,4,1,1,24233,24233,FALSE,TRUE,3,3,FALSE
0397179,3,1,1,24230,24230,FALSE,TRUE,3,3,FALSE
0397183,34,2,2,24230,24233,FALSE,TRUE,6,6,FALSE
0397185,34,2,2,24230,24233,FALSE,TRUE,6,6,FALSE
0397186,4,1,1,24233,24233,FALSE,TRUE,3,3,FALSE
0397187,34,2,2,24230,24233,FALSE,TRUE,6,6,FALSE
0397190,34,2,2,24230,24233,FALSE,TRUE,6,6,FALSE
0397192,34,2,2,24230,24233,FALSE,TRUE,6,6,FALSE
0397193,3,1,1,24230,24230,FALSE,TRUE,3,3,FALSE
0397194,34,2,2,24230,24233,FALSE,TRUE,6,6,FALSE
0397198,34,2,2,24230,24233,FALSE,TRUE,6,6,FALSE
0397199,34,2,2,24230,24233,FALSE,TRUE,6,6,FALSE
0397204,34,2,2,24230,24233,FALSE,TRUE,6,6,FALSE
0397205,34,2,2,24230,24233,FALSE,TRUE,6,6,FALSE
0397208,34,2,2,24230,24233,FALSE,TRUE,6,6,FALSE
0397209,3,1,1,24230,24230,FALSE,TRUE,3,3,FALSE
0397210,34,2,2,24230,24233,FALSE,TRUE,6,6,FALSE
0397211,4,1,1,24233,24233,FALSE,TRUE,3,3,FALSE
0397214,34,2,2,24230,24233,FALSE,TRUE,6,6,FALSE
0397216,4,1,1,24233,24233,FALSE,TRUE,3,3,FALSE
0397220,34,2,2,24230,24233,FALSE,TRUE,6,6,FALSE
0397221,34,2,2,24230,24233,FALSE,TRUE,6,6,FALSE
0397222,3,1,1,24230,24230,FALSE,TRUE,3,3,FALSE
0397223,34,2,2,24230,24233,FALSE,TRUE,6,6,FALSE
0397226,34,2,2,24230,24233,FALSE,TRUE,6,6,FALSE
0397228,34,2,2,24230,24233,FALSE,TRUE,6,6,FALSE
0397229,3,1,1,24230,24230,FALSE,TRUE,3,3,FALSE
0397231,34,2,2,24230,24233,FALSE,TRUE,6,6,FALSE
0397232,4,1,1,24233,24233,FALSE,TRUE,3,3,FALSE
0397234,34,2,2,24230,24233,FALSE,TRUE,6,6,FALSE
0397238,34,2,2,24230,24233,FALSE,TRUE,6,6,FALSE
0397240,4,1,1,24233,24233,FALSE,TRUE,3,3,FALSE
0397241,34,2,2,24230,24233,FALSE,TRUE,6,6,FALSE
0397242,34,2,2,24230,24233,FALSE,TRUE,6,6,FALSE
0397246,4,1,1,24233,24233,FALSE,TRUE,3,3,FALSE
0397247,4,1,1,24233,24233,FALSE,TRUE,3,3,FALSE
0397248,4,1,1,24233,24233,FALSE,TRUE,3,3,FALSE
0397249,34,2,2,24230,24233,FALSE,TRUE,6,6,FALSE
0397250,34,2,2,24230,24233,FALSE,TRUE,6,6,FALSE
0397251,4,1,1,24233,24233,FALSE,TRUE,3,3,FALSE
0397253,34,2,2,24230,24233,FALSE,TRUE,6,6,FALSE
0397254,34,2,2,24230,24233,FALSE,TRUE,6,6,FALSE
0397256,34,2,2,24230,24233,FALSE,TRUE,6,6,FALSE
0397258,34,2,2,24230,24233,FALSE,TRUE,6,6,FALSE
0397259,34,2,2,24230,24233,FALSE,TRUE,6,6,FALSE
0397262,4,1,1,24233,24233,FALSE,TRUE,3,3,FALSE
0397264,3,1,1,24230,24230,FALSE,TRUE,3,3,FALSE
0397266,34,2,2,24230,24233,FALSE,TRUE,6,6,FALSE
0397267,34,2,2,24230,24233,FALSE,TRUE,6,6,FALSE
0397272,34,2,2,24230,24233,FALSE,TRUE,6,6,FALSE
0397273,34,2,2,24230,24233,FALSE,TRUE,6,6,FALSE
0397278,34,2,2,24230,24233,FALSE,TRUE,6,6,FALSE
0397280,34,2,2,24230,24233,FALSE,TRUE,6,6,FALSE
0397281,34,2,2,24230,24233,FALSE,TRUE,6,6,FALSE
0397282,34,2,2,24230,24233,FALSE,TRUE,6,6,FALSE
0397291,34,2,2,24230,24233,FALSE,TRUE,6,6,FALSE
0397292,34,2,2,24230,24233,FALSE,TRUE,6,6,FALSE
0397294,34,2,2,24230,24233,FALSE,TRUE,6,6,FALSE
0397295,4,1,1,24233,24233,FALSE,TRUE,3,3,FALSE
0397296,4,1,1,24233,24233,FALSE,TRUE,3,3,FALSE
0397299,34,2,2,24230,24233,FALSE,TRUE,6,6,FALSE
0397303,34,2,2,24230,24233,FALSE,TRUE,6,6,FALSE
0397305,34,2,2,24230,24233,FALSE,TRUE,6,6,FALSE
0397307,34,2,2,24230,24233,FALSE,TRUE,6,6,FALSE
0397310,34,2,2,24230,24233,FALSE,TRUE,6,6,FALSE
0397312,34,2,2,24230,24233,FALSE,TRUE,6,6,FALSE
0397313,34,2,2,24230,24233,FALSE,TRUE,6,6,FALSE
0397314,4,1,1,24233,24233,FALSE,TRUE,3,3,FALSE
0397315,34,2,2,24230,24233,FALSE,TRUE,6,6,FALSE
0397318,34,2,2,24230,24233,FALSE,TRUE,6,6,FALSE
0397321,4,1,1,24233,24233,FALSE,TRUE,3,3,FALSE
0397324,34,2,2,24230,24233,FALSE,TRUE,6,6,FALSE
0397325,34,2,2,24230,24233,FALSE,TRUE,6,6,FALSE
0397326,3,1,1,24230,24230,FALSE,TRUE,3,3,FALSE
0397327,34,2,2,24230,24233,FALSE,TRUE,6,6,FALSE
0397328,34,2,2,24230,24233,FALSE,TRUE,6,6,FALSE
0397330,34,2,2,24230,24233,FALSE,TRUE,6,6,FALSE
0397336,34,2,2,24230,24233,FALSE,TRUE,6,6,FALSE
0397337,34,2,2,24230,24233,FALSE,TRUE,6,6,FALSE
0397346,34,2,2,24230,24233,FALSE,TRUE,6,6,FALSE
0397350,34,2,2,24230,24233,FALSE,TRUE,6,6,FALSE
0397352,3,1,1,24230,24230,FALSE,TRUE,3,3,FALSE
0397353,3,1,1,24230,24230,FALSE,TRUE,3,3,FALSE
0397354,34,2,2,24230,24233,FALSE,TRUE,6,6,FALSE
0397355,34,2,2,24230,24233,FALSE,TRUE,6,6,FALSE
0397357,4,1,1,24233,24233,FALSE,TRUE,3,3,FALSE
0397359,34,2,2,24230,24233,FALSE,TRUE,6,6,FALSE
0397362,3,1,1,24230,24230,FALSE,TRUE,3,3,FALSE
0397364,34,2,2,24230,24233,FALSE,TRUE,6,6,FALSE
0397366,34,2,2,24230,24233,FALSE,TRUE,6,6,FALSE
0397368,34,2,2,24230,24233,FALSE,TRUE,6,6,FALSE
0397370,34,2,2,24230,24233,FALSE,TRUE,6,6,FALSE
0397373,34,2,2,24230,24233,FALSE,TRUE,6,6,FALSE
0397374,34,2,2,24230,24233,FALSE,TRUE,6,6,FALSE
0397375,34,2,2,24230,24233,FALSE,TRUE,6,6,FALSE
0397377,3,1,1,24230,24230,FALSE,TRUE,3,3,FALSE
0397379,34,2,2,24230,24233,FALSE,TRUE,6,6,FALSE
0397380,3,1,1,24230,24230,FALSE,TRUE,3,3,FALSE
0397381,34,2,2,24230,24233,FALSE,TRUE,6,6,FALSE
0397384,4,1,1,24233,24233,FALSE,TRUE,3,3,FALSE
0397385,34,2,2,24230,24233,FALSE,TRUE,6,6,FALSE
0397388,34,2,2,24230,24233,FALSE,TRUE,6,6,FALSE
0397391,4,1,1,24233,24233,FALSE,TRUE,3,3,FALSE
0397395,34,2,2,24230,24233,FALSE,TRUE,6,6,FALSE
0397396,34,2,2,24230,24233,FALSE,TRUE,6,6,FALSE
0397398,3,1,1,24230,24230,FALSE,TRUE,3,3,FALSE
0397399,34,2,2,24230,24233,FALSE,TRUE,6,6,FALSE
0397406,34,2,2,24230,24233,FALSE,TRUE,6,6,FALSE
0397407,34,2,2,24230,24233,FALSE,TRUE,6,6,FALSE
0397410,34,2,2,24230,24233,FALSE,TRUE,6,6,FALSE
0397415,34,2,2,24230,24233,FALSE,TRUE,6,6,FALSE
0397417,3,1,1,24230,24230,FALSE,TRUE,3,3,FALSE
0397420,34,2,2,24230,24233,FALSE,TRUE,6,6,FALSE
0397421,3,1,1,24230,24230,FALSE,TRUE,3,3,FALSE
0397425,4,1,1,24233,24233,FALSE,TRUE,3,3,FALSE
0397426,34,2,2,24230,24233,FALSE,TRUE,6,6,FALSE
0397428,4,1,1,24233,24233,FALSE,TRUE,3,3,FALSE
0397429,34,2,2,24230,24233,FALSE,TRUE,6,6,FALSE
0397430,34,2,2,24230,24233,FALSE,TRUE,6,6,FALSE
0397431,3,1,1,24230,24230,FALSE,TRUE,3,3,FALSE
0397432,3,1,1,24230,24230,FALSE,TRUE,3,3,FALSE
0397433,4,1,1,24233,24233,FALSE,TRUE,3,3,FALSE
0397440,34,2,2,24230,24233,FALSE,TRUE,6,6,FALSE
0397443,34,2,2,24230,24233,FALSE,TRUE,6,6,FALSE
0397445,34,2,2,24230,24233,FALSE,TRUE,6,6,FALSE
0397448,34,2,2,24230,24233,FALSE,TRUE,6,6,FALSE
0397452,34,2,2,24230,24233,FALSE,TRUE,6,6,FALSE
0397456,34,2,2,24230,24233,FALSE,TRUE,6,6,FALSE
0397457,34,2,2,24230,24233,FALSE,TRUE,6,6,FALSE
0397459,34,2,2,24230,24233,FALSE,TRUE,6,6,FALSE
0397462,34,2,2,24230,24233,FALSE,TRUE,6,6,FALSE
0397463,34,2,2,24230,24233,FALSE,TRUE,6,6,FALSE
0397466,34,2,2,24230,24233,FALSE,TRUE,6,6,FALSE
0397468,34,2,2,24230,24233,FALSE,TRUE,6,6,FALSE
0397471,34,2,2,24230,24233,FALSE,TRUE,6,6,FALSE
0397474,34,2,2,24230,24233,FALSE,TRUE,6,6,FALSE
0397476,3,1,1,24230,24230,FALSE,TRUE,3,3,FALSE
0397479,34,2,2,24230,24233,FALSE,TRUE,6,6,FALSE
0397481,34,2,2,24230,24233,FALSE,TRUE,6,6,FALSE
0397483,4,1,1,24233,24233,FALSE,TRUE,3,3,FALSE
0397484,34,2,2,24230,24233,FALSE,TRUE,6,6,FALSE
0397485,34,2,2,24230,24233,FALSE,TRUE,6,6,FALSE
0397486,34,2,2,24230,24233,FALSE,TRUE,6,6,FALSE
0397487,34,2,2,24230,24233,FALSE,TRUE,6,6,FALSE
0397488,34,2,2,24230,24233,FALSE,TRUE,6,6,FALSE
0397489,34,2,2,24230,24233,FALSE,TRUE,6,6,FALSE
0397492,3,1,1,24230,24230,FALSE,TRUE,3,3,FALSE
0397496,4,1,1,24233,24233,FALSE,TRUE,3,3,FALSE
0397501,3,1,1,24230,24230,FALSE,TRUE,3,3,FALSE
0397502,34,2,2,24230,24233,FALSE,TRUE,6,6,FALSE
0397503,34,2,2,24230,24233,FALSE,TRUE,6,6,FALSE
0397504,34,2,2,24230,24233,FALSE,TRUE,6,6,FALSE
0397505,34,2,2,24230,24233,FALSE,TRUE,6,6,FALSE
0397509,34,2,2,24230,24233,FALSE,TRUE,6,6,FALSE
0397511,3,1,1,24230,24230,FALSE,TRUE,3,3,FALSE
0397512,34,2,2,24230,24233,FALSE,TRUE,6,6,FALSE
0397514,3,1,1,24230,24230,FALSE,TRUE,3,3,FALSE
0397516,34,2,2,24230,24233,FALSE,TRUE,6,6,FALSE
0397518,34,2,2,24230,24233,FALSE,TRUE,6,6,FALSE
0397520,34,2,2,24230,24233,FALSE,TRUE,6,6,FALSE
0397521,34,2,2,24230,24233,FALSE,TRUE,6,6,FALSE
0397522,34,2,2,24230,24233,FALSE,TRUE,6,6,FALSE
0397525,34,2,2,24230,24233,FALSE,TRUE,6,6,FALSE
0397528,34,2,2,24230,24233,FALSE,TRUE,6,6,FALSE
0398545,4,1,1,24231,24231,FALSE,TRUE,3,3,FALSE
0398548,34,2,2,24231,24234,FALSE,TRUE,6,6,FALSE
0398550,34,2,2,24231,24234,FALSE,TRUE,6,6,FALSE
0398551,34,2,2,24231,24234,FALSE,TRUE,6,6,FALSE
0398553,34,2,2,24231,24234,FALSE,TRUE,6,6,FALSE
0398554,34,2,2,24231,24234,FALSE,TRUE,6,6,FALSE
0398555,34,2,2,24231,24234,FALSE,TRUE,6,6,FALSE
0398556,34,2,2,24231,24234,FALSE,TRUE,6,6,FALSE
0398557,34,2,2,24231,24234,FALSE,TRUE,6,6,FALSE
0398558,34,2,2,24231,24234,FALSE,TRUE,6,6,FALSE
0398563,34,2,2,24231,24234,FALSE,TRUE,6,6,FALSE
0398564,4,1,1,24234,24234,FALSE,TRUE,3,3,FALSE
0398567,34,2,2,24231,24234,FALSE,TRUE,6,6,FALSE
0398568,3,1,1,24231,24231,FALSE,TRUE,3,3,FALSE
0398569,34,2,2,24231,24234,FALSE,TRUE,6,6,FALSE
0398570,3,1,1,24231,24231,FALSE,TRUE,3,3,FALSE
0398571,4,1,1,24231,24231,FALSE,TRUE,3,3,FALSE
0398573,34,2,2,24231,24234,FALSE,TRUE,6,6,FALSE
0398575,3,1,1,24231,24231,FALSE,TRUE,3,3,FALSE
0398579,34,2,2,24231,24234,FALSE,TRUE,6,6,FALSE
0398581,34,2,2,24231,24234,FALSE,TRUE,6,6,FALSE
0398583,34,2,2,24231,24234,FALSE,TRUE,6,6,FALSE
0398584,34,2,2,24231,24234,FALSE,TRUE,6,6,FALSE
0398585,34,2,2,24231,24234,FALSE,TRUE,6,6,FALSE
0398588,34,2,2,24231,24234,FALSE,TRUE,6,6,FALSE
0398590,3,1,1,24231,24231,FALSE,TRUE,3,3,FALSE
0398593,34,2,2,24231,24234,FALSE,TRUE,6,6,FALSE
0398595,34,2,2,24231,24234,FALSE,TRUE,6,6,FALSE
0398602,34,2,2,24231,24234,FALSE,TRUE,6,6,FALSE
0398603,34,2,2,24231,24234,FALSE,TRUE,6,6,FALSE
0398606,34,2,2,24231,24234,FALSE,TRUE,6,6,FALSE
0398608,34,2,2,24231,24234,FALSE,TRUE,6,6,FALSE
0398609,34,2,2,24231,24234,FALSE,TRUE,6,6,FALSE
0398611,34,2,2,24231,24234,FALSE,TRUE,6,6,FALSE
0398612,34,2,2,24231,24234,FALSE,TRUE,6,6,FALSE
0398613,34,2,2,24231,24234,FALSE,TRUE,6,6,FALSE
0398615,34,2,2,24231,24234,FALSE,TRUE,6,6,FALSE
0398616,4,1,1,24234,24234,FALSE,TRUE,3,3,FALSE
0398617,4,1,1,24234,24234,FALSE,TRUE,3,3,FALSE
0398621,34,2,2,24231,24234,FALSE,TRUE,6,6,FALSE
0398625,34,2,2,24231,24234,FALSE,TRUE,6,6,FALSE
0398627,34,2,2,24231,24234,FALSE,TRUE,6,6,FALSE
0398629,34,2,2,24231,24234,FALSE,TRUE,6,6,FALSE
0398631,34,2,2,24231,24234,FALSE,TRUE,6,6,FALSE
0398633,34,2,2,24231,24234,FALSE,TRUE,6,6,FALSE
0398635,34,2,2,24231,24234,FALSE,TRUE,6,6,FALSE
0398638,34,2,2,24231,24234,FALSE,TRUE,6,6,FALSE
0398639,3,1,1,24231,24231,FALSE,TRUE,3,3,FALSE
0398641,34,2,2,24231,24234,FALSE,TRUE,6,6,FALSE
0398643,34,2,2,24231,24234,FALSE,TRUE,6,6,FALSE
0398644,34,2,2,24231,24234,FALSE,TRUE,6,6,FALSE
0398646,34,2,2,24231,24234,FALSE,TRUE,6,6,FALSE
0398647,34,2,2,24231,24234,FALSE,TRUE,6,6,FALSE
0398648,34,2,2,24231,24234,FALSE,TRUE,6,6,FALSE
0398653,3,1,1,24231,24231,FALSE,TRUE,3,3,FALSE
0398654,34,2,2,24231,24234,FALSE,TRUE,6,6,FALSE
0398655,34,2,2,24231,24234,FALSE,TRUE,6,6,FALSE
0398658,3,1,1,24231,24231,FALSE,TRUE,3,3,FALSE
0398661,34,2,2,24231,24234,FALSE,TRUE,6,6,FALSE
0398666,34,2,2,24231,24234,FALSE,TRUE,6,6,FALSE
0398669,3,1,1,24231,24231,FALSE,TRUE,3,3,FALSE
0398670,34,2,2,24231,24234,FALSE,TRUE,6,6,FALSE
0398672,34,2,2,24231,24234,FALSE,TRUE,6,6,FALSE
0398673,34,2,2,24231,24234,FALSE,TRUE,6,6,FALSE
0398674,34,2,2,24231,24234,FALSE,TRUE,6,6,FALSE
0398676,34,2,2,24231,24234,FALSE,TRUE,6,6,FALSE
0398677,34,2,2,24231,24234,FALSE,TRUE,6,6,FALSE
0398680,4,1,1,24234,24234,FALSE,TRUE,3,3,FALSE
0398681,34,2,2,24231,24234,FALSE,TRUE,6,6,FALSE
0398685,34,2,2,24231,24234,FALSE,TRUE,6,6,FALSE
0398686,3,1,1,24231,24231,FALSE,TRUE,3,3,FALSE
0398687,34,2,2,24231,24234,FALSE,TRUE,6,6,FALSE
0398689,4,1,1,24234,24234,FALSE,TRUE,3,3,FALSE
0398690,34,2,2,24231,24234,FALSE,TRUE,6,6,FALSE
0398691,34,2,2,24231,24234,FALSE,TRUE,6,6,FALSE
0398697,4,1,1,24234,24234,FALSE,TRUE,3,3,FALSE
0398698,34,2,2,24231,24234,FALSE,TRUE,6,6,FALSE
0398703,34,2,2,24231,24234,FALSE,TRUE,6,6,FALSE
0398705,34,2,2,24231,24234,FALSE,TRUE,6,6,FALSE
0398707,4,1,1,24234,24234,FALSE,TRUE,3,3,FALSE
0398708,34,2,2,24231,24234,FALSE,TRUE,6,6,FALSE
0398709,3,1,1,24231,24231,FALSE,TRUE,3,3,FALSE
0398710,3,1,1,24231,24231,FALSE,TRUE,3,3,FALSE
0398711,34,2,2,24231,24234,FALSE,TRUE,6,6,FALSE
0398712,34,2,2,24231,24234,FALSE,TRUE,6,6,FALSE
0398716,4,1,1,24234,24234,FALSE,TRUE,3,3,FALSE
0398717,4,1,1,24234,24234,FALSE,TRUE,3,3,FALSE
0398720,4,1,1,24234,24234,FALSE,TRUE,3,3,FALSE
0398722,34,2,2,24231,24234,FALSE,TRUE,6,6,FALSE
0398723,34,2,2,24231,24234,FALSE,TRUE,6,6,FALSE
0398732,34,2,2,24231,24234,FALSE,TRUE,6,6,FALSE
0398733,34,2,2,24231,24234,FALSE,TRUE,6,6,FALSE
0398735,34,2,2,24231,24234,FALSE,TRUE,6,6,FALSE
0398737,34,2,2,24231,24234,FALSE,TRUE,6,6,FALSE
0398740,34,2,2,24231,24234,FALSE,TRUE,6,6,FALSE
0398741,34,2,2,24231,24234,FALSE,TRUE,6,6,FALSE
0398745,34,2,2,24231,24234,FALSE,TRUE,6,6,FALSE
0398747,34,2,2,24231,24234,FALSE,TRUE,6,6,FALSE
0398749,34,2,2,24231,24234,FALSE,TRUE,6,6,FALSE
0398751,34,2,2,24231,24234,FALSE,TRUE,6,6,FALSE
0398752,34,2,2,24231,24234,FALSE,TRUE,6,6,FALSE
0398753,34,2,2,24231,24234,FALSE,TRUE,6,6,FALSE
0398755,3,1,1,24231,24231,FALSE,TRUE,3,3,FALSE
0398757,34,2,2,24231,24234,FALSE,TRUE,6,6,FALSE
0398758,34,2,2,24231,24234,FALSE,TRUE,6,6,FALSE
0398762,34,2,2,24231,24234,FALSE,TRUE,6,6,FALSE
0398763,34,2,2,24231,24234,FALSE,TRUE,6,6,FALSE
0398764,34,2,2,24231,24234,FALSE,TRUE,6,6,FALSE
0398766,34,2,2,24231,24234,FALSE,TRUE,6,6,FALSE
0398768,34,2,2,24231,24234,FALSE,TRUE,6,6,FALSE
0398773,3,1,1,24231,24231,FALSE,TRUE,3,3,FALSE
0398775,3,1,1,24231,24231,FALSE,TRUE,3,3,FALSE
0398777,34,2,2,24231,24234,FALSE,TRUE,6,6,FALSE
0398782,3,1,1,24231,24231,FALSE,TRUE,3,3,FALSE
0398783,34,2,2,24231,24234,FALSE,TRUE,6,6,FALSE
0398785,34,2,2,24231,24234,FALSE,TRUE,6,6,FALSE
0398787,3,1,1,24231,24231,FALSE,TRUE,3,3,FALSE
0398789,34,2,2,24231,24234,FALSE,TRUE,6,6,FALSE
0398790,34,2,2,24231,24234,FALSE,TRUE,6,6,FALSE
0398791,34,2,2,24231,24234,FALSE,TRUE,6,6,FALSE
0398792,34,2,2,24231,24234,FALSE,TRUE,6,6,FALSE
0398793,34,2,2,24231,24234,FALSE,TRUE,6,6,FALSE
0398799,4,1,1,24234,24234,FALSE,TRUE,3,3,FALSE
0398800,34,2,2,24231,24234,FALSE,TRUE,6,6,FALSE
0398802,4,1,1,24234,24234,FALSE,TRUE,3,3,FALSE
0398805,34,2,2,24231,24234,FALSE,TRUE,6,6,FALSE
0398806,34,2,2,24231,24234,FALSE,TRUE,6,6,FALSE
0398810,34,2,2,24231,24234,FALSE,TRUE,6,6,FALSE
0398813,34,2,2,24231,24234,FALSE,TRUE,6,6,FALSE
0398816,34,2,2,24231,24234,FALSE,TRUE,6,6,FALSE
0398817,34,2,2,24231,24234,FALSE,TRUE,6,6,FALSE
0398818,34,2,2,24231,24234,FALSE,TRUE,6,6,FALSE
0398819,34,2,2,24231,24234,FALSE,TRUE,6,6,FALSE
0398821,34,2,2,24231,24234,FALSE,TRUE,6,6,FALSE
0398822,34,2,2,24231,24234,FALSE,TRUE,6,6,FALSE
0398824,3,1,1,24231,24231,FALSE,TRUE,3,3,FALSE
0398825,34,2,2,24231,24234,FALSE,TRUE,6,6,FALSE
0398828,34,2,2,24231,24234,FALSE,TRUE,6,6,FALSE
0398833,34,2,2,24231,24234,FALSE,TRUE,6,6,FALSE
0398834,34,2,2,24231,24234,FALSE,TRUE,6,6,FALSE
0398840,3,1,1,24231,24231,FALSE,TRUE,3,3,FALSE
0398841,34,2,2,24231,24234,FALSE,TRUE,6,6,FALSE
0398842,34,2,2,24231,24234,FALSE,TRUE,6,6,FALSE
0398844,4,1,1,24231,24231,FALSE,TRUE,3,3,FALSE
0398846,34,2,2,24231,24234,FALSE,TRUE,6,6,FALSE
0398849,34,2,2,24231,24234,FALSE,TRUE,6,6,FALSE
0398850,34,2,2,24231,24234,FALSE,TRUE,6,6,FALSE
0398851,34,2,2,24231,24234,FALSE,TRUE,6,6,FALSE
0398858,3,1,1,24231,24231,FALSE,TRUE,3,3,FALSE
0398861,34,2,2,24231,24234,FALSE,TRUE,6,6,FALSE
0398862,34,2,2,24231,24234,FALSE,TRUE,6,6,FALSE
0398863,3,1,1,24231,24231,FALSE,TRUE,3,3,FALSE
0398864,34,2,2,24231,24234,FALSE,TRUE,6,6,FALSE
0398866,34,2,2,24231,24234,FALSE,TRUE,6,6,FALSE
0398869,3,1,1,24231,24231,FALSE,TRUE,3,3,FALSE
0398870,34,2,2,24231,24234,FALSE,TRUE,6,6,FALSE
0398872,34,2,2,24231,24234,FALSE,TRUE,6,6,FALSE
0398876,34,2,2,24231,24234,FALSE,TRUE,6,6,FALSE
0398878,4,1,1,24234,24234,FALSE,TRUE,3,3,FALSE
0398880,4,1,1,24231,24231,FALSE,TRUE,3,3,FALSE
0398881,34,2,2,24231,24234,FALSE,TRUE,6,6,FALSE
0398892,4,1,1,24234,24234,FALSE,TRUE,3,3,FALSE
0398893,34,2,2,24231,24234,FALSE,TRUE,6,6,FALSE
0398896,34,2,2,24231,24234,FALSE,TRUE,6,6,FALSE
0398898,34,2,2,24231,24234,FALSE,TRUE,6,6,FALSE
0398901,3,1,1,24231,24231,FALSE,TRUE,3,3,FALSE
0398903,34,2,2,24231,24234,FALSE,TRUE,6,6,FALSE
0398904,34,2,2,24231,24234,FALSE,TRUE,6,6,FALSE
0398906,34,2,2,24231,24234,FALSE,TRUE,6,6,FALSE
0398907,34,2,2,24231,24234,FALSE,TRUE,6,6,FALSE
0398908,34,2,2,24231,24234,FALSE,TRUE,6,6,FALSE
0398909,34,2,2,24231,24234,FALSE,TRUE,6,6,FALSE
0398911,34,2,2,24231,24234,FALSE,TRUE,6,6,FALSE
0398913,3,1,1,24231,24231,FALSE,TRUE,3,3,FALSE
0398916,34,2,2,24231,24234,FALSE,TRUE,6,6,FALSE
0398917,34,2,2,24231,24234,FALSE,TRUE,6,6,FALSE
0398918,34,2,2,24231,24234,FALSE,TRUE,6,6,FALSE
0398919,34,2,2,24231,24234,FALSE,TRUE,6,6,FALSE
0398921,34,2,2,24231,24234,FALSE,TRUE,6,6,FALSE
0398922,34,2,2,24231,24234,FALSE,TRUE,6,6,FALSE
0398927,34,2,2,24231,24234,FALSE,TRUE,6,6,FALSE
0398930,34,2,2,24231,24234,FALSE,TRUE,6,6,FALSE
0398931,34,2,2,24231,24234,FALSE,TRUE,6,6,FALSE
0398935,34,2,2,24231,24234,FALSE,TRUE,6,6,FALSE
0398938,34,2,2,24231,24234,FALSE,TRUE,6,6,FALSE
0398939,3,1,1,24231,24231,FALSE,TRUE,3,3,FALSE
0398941,4,1,1,24234,24234,FALSE,TRUE,3,3,FALSE
0398945,4,1,1,24234,24234,FALSE,TRUE,3,3,FALSE
0398946,34,2,2,24231,24234,FALSE,TRUE,6,6,FALSE
0398950,34,2,2,24231,24234,FALSE,TRUE,6,6,FALSE
0398955,34,2,2,24231,24234,FALSE,TRUE,6,6,FALSE
0398958,4,1,1,24234,24234,FALSE,TRUE,3,3,FALSE
0398960,34,2,2,24231,24234,FALSE,TRUE,6,6,FALSE
0398962,3,1,1,24231,24231,FALSE,TRUE,3,3,FALSE
0398963,34,2,2,24231,24234,FALSE,TRUE,6,6,FALSE
0398966,3,1,1,24231,24231,FALSE,TRUE,3,3,FALSE
0398970,34,2,2,24231,24234,FALSE,TRUE,6,6,FALSE
0398974,34,2,2,24231,24234,FALSE,TRUE,6,6,FALSE
0398975,34,2,2,24231,24234,FALSE,TRUE,6,6,FALSE
0398976,34,2,2,24231,24234,FALSE,TRUE,6,6,FALSE
0398978,34,2,2,24231,24234,FALSE,TRUE,6,6,FALSE
0398981,34,2,2,24231,24234,FALSE,TRUE,6,6,FALSE
0398982,3,1,1,24231,24231,FALSE,TRUE,3,3,FALSE
0398987,34,2,2,24231,24234,FALSE,TRUE,6,6,FALSE
0398988,34,2,2,24231,24234,FALSE,TRUE,6,6,FALSE
0398992,34,2,2,24231,24234,FALSE,TRUE,6,6,FALSE
0398995,34,2,2,24231,24234,FALSE,TRUE,6,6,FALSE
0398996,34,2,2,24231,24234,FALSE,TRUE,6,6,FALSE
0398997,34,2,2,24231,24234,FALSE,TRUE,6,6,FALSE
0398998,3,1,1,24231,24231,FALSE,TRUE,3,3,FALSE
0398999,34,2,2,24231,24234,FALSE,TRUE,6,6,FALSE
0399000,34,2,2,24231,24234,FALSE,TRUE,6,6,FALSE
0399002,34,2,2,24231,24234,FALSE,TRUE,6,6,FALSE
0399009,34,2,2,24231,24234,FALSE,TRUE,6,6,FALSE
0399010,34,2,2,24231,24234,FALSE,TRUE,6,6,FALSE
0399011,34,2,2,24231,24234,FALSE,TRUE,6,6,FALSE
0399012,34,2,2,24231,24234,FALSE,TRUE,6,6,FALSE
0399014,34,2,2,24231,24234,FALSE,TRUE,6,6,FALSE
0399015,34,2,2,24231,24234,FALSE,TRUE,6,6,FALSE
0399017,34,2,2,24231,24234,FALSE,TRUE,6,6,FALSE
0399019,4,1,1,24234,24234,FALSE,TRUE,3,3,FALSE
0399021,3,1,1,24231,24231,FALSE,TRUE,3,3,FALSE
0399023,34,2,2,24231,24234,FALSE,TRUE,6,6,FALSE
0399024,3,1,1,24231,24231,FALSE,TRUE,3,3,FALSE
0399026,34,2,2,24231,24234,FALSE,TRUE,6,6,FALSE
0399029,34,2,2,24231,24234,FALSE,TRUE,6,6,FALSE
0399031,34,2,2,24231,24234,FALSE,TRUE,6,6,FALSE
0399034,4,1,1,24234,24234,FALSE,TRUE,3,3,FALSE
0399036,34,2,2,24231,24234,FALSE,TRUE,6,6,FALSE
0399037,34,2,2,24231,24234,FALSE,TRUE,6,6,FALSE
0399040,34,2,2,24231,24234,FALSE,TRUE,6,6,FALSE
0399044,34,2,2,24231,24234,FALSE,TRUE,6,6,FALSE
0399045,3,1,1,24231,24231,FALSE,TRUE,3,3,FALSE
0399046,3,1,1,24231,24231,FALSE,TRUE,3,3,FALSE
0399047,34,2,2,24231,24234,FALSE,TRUE,6,6,FALSE
0399052,34,2,2,24231,24234,FALSE,TRUE,6,6,FALSE
0399053,34,2,2,24231,24234,FALSE,TRUE,6,6,FALSE
0399054,4,1,1,24234,24234,FALSE,TRUE,3,3,FALSE
0399055,34,2,2,24231,24234,FALSE,TRUE,6,6,FALSE
0399056,34,2,2,24231,24234,FALSE,TRUE,6,6,FALSE
0399058,4,1,1,24234,24234,FALSE,TRUE,3,3,FALSE
0399059,34,2,2,24231,24234,FALSE,TRUE,6,6,FALSE
0399060,3,1,1,24231,24231,FALSE,TRUE,3,3,FALSE
0399061,34,2,2,24231,24234,FALSE,TRUE,6,6,FALSE
0399063,34,2,2,24231,24234,FALSE,TRUE,6,6,FALSE
0399064,34,2,2,24231,24234,FALSE,TRUE,6,6,FALSE
0399065,34,2,2,24231,24234,FALSE,TRUE,6,6,FALSE
0399067,34,2,2,24231,24234,FALSE,TRUE,6,6,FALSE
0399069,34,2,2,24231,24234,FALSE,TRUE,6,6,FALSE
0399071,34,2,2,24231,24234,FALSE,TRUE,6,6,FALSE
0399073,3,1,1,24231,24231,FALSE,TRUE,3,3,FALSE
0399078,34,2,2,24231,24234,FALSE,TRUE,6,6,FALSE
0399079,34,2,2,24231,24234,FALSE,TRUE,6,6,FALSE
0399081,34,2,2,24231,24234,FALSE,TRUE,6,6,FALSE
0399082,34,2,2,24231,24234,FALSE,TRUE,6,6,FALSE
0399083,34,2,2,24231,24234,FALSE,TRUE,6,6,FALSE
0399084,4,1,1,24234,24234,FALSE,TRUE,3,3,FALSE
0399086,34,2,2,24231,24234,FALSE,TRUE,6,6,FALSE
0399087,4,1,1,24234,24234,FALSE,TRUE,3,3,FALSE
0399088,34,2,2,24231,24234,FALSE,TRUE,6,6,FALSE
0399089,3,1,1,24231,24231,FALSE,TRUE,3,3,FALSE
0399090,3,1,1,24231,24231,FALSE,TRUE,3,3,FALSE
0399091,34,2,2,24231,24234,FALSE,TRUE,6,6,FALSE
0399094,34,2,2,24231,24234,FALSE,TRUE,6,6,FALSE
0399098,34,2,2,24231,24234,FALSE,TRUE,6,6,FALSE
0399099,34,2,2,24231,24234,FALSE,TRUE,6,6,FALSE
0399103,34,2,2,24231,24234,FALSE,TRUE,6,6,FALSE
0399104,34,2,2,24231,24234,FALSE,TRUE,6,6,FALSE
0399105,4,1,1,24231,24231,FALSE,TRUE,3,3,FALSE
0399106,34,2,2,24231,24234,FALSE,TRUE,6,6,FALSE
0399107,34,2,2,24231,24234,FALSE,TRUE,6,6,FALSE
0399108,34,2,2,24231,24234,FALSE,TRUE,6,6,FALSE
0399110,34,2,2,24231,24234,FALSE,TRUE,6,6,FALSE
0399114,34,2,2,24231,24234,FALSE,TRUE,6,6,FALSE
0399117,34,2,2,24231,24234,FALSE,TRUE,6,6,FALSE
0399118,34,2,2,24231,24234,FALSE,TRUE,6,6,FALSE
0399119,34,2,2,24231,24234,FALSE,TRUE,6,6,FALSE
0399121,34,2,2,24231,24234,FALSE,TRUE,6,6,FALSE
0399122,3,1,1,24231,24231,FALSE,TRUE,3,3,FALSE
0399123,34,2,2,24231,24234,FALSE,TRUE,6,6,FALSE
0399125,3,1,1,24231,24231,FALSE,TRUE,3,3,FALSE
0399126,34,2,2,24231,24234,FALSE,TRUE,6,6,FALSE
0399128,34,2,2,24231,24234,FALSE,TRUE,6,6,FALSE
0399135,34,2,2,24231,24234,FALSE,TRUE,6,6,FALSE
0399136,34,2,2,24231,24234,FALSE,TRUE,6,6,FALSE
0399138,34,2,2,24231,24234,FALSE,TRUE,6,6,FALSE
0399139,34,2,2,24231,24234,FALSE,TRUE,6,6,FALSE
0399140,4,1,1,24234,24234,FALSE,TRUE,3,3,FALSE
0399141,34,2,2,24231,24234,FALSE,TRUE,6,6,FALSE
0399142,34,2,2,24231,24234,FALSE,TRUE,6,6,FALSE
0399143,34,2,2,24231,24234,FALSE,TRUE,6,6,FALSE
0399146,34,2,2,24231,24234,FALSE,TRUE,6,6,FALSE
0399147,34,2,2,24231,24234,FALSE,TRUE,6,6,FALSE
0399150,34,2,2,24231,24234,FALSE,TRUE,6,6,FALSE
0399151,34,2,2,24231,24234,FALSE,TRUE,6,6,FALSE
0399155,34,2,2,24231,24234,FALSE,TRUE,6,6,FALSE
0399156,34,2,2,24231,24234,FALSE,TRUE,6,6,FALSE
0399157,34,2,2,24231,24234,FALSE,TRUE,6,6,FALSE
0399162,34,2,2,24231,24234,FALSE,TRUE,6,6,FALSE
0399166,3,1,1,24231,24231,FALSE,TRUE,3,3,FALSE
0399167,3,1,1,24231,24231,FALSE,TRUE,3,3,FALSE
0399168,4,1,1,24234,24234,FALSE,TRUE,3,3,FALSE
0399169,34,2,2,24231,24234,FALSE,TRUE,6,6,FALSE
0399170,34,2,2,24231,24234,FALSE,TRUE,6,6,FALSE
0399172,34,2,2,24231,24234,FALSE,TRUE,6,6,FALSE
0399176,4,1,1,24234,24234,FALSE,TRUE,3,3,FALSE
0399178,4,1,1,24234,24234,FALSE,TRUE,3,3,FALSE
0399179,34,2,2,24231,24234,FALSE,TRUE,6,6,FALSE
0399180,34,2,2,24231,24234,FALSE,TRUE,6,6,FALSE
0399184,34,2,2,24231,24234,FALSE,TRUE,6,6,FALSE
0399186,34,2,2,24231,24234,FALSE,TRUE,6,6,FALSE
0399187,34,2,2,24231,24234,FALSE,TRUE,6,6,FALSE
0399190,4,1,1,24234,24234,FALSE,TRUE,3,3,FALSE
0399191,34,2,2,24231,24234,FALSE,TRUE,6,6,FALSE
0399194,34,2,2,24231,24234,FALSE,TRUE,6,6,FALSE
0399195,34,2,2,24231,24234,FALSE,TRUE,6,6,FALSE
0399200,34,2,2,24231,24234,FALSE,TRUE,6,6,FALSE
0399204,34,2,2,24231,24234,FALSE,TRUE,6,6,FALSE
0399208,34,2,2,24231,24234,FALSE,TRUE,6,6,FALSE
0399209,34,2,2,24231,24234,FALSE,TRUE,6,6,FALSE
0399213,4,1,1,24234,24234,FALSE,TRUE,3,3,FALSE
0399216,4,1,1,24234,24234,FALSE,TRUE,3,3,FALSE
0399221,34,2,2,24231,24234,FALSE,TRUE,6,6,FALSE
0399225,34,2,2,24231,24234,FALSE,TRUE,6,6,FALSE
0399226,34,2,2,24231,24234,FALSE,TRUE,6,6,FALSE
0399227,34,2,2,24231,24234,FALSE,TRUE,6,6,FALSE
0399228,34,2,2,24231,24234,FALSE,TRUE,6,6,FALSE
0399230,34,2,2,24231,24234,FALSE,TRUE,6,6,FALSE
0399231,34,2,2,24231,24234,FALSE,TRUE,6,6,FALSE
0399232,34,2,2,24231,24234,FALSE,TRUE,6,6,FALSE
0399234,34,2,2,24231,24234,FALSE,TRUE,6,6,FALSE
0399236,4,1,1,24234,24234,FALSE,TRUE,3,3,FALSE
0399238,34,2,2,24231,24234,FALSE,TRUE,6,6,FALSE
0399241,34,2,2,24231,24234,FALSE,TRUE,6,6,FALSE
0399242,4,1,1,24234,24234,FALSE,TRUE,3,3,FALSE
0399244,34,2,2,24231,24234,FALSE,TRUE,6,6,FALSE
0399247,34,2,2,24231,24234,FALSE,TRUE,6,6,FALSE
0399249,34,2,2,24231,24234,FALSE,TRUE,6,6,FALSE
0399250,34,2,2,24231,24234,FALSE,TRUE,6,6,FALSE
0399251,34,2,2,24231,24234,FALSE,TRUE,6,6,FALSE
0399252,4,1,1,24234,24234,FALSE,TRUE,3,3,FALSE
0399255,34,2,2,24231,24234,FALSE,TRUE,6,6,FALSE
0399257,34,2,2,24231,24234,FALSE,TRUE,6,6,FALSE
0399260,34,2,2,24231,24234,FALSE,TRUE,6,6,FALSE
0399261,34,2,2,24231,24234,FALSE,TRUE,6,6,FALSE
0399263,34,2,2,24231,24234,FALSE,TRUE,6,6,FALSE
0399264,34,2,2,24231,24234,FALSE,TRUE,6,6,FALSE
0399265,34,2,2,24231,24234,FALSE,TRUE,6,6,FALSE
0399266,4,1,1,24234,24234,FALSE,TRUE,3,3,FALSE
0399267,3,1,1,24231,24231,FALSE,TRUE,3,3,FALSE
0399270,34,2,2,24231,24234,FALSE,TRUE,6,6,FALSE
0399271,3,1,1,24231,24231,FALSE,TRUE,3,3,FALSE
0399272,34,2,2,24231,24234,FALSE,TRUE,6,6,FALSE
0399274,34,2,2,24231,24234,FALSE,TRUE,6,6,FALSE
0399276,3,1,1,24231,24231,FALSE,TRUE,3,3,FALSE
0399277,4,1,1,24234,24234,FALSE,TRUE,3,3,FALSE
0399282,34,2,2,24231,24234,FALSE,TRUE,6,6,FALSE
0399286,34,2,2,24231,24234,FALSE,TRUE,6,6,FALSE
0399287,34,2,2,24231,24234,FALSE,TRUE,6,6,FALSE
0399289,34,2,2,24231,24234,FALSE,TRUE,6,6,FALSE
0399293,34,2,2,24231,24234,FALSE,TRUE,6,6,FALSE
0399294,34,2,2,24231,24234,FALSE,TRUE,6,6,FALSE
0399299,4,1,1,24234,24234,FALSE,TRUE,3,3,FALSE
0399300,34,2,2,24231,24234,FALSE,TRUE,6,6,FALSE
0399303,3,1,1,24231,24231,FALSE,TRUE,3,3,FALSE
0399304,3,1,1,24231,24231,FALSE,TRUE,3,3,FALSE
0399305,34,2,2,24231,24234,FALSE,TRUE,6,6,FALSE
0399306,34,2,2,24231,24234,FALSE,TRUE,6,6,FALSE
0399307,4,1,1,24234,24234,FALSE,TRUE,3,3,FALSE
0399308,4,1,1,24234,24234,FALSE,TRUE,3,3,FALSE
0399311,34,2,2,24231,24234,FALSE,TRUE,6,6,FALSE
0399313,34,2,2,24231,24234,FALSE,TRUE,6,6,FALSE
0399315,34,2,2,24231,24234,FALSE,TRUE,6,6,FALSE
0399317,34,2,2,24231,24234,FALSE,TRUE,6,6,FALSE
0399319,34,2,2,24231,24234,FALSE,TRUE,6,6,FALSE
0399321,34,2,2,24231,24234,FALSE,TRUE,6,6,FALSE
0399327,34,2,2,24231,24234,FALSE,TRUE,6,6,FALSE
0399328,34,2,2,24231,24234,FALSE,TRUE,6,6,FALSE
0399329,34,2,2,24231,24234,FALSE,TRUE,6,6,FALSE
0399330,34,2,2,24231,24234,FALSE,TRUE,6,6,FALSE
0399332,34,2,2,24231,24234,FALSE,TRUE,6,6,FALSE
0399334,4,1,1,24234,24234,FALSE,TRUE,3,3,FALSE
0399335,34,2,2,24231,24234,FALSE,TRUE,6,6,FALSE
0399337,34,2,2,24231,24234,FALSE,TRUE,6,6,FALSE
0399339,3,1,1,24231,24231,FALSE,TRUE,3,3,FALSE
0399340,4,1,1,24234,24234,FALSE,TRUE,3,3,FALSE
0399343,34,2,2,24231,24234,FALSE,TRUE,6,6,FALSE
0399345,3,1,1,24231,24231,FALSE,TRUE,3,3,FALSE
0399348,34,2,2,24231,24234,FALSE,TRUE,6,6,FALSE
0399349,34,2,2,24231,24234,FALSE,TRUE,6,6,FALSE
0399350,34,2,2,24231,24234,FALSE,TRUE,6,6,FALSE
0399353,34,2,2,24231,24234,FALSE,TRUE,6,6,FALSE
0399354,4,1,1,24234,24234,FALSE,TRUE,3,3,FALSE
0399355,3,1,1,24231,24231,FALSE,TRUE,3,3,FALSE
0399358,34,2,2,24231,24234,FALSE,TRUE,6,6,FALSE
0399362,34,2,2,24231,24234,FALSE,TRUE,6,6,FALSE
0399364,34,2,2,24231,24234,FALSE,TRUE,6,6,FALSE
0399370,34,2,2,24231,24234,FALSE,TRUE,6,6,FALSE
0399371,3,1,1,24231,24231,FALSE,TRUE,3,3,FALSE
0399376,34,2,2,24231,24234,FALSE,TRUE,6,6,FALSE
0399378,4,1,1,24234,24234,FALSE,TRUE,3,3,FALSE
0399379,34,2,2,24231,24234,FALSE,TRUE,6,6,FALSE
0399380,3,1,1,24231,24231,FALSE,TRUE,3,3,FALSE
0399381,34,2,2,24231,24234,FALSE,TRUE,6,6,FALSE
0399382,34,2,2,24231,24234,FALSE,TRUE,6,6,FALSE
0399384,34,2,2,24231,24234,FALSE,TRUE,6,6,FALSE
0399385,34,2,2,24231,24234,FALSE,TRUE,6,6,FALSE
0399386,34,2,2,24231,24234,FALSE,TRUE,6,6,FALSE
0399388,3,1,1,24231,24231,FALSE,TRUE,3,3,FALSE
0399392,34,2,2,24231,24234,FALSE,TRUE,6,6,FALSE
0399394,3,1,1,24231,24231,FALSE,TRUE,3,3,FALSE
0399395,34,2,2,24231,24234,FALSE,TRUE,6,6,FALSE
0399396,34,2,2,24231,24234,FALSE,TRUE,6,6,FALSE
0399401,34,2,2,24231,24234,FALSE,TRUE,6,6,FALSE
0399403,34,2,2,24231,24234,FALSE,TRUE,6,6,FALSE
0399404,34,2,2,24231,24234,FALSE,TRUE,6,6,FALSE
0399405,3,1,1,24231,24231,FALSE,TRUE,3,3,FALSE
0399407,34,2,2,24231,24234,FALSE,TRUE,6,6,FALSE
0399408,34,2,2,24231,24234,FALSE,TRUE,6,6,FALSE
0399411,34,2,2,24231,24234,FALSE,TRUE,6,6,FALSE
0399415,34,2,2,24231,24234,FALSE,TRUE,6,6,FALSE
0399423,3,1,1,24231,24231,FALSE,TRUE,3,3,FALSE
0399427,4,1,1,24234,24234,FALSE,TRUE,3,3,FALSE
0399430,3,1,1,24231,24231,FALSE,TRUE,3,3,FALSE
0399433,34,2,2,24231,24234,FALSE,TRUE,6,6,FALSE
0399434,34,2,2,24231,24234,FALSE,TRUE,6,6,FALSE
0399435,3,1,1,24231,24231,FALSE,TRUE,3,3,FALSE
0399436,34,2,2,24231,24234,FALSE,TRUE,6,6,FALSE
0399437,34,2,2,24231,24234,FALSE,TRUE,6,6,FALSE
0399438,34,2,2,24231,24234,FALSE,TRUE,6,6,FALSE
0399443,34,2,2,24231,24234,FALSE,TRUE,6,6,FALSE
0399444,34,2,2,24231,24234,FALSE,TRUE,6,6,FALSE
0399447,34,2,2,24231,24234,FALSE,TRUE,6,6,FALSE
0399450,34,2,2,24231,24234,FALSE,TRUE,6,6,FALSE
0399451,34,2,2,24231,24234,FALSE,TRUE,6,6,FALSE
0399453,34,2,2,24231,24234,FALSE,TRUE,6,6,FALSE
0399459,34,2,2,24231,24234,FALSE,TRUE,6,6,FALSE
0399462,34,2,2,24231,24234,FALSE,TRUE,6,6,FALSE
0399463,34,2,2,24231,24234,FALSE,TRUE,6,6,FALSE
0399465,34,2,2,24231,24234,FALSE,TRUE,6,6,FALSE
0399466,4,1,1,24231,24231,FALSE,TRUE,3,3,FALSE
0399467,34,2,2,24231,24234,FALSE,TRUE,6,6,FALSE
0399468,34,2,2,24231,24234,FALSE,TRUE,6,6,FALSE
0399471,34,2,2,24231,24234,FALSE,TRUE,6,6,FALSE
0399472,34,2,2,24231,24234,FALSE,TRUE,6,6,FALSE
0399474,34,2,2,24231,24234,FALSE,TRUE,6,6,FALSE
0399486,34,2,2,24231,24234,FALSE,TRUE,6,6,FALSE
0399487,4,1,1,24234,24234,FALSE,TRUE,3,3,FALSE
0399499,34,2,2,24231,24234,FALSE,TRUE,6,6,FALSE
0399500,4,1,1,24234,24234,FALSE,TRUE,3,3,FALSE
0399503,34,2,2,24231,24234,FALSE,TRUE,6,6,FALSE
0399504,34,2,2,24231,24234,FALSE,TRUE,6,6,FALSE
0399506,34,2,2,24231,24234,FALSE,TRUE,6,6,FALSE
0399508,34,2,2,24231,24234,FALSE,TRUE,6,6,FALSE
0399510,3,1,1,24231,24231,FALSE,TRUE,3,3,FALSE
0399511,34,2,2,24231,24234,FALSE,TRUE,6,6,FALSE
0399513,3,1,1,24231,24231,FALSE,TRUE,3,3,FALSE
0399514,34,2,2,24231,24234,FALSE,TRUE,6,6,FALSE
0399519,34,2,2,24231,24234,FALSE,TRUE,6,6,FALSE
0399522,34,2,2,24231,24234,FALSE,TRUE,6,6,FALSE
0399523,3,1,1,24231,24231,FALSE,TRUE,3,3,FALSE
0399533,34,2,2,24231,24234,FALSE,TRUE,6,6,FALSE
0399537,3,1,1,24231,24231,FALSE,TRUE,3,3,FALSE
0399546,34,2,2,24231,24234,FALSE,TRUE,6,6,FALSE
0399547,34,2,2,24231,24234,FALSE,TRUE,6,6,FALSE
0399550,3,1,1,24231,24231,FALSE,TRUE,3,3,FALSE
0399552,34,2,2,24231,24234,FALSE,TRUE,6,6,FALSE
0399553,34,2,2,24231,24234,FALSE,TRUE,6,6,FALSE
0399554,34,2,2,24231,24234,FALSE,TRUE,6,6,FALSE
0399558,4,1,1,24234,24234,FALSE,TRUE,3,3,FALSE
0399561,34,2,2,24231,24234,FALSE,TRUE,6,6,FALSE
0399562,34,2,2,24231,24234,FALSE,TRUE,6,6,FALSE
0399564,34,2,2,24231,24234,FALSE,TRUE,6,6,FALSE
0399569,34,2,2,24231,24234,FALSE,TRUE,6,6,FALSE
0399570,34,2,2,24231,24234,FALSE,TRUE,6,6,FALSE
0399571,4,1,1,24234,24234,FALSE,TRUE,3,3,FALSE
0399572,3,1,1,24231,24231,FALSE,TRUE,3,3,FALSE
0399573,34,2,2,24231,24234,FALSE,TRUE,6,6,FALSE
0399574,34,2,2,24231,24234,FALSE,TRUE,6,6,FALSE
0399576,34,2,2,24231,24234,FALSE,TRUE,6,6,FALSE
0399577,34,2,2,24231,24234,FALSE,TRUE,6,6,FALSE
0399584,34,2,2,24231,24234,FALSE,TRUE,6,6,FALSE
0399585,34,2,2,24231,24234,FALSE,TRUE,6,6,FALSE
0399587,34,2,2,24231,24234,FALSE,TRUE,6,6,FALSE
0399588,34,2,2,24231,24234,FALSE,TRUE,6,6,FALSE
0399589,34,2,2,24231,24234,FALSE,TRUE,6,6,FALSE
0399590,34,2,2,24231,24234,FALSE,TRUE,6,6,FALSE
0399591,34,2,2,24231,24234,FALSE,TRUE,6,6,FALSE
0399595,34,2,2,24231,24234,FALSE,TRUE,6,6,FALSE
0399598,34,2,2,24231,24234,FALSE,TRUE,6,6,FALSE
0399599,34,2,2,24231,24234,FALSE,TRUE,6,6,FALSE
0399600,3,1,1,24231,24231,FALSE,TRUE,3,3,FALSE
0399601,34,2,2,24231,24234,FALSE,TRUE,6,6,FALSE
0399602,34,2,2,24231,24234,FALSE,TRUE,6,6,FALSE
0399604,3,1,1,24231,24231,FALSE,TRUE,3,3,FALSE
0399606,34,2,2,24231,24234,FALSE,TRUE,6,6,FALSE
0399612,34,2,2,24231,24234,FALSE,TRUE,6,6,FALSE
0399616,3,1,1,24231,24231,FALSE,TRUE,3,3,FALSE
0399619,34,2,2,24231,24234,FALSE,TRUE,6,6,FALSE
0399621,34,2,2,24231,24234,FALSE,TRUE,6,6,FALSE
0399624,34,2,2,24231,24234,FALSE,TRUE,6,6,FALSE
0399626,3,1,1,24231,24231,FALSE,TRUE,3,3,FALSE
0399627,34,2,2,24231,24234,FALSE,TRUE,6,6,FALSE
0399628,3,1,1,24231,24231,FALSE,TRUE,3,3,FALSE
0399629,34,2,2,24231,24234,FALSE,TRUE,6,6,FALSE
0399630,34,2,2,24231,24234,FALSE,TRUE,6,6,FALSE
0399632,34,2,2,24231,24234,FALSE,TRUE,6,6,FALSE
0400669,234,3,3,24229,24235,FALSE,TRUE,9,9,FALSE
0400670,234,3,3,24229,24235,FALSE,TRUE,9,9,FALSE
0400672,23,2,2,24229,24232,FALSE,TRUE,6,6,FALSE
0400675,23,2,2,24229,24232,FALSE,TRUE,6,6,FALSE
0400676,234,3,3,24229,24235,FALSE,TRUE,9,9,FALSE
0400677,234,3,3,24229,24235,FALSE,TRUE,9,9,FALSE
0400678,3,1,1,24232,24232,FALSE,TRUE,3,3,FALSE
0400683,234,3,3,24229,24235,FALSE,TRUE,9,9,FALSE
0400686,234,3,3,24229,24235,FALSE,TRUE,9,9,FALSE
0400687,4,1,1,24229,24229,FALSE,TRUE,3,3,FALSE
0400689,34,2,2,24232,24235,FALSE,TRUE,6,6,FALSE
0400691,234,3,3,24229,24235,FALSE,TRUE,9,9,FALSE
0400693,24,2,2,24229,24235,FALSE,FALSE,6,6,FALSE
0400694,234,3,3,24229,24235,FALSE,TRUE,9,9,FALSE
0400700,2,1,1,24229,24229,FALSE,TRUE,3,3,FALSE
0400701,234,3,3,24229,24235,FALSE,TRUE,9,9,FALSE
0400702,234,3,3,24229,24235,FALSE,TRUE,9,9,FALSE
0400705,2,1,1,24229,24229,FALSE,TRUE,3,3,FALSE
0400706,234,3,3,24229,24235,FALSE,TRUE,9,9,FALSE
0400710,234,3,3,24229,24235,FALSE,TRUE,9,9,FALSE
0400711,234,3,3,24229,24235,FALSE,TRUE,9,9,FALSE
0400712,34,2,2,24232,24235,FALSE,TRUE,6,6,FALSE
0400713,234,3,3,24229,24235,FALSE,TRUE,9,9,FALSE
0400714,234,3,3,24229,24235,FALSE,TRUE,9,9,FALSE
0400715,234,3,3,24229,24235,FALSE,TRUE,9,9,FALSE
0400716,234,3,3,24229,24235,FALSE,TRUE,9,9,FALSE
0400717,234,3,3,24229,24235,FALSE,TRUE,9,9,FALSE
0400718,234,3,3,24229,24235,FALSE,TRUE,9,9,FALSE
0400724,3,1,1,24232,24232,FALSE,TRUE,3,3,FALSE
0400727,2,1,1,24229,24229,FALSE,TRUE,3,3,FALSE
0400729,2,1,1,24229,24229,FALSE,TRUE,3,3,FALSE
0400731,4,1,1,24235,24235,FALSE,TRUE,3,3,FALSE
0400732,234,3,3,24229,24235,FALSE,TRUE,9,9,FALSE
0400734,234,3,3,24229,24235,FALSE,TRUE,9,9,FALSE
0400735,234,3,3,24229,24235,FALSE,TRUE,9,9,FALSE
0400738,234,3,3,24229,24235,FALSE,TRUE,9,9,FALSE
0400741,234,3,3,24229,24235,FALSE,TRUE,9,9,FALSE
0400742,2,1,1,24229,24229,FALSE,TRUE,3,3,FALSE
0400745,23,2,2,24229,24232,FALSE,TRUE,6,6,FALSE
0400746,234,3,3,24229,24235,FALSE,TRUE,9,9,FALSE
0400752,234,3,3,24229,24235,FALSE,TRUE,9,9,FALSE
0400753,23,2,2,24229,24232,FALSE,TRUE,6,6,FALSE
0400756,34,2,2,24232,24235,FALSE,TRUE,6,6,FALSE
0400757,234,3,3,24229,24235,FALSE,TRUE,9,9,FALSE
0400760,234,3,3,24229,24235,FALSE,TRUE,9,9,FALSE
0400761,234,3,3,24229,24235,FALSE,TRUE,9,9,FALSE
0400764,2,1,1,24229,24229,FALSE,TRUE,3,3,FALSE
0400765,234,3,3,24229,24235,FALSE,TRUE,9,9,FALSE
0400767,3,1,1,24232,24232,FALSE,TRUE,3,3,FALSE
0400768,3,1,1,24232,24232,FALSE,TRUE,3,3,FALSE
0400772,23,2,2,24229,24232,FALSE,TRUE,6,6,FALSE
0400774,234,3,3,24229,24235,FALSE,TRUE,9,9,FALSE
0400778,234,3,3,24229,24235,FALSE,TRUE,9,9,FALSE
0400779,234,3,3,24229,24235,FALSE,TRUE,9,9,FALSE
0400780,34,2,2,24232,24235,FALSE,TRUE,6,6,FALSE
0400783,23,2,2,24229,24232,FALSE,TRUE,6,6,FALSE
0400784,234,3,3,24229,24235,FALSE,TRUE,9,9,FALSE
0400785,234,3,3,24229,24235,FALSE,TRUE,9,9,FALSE
0400786,2,1,1,24229,24229,FALSE,TRUE,3,3,FALSE
0400787,2,1,1,24229,24229,FALSE,TRUE,3,3,FALSE
0400788,23,2,2,24229,24232,FALSE,TRUE,6,6,FALSE
0400789,234,3,3,24229,24235,FALSE,TRUE,9,9,FALSE
0400790,234,3,3,24229,24235,FALSE,TRUE,9,9,FALSE
0400791,23,2,2,24229,24232,FALSE,TRUE,6,6,FALSE
0400793,234,3,3,24229,24235,FALSE,TRUE,9,9,FALSE
0400795,234,3,3,24229,24235,FALSE,TRUE,9,9,FALSE
0400797,234,3,3,24229,24235,FALSE,TRUE,9,9,FALSE
0400799,23,2,2,24229,24232,FALSE,TRUE,6,6,FALSE
0400800,234,3,3,24229,24235,FALSE,TRUE,9,9,FALSE
0400801,234,3,3,24229,24235,FALSE,TRUE,9,9,FALSE
0400802,234,3,3,24229,24235,FALSE,TRUE,9,9,FALSE
0400806,23,2,2,24229,24232,FALSE,TRUE,6,6,FALSE
0400807,4,1,1,24229,24229,FALSE,TRUE,3,3,FALSE
0400811,234,3,3,24229,24235,FALSE,TRUE,9,9,FALSE
0400813,234,3,3,24229,24235,FALSE,TRUE,9,9,FALSE
0400817,234,3,3,24229,24235,FALSE,TRUE,9,9,FALSE
0400818,34,2,2,24232,24235,FALSE,TRUE,6,6,FALSE
0400825,234,3,3,24229,24235,FALSE,TRUE,9,9,FALSE
0400827,234,3,3,24229,24235,FALSE,TRUE,9,9,FALSE
0400829,2,1,1,24229,24229,FALSE,TRUE,3,3,FALSE
0400831,4,1,1,24229,24229,FALSE,TRUE,3,3,FALSE
0400832,234,3,3,24229,24235,FALSE,TRUE,9,9,FALSE
0400834,234,3,3,24229,24235,FALSE,TRUE,9,9,FALSE
0400836,234,3,3,24229,24235,FALSE,TRUE,9,9,FALSE
0400837,23,2,2,24229,24232,FALSE,TRUE,6,6,FALSE
0400838,234,3,3,24229,24235,FALSE,TRUE,9,9,FALSE
0400839,23,2,2,24229,24232,FALSE,TRUE,6,6,FALSE
0400840,234,3,3,24229,24235,FALSE,TRUE,9,9,FALSE
0400841,234,3,3,24229,24235,FALSE,TRUE,9,9,FALSE
0400842,2,1,1,24229,24229,FALSE,TRUE,3,3,FALSE
0400843,2,1,1,24229,24229,FALSE,TRUE,3,3,FALSE
0400847,234,3,3,24229,24235,FALSE,TRUE,9,9,FALSE
0400852,234,3,3,24229,24235,FALSE,TRUE,9,9,FALSE
0400853,234,3,3,24229,24235,FALSE,TRUE,9,9,FALSE
0400855,4,1,1,24235,24235,FALSE,TRUE,3,3,FALSE
0400856,34,2,2,24232,24235,FALSE,TRUE,6,6,FALSE
0400859,23,2,2,24229,24232,FALSE,TRUE,6,6,FALSE
0400863,234,3,3,24229,24235,FALSE,TRUE,9,9,FALSE
0400864,234,3,3,24229,24235,FALSE,TRUE,9,9,FALSE
0400865,23,2,2,24229,24232,FALSE,TRUE,6,6,FALSE
0400866,234,3,3,24229,24235,FALSE,TRUE,9,9,FALSE
0400868,23,2,2,24229,24232,FALSE,TRUE,6,6,FALSE
0400875,234,3,3,24229,24235,FALSE,TRUE,9,9,FALSE
0400876,23,2,2,24229,24232,FALSE,TRUE,6,6,FALSE
0400877,234,3,3,24229,24235,FALSE,TRUE,9,9,FALSE
0400880,234,3,3,24229,24235,FALSE,TRUE,9,9,FALSE
0400884,234,3,3,24229,24235,FALSE,TRUE,9,9,FALSE
0400885,234,3,3,24229,24235,FALSE,TRUE,9,9,FALSE
0400892,234,3,3,24229,24235,FALSE,TRUE,9,9,FALSE
0400893,2,1,1,24229,24229,FALSE,TRUE,3,3,FALSE
0400894,2,1,1,24229,24229,FALSE,TRUE,3,3,FALSE
0400895,234,3,3,24229,24235,FALSE,TRUE,9,9,FALSE
0400897,234,3,3,24229,24235,FALSE,TRUE,9,9,FALSE
0400898,234,3,3,24229,24235,FALSE,TRUE,9,9,FALSE
0400901,2,1,1,24229,24229,FALSE,TRUE,3,3,FALSE
0400903,4,1,1,24235,24235,FALSE,TRUE,3,3,FALSE
0400904,34,2,2,24232,24235,FALSE,TRUE,6,6,FALSE
0400905,234,3,3,24229,24235,FALSE,TRUE,9,9,FALSE
0400906,24,2,2,24229,24235,FALSE,FALSE,6,6,FALSE
0400909,234,3,3,24229,24235,FALSE,TRUE,9,9,FALSE
0400910,234,3,3,24229,24235,FALSE,TRUE,9,9,FALSE
0400912,23,2,2,24229,24232,FALSE,TRUE,6,6,FALSE
0400913,234,3,3,24229,24235,FALSE,TRUE,9,9,FALSE
0400914,3,1,1,24232,24232,FALSE,TRUE,3,3,FALSE
0400917,234,3,3,24229,24235,FALSE,TRUE,9,9,FALSE
0400918,2,1,1,24229,24229,FALSE,TRUE,3,3,FALSE
0400921,234,3,3,24229,24235,FALSE,TRUE,9,9,FALSE
0400923,3,1,1,24232,24232,FALSE,TRUE,3,3,FALSE
0400924,234,3,3,24229,24235,FALSE,TRUE,9,9,FALSE
0400925,234,3,3,24229,24235,FALSE,TRUE,9,9,FALSE
0400926,2,1,1,24229,24229,FALSE,TRUE,3,3,FALSE
0400927,234,3,3,24229,24235,FALSE,TRUE,9,9,FALSE
0400929,234,3,3,24229,24235,FALSE,TRUE,9,9,FALSE
0400931,234,3,3,24229,24235,FALSE,TRUE,9,9,FALSE
0400934,23,2,2,24229,24232,FALSE,TRUE,6,6,FALSE
0400937,24,2,2,24229,24235,FALSE,FALSE,6,6,FALSE
0400939,234,3,3,24229,24235,FALSE,TRUE,9,9,FALSE
0400940,234,3,3,24229,24235,FALSE,TRUE,9,9,FALSE
0400943,23,2,2,24229,24232,FALSE,TRUE,6,6,FALSE
0400947,234,3,3,24229,24235,FALSE,TRUE,9,9,FALSE
0400948,234,3,3,24229,24235,FALSE,TRUE,9,9,FALSE
0400949,234,3,3,24229,24235,FALSE,TRUE,9,9,FALSE
0400950,234,3,3,24229,24235,FALSE,TRUE,9,9,FALSE
0400952,234,3,3,24229,24235,FALSE,TRUE,9,9,FALSE
0400953,234,3,3,24229,24235,FALSE,TRUE,9,9,FALSE
0400954,234,3,3,24229,24235,FALSE,TRUE,9,9,FALSE
0400955,24,2,2,24229,24235,FALSE,FALSE,6,6,FALSE
0400956,234,3,3,24229,24235,FALSE,TRUE,9,9,FALSE
0400958,234,3,3,24229,24235,FALSE,TRUE,9,9,FALSE
0400960,2,1,1,24229,24229,FALSE,TRUE,3,3,FALSE
0400961,24,2,2,24229,24235,FALSE,FALSE,6,6,FALSE
0400968,234,3,3,24229,24235,FALSE,TRUE,9,9,FALSE
0400969,234,3,3,24229,24235,FALSE,TRUE,9,9,FALSE
0400972,234,3,3,24229,24235,FALSE,TRUE,9,9,FALSE
0400973,3,1,1,24232,24232,FALSE,TRUE,3,3,FALSE
0400974,34,2,2,24229,24232,FALSE,TRUE,6,6,FALSE
0400976,234,3,3,24229,24235,FALSE,TRUE,9,9,FALSE
0400977,2,1,1,24229,24229,FALSE,TRUE,3,3,FALSE
0400979,234,3,3,24229,24235,FALSE,TRUE,9,9,FALSE
0400980,234,3,3,24229,24235,FALSE,TRUE,9,9,FALSE
0400981,234,3,3,24229,24235,FALSE,TRUE,9,9,FALSE
0400982,4,1,1,24235,24235,FALSE,TRUE,3,3,FALSE
0400985,234,3,3,24229,24235,FALSE,TRUE,9,9,FALSE
0400988,2,1,1,24229,24229,FALSE,TRUE,3,3,FALSE
0400989,234,3,3,24229,24235,FALSE,TRUE,9,9,FALSE
0400991,4,1,1,24235,24235,FALSE,TRUE,3,3,FALSE
0400992,4,1,1,24235,24235,FALSE,TRUE,3,3,FALSE
0400994,234,3,3,24229,24235,FALSE,TRUE,9,9,FALSE
0400995,34,2,2,24232,24235,FALSE,TRUE,6,6,FALSE
0400996,234,3,3,24229,24235,FALSE,TRUE,9,9,FALSE
0401001,23,2,2,24229,24232,FALSE,TRUE,6,6,FALSE
0401002,234,3,3,24229,24235,FALSE,TRUE,9,9,FALSE
0401004,4,1,1,24229,24229,FALSE,TRUE,3,3,FALSE
0401005,234,3,3,24229,24235,FALSE,TRUE,9,9,FALSE
0401008,4,1,1,24235,24235,FALSE,TRUE,3,3,FALSE
0401010,234,3,3,24229,24235,FALSE,TRUE,9,9,FALSE
0401011,34,2,2,24229,24232,FALSE,TRUE,6,6,FALSE
0401012,234,3,3,24229,24235,FALSE,TRUE,9,9,FALSE
0401016,234,3,3,24229,24235,FALSE,TRUE,9,9,FALSE
0401017,2,1,1,24229,24229,FALSE,TRUE,3,3,FALSE
0401018,234,3,3,24229,24235,FALSE,TRUE,9,9,FALSE
0401020,34,2,2,24229,24232,FALSE,TRUE,6,6,FALSE
0401021,24,2,2,24229,24235,FALSE,FALSE,6,6,FALSE
0401024,3,1,1,24232,24232,FALSE,TRUE,3,3,FALSE
0401026,234,3,3,24229,24235,FALSE,TRUE,9,9,FALSE
0401027,234,3,3,24229,24235,FALSE,TRUE,9,9,FALSE
0401028,234,3,3,24229,24235,FALSE,TRUE,9,9,FALSE
0401029,234,3,3,24229,24235,FALSE,TRUE,9,9,FALSE
0401031,2,1,1,24229,24229,FALSE,TRUE,3,3,FALSE
0401035,234,3,3,24229,24235,FALSE,TRUE,9,9,FALSE
0401036,234,3,3,24229,24235,FALSE,TRUE,9,9,FALSE
0401038,234,3,3,24229,24235,FALSE,TRUE,9,9,FALSE
0401040,234,3,3,24229,24235,FALSE,TRUE,9,9,FALSE
0401041,3,1,1,24232,24232,FALSE,TRUE,3,3,FALSE
0401043,234,3,3,24229,24235,FALSE,TRUE,9,9,FALSE
0401044,234,3,3,24229,24235,FALSE,TRUE,9,9,FALSE
0401047,234,3,3,24229,24235,FALSE,TRUE,9,9,FALSE
0401053,3,1,1,24232,24232,FALSE,TRUE,3,3,FALSE
0401054,4,1,1,24229,24229,FALSE,TRUE,3,3,FALSE
0401055,234,3,3,24229,24235,FALSE,TRUE,9,9,FALSE
0401056,234,3,3,24229,24235,FALSE,TRUE,9,9,FALSE
0401058,234,3,3,24229,24235,FALSE,TRUE,9,9,FALSE
0401060,4,1,1,24235,24235,FALSE,TRUE,3,3,FALSE
0401062,234,3,3,24229,24235,FALSE,TRUE,9,9,FALSE
0401063,23,2,2,24229,24232,FALSE,TRUE,6,6,FALSE
0401064,3,1,1,24232,24232,FALSE,TRUE,3,3,FALSE
0401065,234,3,3,24229,24235,FALSE,TRUE,9,9,FALSE
0401069,234,3,3,24229,24235,FALSE,TRUE,9,9,FALSE
0401071,234,3,3,24229,24235,FALSE,TRUE,9,9,FALSE
0401072,234,3,3,24229,24235,FALSE,TRUE,9,9,FALSE
0401073,24,2,2,24229,24235,FALSE,FALSE,6,6,FALSE
0401074,2,1,1,24229,24229,FALSE,TRUE,3,3,FALSE
0401075,234,3,3,24229,24235,FALSE,TRUE,9,9,FALSE
0401078,234,3,3,24229,24235,FALSE,TRUE,9,9,FALSE
0401080,234,3,3,24229,24235,FALSE,TRUE,9,9,FALSE
0401082,234,3,3,24229,24235,FALSE,TRUE,9,9,FALSE
0401083,234,3,3,24229,24235,FALSE,TRUE,9,9,FALSE
0401084,2,1,1,24229,24229,FALSE,TRUE,3,3,FALSE
0401085,3,1,1,24232,24232,FALSE,TRUE,3,3,FALSE
0401086,23,2,2,24229,24232,FALSE,TRUE,6,6,FALSE
0401088,4,1,1,24235,24235,FALSE,TRUE,3,3,FALSE
0401089,4,1,1,24235,24235,FALSE,TRUE,3,3,FALSE
0401090,2,1,1,24229,24229,FALSE,TRUE,3,3,FALSE
0401091,234,3,3,24229,24235,FALSE,TRUE,9,9,FALSE
0401092,234,3,3,24229,24235,FALSE,TRUE,9,9,FALSE
0401093,234,3,3,24229,24235,FALSE,TRUE,9,9,FALSE
0401094,234,3,3,24229,24235,FALSE,TRUE,9,9,FALSE
0401095,4,1,1,24235,24235,FALSE,TRUE,3,3,FALSE
0401098,234,3,3,24229,24235,FALSE,TRUE,9,9,FALSE
0401099,2,1,1,24229,24229,FALSE,TRUE,3,3,FALSE
0401100,34,2,2,24232,24235,FALSE,TRUE,6,6,FALSE
0401101,234,3,3,24229,24235,FALSE,TRUE,9,9,FALSE
0401102,234,3,3,24229,24235,FALSE,TRUE,9,9,FALSE
0401103,234,3,3,24229,24235,FALSE,TRUE,9,9,FALSE
0401104,234,3,3,24229,24235,FALSE,TRUE,9,9,FALSE
0401106,234,3,3,24229,24235,FALSE,TRUE,9,9,FALSE
0401107,34,2,2,24232,24235,FALSE,TRUE,6,6,FALSE
0401110,234,3,3,24229,24235,FALSE,TRUE,9,9,FALSE
0401111,234,3,3,24229,24235,FALSE,TRUE,9,9,FALSE
0401113,23,2,2,24229,24232,FALSE,TRUE,6,6,FALSE
0401114,34,2,2,24232,24235,FALSE,TRUE,6,6,FALSE
0401116,234,3,3,24229,24235,FALSE,TRUE,9,9,FALSE
0401117,24,2,2,24229,24235,FALSE,FALSE,6,6,FALSE
0401118,2,1,1,24229,24229,FALSE,TRUE,3,3,FALSE
0401119,234,3,3,24229,24235,FALSE,TRUE,9,9,FALSE
0401120,234,3,3,24229,24235,FALSE,TRUE,9,9,FALSE
0401121,234,3,3,24229,24235,FALSE,TRUE,9,9,FALSE
0401125,234,3,3,24229,24235,FALSE,TRUE,9,9,FALSE
0401129,234,3,3,24229,24235,FALSE,TRUE,9,9,FALSE
0401130,234,3,3,24229,24235,FALSE,TRUE,9,9,FALSE
0401131,23,2,2,24229,24232,FALSE,TRUE,6,6,FALSE
0401132,234,3,3,24229,24235,FALSE,TRUE,9,9,FALSE
0401133,234,3,3,24229,24235,FALSE,TRUE,9,9,FALSE
0401136,234,3,3,24229,24235,FALSE,TRUE,9,9,FALSE
0401139,34,2,2,24232,24235,FALSE,TRUE,6,6,FALSE
0401140,4,1,1,24235,24235,FALSE,TRUE,3,3,FALSE
0401141,234,3,3,24229,24235,FALSE,TRUE,9,9,FALSE
0401142,234,3,3,24229,24235,FALSE,TRUE,9,9,FALSE
0401146,2,1,1,24229,24229,FALSE,TRUE,3,3,FALSE
0401148,34,2,2,24232,24235,FALSE,TRUE,6,6,FALSE
0401149,4,1,1,24229,24229,FALSE,TRUE,3,3,FALSE
0401150,234,3,3,24229,24235,FALSE,TRUE,9,9,FALSE
0401152,234,3,3,24229,24235,FALSE,TRUE,9,9,FALSE
0401154,234,3,3,24229,24235,FALSE,TRUE,9,9,FALSE
0401155,234,3,3,24229,24235,FALSE,TRUE,9,9,FALSE
0401157,234,3,3,24229,24235,FALSE,TRUE,9,9,FALSE
0401159,2,1,1,24229,24229,FALSE,TRUE,3,3,FALSE
0401160,234,3,3,24229,24235,FALSE,TRUE,9,9,FALSE
0401161,234,3,3,24229,24235,FALSE,TRUE,9,9,FALSE
0401162,234,3,3,24229,24235,FALSE,TRUE,9,9,FALSE
0401163,234,3,3,24229,24235,FALSE,TRUE,9,9,FALSE
0401165,234,3,3,24229,24235,FALSE,TRUE,9,9,FALSE
0401167,234,3,3,24229,24235,FALSE,TRUE,9,9,FALSE
0401169,234,3,3,24229,24235,FALSE,TRUE,9,9,FALSE
0401170,234,3,3,24229,24235,FALSE,TRUE,9,9,FALSE
0401171,2,1,1,24229,24229,FALSE,TRUE,3,3,FALSE
0401174,34,2,2,24232,24235,FALSE,TRUE,6,6,FALSE
0401175,234,3,3,24229,24235,FALSE,TRUE,9,9,FALSE
0401176,234,3,3,24229,24235,FALSE,TRUE,9,9,FALSE
0401178,234,3,3,24229,24235,FALSE,TRUE,9,9,FALSE
0401179,234,3,3,24229,24235,FALSE,TRUE,9,9,FALSE
0401181,24,2,2,24229,24235,FALSE,FALSE,6,6,FALSE
0401184,234,3,3,24229,24235,FALSE,TRUE,9,9,FALSE
0401186,34,2,2,24232,24235,FALSE,TRUE,6,6,FALSE
0401189,3,1,1,24232,24232,FALSE,TRUE,3,3,FALSE
0401191,24,2,2,24229,24235,FALSE,FALSE,6,6,FALSE
0401194,34,2,2,24232,24235,FALSE,TRUE,6,6,FALSE
0401195,234,3,3,24229,24235,FALSE,TRUE,9,9,FALSE
0401196,234,3,3,24229,24235,FALSE,TRUE,9,9,FALSE
0401197,234,3,3,24229,24235,FALSE,TRUE,9,9,FALSE
0401203,4,1,1,24235,24235,FALSE,TRUE,3,3,FALSE
0401204,23,2,2,24229,24232,FALSE,TRUE,6,6,FALSE
0401208,24,2,2,24229,24235,FALSE,FALSE,6,6,FALSE
0401210,234,3,3,24229,24235,FALSE,TRUE,9,9,FALSE
0401212,23,2,2,24229,24232,FALSE,TRUE,6,6,FALSE
0401213,234,3,3,24229,24235,FALSE,TRUE,9,9,FALSE
0401214,23,2,2,24229,24232,FALSE,TRUE,6,6,FALSE
0401216,34,2,2,24232,24235,FALSE,TRUE,6,6,FALSE
0401217,234,3,3,24229,24235,FALSE,TRUE,9,9,FALSE
0401218,234,3,3,24229,24235,FALSE,TRUE,9,9,FALSE
0401219,234,3,3,24229,24235,FALSE,TRUE,9,9,FALSE
0401223,234,3,3,24229,24235,FALSE,TRUE,9,9,FALSE
0401224,4,1,1,24235,24235,FALSE,TRUE,3,3,FALSE
0401225,234,3,3,24229,24235,FALSE,TRUE,9,9,FALSE
0401226,234,3,3,24229,24235,FALSE,TRUE,9,9,FALSE
0401227,2,1,1,24229,24229,FALSE,TRUE,3,3,FALSE
0401228,24,2,2,24229,24235,FALSE,FALSE,6,6,FALSE
0401231,234,3,3,24229,24235,FALSE,TRUE,9,9,FALSE
0401233,234,3,3,24229,24235,FALSE,TRUE,9,9,FALSE
0401235,234,3,3,24229,24235,FALSE,TRUE,9,9,FALSE
0401237,23,2,2,24229,24232,FALSE,TRUE,6,6,FALSE
0401239,234,3,3,24229,24235,FALSE,TRUE,9,9,FALSE
0401240,234,3,3,24229,24235,FALSE,TRUE,9,9,FALSE
0401242,2,1,1,24229,24229,FALSE,TRUE,3,3,FALSE
0401244,34,2,2,24232,24235,FALSE,TRUE,6,6,FALSE
0401245,234,3,3,24229,24235,FALSE,TRUE,9,9,FALSE
0401247,234,3,3,24229,24235,FALSE,TRUE,9,9,FALSE
0401248,234,3,3,24229,24235,FALSE,TRUE,9,9,FALSE
0401250,2,1,1,24229,24229,FALSE,TRUE,3,3,FALSE
0401251,234,3,3,24229,24235,FALSE,TRUE,9,9,FALSE
0401252,234,3,3,24229,24235,FALSE,TRUE,9,9,FALSE
0401253,4,1,1,24235,24235,FALSE,TRUE,3,3,FALSE
0401254,234,3,3,24229,24235,FALSE,TRUE,9,9,FALSE
0401255,234,3,3,24229,24235,FALSE,TRUE,9,9,FALSE
0401261,234,3,3,24229,24235,FALSE,TRUE,9,9,FALSE
0401262,234,3,3,24229,24235,FALSE,TRUE,9,9,FALSE
0401263,24,2,2,24229,24235,FALSE,FALSE,6,6,FALSE
0401265,234,3,3,24229,24235,FALSE,TRUE,9,9,FALSE
0401266,34,2,2,24232,24235,FALSE,TRUE,6,6,FALSE
0401268,234,3,3,24229,24235,FALSE,TRUE,9,9,FALSE
0401269,234,3,3,24229,24235,FALSE,TRUE,9,9,FALSE
0401270,234,3,3,24229,24235,FALSE,TRUE,9,9,FALSE
0401271,3,1,1,24232,24232,FALSE,TRUE,3,3,FALSE
0401273,2,1,1,24229,24229,FALSE,TRUE,3,3,FALSE
0401275,234,3,3,24229,24235,FALSE,TRUE,9,9,FALSE
0401277,23,2,2,24229,24232,FALSE,TRUE,6,6,FALSE
0401281,2,1,1,24229,24229,FALSE,TRUE,3,3,FALSE
0401282,3,1,1,24232,24232,FALSE,TRUE,3,3,FALSE
0401283,234,3,3,24229,24235,FALSE,TRUE,9,9,FALSE
0401284,234,3,3,24229,24235,FALSE,TRUE,9,9,FALSE
0401285,234,3,3,24229,24235,FALSE,TRUE,9,9,FALSE
0401288,23,2,2,24229,24232,FALSE,TRUE,6,6,FALSE
0401290,2,1,1,24229,24229,FALSE,TRUE,3,3,FALSE
0401291,234,3,3,24229,24235,FALSE,TRUE,9,9,FALSE
0401292,234,3,3,24229,24235,FALSE,TRUE,9,9,FALSE
0401298,24,2,2,24229,24235,FALSE,FALSE,6,6,FALSE
0401300,2,1,1,24229,24229,FALSE,TRUE,3,3,FALSE
0401301,234,3,3,24229,24235,FALSE,TRUE,9,9,FALSE
0401308,234,3,3,24229,24235,FALSE,TRUE,9,9,FALSE
0401313,24,2,2,24229,24235,FALSE,FALSE,6,6,FALSE
0401319,34,2,2,24232,24235,FALSE,TRUE,6,6,FALSE
0401320,24,2,2,24229,24235,FALSE,FALSE,6,6,FALSE
0401322,234,3,3,24229,24235,FALSE,TRUE,9,9,FALSE
0401323,23,2,2,24229,24232,FALSE,TRUE,6,6,FALSE
0401324,2,1,1,24229,24229,FALSE,TRUE,3,3,FALSE
0401325,234,3,3,24229,24235,FALSE,TRUE,9,9,FALSE
0401327,4,1,1,24235,24235,FALSE,TRUE,3,3,FALSE
0401330,23,2,2,24229,24232,FALSE,TRUE,6,6,FALSE
0401331,234,3,3,24229,24235,FALSE,TRUE,9,9,FALSE
0401333,3,1,1,24232,24232,FALSE,TRUE,3,3,FALSE
0401335,234,3,3,24229,24235,FALSE,TRUE,9,9,FALSE
0401336,234,3,3,24229,24235,FALSE,TRUE,9,9,FALSE
0401337,234,3,3,24229,24235,FALSE,TRUE,9,9,FALSE
0401340,234,3,3,24229,24235,FALSE,TRUE,9,9,FALSE
0401341,234,3,3,24229,24235,FALSE,TRUE,9,9,FALSE
0401342,234,3,3,24229,24235,FALSE,TRUE,9,9,FALSE
0401344,234,3,3,24229,24235,FALSE,TRUE,9,9,FALSE
0401346,23,2,2,24229,24232,FALSE,TRUE,6,6,FALSE
0401348,234,3,3,24229,24235,FALSE,TRUE,9,9,FALSE
0401349,234,3,3,24229,24235,FALSE,TRUE,9,9,FALSE
0401351,234,3,3,24229,24235,FALSE,TRUE,9,9,FALSE
0401352,4,1,1,24235,24235,FALSE,TRUE,3,3,FALSE
0401353,24,2,2,24229,24235,FALSE,FALSE,6,6,FALSE
0401355,2,1,1,24229,24229,FALSE,TRUE,3,3,FALSE
0401356,4,1,1,24235,24235,FALSE,TRUE,3,3,FALSE
0401357,234,3,3,24229,24235,FALSE,TRUE,9,9,FALSE
0401359,234,3,3,24229,24235,FALSE,TRUE,9,9,FALSE
0401363,234,3,3,24229,24235,FALSE,TRUE,9,9,FALSE
0401364,234,3,3,24229,24235,FALSE,TRUE,9,9,FALSE
0401365,234,3,3,24229,24235,FALSE,TRUE,9,9,FALSE
0401366,234,3,3,24229,24235,FALSE,TRUE,9,9,FALSE
0401367,234,3,3,24229,24235,FALSE,TRUE,9,9,FALSE
0401370,234,3,3,24229,24235,FALSE,TRUE,9,9,FALSE
0401372,234,3,3,24229,24235,FALSE,TRUE,9,9,FALSE
0401373,234,3,3,24229,24235,FALSE,TRUE,9,9,FALSE
0401374,2,1,1,24229,24229,FALSE,TRUE,3,3,FALSE
0401375,234,3,3,24229,24235,FALSE,TRUE,9,9,FALSE
0401376,23,2,2,24229,24232,FALSE,TRUE,6,6,FALSE
0401379,234,3,3,24229,24235,FALSE,TRUE,9,9,FALSE
0401381,234,3,3,24229,24235,FALSE,TRUE,9,9,FALSE
0401382,234,3,3,24229,24235,FALSE,TRUE,9,9,FALSE
0401383,2,1,1,24229,24229,FALSE,TRUE,3,3,FALSE
0401385,23,2,2,24229,24232,FALSE,TRUE,6,6,FALSE
0401386,234,3,3,24229,24235,FALSE,TRUE,9,9,FALSE
0401387,3,1,1,24232,24232,FALSE,TRUE,3,3,FALSE
0401391,234,3,3,24229,24235,FALSE,TRUE,9,9,FALSE
0401392,23,2,2,24229,24232,FALSE,TRUE,6,6,FALSE
0401393,24,2,2,24229,24235,FALSE,FALSE,6,6,FALSE
0401394,2,1,1,24229,24229,FALSE,TRUE,3,3,FALSE
0401396,234,3,3,24229,24235,FALSE,TRUE,9,9,FALSE
0401399,34,2,2,24232,24235,FALSE,TRUE,6,6,FALSE
0401402,34,2,2,24229,24232,FALSE,TRUE,6,6,FALSE
0401405,2,1,1,24229,24229,FALSE,TRUE,3,3,FALSE
0401411,234,3,3,24229,24235,FALSE,TRUE,9,9,FALSE
0401414,34,2,2,24232,24235,FALSE,TRUE,6,6,FALSE
0401415,23,2,2,24229,24232,FALSE,TRUE,6,6,FALSE
0401418,234,3,3,24229,24235,FALSE,TRUE,9,9,FALSE
0401419,234,3,3,24229,24235,FALSE,TRUE,9,9,FALSE
0401420,2,1,1,24229,24229,FALSE,TRUE,3,3,FALSE
0401425,234,3,3,24229,24235,FALSE,TRUE,9,9,FALSE
0401426,2,1,1,24229,24229,FALSE,TRUE,3,3,FALSE
0401427,234,3,3,24229,24235,FALSE,TRUE,9,9,FALSE
0401429,234,3,3,24229,24235,FALSE,TRUE,9,9,FALSE
0401430,234,3,3,24229,24235,FALSE,TRUE,9,9,FALSE
0401433,4,1,1,24229,24229,FALSE,TRUE,3,3,FALSE
0401437,234,3,3,24229,24235,FALSE,TRUE,9,9,FALSE
0401438,234,3,3,24229,24235,FALSE,TRUE,9,9,FALSE
0401440,23,2,2,24229,24232,FALSE,TRUE,6,6,FALSE
0401441,234,3,3,24229,24235,FALSE,TRUE,9,9,FALSE
0401442,34,2,2,24229,24232,FALSE,TRUE,6,6,FALSE
0401443,2,1,1,24229,24229,FALSE,TRUE,3,3,FALSE
0401445,234,3,3,24229,24235,FALSE,TRUE,9,9,FALSE
0401446,34,2,2,24232,24235,FALSE,TRUE,6,6,FALSE
0401447,234,3,3,24229,24235,FALSE,TRUE,9,9,FALSE
0401448,2,1,1,24229,24229,FALSE,TRUE,3,3,FALSE
0401451,23,2,2,24229,24232,FALSE,TRUE,6,6,FALSE
0401454,234,3,3,24229,24235,FALSE,TRUE,9,9,FALSE
0401455,34,2,2,24232,24235,FALSE,TRUE,6,6,FALSE
0401458,234,3,3,24229,24235,FALSE,TRUE,9,9,FALSE
0401461,234,3,3,24229,24235,FALSE,TRUE,9,9,FALSE
0401462,234,3,3,24229,24235,FALSE,TRUE,9,9,FALSE
0401463,234,3,3,24229,24235,FALSE,TRUE,9,9,FALSE
0401464,24,2,2,24229,24235,FALSE,FALSE,6,6,FALSE
0401466,4,1,1,24235,24235,FALSE,TRUE,3,3,FALSE
0401468,234,3,3,24229,24235,FALSE,TRUE,9,9,FALSE
0401469,234,3,3,24229,24235,FALSE,TRUE,9,9,FALSE
0401470,234,3,3,24229,24235,FALSE,TRUE,9,9,FALSE
0401472,2,1,1,24229,24229,FALSE,TRUE,3,3,FALSE
0401473,234,3,3,24229,24235,FALSE,TRUE,9,9,FALSE
0401474,2,1,1,24229,24229,FALSE,TRUE,3,3,FALSE
0401475,3,1,1,24232,24232,FALSE,TRUE,3,3,FALSE
0401476,34,2,2,24232,24235,FALSE,TRUE,6,6,FALSE
0401478,234,3,3,24229,24235,FALSE,TRUE,9,9,FALSE
0401482,23,2,2,24229,24232,FALSE,TRUE,6,6,FALSE
0401483,2,1,1,24229,24229,FALSE,TRUE,3,3,FALSE
0401485,234,3,3,24229,24235,FALSE,TRUE,9,9,FALSE
0401487,23,2,2,24229,24232,FALSE,TRUE,6,6,FALSE
0401488,4,1,1,24235,24235,FALSE,TRUE,3,3,FALSE
0401489,234,3,3,24229,24235,FALSE,TRUE,9,9,FALSE
0401490,23,2,2,24229,24232,FALSE,TRUE,6,6,FALSE
0401491,34,2,2,24232,24235,FALSE,TRUE,6,6,FALSE
0401492,234,3,3,24229,24235,FALSE,TRUE,9,9,FALSE
0401495,4,1,1,24235,24235,FALSE,TRUE,3,3,FALSE
0401498,234,3,3,24229,24235,FALSE,TRUE,9,9,FALSE
0401501,34,2,2,24229,24232,FALSE,TRUE,6,6,FALSE
0401502,234,3,3,24229,24235,FALSE,TRUE,9,9,FALSE
0401511,234,3,3,24229,24235,FALSE,TRUE,9,9,FALSE
0401514,234,3,3,24229,24235,FALSE,TRUE,9,9,FALSE
0401516,23,2,2,24229,24232,FALSE,TRUE,6,6,FALSE
0401519,234,3,3,24229,24235,FALSE,TRUE,9,9,FALSE
0401520,234,3,3,24229,24235,FALSE,TRUE,9,9,FALSE
0401521,234,3,3,24229,24235,FALSE,TRUE,9,9,FALSE
0401522,234,3,3,24229,24235,FALSE,TRUE,9,9,FALSE
0401523,2,1,1,24229,24229,FALSE,TRUE,3,3,FALSE
0401525,234,3,3,24229,24235,FALSE,TRUE,9,9,FALSE
0401528,234,3,3,24229,24235,FALSE,TRUE,9,9,FALSE
0401531,34,2,2,24229,24232,FALSE,TRUE,6,6,FALSE
0401532,4,1,1,24235,24235,FALSE,TRUE,3,3,FALSE
0401534,34,2,2,24229,24232,FALSE,TRUE,6,6,FALSE
0401535,234,3,3,24229,24235,FALSE,TRUE,9,9,FALSE
0401536,234,3,3,24229,24235,FALSE,TRUE,9,9,FALSE
0401539,2,1,1,24229,24229,FALSE,TRUE,3,3,FALSE
0401540,24,2,2,24229,24235,FALSE,FALSE,6,6,FALSE
0401541,234,3,3,24229,24235,FALSE,TRUE,9,9,FALSE
0401542,234,3,3,24229,24235,FALSE,TRUE,9,9,FALSE
0401544,234,3,3,24229,24235,FALSE,TRUE,9,9,FALSE
0401548,234,3,3,24229,24235,FALSE,TRUE,9,9,FALSE
0401550,2,1,1,24229,24229,FALSE,TRUE,3,3,FALSE
0401551,23,2,2,24229,24232,FALSE,TRUE,6,6,FALSE
0401552,23,2,2,24229,24232,FALSE,TRUE,6,6,FALSE
0401553,2,1,1,24229,24229,FALSE,TRUE,3,3,FALSE
0401554,24,2,2,24229,24235,FALSE,FALSE,6,6,FALSE
0401555,234,3,3,24229,24235,FALSE,TRUE,9,9,FALSE
0401556,2,1,1,24229,24229,FALSE,TRUE,3,3,FALSE
0401557,234,3,3,24229,24235,FALSE,TRUE,9,9,FALSE
0401558,2,1,1,24229,24229,FALSE,TRUE,3,3,FALSE
0401560,234,3,3,24229,24235,FALSE,TRUE,9,9,FALSE
0401561,234,3,3,24229,24235,FALSE,TRUE,9,9,FALSE
0401563,24,2,2,24229,24235,FALSE,FALSE,6,6,FALSE
0401564,234,3,3,24229,24235,FALSE,TRUE,9,9,FALSE
0401565,23,2,2,24229,24232,FALSE,TRUE,6,6,FALSE
0401566,234,3,3,24229,24235,FALSE,TRUE,9,9,FALSE
0401569,24,2,2,24229,24235,FALSE,FALSE,6,6,FALSE
0401572,234,3,3,24229,24235,FALSE,TRUE,9,9,FALSE
0401573,2,1,1,24229,24229,FALSE,TRUE,3,3,FALSE
0401576,23,2,2,24229,24232,FALSE,TRUE,6,6,FALSE
0401577,234,3,3,24229,24235,FALSE,TRUE,9,9,FALSE
0401578,234,3,3,24229,24235,FALSE,TRUE,9,9,FALSE
0401579,4,1,1,24235,24235,FALSE,TRUE,3,3,FALSE
0401580,234,3,3,24229,24235,FALSE,TRUE,9,9,FALSE
0401581,234,3,3,24229,24235,FALSE,TRUE,9,9,FALSE
0401583,24,2,2,24229,24235,FALSE,FALSE,6,6,FALSE
0401584,2,1,1,24229,24229,FALSE,TRUE,3,3,FALSE
0401587,234,3,3,24229,24235,FALSE,TRUE,9,9,FALSE
0401593,4,1,1,24229,24229,FALSE,TRUE,3,3,FALSE
0401594,234,3,3,24229,24235,FALSE,TRUE,9,9,FALSE
0401597,34,2,2,24232,24235,FALSE,TRUE,6,6,FALSE
0401601,24,2,2,24229,24235,FALSE,FALSE,6,6,FALSE
0401607,234,3,3,24229,24235,FALSE,TRUE,9,9,FALSE
0401611,2,1,1,24229,24229,FALSE,TRUE,3,3,FALSE
0401613,234,3,3,24229,24235,FALSE,TRUE,9,9,FALSE
0401614,2,1,1,24229,24229,FALSE,TRUE,3,3,FALSE
0401615,23,2,2,24229,24232,FALSE,TRUE,6,6,FALSE
0401617,2,1,1,24229,24229,FALSE,TRUE,3,3,FALSE
0401619,234,3,3,24229,24235,FALSE,TRUE,9,9,FALSE
0401620,234,3,3,24229,24235,FALSE,TRUE,9,9,FALSE
0401622,2,1,1,24229,24229,FALSE,TRUE,3,3,FALSE
0401623,4,1,1,24235,24235,FALSE,TRUE,3,3,FALSE
0401626,234,3,3,24229,24235,FALSE,TRUE,9,9,FALSE
0401629,2,1,1,24229,24229,FALSE,TRUE,3,3,FALSE
0401634,34,2,2,24232,24235,FALSE,TRUE,6,6,FALSE
0401635,2,1,1,24229,24229,FALSE,TRUE,3,3,FALSE
0401636,3,1,1,24232,24232,FALSE,TRUE,3,3,FALSE
0401637,2,1,1,24229,24229,FALSE,TRUE,3,3,FALSE
0401639,234,3,3,24229,24235,FALSE,TRUE,9,9,FALSE
0401641,234,3,3,24229,24235,FALSE,TRUE,9,9,FALSE
0401642,234,3,3,24229,24235,FALSE,TRUE,9,9,FALSE
0401643,234,3,3,24229,24235,FALSE,TRUE,9,9,FALSE
0401645,234,3,3,24229,24235,FALSE,TRUE,9,9,FALSE
0401647,234,3,3,24229,24235,FALSE,TRUE,9,9,FALSE
0401652,23,2,2,24229,24232,FALSE,TRUE,6,6,FALSE
0401653,234,3,3,24229,24235,FALSE,TRUE,9,9,FALSE
0401656,234,3,3,24229,24235,FALSE,TRUE,9,9,FALSE
0401658,234,3,3,24229,24235,FALSE,TRUE,9,9,FALSE
0401659,234,3,3,24229,24235,FALSE,TRUE,9,9,FALSE
0401662,234,3,3,24229,24235,FALSE,TRUE,9,9,FALSE
0401663,2,1,1,24229,24229,FALSE,TRUE,3,3,FALSE
0401664,234,3,3,24229,24235,FALSE,TRUE,9,9,FALSE
0401665,3,1,1,24232,24232,FALSE,TRUE,3,3,FALSE
0401667,234,3,3,24229,24235,FALSE,TRUE,9,9,FALSE
0401668,234,3,3,24229,24235,FALSE,TRUE,9,9,FALSE
0401671,234,3,3,24229,24235,FALSE,TRUE,9,9,FALSE
0401672,234,3,3,24229,24235,FALSE,TRUE,9,9,FALSE
0401674,2,1,1,24229,24229,FALSE,TRUE,3,3,FALSE
0401677,23,2,2,24229,24232,FALSE,TRUE,6,6,FALSE
0401681,234,3,3,24229,24235,FALSE,TRUE,9,9,FALSE
0401685,234,3,3,24229,24235,FALSE,TRUE,9,9,FALSE
0401686,234,3,3,24229,24235,FALSE,TRUE,9,9,FALSE
0401687,234,3,3,24229,24235,FALSE,TRUE,9,9,FALSE
0401688,234,3,3,24229,24235,FALSE,TRUE,9,9,FALSE
0401689,2,1,1,24229,24229,FALSE,TRUE,3,3,FALSE
0401693,2,1,1,24229,24229,FALSE,TRUE,3,3,FALSE
0401694,234,3,3,24229,24235,FALSE,TRUE,9,9,FALSE
0401695,234,3,3,24229,24235,FALSE,TRUE,9,9,FALSE
0401697,4,1,1,24235,24235,FALSE,TRUE,3,3,FALSE
0401699,234,3,3,24229,24235,FALSE,TRUE,9,9,FALSE
0401700,24,2,2,24229,24235,FALSE,FALSE,6,6,FALSE
0401702,234,3,3,24229,24235,FALSE,TRUE,9,9,FALSE
0401703,234,3,3,24229,24235,FALSE,TRUE,9,9,FALSE
0401704,4,1,1,24235,24235,FALSE,TRUE,3,3,FALSE
0401705,234,3,3,24229,24235,FALSE,TRUE,9,9,FALSE
0401706,234,3,3,24229,24235,FALSE,TRUE,9,9,FALSE
0401708,234,3,3,24229,24235,FALSE,TRUE,9,9,FALSE
0401709,23,2,2,24229,24232,FALSE,TRUE,6,6,FALSE
0401711,3,1,1,24232,24232,FALSE,TRUE,3,3,FALSE
0401713,234,3,3,24229,24235,FALSE,TRUE,9,9,FALSE
0401714,234,3,3,24229,24235,FALSE,TRUE,9,9,FALSE
0401719,23,2,2,24229,24232,FALSE,TRUE,6,6,FALSE
0401722,34,2,2,24232,24235,FALSE,TRUE,6,6,FALSE
0401723,234,3,3,24229,24235,FALSE,TRUE,9,9,FALSE
0401724,234,3,3,24229,24235,FALSE,TRUE,9,9,FALSE
0401726,2,1,1,24229,24229,FALSE,TRUE,3,3,FALSE
0401727,234,3,3,24229,24235,FALSE,TRUE,9,9,FALSE
0401728,234,3,3,24229,24235,FALSE,TRUE,9,9,FALSE
0401731,34,2,2,24229,24232,FALSE,TRUE,6,6,FALSE
0401733,34,2,2,24232,24235,FALSE,TRUE,6,6,FALSE
0401734,24,2,2,24229,24235,FALSE,FALSE,6,6,FALSE
0401736,34,2,2,24232,24235,FALSE,TRUE,6,6,FALSE
0401737,234,3,3,24229,24235,FALSE,TRUE,9,9,FALSE
0402760,234,3,3,24230,24236,FALSE,TRUE,9,9,FALSE
0402762,234,3,3,24230,24236,FALSE,TRUE,9,9,FALSE
0402764,234,3,3,24230,24236,FALSE,TRUE,9,9,FALSE
0402765,23,2,2,24230,24233,FALSE,TRUE,6,6,FALSE
0402766,4,1,1,24236,24236,FALSE,TRUE,3,3,FALSE
0402771,234,3,3,24230,24236,FALSE,TRUE,9,9,FALSE
0402775,234,3,3,24230,24236,FALSE,TRUE,9,9,FALSE
0402776,3,1,1,24233,24233,FALSE,TRUE,3,3,FALSE
0402777,234,3,3,24230,24236,FALSE,TRUE,9,9,FALSE
0402782,234,3,3,24230,24236,FALSE,TRUE,9,9,FALSE
0402789,234,3,3,24230,24236,FALSE,TRUE,9,9,FALSE
0402793,2,1,1,24230,24230,FALSE,TRUE,3,3,FALSE
0402794,234,3,3,24230,24236,FALSE,TRUE,9,9,FALSE
0402795,2,1,1,24230,24230,FALSE,TRUE,3,3,FALSE
0402797,234,3,3,24230,24236,FALSE,TRUE,9,9,FALSE
0402798,234,3,3,24230,24236,FALSE,TRUE,9,9,FALSE
0402800,3,1,1,24233,24233,FALSE,TRUE,3,3,FALSE
0402801,2,1,1,24230,24230,FALSE,TRUE,3,3,FALSE
0402802,234,3,3,24230,24236,FALSE,TRUE,9,9,FALSE
0402803,34,2,2,24233,24236,FALSE,TRUE,6,6,FALSE
0402809,234,3,3,24230,24236,FALSE,TRUE,9,9,FALSE
0402810,4,1,1,24236,24236,FALSE,TRUE,3,3,FALSE
0402811,234,3,3,24230,24236,FALSE,TRUE,9,9,FALSE
0402812,234,3,3,24230,24236,FALSE,TRUE,9,9,FALSE
0402814,4,1,1,24236,24236,FALSE,TRUE,3,3,FALSE
0402815,234,3,3,24230,24236,FALSE,TRUE,9,9,FALSE
0402816,34,2,2,24233,24236,FALSE,TRUE,6,6,FALSE
0402817,234,3,3,24230,24236,FALSE,TRUE,9,9,FALSE
0402819,234,3,3,24230,24236,FALSE,TRUE,9,9,FALSE
0402821,2,1,1,24230,24230,FALSE,TRUE,3,3,FALSE
0402822,4,1,1,24236,24236,FALSE,TRUE,3,3,FALSE
0402823,23,2,2,24230,24233,FALSE,TRUE,6,6,FALSE
0402824,24,2,2,24230,24236,FALSE,FALSE,6,6,FALSE
0402826,3,1,1,24233,24233,FALSE,TRUE,3,3,FALSE
0402829,234,3,3,24230,24236,FALSE,TRUE,9,9,FALSE
0402830,23,2,2,24230,24233,FALSE,TRUE,6,6,FALSE
0402831,2,1,1,24230,24230,FALSE,TRUE,3,3,FALSE
0402836,234,3,3,24230,24236,FALSE,TRUE,9,9,FALSE
0402837,234,3,3,24230,24236,FALSE,TRUE,9,9,FALSE
0402838,234,3,3,24230,24236,FALSE,TRUE,9,9,FALSE
0402842,234,3,3,24230,24236,FALSE,TRUE,9,9,FALSE
0402845,234,3,3,24230,24236,FALSE,TRUE,9,9,FALSE
0402846,23,2,2,24230,24233,FALSE,TRUE,6,6,FALSE
0402848,34,2,2,24233,24236,FALSE,TRUE,6,6,FALSE
0402849,2,1,1,24230,24230,FALSE,TRUE,3,3,FALSE
0402850,3,1,1,24233,24233,FALSE,TRUE,3,3,FALSE
0402851,34,2,2,24233,24236,FALSE,TRUE,6,6,FALSE
0402852,23,2,2,24230,24233,FALSE,TRUE,6,6,FALSE
0402855,234,3,3,24230,24236,FALSE,TRUE,9,9,FALSE
0402857,234,3,3,24230,24236,FALSE,TRUE,9,9,FALSE
0402858,2,1,1,24230,24230,FALSE,TRUE,3,3,FALSE
0402860,2,1,1,24230,24230,FALSE,TRUE,3,3,FALSE
0402862,234,3,3,24230,24236,FALSE,TRUE,9,9,FALSE
0402865,234,3,3,24230,24236,FALSE,TRUE,9,9,FALSE
0402866,24,2,2,24230,24236,FALSE,FALSE,6,6,FALSE
0402867,234,3,3,24230,24236,FALSE,TRUE,9,9,FALSE
0402871,234,3,3,24230,24236,FALSE,TRUE,9,9,FALSE
0402875,23,2,2,24230,24233,FALSE,TRUE,6,6,FALSE
0402876,234,3,3,24230,24236,FALSE,TRUE,9,9,FALSE
0402881,2,1,1,24230,24230,FALSE,TRUE,3,3,FALSE
0402887,234,3,3,24230,24236,FALSE,TRUE,9,9,FALSE
0402888,234,3,3,24230,24236,FALSE,TRUE,9,9,FALSE
0402891,3,1,1,24233,24233,FALSE,TRUE,3,3,FALSE
0402892,234,3,3,24230,24236,FALSE,TRUE,9,9,FALSE
0402894,23,2,2,24230,24233,FALSE,TRUE,6,6,FALSE
0402898,234,3,3,24230,24236,FALSE,TRUE,9,9,FALSE
0402900,234,3,3,24230,24236,FALSE,TRUE,9,9,FALSE
0402901,234,3,3,24230,24236,FALSE,TRUE,9,9,FALSE
0402903,234,3,3,24230,24236,FALSE,TRUE,9,9,FALSE
0402904,234,3,3,24230,24236,FALSE,TRUE,9,9,FALSE
0402908,24,2,2,24230,24236,FALSE,FALSE,6,6,FALSE
0402910,234,3,3,24230,24236,FALSE,TRUE,9,9,FALSE
0402915,2,1,1,24230,24230,FALSE,TRUE,3,3,FALSE
0402917,23,2,2,24230,24233,FALSE,TRUE,6,6,FALSE
0402918,2,1,1,24230,24230,FALSE,TRUE,3,3,FALSE
0402919,234,3,3,24230,24236,FALSE,TRUE,9,9,FALSE
0402921,234,3,3,24230,24236,FALSE,TRUE,9,9,FALSE
0402923,234,3,3,24230,24236,FALSE,TRUE,9,9,FALSE
0402925,2,1,1,24230,24230,FALSE,TRUE,3,3,FALSE
0402926,234,3,3,24230,24236,FALSE,TRUE,9,9,FALSE
0402928,234,3,3,24230,24236,FALSE,TRUE,9,9,FALSE
0402929,234,3,3,24230,24236,FALSE,TRUE,9,9,FALSE
0402930,234,3,3,24230,24236,FALSE,TRUE,9,9,FALSE
0402932,2,1,1,24230,24230,FALSE,TRUE,3,3,FALSE
0402937,234,3,3,24230,24236,FALSE,TRUE,9,9,FALSE
0402940,234,3,3,24230,24236,FALSE,TRUE,9,9,FALSE
0402941,23,2,2,24230,24233,FALSE,TRUE,6,6,FALSE
0402942,34,2,2,24233,24236,FALSE,TRUE,6,6,FALSE
0402943,4,1,1,24236,24236,FALSE,TRUE,3,3,FALSE
0402945,234,3,3,24230,24236,FALSE,TRUE,9,9,FALSE
0402946,4,1,1,24236,24236,FALSE,TRUE,3,3,FALSE
0402948,234,3,3,24230,24236,FALSE,TRUE,9,9,FALSE
0402951,34,2,2,24233,24236,FALSE,TRUE,6,6,FALSE
0402953,234,3,3,24230,24236,FALSE,TRUE,9,9,FALSE
0402954,23,2,2,24230,24233,FALSE,TRUE,6,6,FALSE
0402956,234,3,3,24230,24236,FALSE,TRUE,9,9,FALSE
0402959,23,2,2,24230,24233,FALSE,TRUE,6,6,FALSE
0402960,2,1,1,24230,24230,FALSE,TRUE,3,3,FALSE
0402968,234,3,3,24230,24236,FALSE,TRUE,9,9,FALSE
0402969,2,1,1,24230,24230,FALSE,TRUE,3,3,FALSE
0402970,234,3,3,24230,24236,FALSE,TRUE,9,9,FALSE
0402971,234,3,3,24230,24236,FALSE,TRUE,9,9,FALSE
0402972,3,1,1,24233,24233,FALSE,TRUE,3,3,FALSE
0402974,3,1,1,24233,24233,FALSE,TRUE,3,3,FALSE
0402975,2,1,1,24230,24230,FALSE,TRUE,3,3,FALSE
0402976,2,1,1,24230,24230,FALSE,TRUE,3,3,FALSE
0402978,234,3,3,24230,24236,FALSE,TRUE,9,9,FALSE
0402979,234,3,3,24230,24236,FALSE,TRUE,9,9,FALSE
0402981,234,3,3,24230,24236,FALSE,TRUE,9,9,FALSE
0402985,234,3,3,24230,24236,FALSE,TRUE,9,9,FALSE
0402986,4,1,1,24236,24236,FALSE,TRUE,3,3,FALSE
0402987,234,3,3,24230,24236,FALSE,TRUE,9,9,FALSE
0402989,2,1,1,24230,24230,FALSE,TRUE,3,3,FALSE
0402990,234,3,3,24230,24236,FALSE,TRUE,9,9,FALSE
0402992,234,3,3,24230,24236,FALSE,TRUE,9,9,FALSE
0402993,234,3,3,24230,24236,FALSE,TRUE,9,9,FALSE
0402995,234,3,3,24230,24236,FALSE,TRUE,9,9,FALSE
0402996,234,3,3,24230,24236,FALSE,TRUE,9,9,FALSE
0403002,234,3,3,24230,24236,FALSE,TRUE,9,9,FALSE
0403003,34,2,2,24233,24236,FALSE,TRUE,6,6,FALSE
0403004,34,2,2,24233,24236,FALSE,TRUE,6,6,FALSE
0403006,234,3,3,24230,24236,FALSE,TRUE,9,9,FALSE
0403009,2,1,1,24230,24230,FALSE,TRUE,3,3,FALSE
0403010,234,3,3,24230,24236,FALSE,TRUE,9,9,FALSE
0403013,34,2,2,24233,24236,FALSE,TRUE,6,6,FALSE
0403014,23,2,2,24230,24233,FALSE,TRUE,6,6,FALSE
0403015,234,3,3,24230,24236,FALSE,TRUE,9,9,FALSE
0403016,234,3,3,24230,24236,FALSE,TRUE,9,9,FALSE
0403017,234,3,3,24230,24236,FALSE,TRUE,9,9,FALSE
0403018,234,3,3,24230,24236,FALSE,TRUE,9,9,FALSE
0403019,3,1,1,24233,24233,FALSE,TRUE,3,3,FALSE
0403020,234,3,3,24230,24236,FALSE,TRUE,9,9,FALSE
0403021,34,2,2,24233,24236,FALSE,TRUE,6,6,FALSE
0403023,234,3,3,24230,24236,FALSE,TRUE,9,9,FALSE
0403029,34,2,2,24233,24236,FALSE,TRUE,6,6,FALSE
0403031,234,3,3,24230,24236,FALSE,TRUE,9,9,FALSE
0403032,23,2,2,24230,24233,FALSE,TRUE,6,6,FALSE
0403033,234,3,3,24230,24236,FALSE,TRUE,9,9,FALSE
0403034,234,3,3,24230,24236,FALSE,TRUE,9,9,FALSE
0403035,23,2,2,24230,24233,FALSE,TRUE,6,6,FALSE
0403037,4,1,1,24230,24230,FALSE,TRUE,3,3,FALSE
0403038,234,3,3,24230,24236,FALSE,TRUE,9,9,FALSE
0403039,234,3,3,24230,24236,FALSE,TRUE,9,9,FALSE
0403041,234,3,3,24230,24236,FALSE,TRUE,9,9,FALSE
0403042,234,3,3,24230,24236,FALSE,TRUE,9,9,FALSE
0403043,34,2,2,24233,24236,FALSE,TRUE,6,6,FALSE
0403048,4,1,1,24236,24236,FALSE,TRUE,3,3,FALSE
0403049,3,1,1,24233,24233,FALSE,TRUE,3,3,FALSE
0403050,234,3,3,24230,24236,FALSE,TRUE,9,9,FALSE
0403052,34,2,2,24233,24236,FALSE,TRUE,6,6,FALSE
0403058,234,3,3,24230,24236,FALSE,TRUE,9,9,FALSE
0403059,3,1,1,24233,24233,FALSE,TRUE,3,3,FALSE
0403061,234,3,3,24230,24236,FALSE,TRUE,9,9,FALSE
0403062,234,3,3,24230,24236,FALSE,TRUE,9,9,FALSE
0403063,234,3,3,24230,24236,FALSE,TRUE,9,9,FALSE
0403064,2,1,1,24230,24230,FALSE,TRUE,3,3,FALSE
0403065,23,2,2,24230,24233,FALSE,TRUE,6,6,FALSE
0403067,34,2,2,24233,24236,FALSE,TRUE,6,6,FALSE
0403069,234,3,3,24230,24236,FALSE,TRUE,9,9,FALSE
0403074,34,2,2,24233,24236,FALSE,TRUE,6,6,FALSE
0403075,234,3,3,24230,24236,FALSE,TRUE,9,9,FALSE
0403077,234,3,3,24230,24236,FALSE,TRUE,9,9,FALSE
0403080,2,1,1,24230,24230,FALSE,TRUE,3,3,FALSE
0403082,34,2,2,24233,24236,FALSE,TRUE,6,6,FALSE
0403085,234,3,3,24230,24236,FALSE,TRUE,9,9,FALSE
0403087,34,2,2,24230,24233,FALSE,TRUE,6,6,FALSE
0403089,34,2,2,24233,24236,FALSE,TRUE,6,6,FALSE
0403090,234,3,3,24230,24236,FALSE,TRUE,9,9,FALSE
0403091,234,3,3,24230,24236,FALSE,TRUE,9,9,FALSE
0403092,234,3,3,24230,24236,FALSE,TRUE,9,9,FALSE
0403094,234,3,3,24230,24236,FALSE,TRUE,9,9,FALSE
0403098,34,2,2,24233,24236,FALSE,TRUE,6,6,FALSE
0403100,234,3,3,24230,24236,FALSE,TRUE,9,9,FALSE
0403102,234,3,3,24230,24236,FALSE,TRUE,9,9,FALSE
0403104,234,3,3,24230,24236,FALSE,TRUE,9,9,FALSE
0403105,2,1,1,24230,24230,FALSE,TRUE,3,3,FALSE
0403107,234,3,3,24230,24236,FALSE,TRUE,9,9,FALSE
0403108,234,3,3,24230,24236,FALSE,TRUE,9,9,FALSE
0403109,34,2,2,24233,24236,FALSE,TRUE,6,6,FALSE
0403112,23,2,2,24230,24233,FALSE,TRUE,6,6,FALSE
0403114,34,2,2,24233,24236,FALSE,TRUE,6,6,FALSE
0403115,234,3,3,24230,24236,FALSE,TRUE,9,9,FALSE
0403116,34,2,2,24233,24236,FALSE,TRUE,6,6,FALSE
0403117,4,1,1,24236,24236,FALSE,TRUE,3,3,FALSE
0403119,234,3,3,24230,24236,FALSE,TRUE,9,9,FALSE
0403120,234,3,3,24230,24236,FALSE,TRUE,9,9,FALSE
0403121,3,1,1,24233,24233,FALSE,TRUE,3,3,FALSE
0403122,234,3,3,24230,24236,FALSE,TRUE,9,9,FALSE
0403123,3,1,1,24233,24233,FALSE,TRUE,3,3,FALSE
0403124,234,3,3,24230,24236,FALSE,TRUE,9,9,FALSE
0403126,34,2,2,24233,24236,FALSE,TRUE,6,6,FALSE
0403127,234,3,3,24230,24236,FALSE,TRUE,9,9,FALSE
0403128,234,3,3,24230,24236,FALSE,TRUE,9,9,FALSE
0403129,234,3,3,24230,24236,FALSE,TRUE,9,9,FALSE
0403130,234,3,3,24230,24236,FALSE,TRUE,9,9,FALSE
0403132,34,2,2,24233,24236,FALSE,TRUE,6,6,FALSE
0403135,234,3,3,24230,24236,FALSE,TRUE,9,9,FALSE
0403136,234,3,3,24230,24236,FALSE,TRUE,9,9,FALSE
0403138,34,2,2,24233,24236,FALSE,TRUE,6,6,FALSE
0403140,4,1,1,24236,24236,FALSE,TRUE,3,3,FALSE
0403141,234,3,3,24230,24236,FALSE,TRUE,9,9,FALSE
0403143,2,1,1,24230,24230,FALSE,TRUE,3,3,FALSE
0403145,2,1,1,24230,24230,FALSE,TRUE,3,3,FALSE
0403146,23,2,2,24230,24233,FALSE,TRUE,6,6,FALSE
0403148,234,3,3,24230,24236,FALSE,TRUE,9,9,FALSE
0403150,23,2,2,24230,24233,FALSE,TRUE,6,6,FALSE
0403155,3,1,1,24233,24233,FALSE,TRUE,3,3,FALSE
0403156,34,2,2,24233,24236,FALSE,TRUE,6,6,FALSE
0403157,234,3,3,24230,24236,FALSE,TRUE,9,9,FALSE
0403159,3,1,1,24233,24233,FALSE,TRUE,3,3,FALSE
0403160,234,3,3,24230,24236,FALSE,TRUE,9,9,FALSE
0403161,4,1,1,24236,24236,FALSE,TRUE,3,3,FALSE
0403162,3,1,1,24233,24233,FALSE,TRUE,3,3,FALSE
0403164,24,2,2,24230,24236,FALSE,FALSE,6,6,FALSE
0403165,234,3,3,24230,24236,FALSE,TRUE,9,9,FALSE
0403167,234,3,3,24230,24236,FALSE,TRUE,9,9,FALSE
0403171,2,1,1,24230,24230,FALSE,TRUE,3,3,FALSE
0403176,24,2,2,24230,24236,FALSE,FALSE,6,6,FALSE
0403180,234,3,3,24230,24236,FALSE,TRUE,9,9,FALSE
0403181,234,3,3,24230,24236,FALSE,TRUE,9,9,FALSE
0403182,234,3,3,24230,24236,FALSE,TRUE,9,9,FALSE
0403186,34,2,2,24233,24236,FALSE,TRUE,6,6,FALSE
0403192,4,1,1,24236,24236,FALSE,TRUE,3,3,FALSE
0403193,234,3,3,24230,24236,FALSE,TRUE,9,9,FALSE
0403195,2,1,1,24230,24230,FALSE,TRUE,3,3,FALSE
0403196,23,2,2,24230,24233,FALSE,TRUE,6,6,FALSE
0403197,3,1,1,24233,24233,FALSE,TRUE,3,3,FALSE
0403198,4,1,1,24236,24236,FALSE,TRUE,3,3,FALSE
0403202,234,3,3,24230,24236,FALSE,TRUE,9,9,FALSE
0403203,234,3,3,24230,24236,FALSE,TRUE,9,9,FALSE
0403205,234,3,3,24230,24236,FALSE,TRUE,9,9,FALSE
0403209,24,2,2,24230,24236,FALSE,FALSE,6,6,FALSE
0403212,234,3,3,24230,24236,FALSE,TRUE,9,9,FALSE
0403213,234,3,3,24230,24236,FALSE,TRUE,9,9,FALSE
0403215,234,3,3,24230,24236,FALSE,TRUE,9,9,FALSE
0403216,234,3,3,24230,24236,FALSE,TRUE,9,9,FALSE
0403219,34,2,2,24233,24236,FALSE,TRUE,6,6,FALSE
0403220,34,2,2,24233,24236,FALSE,TRUE,6,6,FALSE
0403226,234,3,3,24230,24236,FALSE,TRUE,9,9,FALSE
0403227,234,3,3,24230,24236,FALSE,TRUE,9,9,FALSE
0403228,234,3,3,24230,24236,FALSE,TRUE,9,9,FALSE
0403229,234,3,3,24230,24236,FALSE,TRUE,9,9,FALSE
0403231,234,3,3,24230,24236,FALSE,TRUE,9,9,FALSE
0403235,2,1,1,24230,24230,FALSE,TRUE,3,3,FALSE
0403236,4,1,1,24236,24236,FALSE,TRUE,3,3,FALSE
0403237,23,2,2,24230,24233,FALSE,TRUE,6,6,FALSE
0403239,234,3,3,24230,24236,FALSE,TRUE,9,9,FALSE
0403242,34,2,2,24233,24236,FALSE,TRUE,6,6,FALSE
0403243,234,3,3,24230,24236,FALSE,TRUE,9,9,FALSE
0403244,234,3,3,24230,24236,FALSE,TRUE,9,9,FALSE
0403247,234,3,3,24230,24236,FALSE,TRUE,9,9,FALSE
0403252,34,2,2,24233,24236,FALSE,TRUE,6,6,FALSE
0403253,24,2,2,24230,24236,FALSE,FALSE,6,6,FALSE
0403254,24,2,2,24230,24236,FALSE,FALSE,6,6,FALSE
0403255,2,1,1,24230,24230,FALSE,TRUE,3,3,FALSE
0403256,234,3,3,24230,24236,FALSE,TRUE,9,9,FALSE
0403258,24,2,2,24230,24236,FALSE,FALSE,6,6,FALSE
0403260,2,1,1,24230,24230,FALSE,TRUE,3,3,FALSE
0403261,234,3,3,24230,24236,FALSE,TRUE,9,9,FALSE
0403262,234,3,3,24230,24236,FALSE,TRUE,9,9,FALSE
0403263,34,2,2,24233,24236,FALSE,TRUE,6,6,FALSE
0403265,4,1,1,24236,24236,FALSE,TRUE,3,3,FALSE
0403270,234,3,3,24230,24236,FALSE,TRUE,9,9,FALSE
0403271,234,3,3,24230,24236,FALSE,TRUE,9,9,FALSE
0403274,234,3,3,24230,24236,FALSE,TRUE,9,9,FALSE
0403275,234,3,3,24230,24236,FALSE,TRUE,9,9,FALSE
0403279,234,3,3,24230,24236,FALSE,TRUE,9,9,FALSE
0403280,234,3,3,24230,24236,FALSE,TRUE,9,9,FALSE
0403281,2,1,1,24230,24230,FALSE,TRUE,3,3,FALSE
0403284,2,1,1,24230,24230,FALSE,TRUE,3,3,FALSE
0403287,234,3,3,24230,24236,FALSE,TRUE,9,9,FALSE
0403289,234,3,3,24230,24236,FALSE,TRUE,9,9,FALSE
0403293,4,1,1,24236,24236,FALSE,TRUE,3,3,FALSE
0403294,234,3,3,24230,24236,FALSE,TRUE,9,9,FALSE
0403295,23,2,2,24230,24233,FALSE,TRUE,6,6,FALSE
0403296,2,1,1,24230,24230,FALSE,TRUE,3,3,FALSE
0403300,23,2,2,24230,24233,FALSE,TRUE,6,6,FALSE
0403304,234,3,3,24230,24236,FALSE,TRUE,9,9,FALSE
0403307,234,3,3,24230,24236,FALSE,TRUE,9,9,FALSE
0403309,2,1,1,24230,24230,FALSE,TRUE,3,3,FALSE
0403310,34,2,2,24233,24236,FALSE,TRUE,6,6,FALSE
0403314,234,3,3,24230,24236,FALSE,TRUE,9,9,FALSE
0403316,24,2,2,24230,24236,FALSE,FALSE,6,6,FALSE
0403318,234,3,3,24230,24236,FALSE,TRUE,9,9,FALSE
0403320,24,2,2,24230,24236,FALSE,FALSE,6,6,FALSE
0403321,234,3,3,24230,24236,FALSE,TRUE,9,9,FALSE
0403322,234,3,3,24230,24236,FALSE,TRUE,9,9,FALSE
0403325,23,2,2,24230,24233,FALSE,TRUE,6,6,FALSE
0403327,234,3,3,24230,24236,FALSE,TRUE,9,9,FALSE
0403328,34,2,2,24233,24236,FALSE,TRUE,6,6,FALSE
0403329,234,3,3,24230,24236,FALSE,TRUE,9,9,FALSE
0403339,234,3,3,24230,24236,FALSE,TRUE,9,9,FALSE
0403340,23,2,2,24230,24233,FALSE,TRUE,6,6,FALSE
0403341,234,3,3,24230,24236,FALSE,TRUE,9,9,FALSE
0403342,2,1,1,24230,24230,FALSE,TRUE,3,3,FALSE
0403343,234,3,3,24230,24236,FALSE,TRUE,9,9,FALSE
0403344,234,3,3,24230,24236,FALSE,TRUE,9,9,FALSE
0403346,4,1,1,24236,24236,FALSE,TRUE,3,3,FALSE
0403347,23,2,2,24230,24233,FALSE,TRUE,6,6,FALSE
0403348,234,3,3,24230,24236,FALSE,TRUE,9,9,FALSE
0403349,234,3,3,24230,24236,FALSE,TRUE,9,9,FALSE
0403350,2,1,1,24230,24230,FALSE,TRUE,3,3,FALSE
0403353,4,1,1,24230,24230,FALSE,TRUE,3,3,FALSE
0403354,2,1,1,24230,24230,FALSE,TRUE,3,3,FALSE
0403355,234,3,3,24230,24236,FALSE,TRUE,9,9,FALSE
0403356,234,3,3,24230,24236,FALSE,TRUE,9,9,FALSE
0403357,234,3,3,24230,24236,FALSE,TRUE,9,9,FALSE
0403358,234,3,3,24230,24236,FALSE,TRUE,9,9,FALSE
0403363,234,3,3,24230,24236,FALSE,TRUE,9,9,FALSE
0403367,234,3,3,24230,24236,FALSE,TRUE,9,9,FALSE
0403368,2,1,1,24230,24230,FALSE,TRUE,3,3,FALSE
0403372,234,3,3,24230,24236,FALSE,TRUE,9,9,FALSE
0403373,234,3,3,24230,24236,FALSE,TRUE,9,9,FALSE
0403377,234,3,3,24230,24236,FALSE,TRUE,9,9,FALSE
0403378,234,3,3,24230,24236,FALSE,TRUE,9,9,FALSE
0403382,234,3,3,24230,24236,FALSE,TRUE,9,9,FALSE
0403384,34,2,2,24233,24236,FALSE,TRUE,6,6,FALSE
0403385,2,1,1,24230,24230,FALSE,TRUE,3,3,FALSE
0403393,3,1,1,24233,24233,FALSE,TRUE,3,3,FALSE
0403395,3,1,1,24233,24233,FALSE,TRUE,3,3,FALSE
0403397,234,3,3,24230,24236,FALSE,TRUE,9,9,FALSE
0403399,234,3,3,24230,24236,FALSE,TRUE,9,9,FALSE
0403400,234,3,3,24230,24236,FALSE,TRUE,9,9,FALSE
0403403,234,3,3,24230,24236,FALSE,TRUE,9,9,FALSE
0403405,4,1,1,24236,24236,FALSE,TRUE,3,3,FALSE
0403406,3,1,1,24233,24233,FALSE,TRUE,3,3,FALSE
0403407,234,3,3,24230,24236,FALSE,TRUE,9,9,FALSE
0403408,234,3,3,24230,24236,FALSE,TRUE,9,9,FALSE
0403410,234,3,3,24230,24236,FALSE,TRUE,9,9,FALSE
0403411,3,1,1,24233,24233,FALSE,TRUE,3,3,FALSE
0403414,234,3,3,24230,24236,FALSE,TRUE,9,9,FALSE
0403416,234,3,3,24230,24236,FALSE,TRUE,9,9,FALSE
0403417,234,3,3,24230,24236,FALSE,TRUE,9,9,FALSE
0403419,2,1,1,24230,24230,FALSE,TRUE,3,3,FALSE
0403420,234,3,3,24230,24236,FALSE,TRUE,9,9,FALSE
0403422,234,3,3,24230,24236,FALSE,TRUE,9,9,FALSE
0403425,234,3,3,24230,24236,FALSE,TRUE,9,9,FALSE
0403428,234,3,3,24230,24236,FALSE,TRUE,9,9,FALSE
0403429,234,3,3,24230,24236,FALSE,TRUE,9,9,FALSE
0403431,234,3,3,24230,24236,FALSE,TRUE,9,9,FALSE
0403435,23,2,2,24230,24233,FALSE,TRUE,6,6,FALSE
0403440,234,3,3,24230,24236,FALSE,TRUE,9,9,FALSE
0403442,24,2,2,24230,24236,FALSE,FALSE,6,6,FALSE
0403446,234,3,3,24230,24236,FALSE,TRUE,9,9,FALSE
0403449,3,1,1,24233,24233,FALSE,TRUE,3,3,FALSE
0403452,23,2,2,24230,24233,FALSE,TRUE,6,6,FALSE
0403454,234,3,3,24230,24236,FALSE,TRUE,9,9,FALSE
0403455,23,2,2,24230,24233,FALSE,TRUE,6,6,FALSE
0403456,4,1,1,24236,24236,FALSE,TRUE,3,3,FALSE
0403457,234,3,3,24230,24236,FALSE,TRUE,9,9,FALSE
0403460,234,3,3,24230,24236,FALSE,TRUE,9,9,FALSE
0403463,234,3,3,24230,24236,FALSE,TRUE,9,9,FALSE
0403466,234,3,3,24230,24236,FALSE,TRUE,9,9,FALSE
0403468,234,3,3,24230,24236,FALSE,TRUE,9,9,FALSE
0403469,234,3,3,24230,24236,FALSE,TRUE,9,9,FALSE
0403470,4,1,1,24236,24236,FALSE,TRUE,3,3,FALSE
0403471,234,3,3,24230,24236,FALSE,TRUE,9,9,FALSE
0403472,234,3,3,24230,24236,FALSE,TRUE,9,9,FALSE
0403473,234,3,3,24230,24236,FALSE,TRUE,9,9,FALSE
0403474,234,3,3,24230,24236,FALSE,TRUE,9,9,FALSE
0403476,34,2,2,24233,24236,FALSE,TRUE,6,6,FALSE
0403478,234,3,3,24230,24236,FALSE,TRUE,9,9,FALSE
0403479,24,2,2,24230,24236,FALSE,FALSE,6,6,FALSE
0403480,234,3,3,24230,24236,FALSE,TRUE,9,9,FALSE
0403481,234,3,3,24230,24236,FALSE,TRUE,9,9,FALSE
0403484,234,3,3,24230,24236,FALSE,TRUE,9,9,FALSE
0403485,234,3,3,24230,24236,FALSE,TRUE,9,9,FALSE
0403486,234,3,3,24230,24236,FALSE,TRUE,9,9,FALSE
0403487,234,3,3,24230,24236,FALSE,TRUE,9,9,FALSE
0403488,3,1,1,24233,24233,FALSE,TRUE,3,3,FALSE
0403490,234,3,3,24230,24236,FALSE,TRUE,9,9,FALSE
0403491,2,1,1,24230,24230,FALSE,TRUE,3,3,FALSE
0403494,234,3,3,24230,24236,FALSE,TRUE,9,9,FALSE
0403496,234,3,3,24230,24236,FALSE,TRUE,9,9,FALSE
0403497,2,1,1,24230,24230,FALSE,TRUE,3,3,FALSE
0403498,234,3,3,24230,24236,FALSE,TRUE,9,9,FALSE
0403499,24,2,2,24230,24236,FALSE,FALSE,6,6,FALSE
0403500,3,1,1,24233,24233,FALSE,TRUE,3,3,FALSE
0403502,234,3,3,24230,24236,FALSE,TRUE,9,9,FALSE
0403503,234,3,3,24230,24236,FALSE,TRUE,9,9,FALSE
0403507,34,2,2,24233,24236,FALSE,TRUE,6,6,FALSE
0403508,34,2,2,24233,24236,FALSE,TRUE,6,6,FALSE
0403511,24,2,2,24230,24236,FALSE,FALSE,6,6,FALSE
0403512,234,3,3,24230,24236,FALSE,TRUE,9,9,FALSE
0403513,4,1,1,24233,24233,FALSE,TRUE,3,3,FALSE
0403514,4,1,1,24236,24236,FALSE,TRUE,3,3,FALSE
0403519,234,3,3,24230,24236,FALSE,TRUE,9,9,FALSE
0403523,234,3,3,24230,24236,FALSE,TRUE,9,9,FALSE
0403526,234,3,3,24230,24236,FALSE,TRUE,9,9,FALSE
0403527,23,2,2,24230,24233,FALSE,TRUE,6,6,FALSE
0403528,234,3,3,24230,24236,FALSE,TRUE,9,9,FALSE
0403529,234,3,3,24230,24236,FALSE,TRUE,9,9,FALSE
0403532,234,3,3,24230,24236,FALSE,TRUE,9,9,FALSE
0403534,34,2,2,24233,24236,FALSE,TRUE,6,6,FALSE
0403537,2,1,1,24230,24230,FALSE,TRUE,3,3,FALSE
0403538,24,2,2,24230,24236,FALSE,FALSE,6,6,FALSE
0403539,234,3,3,24230,24236,FALSE,TRUE,9,9,FALSE
0403541,2,1,1,24230,24230,FALSE,TRUE,3,3,FALSE
0403543,234,3,3,24230,24236,FALSE,TRUE,9,9,FALSE
0403547,2,1,1,24230,24230,FALSE,TRUE,3,3,FALSE
0403548,234,3,3,24230,24236,FALSE,TRUE,9,9,FALSE
0403553,234,3,3,24230,24236,FALSE,TRUE,9,9,FALSE
0403554,234,3,3,24230,24236,FALSE,TRUE,9,9,FALSE
0403555,234,3,3,24230,24236,FALSE,TRUE,9,9,FALSE
0403557,2,1,1,24230,24230,FALSE,TRUE,3,3,FALSE
0403558,234,3,3,24230,24236,FALSE,TRUE,9,9,FALSE
0403561,234,3,3,24230,24236,FALSE,TRUE,9,9,FALSE
0403562,234,3,3,24230,24236,FALSE,TRUE,9,9,FALSE
0403563,234,3,3,24230,24236,FALSE,TRUE,9,9,FALSE
0403565,234,3,3,24230,24236,FALSE,TRUE,9,9,FALSE
0403567,234,3,3,24230,24236,FALSE,TRUE,9,9,FALSE
0403569,234,3,3,24230,24236,FALSE,TRUE,9,9,FALSE
0403570,234,3,3,24230,24236,FALSE,TRUE,9,9,FALSE
0403574,234,3,3,24230,24236,FALSE,TRUE,9,9,FALSE
0403575,234,3,3,24230,24236,FALSE,TRUE,9,9,FALSE
0403578,24,2,2,24230,24236,FALSE,FALSE,6,6,FALSE
0403579,34,2,2,24233,24236,FALSE,TRUE,6,6,FALSE
0403583,234,3,3,24230,24236,FALSE,TRUE,9,9,FALSE
0403585,234,3,3,24230,24236,FALSE,TRUE,9,9,FALSE
0403587,4,1,1,24236,24236,FALSE,TRUE,3,3,FALSE
0403588,4,1,1,24236,24236,FALSE,TRUE,3,3,FALSE
0403590,234,3,3,24230,24236,FALSE,TRUE,9,9,FALSE
0403593,234,3,3,24230,24236,FALSE,TRUE,9,9,FALSE
0403594,234,3,3,24230,24236,FALSE,TRUE,9,9,FALSE
0403596,34,2,2,24233,24236,FALSE,TRUE,6,6,FALSE
0403598,34,2,2,24230,24233,FALSE,TRUE,6,6,FALSE
0403601,234,3,3,24230,24236,FALSE,TRUE,9,9,FALSE
0403603,34,2,2,24233,24236,FALSE,TRUE,6,6,FALSE
0403604,234,3,3,24230,24236,FALSE,TRUE,9,9,FALSE
0403606,24,2,2,24230,24236,FALSE,FALSE,6,6,FALSE
0403607,23,2,2,24230,24233,FALSE,TRUE,6,6,FALSE
0403608,4,1,1,24236,24236,FALSE,TRUE,3,3,FALSE
0403611,234,3,3,24230,24236,FALSE,TRUE,9,9,FALSE
0403612,234,3,3,24230,24236,FALSE,TRUE,9,9,FALSE
0403618,234,3,3,24230,24236,FALSE,TRUE,9,9,FALSE
0403620,23,2,2,24230,24233,FALSE,TRUE,6,6,FALSE
0403624,4,1,1,24236,24236,FALSE,TRUE,3,3,FALSE
0403627,2,1,1,24230,24230,FALSE,TRUE,3,3,FALSE
0403634,34,2,2,24233,24236,FALSE,TRUE,6,6,FALSE
0403635,23,2,2,24230,24233,FALSE,TRUE,6,6,FALSE
0403636,3,1,1,24230,24230,FALSE,TRUE,3,3,FALSE
0403638,234,3,3,24230,24236,FALSE,TRUE,9,9,FALSE
0403639,3,1,1,24233,24233,FALSE,TRUE,3,3,FALSE
0403640,23,2,2,24230,24233,FALSE,TRUE,6,6,FALSE
0403641,23,2,2,24230,24233,FALSE,TRUE,6,6,FALSE
0403644,234,3,3,24230,24236,FALSE,TRUE,9,9,FALSE
0403646,3,1,1,24233,24233,FALSE,TRUE,3,3,FALSE
0403648,234,3,3,24230,24236,FALSE,TRUE,9,9,FALSE
0403649,2,1,1,24230,24230,FALSE,TRUE,3,3,FALSE
0403652,234,3,3,24230,24236,FALSE,TRUE,9,9,FALSE
0403653,234,3,3,24230,24236,FALSE,TRUE,9,9,FALSE
0403654,234,3,3,24230,24236,FALSE,TRUE,9,9,FALSE
0403656,3,1,1,24233,24233,FALSE,TRUE,3,3,FALSE
0403657,234,3,3,24230,24236,FALSE,TRUE,9,9,FALSE
0403661,34,2,2,24233,24236,FALSE,TRUE,6,6,FALSE
0403663,234,3,3,24230,24236,FALSE,TRUE,9,9,FALSE
0403664,234,3,3,24230,24236,FALSE,TRUE,9,9,FALSE
0403666,234,3,3,24230,24236,FALSE,TRUE,9,9,FALSE
0403668,34,2,2,24230,24233,FALSE,TRUE,6,6,FALSE
0403670,234,3,3,24230,24236,FALSE,TRUE,9,9,FALSE
0403674,234,3,3,24230,24236,FALSE,TRUE,9,9,FALSE
0403676,4,1,1,24236,24236,FALSE,TRUE,3,3,FALSE
0403678,234,3,3,24230,24236,FALSE,TRUE,9,9,FALSE
0403680,234,3,3,24230,24236,FALSE,TRUE,9,9,FALSE
0403683,34,2,2,24233,24236,FALSE,TRUE,6,6,FALSE
0403684,3,1,1,24233,24233,FALSE,TRUE,3,3,FALSE
0403685,3,1,1,24233,24233,FALSE,TRUE,3,3,FALSE
0403686,234,3,3,24230,24236,FALSE,TRUE,9,9,FALSE
0403687,2,1,1,24230,24230,FALSE,TRUE,3,3,FALSE
0403689,34,2,2,24233,24236,FALSE,TRUE,6,6,FALSE
0403694,34,2,2,24233,24236,FALSE,TRUE,6,6,FALSE
0403698,234,3,3,24230,24236,FALSE,TRUE,9,9,FALSE
0403699,2,1,1,24230,24230,FALSE,TRUE,3,3,FALSE
0403701,34,2,2,24230,24233,FALSE,TRUE,6,6,FALSE
0403702,23,2,2,24230,24233,FALSE,TRUE,6,6,FALSE
0403703,24,2,2,24230,24236,FALSE,FALSE,6,6,FALSE
0403704,234,3,3,24230,24236,FALSE,TRUE,9,9,FALSE
0403705,34,2,2,24233,24236,FALSE,TRUE,6,6,FALSE
0403713,234,3,3,24230,24236,FALSE,TRUE,9,9,FALSE
0403717,234,3,3,24230,24236,FALSE,TRUE,9,9,FALSE
0403720,234,3,3,24230,24236,FALSE,TRUE,9,9,FALSE
0403721,2,1,1,24230,24230,FALSE,TRUE,3,3,FALSE
0403722,34,2,2,24233,24236,FALSE,TRUE,6,6,FALSE
0403724,234,3,3,24230,24236,FALSE,TRUE,9,9,FALSE
0403725,234,3,3,24230,24236,FALSE,TRUE,9,9,FALSE
0403726,234,3,3,24230,24236,FALSE,TRUE,9,9,FALSE
0403729,234,3,3,24230,24236,FALSE,TRUE,9,9,FALSE
0403730,234,3,3,24230,24236,FALSE,TRUE,9,9,FALSE
0403731,4,1,1,24236,24236,FALSE,TRUE,3,3,FALSE
0403732,234,3,3,24230,24236,FALSE,TRUE,9,9,FALSE
0403733,234,3,3,24230,24236,FALSE,TRUE,9,9,FALSE
0403734,234,3,3,24230,24236,FALSE,TRUE,9,9,FALSE
0403737,2,1,1,24230,24230,FALSE,TRUE,3,3,FALSE
0403738,23,2,2,24230,24233,FALSE,TRUE,6,6,FALSE
0403739,234,3,3,24230,24236,FALSE,TRUE,9,9,FALSE
0403740,4,1,1,24233,24233,FALSE,TRUE,3,3,FALSE
0403743,234,3,3,24230,24236,FALSE,TRUE,9,9,FALSE
0403745,234,3,3,24230,24236,FALSE,TRUE,9,9,FALSE
0403748,2,1,1,24230,24230,FALSE,TRUE,3,3,FALSE
0403752,234,3,3,24230,24236,FALSE,TRUE,9,9,FALSE
0403756,234,3,3,24230,24236,FALSE,TRUE,9,9,FALSE
0403758,234,3,3,24230,24236,FALSE,TRUE,9,9,FALSE
0403763,4,1,1,24236,24236,FALSE,TRUE,3,3,FALSE
0403764,234,3,3,24230,24236,FALSE,TRUE,9,9,FALSE
0403766,234,3,3,24230,24236,FALSE,TRUE,9,9,FALSE
0403767,234,3,3,24230,24236,FALSE,TRUE,9,9,FALSE
0403768,234,3,3,24230,24236,FALSE,TRUE,9,9,FALSE
0403770,2,1,1,24230,24230,FALSE,TRUE,3,3,FALSE
0403771,3,1,1,24233,24233,FALSE,TRUE,3,3,FALSE
0403772,234,3,3,24230,24236,FALSE,TRUE,9,9,FALSE
0403773,234,3,3,24230,24236,FALSE,TRUE,9,9,FALSE
0403775,23,2,2,24230,24233,FALSE,TRUE,6,6,FALSE
0403779,2,1,1,24230,24230,FALSE,TRUE,3,3,FALSE
0403782,234,3,3,24230,24236,FALSE,TRUE,9,9,FALSE
0403787,234,3,3,24230,24236,FALSE,TRUE,9,9,FALSE
0403789,234,3,3,24230,24236,FALSE,TRUE,9,9,FALSE
0403791,23,2,2,24230,24233,FALSE,TRUE,6,6,FALSE
0403795,234,3,3,24230,24236,FALSE,TRUE,9,9,FALSE
0403796,234,3,3,24230,24236,FALSE,TRUE,9,9,FALSE
0403798,234,3,3,24230,24236,FALSE,TRUE,9,9,FALSE
0403801,4,1,1,24230,24230,FALSE,TRUE,3,3,FALSE
0403803,23,2,2,24230,24233,FALSE,TRUE,6,6,FALSE
0403804,4,1,1,24236,24236,FALSE,TRUE,3,3,FALSE
0403805,23,2,2,24230,24233,FALSE,TRUE,6,6,FALSE
0403808,234,3,3,24230,24236,FALSE,TRUE,9,9,FALSE
0403809,24,2,2,24230,24236,FALSE,FALSE,6,6,FALSE
0403810,34,2,2,24233,24236,FALSE,TRUE,6,6,FALSE
0403811,4,1,1,24230,24230,FALSE,TRUE,3,3,FALSE
0403812,234,3,3,24230,24236,FALSE,TRUE,9,9,FALSE
0403813,2,1,1,24230,24230,FALSE,TRUE,3,3,FALSE
0403815,23,2,2,24230,24233,FALSE,TRUE,6,6,FALSE
0403816,3,1,1,24233,24233,FALSE,TRUE,3,3,FALSE
0403817,234,3,3,24230,24236,FALSE,TRUE,9,9,FALSE
0403818,234,3,3,24230,24236,FALSE,TRUE,9,9,FALSE
0403819,2,1,1,24230,24230,FALSE,TRUE,3,3,FALSE
0403820,234,3,3,24230,24236,FALSE,TRUE,9,9,FALSE
0403821,3,1,1,24233,24233,FALSE,TRUE,3,3,FALSE
0403822,234,3,3,24230,24236,FALSE,TRUE,9,9,FALSE
0403824,2,1,1,24230,24230,FALSE,TRUE,3,3,FALSE
0403825,2,1,1,24230,24230,FALSE,TRUE,3,3,FALSE
0403826,234,3,3,24230,24236,FALSE,TRUE,9,9,FALSE
0403827,23,2,2,24230,24233,FALSE,TRUE,6,6,FALSE
0403830,234,3,3,24230,24236,FALSE,TRUE,9,9,FALSE
0403831,234,3,3,24230,24236,FALSE,TRUE,9,9,FALSE
0403833,34,2,2,24234,24237,FALSE,TRUE,6,6,FALSE
0403840,234,3,3,24231,24237,FALSE,TRUE,9,9,FALSE
0403841,234,3,3,24231,24237,FALSE,TRUE,9,9,FALSE
0403845,2,1,1,24231,24231,FALSE,TRUE,3,3,FALSE
0403846,4,1,1,24237,24237,FALSE,TRUE,3,3,FALSE
0403847,234,3,3,24231,24237,FALSE,TRUE,9,9,FALSE
0403849,234,3,3,24231,24237,FALSE,TRUE,9,9,FALSE
0403850,23,2,2,24231,24234,FALSE,TRUE,6,6,FALSE
0403852,234,3,3,24231,24237,FALSE,TRUE,9,9,FALSE
0403854,234,3,3,24231,24237,FALSE,TRUE,9,9,FALSE
0403855,234,3,3,24231,24237,FALSE,TRUE,9,9,FALSE
0403858,34,2,2,24231,24234,FALSE,TRUE,6,6,FALSE
0403860,234,3,3,24231,24237,FALSE,TRUE,9,9,FALSE
0403861,2,1,1,24231,24231,FALSE,TRUE,3,3,FALSE
0403864,234,3,3,24231,24237,FALSE,TRUE,9,9,FALSE
0403867,4,1,1,24237,24237,FALSE,TRUE,3,3,FALSE
0403868,4,1,1,24237,24237,FALSE,TRUE,3,3,FALSE
0403870,23,2,2,24231,24234,FALSE,TRUE,6,6,FALSE
0403872,234,3,3,24231,24237,FALSE,TRUE,9,9,FALSE
0403874,234,3,3,24231,24237,FALSE,TRUE,9,9,FALSE
0403877,4,1,1,24237,24237,FALSE,TRUE,3,3,FALSE
0403879,23,2,2,24231,24234,FALSE,TRUE,6,6,FALSE
0403883,3,1,1,24234,24234,FALSE,TRUE,3,3,FALSE
0403885,234,3,3,24231,24237,FALSE,TRUE,9,9,FALSE
0403886,3,1,1,24234,24234,FALSE,TRUE,3,3,FALSE
0403888,234,3,3,24231,24237,FALSE,TRUE,9,9,FALSE
0403891,4,1,1,24237,24237,FALSE,TRUE,3,3,FALSE
0403892,24,2,2,24231,24237,FALSE,FALSE,6,6,FALSE
0403894,234,3,3,24231,24237,FALSE,TRUE,9,9,FALSE
0403895,2,1,1,24231,24231,FALSE,TRUE,3,3,FALSE
0403897,234,3,3,24231,24237,FALSE,TRUE,9,9,FALSE
0403901,234,3,3,24231,24237,FALSE,TRUE,9,9,FALSE
0403908,234,3,3,24231,24237,FALSE,TRUE,9,9,FALSE
0403911,234,3,3,24231,24237,FALSE,TRUE,9,9,FALSE
0403913,234,3,3,24231,24237,FALSE,TRUE,9,9,FALSE
0403915,2,1,1,24231,24231,FALSE,TRUE,3,3,FALSE
0403919,34,2,2,24231,24234,FALSE,TRUE,6,6,FALSE
0403920,2,1,1,24231,24231,FALSE,TRUE,3,3,FALSE
0403922,234,3,3,24231,24237,FALSE,TRUE,9,9,FALSE
0403924,234,3,3,24231,24237,FALSE,TRUE,9,9,FALSE
0403925,4,1,1,24237,24237,FALSE,TRUE,3,3,FALSE
0403926,34,2,2,24234,24237,FALSE,TRUE,6,6,FALSE
0403930,234,3,3,24231,24237,FALSE,TRUE,9,9,FALSE
0403931,24,2,2,24231,24237,FALSE,FALSE,6,6,FALSE
0403932,234,3,3,24231,24237,FALSE,TRUE,9,9,FALSE
0403933,2,1,1,24231,24231,FALSE,TRUE,3,3,FALSE
0403937,234,3,3,24231,24237,FALSE,TRUE,9,9,FALSE
0403938,2,1,1,24231,24231,FALSE,TRUE,3,3,FALSE
0403940,34,2,2,24234,24237,FALSE,TRUE,6,6,FALSE
0403944,23,2,2,24231,24234,FALSE,TRUE,6,6,FALSE
0403946,2,1,1,24231,24231,FALSE,TRUE,3,3,FALSE
0403947,34,2,2,24234,24237,FALSE,TRUE,6,6,FALSE
0403949,2,1,1,24231,24231,FALSE,TRUE,3,3,FALSE
0403951,4,1,1,24237,24237,FALSE,TRUE,3,3,FALSE
0403953,2,1,1,24231,24231,FALSE,TRUE,3,3,FALSE
0403954,234,3,3,24231,24237,FALSE,TRUE,9,9,FALSE
0403955,234,3,3,24231,24237,FALSE,TRUE,9,9,FALSE
0403956,234,3,3,24231,24237,FALSE,TRUE,9,9,FALSE
0403961,4,1,1,24237,24237,FALSE,TRUE,3,3,FALSE
0403962,234,3,3,24231,24237,FALSE,TRUE,9,9,FALSE
0403963,234,3,3,24231,24237,FALSE,TRUE,9,9,FALSE
0403964,34,2,2,24234,24237,FALSE,TRUE,6,6,FALSE
0403965,234,3,3,24231,24237,FALSE,TRUE,9,9,FALSE
0403966,234,3,3,24231,24237,FALSE,TRUE,9,9,FALSE
0403967,234,3,3,24231,24237,FALSE,TRUE,9,9,FALSE
0403968,234,3,3,24231,24237,FALSE,TRUE,9,9,FALSE
0403976,234,3,3,24231,24237,FALSE,TRUE,9,9,FALSE
0403977,4,1,1,24231,24231,FALSE,TRUE,3,3,FALSE
0403978,3,1,1,24234,24234,FALSE,TRUE,3,3,FALSE
0403979,2,1,1,24231,24231,FALSE,TRUE,3,3,FALSE
0403982,34,2,2,24234,24237,FALSE,TRUE,6,6,FALSE
0403983,34,2,2,24234,24237,FALSE,TRUE,6,6,FALSE
0403985,234,3,3,24231,24237,FALSE,TRUE,9,9,FALSE
0403986,23,2,2,24231,24234,FALSE,TRUE,6,6,FALSE
0403987,234,3,3,24231,24237,FALSE,TRUE,9,9,FALSE
0403988,234,3,3,24231,24237,FALSE,TRUE,9,9,FALSE
0403989,4,1,1,24237,24237,FALSE,TRUE,3,3,FALSE
0403992,234,3,3,24231,24237,FALSE,TRUE,9,9,FALSE
0403993,34,2,2,24234,24237,FALSE,TRUE,6,6,FALSE
0403995,234,3,3,24231,24237,FALSE,TRUE,9,9,FALSE
0403996,234,3,3,24231,24237,FALSE,TRUE,9,9,FALSE
0403997,2,1,1,24231,24231,FALSE,TRUE,3,3,FALSE
0404002,234,3,3,24231,24237,FALSE,TRUE,9,9,FALSE
0404004,23,2,2,24231,24234,FALSE,TRUE,6,6,FALSE
0404006,2,1,1,24231,24231,FALSE,TRUE,3,3,FALSE
0404007,234,3,3,24231,24237,FALSE,TRUE,9,9,FALSE
0404008,4,1,1,24231,24231,FALSE,TRUE,3,3,FALSE
0404010,24,2,2,24231,24237,FALSE,FALSE,6,6,FALSE
0404014,234,3,3,24231,24237,FALSE,TRUE,9,9,FALSE
0404015,2,1,1,24231,24231,FALSE,TRUE,3,3,FALSE
0404017,34,2,2,24234,24237,FALSE,TRUE,6,6,FALSE
0404018,234,3,3,24231,24237,FALSE,TRUE,9,9,FALSE
0404019,2,1,1,24231,24231,FALSE,TRUE,3,3,FALSE
0404020,34,2,2,24231,24234,FALSE,TRUE,6,6,FALSE
0404022,234,3,3,24231,24237,FALSE,TRUE,9,9,FALSE
0404023,234,3,3,24231,24237,FALSE,TRUE,9,9,FALSE
0404024,34,2,2,24234,24237,FALSE,TRUE,6,6,FALSE
0404025,234,3,3,24231,24237,FALSE,TRUE,9,9,FALSE
0404027,234,3,3,24231,24237,FALSE,TRUE,9,9,FALSE
0404028,234,3,3,24231,24237,FALSE,TRUE,9,9,FALSE
0404029,234,3,3,24231,24237,FALSE,TRUE,9,9,FALSE
0404030,4,1,1,24237,24237,FALSE,TRUE,3,3,FALSE
0404038,234,3,3,24231,24237,FALSE,TRUE,9,9,FALSE
0404039,4,1,1,24237,24237,FALSE,TRUE,3,3,FALSE
0404041,234,3,3,24231,24237,FALSE,TRUE,9,9,FALSE
0404042,234,3,3,24231,24237,FALSE,TRUE,9,9,FALSE
0404044,234,3,3,24231,24237,FALSE,TRUE,9,9,FALSE
0404045,234,3,3,24231,24237,FALSE,TRUE,9,9,FALSE
0404047,234,3,3,24231,24237,FALSE,TRUE,9,9,FALSE
0404051,24,2,2,24231,24237,FALSE,FALSE,6,6,FALSE
0404054,24,2,2,24231,24237,FALSE,FALSE,6,6,FALSE
0404057,234,3,3,24231,24237,FALSE,TRUE,9,9,FALSE
0404058,234,3,3,24231,24237,FALSE,TRUE,9,9,FALSE
0404059,3,1,1,24234,24234,FALSE,TRUE,3,3,FALSE
0404061,23,2,2,24231,24234,FALSE,TRUE,6,6,FALSE
0404062,234,3,3,24231,24237,FALSE,TRUE,9,9,FALSE
0404063,34,2,2,24234,24237,FALSE,TRUE,6,6,FALSE
0404064,234,3,3,24231,24237,FALSE,TRUE,9,9,FALSE
0404066,234,3,3,24231,24237,FALSE,TRUE,9,9,FALSE
0404068,34,2,2,24234,24237,FALSE,TRUE,6,6,FALSE
0404069,24,2,2,24231,24237,FALSE,FALSE,6,6,FALSE
0404070,234,3,3,24231,24237,FALSE,TRUE,9,9,FALSE
0404071,24,2,2,24231,24237,FALSE,FALSE,6,6,FALSE
0404072,234,3,3,24231,24237,FALSE,TRUE,9,9,FALSE
0404073,34,2,2,24234,24237,FALSE,TRUE,6,6,FALSE
0404074,234,3,3,24231,24237,FALSE,TRUE,9,9,FALSE
0404075,234,3,3,24231,24237,FALSE,TRUE,9,9,FALSE
0404077,34,2,2,24234,24237,FALSE,TRUE,6,6,FALSE
0404078,234,3,3,24231,24237,FALSE,TRUE,9,9,FALSE
0404079,234,3,3,24231,24237,FALSE,TRUE,9,9,FALSE
0404081,4,1,1,24237,24237,FALSE,TRUE,3,3,FALSE
0404082,234,3,3,24231,24237,FALSE,TRUE,9,9,FALSE
0404083,23,2,2,24231,24234,FALSE,TRUE,6,6,FALSE
0404084,234,3,3,24231,24237,FALSE,TRUE,9,9,FALSE
0404085,234,3,3,24231,24237,FALSE,TRUE,9,9,FALSE
0404086,234,3,3,24231,24237,FALSE,TRUE,9,9,FALSE
0404087,234,3,3,24231,24237,FALSE,TRUE,9,9,FALSE
0404089,2,1,1,24231,24231,FALSE,TRUE,3,3,FALSE
0404091,34,2,2,24234,24237,FALSE,TRUE,6,6,FALSE
0404093,234,3,3,24231,24237,FALSE,TRUE,9,9,FALSE
0404094,234,3,3,24231,24237,FALSE,TRUE,9,9,FALSE
0404095,34,2,2,24234,24237,FALSE,TRUE,6,6,FALSE
0404096,4,1,1,24231,24231,FALSE,TRUE,3,3,FALSE
0404100,234,3,3,24231,24237,FALSE,TRUE,9,9,FALSE
0404103,234,3,3,24231,24237,FALSE,TRUE,9,9,FALSE
0404104,234,3,3,24231,24237,FALSE,TRUE,9,9,FALSE
0404106,234,3,3,24231,24237,FALSE,TRUE,9,9,FALSE
0404107,234,3,3,24231,24237,FALSE,TRUE,9,9,FALSE
0404110,4,1,1,24237,24237,FALSE,TRUE,3,3,FALSE
0404112,234,3,3,24231,24237,FALSE,TRUE,9,9,FALSE
0404114,234,3,3,24231,24237,FALSE,TRUE,9,9,FALSE
0404115,234,3,3,24231,24237,FALSE,TRUE,9,9,FALSE
0404117,2,1,1,24231,24231,FALSE,TRUE,3,3,FALSE
0404118,234,3,3,24231,24237,FALSE,TRUE,9,9,FALSE
0404121,234,3,3,24231,24237,FALSE,TRUE,9,9,FALSE
0404122,4,1,1,24237,24237,FALSE,TRUE,3,3,FALSE
0404126,234,3,3,24231,24237,FALSE,TRUE,9,9,FALSE
0404130,234,3,3,24231,24237,FALSE,TRUE,9,9,FALSE
0404133,234,3,3,24231,24237,FALSE,TRUE,9,9,FALSE
0404135,234,3,3,24231,24237,FALSE,TRUE,9,9,FALSE
0404137,4,1,1,24237,24237,FALSE,TRUE,3,3,FALSE
0404138,234,3,3,24231,24237,FALSE,TRUE,9,9,FALSE
0404140,234,3,3,24231,24237,FALSE,TRUE,9,9,FALSE
0404142,234,3,3,24231,24237,FALSE,TRUE,9,9,FALSE
0404143,234,3,3,24231,24237,FALSE,TRUE,9,9,FALSE
0404144,34,2,2,24234,24237,FALSE,TRUE,6,6,FALSE
0404145,234,3,3,24231,24237,FALSE,TRUE,9,9,FALSE
0404146,4,1,1,24231,24231,FALSE,TRUE,3,3,FALSE
0404147,234,3,3,24231,24237,FALSE,TRUE,9,9,FALSE
0404148,234,3,3,24231,24237,FALSE,TRUE,9,9,FALSE
0404151,234,3,3,24231,24237,FALSE,TRUE,9,9,FALSE
0404152,234,3,3,24231,24237,FALSE,TRUE,9,9,FALSE
0404153,234,3,3,24231,24237,FALSE,TRUE,9,9,FALSE
0404156,2,1,1,24231,24231,FALSE,TRUE,3,3,FALSE
0404157,234,3,3,24231,24237,FALSE,TRUE,9,9,FALSE
0404160,4,1,1,24237,24237,FALSE,TRUE,3,3,FALSE
0404162,23,2,2,24231,24234,FALSE,TRUE,6,6,FALSE
0404163,234,3,3,24231,24237,FALSE,TRUE,9,9,FALSE
0404165,24,2,2,24231,24237,FALSE,FALSE,6,6,FALSE
0404168,34,2,2,24234,24237,FALSE,TRUE,6,6,FALSE
0404169,234,3,3,24231,24237,FALSE,TRUE,9,9,FALSE
0404170,24,2,2,24231,24237,FALSE,FALSE,6,6,FALSE
0404171,4,1,1,24237,24237,FALSE,TRUE,3,3,FALSE
0404172,234,3,3,24231,24237,FALSE,TRUE,9,9,FALSE
0404173,3,1,1,24234,24234,FALSE,TRUE,3,3,FALSE
0404174,4,1,1,24237,24237,FALSE,TRUE,3,3,FALSE
0404175,234,3,3,24231,24237,FALSE,TRUE,9,9,FALSE
0404177,3,1,1,24234,24234,FALSE,TRUE,3,3,FALSE
0404180,2,1,1,24231,24231,FALSE,TRUE,3,3,FALSE
0404185,234,3,3,24231,24237,FALSE,TRUE,9,9,FALSE
0404188,234,3,3,24231,24237,FALSE,TRUE,9,9,FALSE
0404192,234,3,3,24231,24237,FALSE,TRUE,9,9,FALSE
0404193,234,3,3,24231,24237,FALSE,TRUE,9,9,FALSE
0404195,234,3,3,24231,24237,FALSE,TRUE,9,9,FALSE
0404196,234,3,3,24231,24237,FALSE,TRUE,9,9,FALSE
0404197,234,3,3,24231,24237,FALSE,TRUE,9,9,FALSE
0404199,234,3,3,24231,24237,FALSE,TRUE,9,9,FALSE
0404201,234,3,3,24231,24237,FALSE,TRUE,9,9,FALSE
0404202,234,3,3,24231,24237,FALSE,TRUE,9,9,FALSE
0404204,234,3,3,24231,24237,FALSE,TRUE,9,9,FALSE
0404209,234,3,3,24231,24237,FALSE,TRUE,9,9,FALSE
0404211,4,1,1,24237,24237,FALSE,TRUE,3,3,FALSE
0404212,234,3,3,24231,24237,FALSE,TRUE,9,9,FALSE
0404213,2,1,1,24231,24231,FALSE,TRUE,3,3,FALSE
0404214,2,1,1,24231,24231,FALSE,TRUE,3,3,FALSE
0404215,234,3,3,24231,24237,FALSE,TRUE,9,9,FALSE
0404216,234,3,3,24231,24237,FALSE,TRUE,9,9,FALSE
0404218,234,3,3,24231,24237,FALSE,TRUE,9,9,FALSE
0404221,2,1,1,24231,24231,FALSE,TRUE,3,3,FALSE
0404224,24,2,2,24231,24237,FALSE,FALSE,6,6,FALSE
0404225,234,3,3,24231,24237,FALSE,TRUE,9,9,FALSE
0404226,234,3,3,24231,24237,FALSE,TRUE,9,9,FALSE
0404227,23,2,2,24231,24234,FALSE,TRUE,6,6,FALSE
0404237,4,1,1,24237,24237,FALSE,TRUE,3,3,FALSE
0404238,234,3,3,24231,24237,FALSE,TRUE,9,9,FALSE
0404241,234,3,3,24231,24237,FALSE,TRUE,9,9,FALSE
0404242,234,3,3,24231,24237,FALSE,TRUE,9,9,FALSE
0404243,2,1,1,24231,24231,FALSE,TRUE,3,3,FALSE
0404244,23,2,2,24231,24234,FALSE,TRUE,6,6,FALSE
0404245,234,3,3,24231,24237,FALSE,TRUE,9,9,FALSE
0404247,234,3,3,24231,24237,FALSE,TRUE,9,9,FALSE
0404248,234,3,3,24231,24237,FALSE,TRUE,9,9,FALSE
0404249,234,3,3,24231,24237,FALSE,TRUE,9,9,FALSE
0404250,234,3,3,24231,24237,FALSE,TRUE,9,9,FALSE
0404251,234,3,3,24231,24237,FALSE,TRUE,9,9,FALSE
0404252,234,3,3,24231,24237,FALSE,TRUE,9,9,FALSE
0404253,2,1,1,24231,24231,FALSE,TRUE,3,3,FALSE
0404254,234,3,3,24231,24237,FALSE,TRUE,9,9,FALSE
0404255,234,3,3,24231,24237,FALSE,TRUE,9,9,FALSE
0404260,234,3,3,24231,24237,FALSE,TRUE,9,9,FALSE
0404262,234,3,3,24231,24237,FALSE,TRUE,9,9,FALSE
0404263,2,1,1,24231,24231,FALSE,TRUE,3,3,FALSE
0404264,2,1,1,24231,24231,FALSE,TRUE,3,3,FALSE
0404269,23,2,2,24231,24234,FALSE,TRUE,6,6,FALSE
0404270,234,3,3,24231,24237,FALSE,TRUE,9,9,FALSE
0404271,4,1,1,24237,24237,FALSE,TRUE,3,3,FALSE
0404272,234,3,3,24231,24237,FALSE,TRUE,9,9,FALSE
0404276,2,1,1,24231,24231,FALSE,TRUE,3,3,FALSE
0404279,234,3,3,24231,24237,FALSE,TRUE,9,9,FALSE
0404280,234,3,3,24231,24237,FALSE,TRUE,9,9,FALSE
0404281,2,1,1,24231,24231,FALSE,TRUE,3,3,FALSE
0404283,2,1,1,24231,24231,FALSE,TRUE,3,3,FALSE
0404284,4,1,1,24231,24231,FALSE,TRUE,3,3,FALSE
0404288,4,1,1,24231,24231,FALSE,TRUE,3,3,FALSE
0404289,4,1,1,24237,24237,FALSE,TRUE,3,3,FALSE
0404292,3,1,1,24234,24234,FALSE,TRUE,3,3,FALSE
0404295,23,2,2,24231,24234,FALSE,TRUE,6,6,FALSE
0404296,23,2,2,24231,24234,FALSE,TRUE,6,6,FALSE
0404300,4,1,1,24237,24237,FALSE,TRUE,3,3,FALSE
0404304,4,1,1,24237,24237,FALSE,TRUE,3,3,FALSE
0404306,4,1,1,24237,24237,FALSE,TRUE,3,3,FALSE
0404313,234,3,3,24231,24237,FALSE,TRUE,9,9,FALSE
0404314,234,3,3,24231,24237,FALSE,TRUE,9,9,FALSE
0404318,234,3,3,24231,24237,FALSE,TRUE,9,9,FALSE
0404319,2,1,1,24231,24231,FALSE,TRUE,3,3,FALSE
0404320,2,1,1,24231,24231,FALSE,TRUE,3,3,FALSE
0404321,3,1,1,24234,24234,FALSE,TRUE,3,3,FALSE
0404323,234,3,3,24231,24237,FALSE,TRUE,9,9,FALSE
0404324,234,3,3,24231,24237,FALSE,TRUE,9,9,FALSE
0404326,234,3,3,24231,24237,FALSE,TRUE,9,9,FALSE
0404329,23,2,2,24231,24234,FALSE,TRUE,6,6,FALSE
0404330,2,1,1,24231,24231,FALSE,TRUE,3,3,FALSE
0404332,2,1,1,24231,24231,FALSE,TRUE,3,3,FALSE
0404333,234,3,3,24231,24237,FALSE,TRUE,9,9,FALSE
0404334,2,1,1,24231,24231,FALSE,TRUE,3,3,FALSE
0404335,234,3,3,24231,24237,FALSE,TRUE,9,9,FALSE
0404336,234,3,3,24231,24237,FALSE,TRUE,9,9,FALSE
0404338,34,2,2,24234,24237,FALSE,TRUE,6,6,FALSE
0404339,234,3,3,24231,24237,FALSE,TRUE,9,9,FALSE
0404340,2,1,1,24231,24231,FALSE,TRUE,3,3,FALSE
0404341,234,3,3,24231,24237,FALSE,TRUE,9,9,FALSE
0404343,234,3,3,24231,24237,FALSE,TRUE,9,9,FALSE
0404346,234,3,3,24231,24237,FALSE,TRUE,9,9,FALSE
0404347,234,3,3,24231,24237,FALSE,TRUE,9,9,FALSE
0404348,234,3,3,24231,24237,FALSE,TRUE,9,9,FALSE
0404350,2,1,1,24231,24231,FALSE,TRUE,3,3,FALSE
0404352,234,3,3,24231,24237,FALSE,TRUE,9,9,FALSE
0404353,4,1,1,24237,24237,FALSE,TRUE,3,3,FALSE
0404355,234,3,3,24231,24237,FALSE,TRUE,9,9,FALSE
0404356,234,3,3,24231,24237,FALSE,TRUE,9,9,FALSE
0404357,2,1,1,24231,24231,FALSE,TRUE,3,3,FALSE
0404358,234,3,3,24231,24237,FALSE,TRUE,9,9,FALSE
0404361,2,1,1,24231,24231,FALSE,TRUE,3,3,FALSE
0404368,23,2,2,24231,24234,FALSE,TRUE,6,6,FALSE
0404371,2,1,1,24231,24231,FALSE,TRUE,3,3,FALSE
0404372,23,2,2,24231,24234,FALSE,TRUE,6,6,FALSE
0404373,2,1,1,24231,24231,FALSE,TRUE,3,3,FALSE
0404376,234,3,3,24231,24237,FALSE,TRUE,9,9,FALSE
0404384,4,1,1,24237,24237,FALSE,TRUE,3,3,FALSE
0404392,23,2,2,24231,24234,FALSE,TRUE,6,6,FALSE
0404396,4,1,1,24237,24237,FALSE,TRUE,3,3,FALSE
0404397,234,3,3,24231,24237,FALSE,TRUE,9,9,FALSE
0404399,23,2,2,24231,24234,FALSE,TRUE,6,6,FALSE
0404401,2,1,1,24231,24231,FALSE,TRUE,3,3,FALSE
0404404,34,2,2,24234,24237,FALSE,TRUE,6,6,FALSE
0404406,234,3,3,24231,24237,FALSE,TRUE,9,9,FALSE
0404407,3,1,1,24234,24234,FALSE,TRUE,3,3,FALSE
0404418,234,3,3,24231,24237,FALSE,TRUE,9,9,FALSE
0404425,2,1,1,24231,24231,FALSE,TRUE,3,3,FALSE
0404431,34,2,2,24234,24237,FALSE,TRUE,6,6,FALSE
0404432,234,3,3,24231,24237,FALSE,TRUE,9,9,FALSE
0404433,34,2,2,24234,24237,FALSE,TRUE,6,6,FALSE
0404434,234,3,3,24231,24237,FALSE,TRUE,9,9,FALSE
0404436,4,1,1,24237,24237,FALSE,TRUE,3,3,FALSE
0404437,3,1,1,24234,24234,FALSE,TRUE,3,3,FALSE
0404438,2,1,1,24231,24231,FALSE,TRUE,3,3,FALSE
0404440,234,3,3,24231,24237,FALSE,TRUE,9,9,FALSE
0404442,234,3,3,24231,24237,FALSE,TRUE,9,9,FALSE
0404445,234,3,3,24231,24237,FALSE,TRUE,9,9,FALSE
0404447,234,3,3,24231,24237,FALSE,TRUE,9,9,FALSE
0404449,234,3,3,24231,24237,FALSE,TRUE,9,9,FALSE
0404454,23,2,2,24231,24234,FALSE,TRUE,6,6,FALSE
0404456,234,3,3,24231,24237,FALSE,TRUE,9,9,FALSE
0404457,234,3,3,24231,24237,FALSE,TRUE,9,9,FALSE
0404459,234,3,3,24231,24237,FALSE,TRUE,9,9,FALSE
0404462,2,1,1,24231,24231,FALSE,TRUE,3,3,FALSE
0404463,3,1,1,24234,24234,FALSE,TRUE,3,3,FALSE
0404466,234,3,3,24231,24237,FALSE,TRUE,9,9,FALSE
0404467,234,3,3,24231,24237,FALSE,TRUE,9,9,FALSE
0404468,24,2,2,24231,24237,FALSE,FALSE,6,6,FALSE
0404469,234,3,3,24231,24237,FALSE,TRUE,9,9,FALSE
0404470,24,2,2,24231,24237,FALSE,FALSE,6,6,FALSE
0404471,3,1,1,24234,24234,FALSE,TRUE,3,3,FALSE
0404472,34,2,2,24234,24237,FALSE,TRUE,6,6,FALSE
0404476,24,2,2,24231,24237,FALSE,FALSE,6,6,FALSE
0404481,234,3,3,24231,24237,FALSE,TRUE,9,9,FALSE
0404484,2,1,1,24231,24231,FALSE,TRUE,3,3,FALSE
0404487,234,3,3,24231,24237,FALSE,TRUE,9,9,FALSE
0404490,2,1,1,24231,24231,FALSE,TRUE,3,3,FALSE
0404492,34,2,2,24234,24237,FALSE,TRUE,6,6,FALSE
0404494,34,2,2,24234,24237,FALSE,TRUE,6,6,FALSE
0404495,3,1,1,24234,24234,FALSE,TRUE,3,3,FALSE
0404497,234,3,3,24231,24237,FALSE,TRUE,9,9,FALSE
0404500,234,3,3,24231,24237,FALSE,TRUE,9,9,FALSE
0404503,234,3,3,24231,24237,FALSE,TRUE,9,9,FALSE
0404504,4,1,1,24231,24231,FALSE,TRUE,3,3,FALSE
0404506,3,1,1,24234,24234,FALSE,TRUE,3,3,FALSE
0404507,234,3,3,24231,24237,FALSE,TRUE,9,9,FALSE
0404508,234,3,3,24231,24237,FALSE,TRUE,9,9,FALSE
0404509,2,1,1,24231,24231,FALSE,TRUE,3,3,FALSE
0404510,234,3,3,24231,24237,FALSE,TRUE,9,9,FALSE
0404511,23,2,2,24231,24234,FALSE,TRUE,6,6,FALSE
0404512,4,1,1,24237,24237,FALSE,TRUE,3,3,FALSE
0404513,34,2,2,24234,24237,FALSE,TRUE,6,6,FALSE
0404514,234,3,3,24231,24237,FALSE,TRUE,9,9,FALSE
0404516,234,3,3,24231,24237,FALSE,TRUE,9,9,FALSE
0404518,234,3,3,24231,24237,FALSE,TRUE,9,9,FALSE
0404521,234,3,3,24231,24237,FALSE,TRUE,9,9,FALSE
0404522,234,3,3,24231,24237,FALSE,TRUE,9,9,FALSE
0404526,234,3,3,24231,24237,FALSE,TRUE,9,9,FALSE
0404527,234,3,3,24231,24237,FALSE,TRUE,9,9,FALSE
0404528,234,3,3,24231,24237,FALSE,TRUE,9,9,FALSE
0404530,234,3,3,24231,24237,FALSE,TRUE,9,9,FALSE
0404533,234,3,3,24231,24237,FALSE,TRUE,9,9,FALSE
0404534,234,3,3,24231,24237,FALSE,TRUE,9,9,FALSE
0404535,234,3,3,24231,24237,FALSE,TRUE,9,9,FALSE
0404537,234,3,3,24231,24237,FALSE,TRUE,9,9,FALSE
0404541,234,3,3,24231,24237,FALSE,TRUE,9,9,FALSE
0404544,34,2,2,24234,24237,FALSE,TRUE,6,6,FALSE
0404548,234,3,3,24231,24237,FALSE,TRUE,9,9,FALSE
0404549,24,2,2,24231,24237,FALSE,FALSE,6,6,FALSE
0404551,23,2,2,24231,24234,FALSE,TRUE,6,6,FALSE
0404552,2,1,1,24231,24231,FALSE,TRUE,3,3,FALSE
0404553,4,1,1,24231,24231,FALSE,TRUE,3,3,FALSE
0404555,234,3,3,24231,24237,FALSE,TRUE,9,9,FALSE
0404557,234,3,3,24231,24237,FALSE,TRUE,9,9,FALSE
0404561,34,2,2,24234,24237,FALSE,TRUE,6,6,FALSE
0404564,234,3,3,24231,24237,FALSE,TRUE,9,9,FALSE
0404566,34,2,2,24231,24234,FALSE,TRUE,6,6,FALSE
0404568,234,3,3,24231,24237,FALSE,TRUE,9,9,FALSE
0404569,4,1,1,24237,24237,FALSE,TRUE,3,3,FALSE
0404570,3,1,1,24234,24234,FALSE,TRUE,3,3,FALSE
0404571,234,3,3,24231,24237,FALSE,TRUE,9,9,FALSE
0404572,234,3,3,24231,24237,FALSE,TRUE,9,9,FALSE
0404573,234,3,3,24231,24237,FALSE,TRUE,9,9,FALSE
0404576,234,3,3,24231,24237,FALSE,TRUE,9,9,FALSE
0404577,234,3,3,24231,24237,FALSE,TRUE,9,9,FALSE
0404583,234,3,3,24231,24237,FALSE,TRUE,9,9,FALSE
0404587,234,3,3,24231,24237,FALSE,TRUE,9,9,FALSE
0404588,234,3,3,24231,24237,FALSE,TRUE,9,9,FALSE
0404590,234,3,3,24231,24237,FALSE,TRUE,9,9,FALSE
0404592,234,3,3,24231,24237,FALSE,TRUE,9,9,FALSE
0404593,234,3,3,24231,24237,FALSE,TRUE,9,9,FALSE
0404594,4,1,1,24231,24231,FALSE,TRUE,3,3,FALSE
0404595,234,3,3,24231,24237,FALSE,TRUE,9,9,FALSE
0404596,24,2,2,24231,24237,FALSE,FALSE,6,6,FALSE
0404601,234,3,3,24231,24237,FALSE,TRUE,9,9,FALSE
0404603,234,3,3,24231,24237,FALSE,TRUE,9,9,FALSE
0404604,234,3,3,24231,24237,FALSE,TRUE,9,9,FALSE
0404608,34,2,2,24234,24237,FALSE,TRUE,6,6,FALSE
0404611,234,3,3,24231,24237,FALSE,TRUE,9,9,FALSE
0404612,234,3,3,24231,24237,FALSE,TRUE,9,9,FALSE
0404619,34,2,2,24231,24234,FALSE,TRUE,6,6,FALSE
0404621,23,2,2,24231,24234,FALSE,TRUE,6,6,FALSE
0404623,234,3,3,24231,24237,FALSE,TRUE,9,9,FALSE
0404624,2,1,1,24231,24231,FALSE,TRUE,3,3,FALSE
0404625,23,2,2,24231,24234,FALSE,TRUE,6,6,FALSE
0404628,34,2,2,24234,24237,FALSE,TRUE,6,6,FALSE
0404630,34,2,2,24234,24237,FALSE,TRUE,6,6,FALSE
0404633,2,1,1,24231,24231,FALSE,TRUE,3,3,FALSE
0404634,234,3,3,24231,24237,FALSE,TRUE,9,9,FALSE
0404635,234,3,3,24231,24237,FALSE,TRUE,9,9,FALSE
0404636,234,3,3,24231,24237,FALSE,TRUE,9,9,FALSE
0404637,234,3,3,24231,24237,FALSE,TRUE,9,9,FALSE
0404638,24,2,2,24231,24237,FALSE,FALSE,6,6,FALSE
0404639,234,3,3,24231,24237,FALSE,TRUE,9,9,FALSE
0404640,4,1,1,24237,24237,FALSE,TRUE,3,3,FALSE
0404641,234,3,3,24231,24237,FALSE,TRUE,9,9,FALSE
0404643,234,3,3,24231,24237,FALSE,TRUE,9,9,FALSE
0404644,234,3,3,24231,24237,FALSE,TRUE,9,9,FALSE
0404648,234,3,3,24231,24237,FALSE,TRUE,9,9,FALSE
0404649,234,3,3,24231,24237,FALSE,TRUE,9,9,FALSE
0404652,234,3,3,24231,24237,FALSE,TRUE,9,9,FALSE
0404655,3,1,1,24234,24234,FALSE,TRUE,3,3,FALSE
0404656,234,3,3,24231,24237,FALSE,TRUE,9,9,FALSE
0404657,234,3,3,24231,24237,FALSE,TRUE,9,9,FALSE
0404658,234,3,3,24231,24237,FALSE,TRUE,9,9,FALSE
0404660,34,2,2,24231,24234,FALSE,TRUE,6,6,FALSE
0404661,234,3,3,24231,24237,FALSE,TRUE,9,9,FALSE
0404662,23,2,2,24231,24234,FALSE,TRUE,6,6,FALSE
0404663,234,3,3,24231,24237,FALSE,TRUE,9,9,FALSE
0404664,234,3,3,24231,24237,FALSE,TRUE,9,9,FALSE
0404665,234,3,3,24231,24237,FALSE,TRUE,9,9,FALSE
0404667,4,1,1,24234,24234,FALSE,TRUE,3,3,FALSE
0404668,234,3,3,24231,24237,FALSE,TRUE,9,9,FALSE
0404672,234,3,3,24231,24237,FALSE,TRUE,9,9,FALSE
0404673,2,1,1,24231,24231,FALSE,TRUE,3,3,FALSE
0404674,34,2,2,24234,24237,FALSE,TRUE,6,6,FALSE
0404675,4,1,1,24237,24237,FALSE,TRUE,3,3,FALSE
0404677,4,1,1,24237,24237,FALSE,TRUE,3,3,FALSE
0404680,234,3,3,24231,24237,FALSE,TRUE,9,9,FALSE
0404682,234,3,3,24231,24237,FALSE,TRUE,9,9,FALSE
0404684,34,2,2,24234,24237,FALSE,TRUE,6,6,FALSE
0404687,234,3,3,24231,24237,FALSE,TRUE,9,9,FALSE
0404688,23,2,2,24231,24234,FALSE,TRUE,6,6,FALSE
0404689,2,1,1,24231,24231,FALSE,TRUE,3,3,FALSE
0404690,3,1,1,24234,24234,FALSE,TRUE,3,3,FALSE
0404693,3,1,1,24234,24234,FALSE,TRUE,3,3,FALSE
0404694,234,3,3,24231,24237,FALSE,TRUE,9,9,FALSE
0404696,234,3,3,24231,24237,FALSE,TRUE,9,9,FALSE
0404698,234,3,3,24231,24237,FALSE,TRUE,9,9,FALSE
0404700,4,1,1,24237,24237,FALSE,TRUE,3,3,FALSE
0404704,4,1,1,24231,24231,FALSE,TRUE,3,3,FALSE
0404705,234,3,3,24231,24237,FALSE,TRUE,9,9,FALSE
0404707,2,1,1,24231,24231,FALSE,TRUE,3,3,FALSE
0404711,2,1,1,24231,24231,FALSE,TRUE,3,3,FALSE
0404712,3,1,1,24234,24234,FALSE,TRUE,3,3,FALSE
0404713,234,3,3,24231,24237,FALSE,TRUE,9,9,FALSE
0404716,234,3,3,24231,24237,FALSE,TRUE,9,9,FALSE
0404717,2,1,1,24231,24231,FALSE,TRUE,3,3,FALSE
0404721,234,3,3,24231,24237,FALSE,TRUE,9,9,FALSE
0404722,34,2,2,24234,24237,FALSE,TRUE,6,6,FALSE
0404724,234,3,3,24231,24237,FALSE,TRUE,9,9,FALSE
0404726,234,3,3,24231,24237,FALSE,TRUE,9,9,FALSE
0404729,23,2,2,24231,24234,FALSE,TRUE,6,6,FALSE
0404730,2,1,1,24231,24231,FALSE,TRUE,3,3,FALSE
0404731,234,3,3,24231,24237,FALSE,TRUE,9,9,FALSE
0404733,234,3,3,24231,24237,FALSE,TRUE,9,9,FALSE
0404736,2,1,1,24231,24231,FALSE,TRUE,3,3,FALSE
0404738,234,3,3,24231,24237,FALSE,TRUE,9,9,FALSE
0404739,2,1,1,24231,24231,FALSE,TRUE,3,3,FALSE
0404740,234,3,3,24231,24237,FALSE,TRUE,9,9,FALSE
0404742,234,3,3,24231,24237,FALSE,TRUE,9,9,FALSE
0404744,234,3,3,24231,24237,FALSE,TRUE,9,9,FALSE
0404748,234,3,3,24231,24237,FALSE,TRUE,9,9,FALSE
0404750,234,3,3,24231,24237,FALSE,TRUE,9,9,FALSE
0404751,234,3,3,24231,24237,FALSE,TRUE,9,9,FALSE
0404753,2,1,1,24231,24231,FALSE,TRUE,3,3,FALSE
0404755,34,2,2,24234,24237,FALSE,TRUE,6,6,FALSE
0404760,234,3,3,24231,24237,FALSE,TRUE,9,9,FALSE
0404762,234,3,3,24231,24237,FALSE,TRUE,9,9,FALSE
0404765,2,1,1,24231,24231,FALSE,TRUE,3,3,FALSE
0404768,2,1,1,24231,24231,FALSE,TRUE,3,3,FALSE
0404770,4,1,1,24237,24237,FALSE,TRUE,3,3,FALSE
0404771,4,1,1,24237,24237,FALSE,TRUE,3,3,FALSE
0404772,234,3,3,24231,24237,FALSE,TRUE,9,9,FALSE
0404774,234,3,3,24231,24237,FALSE,TRUE,9,9,FALSE
0404778,24,2,2,24231,24237,FALSE,FALSE,6,6,FALSE
0404780,234,3,3,24231,24237,FALSE,TRUE,9,9,FALSE
0404781,234,3,3,24231,24237,FALSE,TRUE,9,9,FALSE
0404782,234,3,3,24231,24237,FALSE,TRUE,9,9,FALSE
0404785,34,2,2,24234,24237,FALSE,TRUE,6,6,FALSE
0404786,24,2,2,24231,24237,FALSE,FALSE,6,6,FALSE
0404787,23,2,2,24231,24234,FALSE,TRUE,6,6,FALSE
0404790,23,2,2,24231,24234,FALSE,TRUE,6,6,FALSE
0404792,2,1,1,24231,24231,FALSE,TRUE,3,3,FALSE
0404798,234,3,3,24231,24237,FALSE,TRUE,9,9,FALSE
0404801,234,3,3,24231,24237,FALSE,TRUE,9,9,FALSE
0404803,234,3,3,24231,24237,FALSE,TRUE,9,9,FALSE
0404804,2,1,1,24231,24231,FALSE,TRUE,3,3,FALSE
0404806,234,3,3,24231,24237,FALSE,TRUE,9,9,FALSE
0404807,234,3,3,24231,24237,FALSE,TRUE,9,9,FALSE
0404808,2,1,1,24231,24231,FALSE,TRUE,3,3,FALSE
0404810,2,1,1,24231,24231,FALSE,TRUE,3,3,FALSE
0404812,234,3,3,24231,24237,FALSE,TRUE,9,9,FALSE
0404814,234,3,3,24231,24237,FALSE,TRUE,9,9,FALSE
0404815,234,3,3,24231,24237,FALSE,TRUE,9,9,FALSE
0404817,34,2,2,24234,24237,FALSE,TRUE,6,6,FALSE
0404818,23,2,2,24231,24234,FALSE,TRUE,6,6,FALSE
0404819,4,1,1,24237,24237,FALSE,TRUE,3,3,FALSE
0404821,234,3,3,24231,24237,FALSE,TRUE,9,9,FALSE
0404823,2,1,1,24231,24231,FALSE,TRUE,3,3,FALSE
0404824,2,1,1,24231,24231,FALSE,TRUE,3,3,FALSE
0404825,2,1,1,24231,24231,FALSE,TRUE,3,3,FALSE
0404827,3,1,1,24234,24234,FALSE,TRUE,3,3,FALSE
0404828,234,3,3,24231,24237,FALSE,TRUE,9,9,FALSE
0404829,234,3,3,24231,24237,FALSE,TRUE,9,9,FALSE
0404830,234,3,3,24231,24237,FALSE,TRUE,9,9,FALSE
0404832,234,3,3,24231,24237,FALSE,TRUE,9,9,FALSE
0404833,234,3,3,24231,24237,FALSE,TRUE,9,9,FALSE
0404834,234,3,3,24231,24237,FALSE,TRUE,9,9,FALSE
0404835,234,3,3,24231,24237,FALSE,TRUE,9,9,FALSE
0404836,34,2,2,24234,24237,FALSE,TRUE,6,6,FALSE
0404839,234,3,3,24231,24237,FALSE,TRUE,9,9,FALSE
0404841,34,2,2,24234,24237,FALSE,TRUE,6,6,FALSE
0404842,3,1,1,24234,24234,FALSE,TRUE,3,3,FALSE
0404844,4,1,1,24237,24237,FALSE,TRUE,3,3,FALSE
0404848,34,2,2,24234,24237,FALSE,TRUE,6,6,FALSE
0404849,3,1,1,24234,24234,FALSE,TRUE,3,3,FALSE
0404851,234,3,3,24231,24237,FALSE,TRUE,9,9,FALSE
0404854,234,3,3,24231,24237,FALSE,TRUE,9,9,FALSE
0404856,234,3,3,24231,24237,FALSE,TRUE,9,9,FALSE
0404857,234,3,3,24231,24237,FALSE,TRUE,9,9,FALSE
0404863,234,3,3,24231,24237,FALSE,TRUE,9,9,FALSE
0404864,234,3,3,24231,24237,FALSE,TRUE,9,9,FALSE
0404866,234,3,3,24231,24237,FALSE,TRUE,9,9,FALSE
0404867,23,2,2,24231,24234,FALSE,TRUE,6,6,FALSE
0404869,4,1,1,24237,24237,FALSE,TRUE,3,3,FALSE
0404870,2,1,1,24231,24231,FALSE,TRUE,3,3,FALSE
0404872,234,3,3,24231,24237,FALSE,TRUE,9,9,FALSE
0404875,34,2,2,24234,24237,FALSE,TRUE,6,6,FALSE
0404876,234,3,3,24231,24237,FALSE,TRUE,9,9,FALSE
0404877,34,2,2,24234,24237,FALSE,TRUE,6,6,FALSE
0404878,234,3,3,24231,24237,FALSE,TRUE,9,9,FALSE
0404879,234,3,3,24231,24237,FALSE,TRUE,9,9,FALSE
0404880,234,3,3,24231,24237,FALSE,TRUE,9,9,FALSE
0404881,34,2,2,24234,24237,FALSE,TRUE,6,6,FALSE
0404882,234,3,3,24231,24237,FALSE,TRUE,9,9,FALSE
0404884,4,1,1,24237,24237,FALSE,TRUE,3,3,FALSE
0404885,234,3,3,24231,24237,FALSE,TRUE,9,9,FALSE
0404889,4,1,1,24237,24237,FALSE,TRUE,3,3,FALSE
0404890,3,1,1,24234,24234,FALSE,TRUE,3,3,FALSE
0406949,1,1,1,24229,24229,FALSE,TRUE,3,3,FALSE
0406953,234,3,3,24232,24238,FALSE,TRUE,9,9,FALSE
0406957,123,3,3,24229,24235,FALSE,TRUE,9,9,FALSE
0406959,34,2,2,24235,24238,FALSE,TRUE,6,6,FALSE
0406960,1,1,1,24229,24229,FALSE,TRUE,3,3,FALSE
0406968,124,3,3,24229,24238,FALSE,FALSE,9,9,FALSE
0406969,3,1,1,24235,24235,FALSE,TRUE,3,3,FALSE
0406970,3,1,1,24235,24235,FALSE,TRUE,3,3,FALSE
0406975,1,1,1,24229,24229,FALSE,TRUE,3,3,FALSE
0406980,34,2,2,24235,24238,FALSE,TRUE,6,6,FALSE
0406985,13,2,2,24229,24235,FALSE,FALSE,6,6,FALSE
0406988,1,1,1,24229,24229,FALSE,TRUE,3,3,FALSE
0406995,123,3,3,24229,24235,FALSE,TRUE,9,9,FALSE
0406996,134,3,3,24229,24238,FALSE,FALSE,9,9,FALSE
0407000,4,1,1,24238,24238,FALSE,TRUE,3,3,FALSE
0407001,1,1,1,24229,24229,FALSE,TRUE,3,3,FALSE
0407002,123,3,3,24229,24235,FALSE,TRUE,9,9,FALSE
0407003,12,2,2,24229,24232,FALSE,TRUE,6,6,FALSE
0407006,124,3,3,24229,24238,FALSE,FALSE,9,9,FALSE
0407009,234,3,3,24232,24238,FALSE,TRUE,9,9,FALSE
0407012,34,2,2,24235,24238,FALSE,TRUE,6,6,FALSE
0407013,2,1,1,24232,24232,FALSE,TRUE,3,3,FALSE
0407014,4,1,1,24238,24238,FALSE,TRUE,3,3,FALSE
0407018,1,1,1,24229,24229,FALSE,TRUE,3,3,FALSE
0407021,23,2,2,24232,24235,FALSE,TRUE,6,6,FALSE
0407022,1,1,1,24229,24229,FALSE,TRUE,3,3,FALSE
0407023,123,3,3,24229,24235,FALSE,TRUE,9,9,FALSE
0407026,12,2,2,24229,24232,FALSE,TRUE,6,6,FALSE
0407034,123,3,3,24229,24235,FALSE,TRUE,9,9,FALSE
0407035,1,1,1,24229,24229,FALSE,TRUE,3,3,FALSE
0407036,1,1,1,24229,24229,FALSE,TRUE,3,3,FALSE
0407039,1,1,1,24229,24229,FALSE,TRUE,3,3,FALSE
0407040,123,3,3,24229,24235,FALSE,TRUE,9,9,FALSE
0407042,123,3,3,24229,24235,FALSE,TRUE,9,9,FALSE
0407043,4,1,1,24238,24238,FALSE,TRUE,3,3,FALSE
0407044,1,1,1,24229,24229,FALSE,TRUE,3,3,FALSE
0407049,3,1,1,24235,24235,FALSE,TRUE,3,3,FALSE
0407050,1,1,1,24229,24229,FALSE,TRUE,3,3,FALSE
0407054,34,2,2,24235,24238,FALSE,TRUE,6,6,FALSE
0407055,4,1,1,24229,24229,FALSE,TRUE,3,3,FALSE
0407062,4,1,1,24229,24229,FALSE,TRUE,3,3,FALSE
0407064,4,1,1,24238,24238,FALSE,TRUE,3,3,FALSE
0407066,1,1,1,24229,24229,FALSE,TRUE,3,3,FALSE
0407067,3,1,1,24235,24235,FALSE,TRUE,3,3,FALSE
0407073,4,1,1,24229,24229,FALSE,TRUE,3,3,FALSE
0407075,134,3,3,24229,24238,FALSE,FALSE,9,9,FALSE
0407076,23,2,2,24232,24235,FALSE,TRUE,6,6,FALSE
0407078,1,1,1,24229,24229,FALSE,TRUE,3,3,FALSE
0407079,4,1,1,24238,24238,FALSE,TRUE,3,3,FALSE
0407080,123,3,3,24229,24235,FALSE,TRUE,9,9,FALSE
0407081,2,1,1,24232,24232,FALSE,TRUE,3,3,FALSE
0407084,123,3,3,24229,24235,FALSE,TRUE,9,9,FALSE
0407085,1,1,1,24229,24229,FALSE,TRUE,3,3,FALSE
0407087,4,1,1,24238,24238,FALSE,TRUE,3,3,FALSE
0407090,23,2,2,24232,24235,FALSE,TRUE,6,6,FALSE
0407092,2,1,1,24229,24229,FALSE,TRUE,3,3,FALSE
0407094,1,1,1,24229,24229,FALSE,TRUE,3,3,FALSE
0407096,4,1,1,24238,24238,FALSE,TRUE,3,3,FALSE
0407103,1,1,1,24229,24229,FALSE,TRUE,3,3,FALSE
0407104,1,1,1,24229,24229,FALSE,TRUE,3,3,FALSE
0407108,1,1,1,24229,24229,FALSE,TRUE,3,3,FALSE
0407109,1,1,1,24229,24229,FALSE,TRUE,3,3,FALSE
0407110,34,2,2,24235,24238,FALSE,TRUE,6,6,FALSE
0407114,12,2,2,24229,24232,FALSE,TRUE,6,6,FALSE
0407117,4,1,1,24229,24229,FALSE,TRUE,3,3,FALSE
0407120,14,2,2,24229,24238,FALSE,FALSE,6,6,FALSE
0407121,2,1,1,24232,24232,FALSE,TRUE,3,3,FALSE
0407136,1,1,1,24229,24229,FALSE,TRUE,3,3,FALSE
0407137,4,1,1,24238,24238,FALSE,TRUE,3,3,FALSE
0407140,34,2,2,24235,24238,FALSE,TRUE,6,6,FALSE
0407141,234,3,3,24232,24238,FALSE,TRUE,9,9,FALSE
0407143,34,2,2,24235,24238,FALSE,TRUE,6,6,FALSE
0407144,2,1,1,24229,24229,FALSE,TRUE,3,3,FALSE
0407147,23,2,2,24232,24235,FALSE,TRUE,6,6,FALSE
0407154,1,1,1,24229,24229,FALSE,TRUE,3,3,FALSE
0407156,34,2,2,24229,24232,FALSE,TRUE,6,6,FALSE
0407161,13,2,2,24229,24235,FALSE,FALSE,6,6,FALSE
0407166,23,2,2,24232,24235,FALSE,TRUE,6,6,FALSE
0407169,2,1,1,24232,24232,FALSE,TRUE,3,3,FALSE
0407170,1,1,1,24229,24229,FALSE,TRUE,3,3,FALSE
0407171,34,2,2,24235,24238,FALSE,TRUE,6,6,FALSE
0407172,34,2,2,24235,24238,FALSE,TRUE,6,6,FALSE
0407174,134,3,3,24229,24238,FALSE,FALSE,9,9,FALSE
0407175,234,3,3,24232,24238,FALSE,TRUE,9,9,FALSE
0407176,1,1,1,24229,24229,FALSE,TRUE,3,3,FALSE
0407178,123,3,3,24229,24235,FALSE,TRUE,9,9,FALSE
0407184,34,2,2,24235,24238,FALSE,TRUE,6,6,FALSE
0407185,34,2,2,24235,24238,FALSE,TRUE,6,6,FALSE
0407187,234,3,3,24232,24238,FALSE,TRUE,9,9,FALSE
0407188,124,3,3,24229,24238,FALSE,FALSE,9,9,FALSE
0407189,1,1,1,24229,24229,FALSE,TRUE,3,3,FALSE
0407190,2,1,1,24232,24232,FALSE,TRUE,3,3,FALSE
0407196,34,2,2,24235,24238,FALSE,TRUE,6,6,FALSE
0407197,234,3,3,24232,24238,FALSE,TRUE,9,9,FALSE
0407199,124,3,3,24229,24238,FALSE,FALSE,9,9,FALSE
0407205,4,1,1,24229,24229,FALSE,TRUE,3,3,FALSE
0407206,124,3,3,24229,24238,FALSE,FALSE,9,9,FALSE
0407211,34,2,2,24229,24232,FALSE,TRUE,6,6,FALSE
0407213,1,1,1,24229,24229,FALSE,TRUE,3,3,FALSE
0407216,1,1,1,24229,24229,FALSE,TRUE,3,3,FALSE
0407218,124,3,3,24229,24238,FALSE,FALSE,9,9,FALSE
0407221,4,1,1,24229,24229,FALSE,TRUE,3,3,FALSE
0407223,34,2,2,24235,24238,FALSE,TRUE,6,6,FALSE
0407224,4,1,1,24229,24229,FALSE,TRUE,3,3,FALSE
0407226,234,3,3,24232,24238,FALSE,TRUE,9,9,FALSE
0407227,123,3,3,24229,24235,FALSE,TRUE,9,9,FALSE
0407229,2,1,1,24232,24232,FALSE,TRUE,3,3,FALSE
0407230,2,1,1,24232,24232,FALSE,TRUE,3,3,FALSE
0407232,123,3,3,24229,24235,FALSE,TRUE,9,9,FALSE
0407233,12,2,2,24229,24232,FALSE,TRUE,6,6,FALSE
0407235,1,1,1,24229,24229,FALSE,TRUE,3,3,FALSE
0407242,123,3,3,24229,24235,FALSE,TRUE,9,9,FALSE
0407247,1,1,1,24229,24229,FALSE,TRUE,3,3,FALSE
0407248,34,2,2,24229,24232,FALSE,TRUE,6,6,FALSE
0407249,2,1,1,24232,24232,FALSE,TRUE,3,3,FALSE
0407250,124,3,3,24229,24238,FALSE,FALSE,9,9,FALSE
0407255,23,2,2,24232,24235,FALSE,TRUE,6,6,FALSE
0407257,14,2,2,24229,24238,FALSE,FALSE,6,6,FALSE
0407259,24,2,2,24232,24238,FALSE,FALSE,6,6,FALSE
0407262,4,1,1,24238,24238,FALSE,TRUE,3,3,FALSE
0407263,1,1,1,24229,24229,FALSE,TRUE,3,3,FALSE
0407264,1,1,1,24229,24229,FALSE,TRUE,3,3,FALSE
0407265,1,1,1,24229,24229,FALSE,TRUE,3,3,FALSE
0407266,1,1,1,24229,24229,FALSE,TRUE,3,3,FALSE
0407268,2,1,1,24232,24232,FALSE,TRUE,3,3,FALSE
0407269,123,3,3,24229,24235,FALSE,TRUE,9,9,FALSE
0407271,12,2,2,24229,24232,FALSE,TRUE,6,6,FALSE
0407275,4,1,1,24238,24238,FALSE,TRUE,3,3,FALSE
0407279,134,3,3,24229,24238,FALSE,FALSE,9,9,FALSE
0407281,1,1,1,24229,24229,FALSE,TRUE,3,3,FALSE
0407283,12,2,2,24229,24232,FALSE,TRUE,6,6,FALSE
0407289,1,1,1,24229,24229,FALSE,TRUE,3,3,FALSE
0407290,134,3,3,24229,24238,FALSE,FALSE,9,9,FALSE
0407294,34,2,2,24229,24232,FALSE,TRUE,6,6,FALSE
0407295,12,2,2,24229,24232,FALSE,TRUE,6,6,FALSE
0407296,234,3,3,24232,24238,FALSE,TRUE,9,9,FALSE
0407299,1,1,1,24229,24229,FALSE,TRUE,3,3,FALSE
0407303,1,1,1,24229,24229,FALSE,TRUE,3,3,FALSE
0407305,1,1,1,24229,24229,FALSE,TRUE,3,3,FALSE
0407307,4,1,1,24238,24238,FALSE,TRUE,3,3,FALSE
0407308,24,2,2,24232,24238,FALSE,FALSE,6,6,FALSE
0407309,1,1,1,24229,24229,FALSE,TRUE,3,3,FALSE
0407310,123,3,3,24229,24235,FALSE,TRUE,9,9,FALSE
0407311,1,1,1,24229,24229,FALSE,TRUE,3,3,FALSE
0407313,124,3,3,24229,24238,FALSE,FALSE,9,9,FALSE
0407316,124,3,3,24229,24238,FALSE,FALSE,9,9,FALSE
0407320,4,1,1,24238,24238,FALSE,TRUE,3,3,FALSE
0407321,1,1,1,24229,24229,FALSE,TRUE,3,3,FALSE
0407322,3,1,1,24235,24235,FALSE,TRUE,3,3,FALSE
0407329,134,3,3,24229,24238,FALSE,FALSE,9,9,FALSE
0407330,1,1,1,24229,24229,FALSE,TRUE,3,3,FALSE
0407332,24,2,2,24232,24238,FALSE,FALSE,6,6,FALSE
0407335,234,3,3,24232,24238,FALSE,TRUE,9,9,FALSE
0407337,12,2,2,24229,24232,FALSE,TRUE,6,6,FALSE
0407338,4,1,1,24238,24238,FALSE,TRUE,3,3,FALSE
0407339,3,1,1,24235,24235,FALSE,TRUE,3,3,FALSE
0407343,234,3,3,24232,24238,FALSE,TRUE,9,9,FALSE
0407347,1,1,1,24229,24229,FALSE,TRUE,3,3,FALSE
0407349,1,1,1,24229,24229,FALSE,TRUE,3,3,FALSE
0407350,12,2,2,24229,24232,FALSE,TRUE,6,6,FALSE
0407353,2,1,1,24232,24232,FALSE,TRUE,3,3,FALSE
0407356,1,1,1,24229,24229,FALSE,TRUE,3,3,FALSE
0407357,34,2,2,24235,24238,FALSE,TRUE,6,6,FALSE
0407358,4,1,1,24238,24238,FALSE,TRUE,3,3,FALSE
0407359,1,1,1,24229,24229,FALSE,TRUE,3,3,FALSE
0407360,12,2,2,24229,24232,FALSE,TRUE,6,6,FALSE
0407363,123,3,3,24229,24235,FALSE,TRUE,9,9,FALSE
0407364,12,2,2,24229,24232,FALSE,TRUE,6,6,FALSE
0407368,4,1,1,24238,24238,FALSE,TRUE,3,3,FALSE
0407369,1,1,1,24229,24229,FALSE,TRUE,3,3,FALSE
0407374,1,1,1,24229,24229,FALSE,TRUE,3,3,FALSE
0407378,4,1,1,24238,24238,FALSE,TRUE,3,3,FALSE
0407380,123,3,3,24229,24235,FALSE,TRUE,9,9,FALSE
0407381,3,1,1,24235,24235,FALSE,TRUE,3,3,FALSE
0407383,1,1,1,24229,24229,FALSE,TRUE,3,3,FALSE
0407384,123,3,3,24229,24235,FALSE,TRUE,9,9,FALSE
0407390,234,3,3,24232,24238,FALSE,TRUE,9,9,FALSE
0407391,13,2,2,24229,24235,FALSE,FALSE,6,6,FALSE
0407394,1,1,1,24229,24229,FALSE,TRUE,3,3,FALSE
0407406,4,1,1,24238,24238,FALSE,TRUE,3,3,FALSE
0407408,123,3,3,24229,24235,FALSE,TRUE,9,9,FALSE
0407409,234,3,3,24232,24238,FALSE,TRUE,9,9,FALSE
0407410,12,2,2,24229,24232,FALSE,TRUE,6,6,FALSE
0407412,4,1,1,24238,24238,FALSE,TRUE,3,3,FALSE
0407413,123,3,3,24229,24235,FALSE,TRUE,9,9,FALSE
0407415,1,1,1,24229,24229,FALSE,TRUE,3,3,FALSE
0407420,12,2,2,24229,24232,FALSE,TRUE,6,6,FALSE
0407421,123,3,3,24229,24235,FALSE,TRUE,9,9,FALSE
0407424,123,3,3,24229,24235,FALSE,TRUE,9,9,FALSE
0407426,1,1,1,24229,24229,FALSE,TRUE,3,3,FALSE
0407427,123,3,3,24229,24235,FALSE,TRUE,9,9,FALSE
0407429,134,3,3,24229,24238,FALSE,FALSE,9,9,FALSE
0407430,1,1,1,24229,24229,FALSE,TRUE,3,3,FALSE
0407431,2,1,1,24232,24232,FALSE,TRUE,3,3,FALSE
0407435,1,1,1,24229,24229,FALSE,TRUE,3,3,FALSE
0407438,123,3,3,24229,24235,FALSE,TRUE,9,9,FALSE
0407442,234,3,3,24232,24238,FALSE,TRUE,9,9,FALSE
0407446,124,3,3,24229,24238,FALSE,FALSE,9,9,FALSE
0407447,4,1,1,24229,24229,FALSE,TRUE,3,3,FALSE
0407448,12,2,2,24229,24232,FALSE,TRUE,6,6,FALSE
0407450,2,1,1,24232,24232,FALSE,TRUE,3,3,FALSE
0407451,1,1,1,24229,24229,FALSE,TRUE,3,3,FALSE
0407453,12,2,2,24229,24232,FALSE,TRUE,6,6,FALSE
0407455,34,2,2,24235,24238,FALSE,TRUE,6,6,FALSE
0407457,1,1,1,24229,24229,FALSE,TRUE,3,3,FALSE
0407464,134,3,3,24229,24238,FALSE,FALSE,9,9,FALSE
0407468,134,3,3,24229,24238,FALSE,FALSE,9,9,FALSE
0407469,1,1,1,24229,24229,FALSE,TRUE,3,3,FALSE
0407470,34,2,2,24229,24232,FALSE,TRUE,6,6,FALSE
0407471,4,1,1,24229,24229,FALSE,TRUE,3,3,FALSE
0407473,123,3,3,24229,24235,FALSE,TRUE,9,9,FALSE
0407474,1,1,1,24229,24229,FALSE,TRUE,3,3,FALSE
0407475,12,2,2,24229,24232,FALSE,TRUE,6,6,FALSE
0407477,134,3,3,24229,24238,FALSE,FALSE,9,9,FALSE
0407484,1,1,1,24229,24229,FALSE,TRUE,3,3,FALSE
0407485,2,1,1,24232,24232,FALSE,TRUE,3,3,FALSE
0407486,1,1,1,24229,24229,FALSE,TRUE,3,3,FALSE
0407489,234,3,3,24232,24238,FALSE,TRUE,9,9,FALSE
0407492,123,3,3,24229,24235,FALSE,TRUE,9,9,FALSE
0407493,1,1,1,24229,24229,FALSE,TRUE,3,3,FALSE
0407500,1,1,1,24229,24229,FALSE,TRUE,3,3,FALSE
0407501,1,1,1,24229,24229,FALSE,TRUE,3,3,FALSE
0407502,34,2,2,24235,24238,FALSE,TRUE,6,6,FALSE
0407504,4,1,1,24238,24238,FALSE,TRUE,3,3,FALSE
0407505,3,1,1,24235,24235,FALSE,TRUE,3,3,FALSE
0407507,1,1,1,24229,24229,FALSE,TRUE,3,3,FALSE
0407509,2,1,1,24229,24229,FALSE,TRUE,3,3,FALSE
0407518,1,1,1,24229,24229,FALSE,TRUE,3,3,FALSE
0407521,4,1,1,24229,24229,FALSE,TRUE,3,3,FALSE
0407527,13,2,2,24229,24235,FALSE,FALSE,6,6,FALSE
0407528,234,3,3,24232,24238,FALSE,TRUE,9,9,FALSE
0407531,4,1,1,24229,24229,FALSE,TRUE,3,3,FALSE
0407534,3,1,1,24235,24235,FALSE,TRUE,3,3,FALSE
0407541,14,2,2,24229,24238,FALSE,FALSE,6,6,FALSE
0407543,4,1,1,24238,24238,FALSE,TRUE,3,3,FALSE
0407551,234,3,3,24232,24238,FALSE,TRUE,9,9,FALSE
0407554,234,3,3,24232,24238,FALSE,TRUE,9,9,FALSE
0407557,12,2,2,24229,24232,FALSE,TRUE,6,6,FALSE
0407558,4,1,1,24238,24238,FALSE,TRUE,3,3,FALSE
0407560,4,1,1,24229,24229,FALSE,TRUE,3,3,FALSE
0407562,1,1,1,24229,24229,FALSE,TRUE,3,3,FALSE
0407568,1,1,1,24229,24229,FALSE,TRUE,3,3,FALSE
0407572,3,1,1,24235,24235,FALSE,TRUE,3,3,FALSE
0407577,1,1,1,24229,24229,FALSE,TRUE,3,3,FALSE
0407578,1,1,1,24229,24229,FALSE,TRUE,3,3,FALSE
0407580,1,1,1,24229,24229,FALSE,TRUE,3,3,FALSE
0407585,123,3,3,24229,24235,FALSE,TRUE,9,9,FALSE
0407586,4,1,1,24238,24238,FALSE,TRUE,3,3,FALSE
0407587,12,2,2,24229,24232,FALSE,TRUE,6,6,FALSE
0407589,2,1,1,24232,24232,FALSE,TRUE,3,3,FALSE
0407591,14,2,2,24229,24238,FALSE,FALSE,6,6,FALSE
0407597,2,1,1,24232,24232,FALSE,TRUE,3,3,FALSE
0407603,234,3,3,24232,24238,FALSE,TRUE,9,9,FALSE
0407605,124,3,3,24229,24238,FALSE,FALSE,9,9,FALSE
0407606,234,3,3,24232,24238,FALSE,TRUE,9,9,FALSE
0407608,3,1,1,24235,24235,FALSE,TRUE,3,3,FALSE
0407609,2,1,1,24232,24232,FALSE,TRUE,3,3,FALSE
0407611,1,1,1,24229,24229,FALSE,TRUE,3,3,FALSE
0407612,234,3,3,24232,24238,FALSE,TRUE,9,9,FALSE
0407615,134,3,3,24229,24238,FALSE,FALSE,9,9,FALSE
0407617,234,3,3,24232,24238,FALSE,TRUE,9,9,FALSE
0407618,234,3,3,24232,24238,FALSE,TRUE,9,9,FALSE
0407620,124,3,3,24229,24238,FALSE,FALSE,9,9,FALSE
0407623,234,3,3,24232,24238,FALSE,TRUE,9,9,FALSE
0407624,4,1,1,24238,24238,FALSE,TRUE,3,3,FALSE
0407625,4,1,1,24229,24229,FALSE,TRUE,3,3,FALSE
0407628,2,1,1,24232,24232,FALSE,TRUE,3,3,FALSE
0407630,1,1,1,24229,24229,FALSE,TRUE,3,3,FALSE
0407632,234,3,3,24232,24238,FALSE,TRUE,9,9,FALSE
0407634,1,1,1,24229,24229,FALSE,TRUE,3,3,FALSE
0407638,123,3,3,24229,24235,FALSE,TRUE,9,9,FALSE
0407640,4,1,1,24238,24238,FALSE,TRUE,3,3,FALSE
0407642,34,2,2,24229,24232,FALSE,TRUE,6,6,FALSE
0407643,14,2,2,24229,24238,FALSE,FALSE,6,6,FALSE
0407646,123,3,3,24229,24235,FALSE,TRUE,9,9,FALSE
0407648,23,2,2,24232,24235,FALSE,TRUE,6,6,FALSE
0407649,4,1,1,24238,24238,FALSE,TRUE,3,3,FALSE
0407656,24,2,2,24232,24238,FALSE,FALSE,6,6,FALSE
0407657,4,1,1,24238,24238,FALSE,TRUE,3,3,FALSE
0407658,2,1,1,24232,24232,FALSE,TRUE,3,3,FALSE
0407659,1,1,1,24229,24229,FALSE,TRUE,3,3,FALSE
0407660,12,2,2,24229,24232,FALSE,TRUE,6,6,FALSE
0407661,123,3,3,24229,24235,FALSE,TRUE,9,9,FALSE
0407664,123,3,3,24229,24235,FALSE,TRUE,9,9,FALSE
0407665,1,1,1,24229,24229,FALSE,TRUE,3,3,FALSE
0407668,4,1,1,24238,24238,FALSE,TRUE,3,3,FALSE
0407675,12,2,2,24229,24232,FALSE,TRUE,6,6,FALSE
0407676,4,1,1,24229,24229,FALSE,TRUE,3,3,FALSE
0407678,34,2,2,24229,24232,FALSE,TRUE,6,6,FALSE
0407679,12,2,2,24229,24232,FALSE,TRUE,6,6,FALSE
0407684,234,3,3,24232,24238,FALSE,TRUE,9,9,FALSE
0407685,1,1,1,24229,24229,FALSE,TRUE,3,3,FALSE
0407687,1,1,1,24229,24229,FALSE,TRUE,3,3,FALSE
0407689,1,1,1,24229,24229,FALSE,TRUE,3,3,FALSE
0407695,1,1,1,24229,24229,FALSE,TRUE,3,3,FALSE
0407697,1,1,1,24229,24229,FALSE,TRUE,3,3,FALSE
0407698,123,3,3,24229,24235,FALSE,TRUE,9,9,FALSE
0407703,23,2,2,24232,24235,FALSE,TRUE,6,6,FALSE
0407704,2,1,1,24232,24232,FALSE,TRUE,3,3,FALSE
0407706,123,3,3,24229,24235,FALSE,TRUE,9,9,FALSE
0407708,4,1,1,24229,24229,FALSE,TRUE,3,3,FALSE
0407709,2,1,1,24232,24232,FALSE,TRUE,3,3,FALSE
0407723,23,2,2,24232,24235,FALSE,TRUE,6,6,FALSE
0407725,1,1,1,24229,24229,FALSE,TRUE,3,3,FALSE
0407729,4,1,1,24238,24238,FALSE,TRUE,3,3,FALSE
0407730,123,3,3,24229,24235,FALSE,TRUE,9,9,FALSE
0407731,1,1,1,24229,24229,FALSE,TRUE,3,3,FALSE
0407745,1,1,1,24229,24229,FALSE,TRUE,3,3,FALSE
0407749,2,1,1,24232,24232,FALSE,TRUE,3,3,FALSE
0407751,4,1,1,24238,24238,FALSE,TRUE,3,3,FALSE
0407753,23,2,2,24229,24232,FALSE,TRUE,6,6,FALSE
0407757,1,1,1,24229,24229,FALSE,TRUE,3,3,FALSE
0407758,34,2,2,24235,24238,FALSE,TRUE,6,6,FALSE
0407760,4,1,1,24238,24238,FALSE,TRUE,3,3,FALSE
0407768,1,1,1,24229,24229,FALSE,TRUE,3,3,FALSE
0407770,2,1,1,24232,24232,FALSE,TRUE,3,3,FALSE
0407773,12,2,2,24229,24232,FALSE,TRUE,6,6,FALSE
0407775,123,3,3,24229,24235,FALSE,TRUE,9,9,FALSE
0407778,134,3,3,24229,24238,FALSE,FALSE,9,9,FALSE
0407779,13,2,2,24229,24235,FALSE,FALSE,6,6,FALSE
0407783,234,3,3,24232,24238,FALSE,TRUE,9,9,FALSE
0407784,12,2,2,24229,24232,FALSE,TRUE,6,6,FALSE
0407789,4,1,1,24229,24229,FALSE,TRUE,3,3,FALSE
0407792,12,2,2,24229,24232,FALSE,TRUE,6,6,FALSE
0407793,1,1,1,24229,24229,FALSE,TRUE,3,3,FALSE
0407794,234,3,3,24229,24235,FALSE,TRUE,9,9,FALSE
0407795,123,3,3,24229,24235,FALSE,TRUE,9,9,FALSE
0407797,1,1,1,24229,24229,FALSE,TRUE,3,3,FALSE
0407799,4,1,1,24229,24229,FALSE,TRUE,3,3,FALSE
0407801,234,3,3,24232,24238,FALSE,TRUE,9,9,FALSE
0407802,1,1,1,24229,24229,FALSE,TRUE,3,3,FALSE
0407803,1,1,1,24229,24229,FALSE,TRUE,3,3,FALSE
0407809,134,3,3,24229,24238,FALSE,FALSE,9,9,FALSE
0407811,3,1,1,24229,24229,FALSE,TRUE,3,3,FALSE
0407812,14,2,2,24229,24238,FALSE,FALSE,6,6,FALSE
0407813,4,1,1,24238,24238,FALSE,TRUE,3,3,FALSE
0407814,134,3,3,24229,24238,FALSE,FALSE,9,9,FALSE
0407819,4,1,1,24229,24229,FALSE,TRUE,3,3,FALSE
0407820,3,1,1,24229,24229,FALSE,TRUE,3,3,FALSE
0407822,12,2,2,24229,24232,FALSE,TRUE,6,6,FALSE
0407823,1,1,1,24229,24229,FALSE,TRUE,3,3,FALSE
0407824,34,2,2,24235,24238,FALSE,TRUE,6,6,FALSE
0407829,12,2,2,24229,24232,FALSE,TRUE,6,6,FALSE
0407830,34,2,2,24229,24232,FALSE,TRUE,6,6,FALSE
0407831,12,2,2,24229,24232,FALSE,TRUE,6,6,FALSE
0407839,4,1,1,24238,24238,FALSE,TRUE,3,3,FALSE
0407840,23,2,2,24232,24235,FALSE,TRUE,6,6,FALSE
0407846,234,3,3,24232,24238,FALSE,TRUE,9,9,FALSE
0407847,34,2,2,24229,24232,FALSE,TRUE,6,6,FALSE
0407848,124,3,3,24229,24238,FALSE,FALSE,9,9,FALSE
0407850,34,2,2,24235,24238,FALSE,TRUE,6,6,FALSE
0407851,2,1,1,24229,24229,FALSE,TRUE,3,3,FALSE
0407853,12,2,2,24229,24232,FALSE,TRUE,6,6,FALSE
0407866,34,2,2,24229,24232,FALSE,TRUE,6,6,FALSE
0407867,23,2,2,24232,24235,FALSE,TRUE,6,6,FALSE
0407868,12,2,2,24229,24232,FALSE,TRUE,6,6,FALSE
0407871,12,2,2,24229,24232,FALSE,TRUE,6,6,FALSE
0407874,4,1,1,24238,24238,FALSE,TRUE,3,3,FALSE
0407876,124,3,3,24229,24238,FALSE,FALSE,9,9,FALSE
0407877,234,3,3,24232,24238,FALSE,TRUE,9,9,FALSE
0407881,234,3,3,24232,24238,FALSE,TRUE,9,9,FALSE
0407882,1,1,1,24229,24229,FALSE,TRUE,3,3,FALSE
0407883,4,1,1,24238,24238,FALSE,TRUE,3,3,FALSE
0407886,234,3,3,24232,24238,FALSE,TRUE,9,9,FALSE
0407889,3,1,1,24235,24235,FALSE,TRUE,3,3,FALSE
0407892,13,2,2,24229,24235,FALSE,FALSE,6,6,FALSE
0407893,12,2,2,24229,24232,FALSE,TRUE,6,6,FALSE
0407895,34,2,2,24229,24232,FALSE,TRUE,6,6,FALSE
0407896,2,1,1,24232,24232,FALSE,TRUE,3,3,FALSE
0407898,123,3,3,24229,24235,FALSE,TRUE,9,9,FALSE
0407900,2,1,1,24232,24232,FALSE,TRUE,3,3,FALSE
0407906,34,2,2,24229,24232,FALSE,TRUE,6,6,FALSE
0407908,12,2,2,24229,24232,FALSE,TRUE,6,6,FALSE
0407909,134,3,3,24229,24238,FALSE,FALSE,9,9,FALSE
0407910,12,2,2,24229,24232,FALSE,TRUE,6,6,FALSE
0407914,1,1,1,24229,24229,FALSE,TRUE,3,3,FALSE
0407923,13,2,2,24229,24235,FALSE,FALSE,6,6,FALSE
0407924,1,1,1,24229,24229,FALSE,TRUE,3,3,FALSE
0407934,234,3,3,24232,24238,FALSE,TRUE,9,9,FALSE
0407935,134,3,3,24229,24238,FALSE,FALSE,9,9,FALSE
0407938,234,3,3,24232,24238,FALSE,TRUE,9,9,FALSE
0407946,1,1,1,24229,24229,FALSE,TRUE,3,3,FALSE
0407948,12,2,2,24229,24232,FALSE,TRUE,6,6,FALSE
0407949,12,2,2,24229,24232,FALSE,TRUE,6,6,FALSE
0407953,2,1,1,24232,24232,FALSE,TRUE,3,3,FALSE
0407956,34,2,2,24235,24238,FALSE,TRUE,6,6,FALSE
0407958,124,3,3,24229,24238,FALSE,FALSE,9,9,FALSE
0407960,234,3,3,24232,24238,FALSE,TRUE,9,9,FALSE
0407966,234,3,3,24232,24238,FALSE,TRUE,9,9,FALSE
0407968,4,1,1,24229,24229,FALSE,TRUE,3,3,FALSE
0407969,12,2,2,24229,24232,FALSE,TRUE,6,6,FALSE
0407976,124,3,3,24229,24238,FALSE,FALSE,9,9,FALSE
0407978,4,1,1,24229,24229,FALSE,TRUE,3,3,FALSE
0407979,123,3,3,24229,24235,FALSE,TRUE,9,9,FALSE
0407984,234,3,3,24232,24238,FALSE,TRUE,9,9,FALSE
0407992,13,2,2,24229,24235,FALSE,FALSE,6,6,FALSE
0407995,2,1,1,24232,24232,FALSE,TRUE,3,3,FALSE
0407997,234,3,3,24232,24238,FALSE,TRUE,9,9,FALSE
0407998,12,2,2,24229,24232,FALSE,TRUE,6,6,FALSE
0408000,234,3,3,24232,24238,FALSE,TRUE,9,9,FALSE
0408002,124,3,3,24229,24238,FALSE,FALSE,9,9,FALSE
0408003,123,3,3,24229,24235,FALSE,TRUE,9,9,FALSE
0409048,14,2,2,24230,24239,FALSE,FALSE,6,6,FALSE
0409050,2,1,1,24233,24233,FALSE,TRUE,3,3,FALSE
0409052,1,1,1,24230,24230,FALSE,TRUE,3,3,FALSE
0409059,1,1,1,24230,24230,FALSE,TRUE,3,3,FALSE
0409064,3,1,1,24236,24236,FALSE,TRUE,3,3,FALSE
0409066,34,2,2,24236,24239,FALSE,TRUE,6,6,FALSE
0409068,13,2,2,24230,24236,FALSE,FALSE,6,6,FALSE
0409070,23,2,2,24233,24236,FALSE,TRUE,6,6,FALSE
0409071,1,1,1,24230,24230,FALSE,TRUE,3,3,FALSE
0409077,2,1,1,24233,24233,FALSE,TRUE,3,3,FALSE
0409086,34,2,2,24236,24239,FALSE,TRUE,6,6,FALSE
0409087,1,1,1,24230,24230,FALSE,TRUE,3,3,FALSE
0409089,34,2,2,24236,24239,FALSE,TRUE,6,6,FALSE
0409097,2,1,1,24233,24233,FALSE,TRUE,3,3,FALSE
0409098,1,1,1,24230,24230,FALSE,TRUE,3,3,FALSE
0409099,12,2,2,24230,24233,FALSE,TRUE,6,6,FALSE
0409109,234,3,3,24233,24239,FALSE,TRUE,9,9,FALSE
0409110,24,2,2,24233,24239,FALSE,FALSE,6,6,FALSE
0409111,2,1,1,24233,24233,FALSE,TRUE,3,3,FALSE
0409112,3,1,1,24236,24236,FALSE,TRUE,3,3,FALSE
0409113,2,1,1,24230,24230,FALSE,TRUE,3,3,FALSE
0409114,2,1,1,24230,24230,FALSE,TRUE,3,3,FALSE
0409115,12,2,2,24230,24233,FALSE,TRUE,6,6,FALSE
0409116,1,1,1,24230,24230,FALSE,TRUE,3,3,FALSE
0409117,12,2,2,24230,24233,FALSE,TRUE,6,6,FALSE
0409119,123,3,3,24230,24236,FALSE,TRUE,9,9,FALSE
0409122,234,3,3,24233,24239,FALSE,TRUE,9,9,FALSE
0409125,23,2,2,24233,24236,FALSE,TRUE,6,6,FALSE
0409126,3,1,1,24236,24236,FALSE,TRUE,3,3,FALSE
0409127,34,2,2,24230,24233,FALSE,TRUE,6,6,FALSE
0409133,23,2,2,24230,24233,FALSE,TRUE,6,6,FALSE
0409136,2,1,1,24233,24233,FALSE,TRUE,3,3,FALSE
0409137,134,3,3,24230,24239,FALSE,FALSE,9,9,FALSE
0409138,14,2,2,24230,24239,FALSE,FALSE,6,6,FALSE
0409139,4,1,1,24239,24239,FALSE,TRUE,3,3,FALSE
0409140,24,2,2,24233,24239,FALSE,FALSE,6,6,FALSE
0409143,1,1,1,24230,24230,FALSE,TRUE,3,3,FALSE
0409144,23,2,2,24233,24236,FALSE,TRUE,6,6,FALSE
0409146,234,3,3,24233,24239,FALSE,TRUE,9,9,FALSE
0409147,123,3,3,24230,24236,FALSE,TRUE,9,9,FALSE
0409156,1,1,1,24230,24230,FALSE,TRUE,3,3,FALSE
0409158,12,2,2,24230,24233,FALSE,TRUE,6,6,FALSE
0409159,1,1,1,24230,24230,FALSE,TRUE,3,3,FALSE
0409160,13,2,2,24230,24236,FALSE,FALSE,6,6,FALSE
0409163,1,1,1,24230,24230,FALSE,TRUE,3,3,FALSE
0409166,2,1,1,24233,24233,FALSE,TRUE,3,3,FALSE
0409167,1,1,1,24230,24230,FALSE,TRUE,3,3,FALSE
0409170,124,3,3,24230,24239,FALSE,FALSE,9,9,FALSE
0409172,1,1,1,24230,24230,FALSE,TRUE,3,3,FALSE
0409175,234,3,3,24233,24239,FALSE,TRUE,9,9,FALSE
0409180,4,1,1,24239,24239,FALSE,TRUE,3,3,FALSE
0409181,234,3,3,24233,24239,FALSE,TRUE,9,9,FALSE
0409182,1,1,1,24230,24230,FALSE,TRUE,3,3,FALSE
0409184,124,3,3,24230,24239,FALSE,FALSE,9,9,FALSE
0409187,13,2,2,24230,24236,FALSE,FALSE,6,6,FALSE
0409188,1,1,1,24230,24230,FALSE,TRUE,3,3,FALSE
0409190,123,3,3,24230,24236,FALSE,TRUE,9,9,FALSE
0409193,2,1,1,24233,24233,FALSE,TRUE,3,3,FALSE
0409194,24,2,2,24233,24239,FALSE,FALSE,6,6,FALSE
0409196,1,1,1,24230,24230,FALSE,TRUE,3,3,FALSE
0409197,1,1,1,24230,24230,FALSE,TRUE,3,3,FALSE
0409198,1,1,1,24230,24230,FALSE,TRUE,3,3,FALSE
0409201,23,2,2,24233,24236,FALSE,TRUE,6,6,FALSE
0409203,4,1,1,24239,24239,FALSE,TRUE,3,3,FALSE
0409205,123,3,3,24230,24236,FALSE,TRUE,9,9,FALSE
0409206,234,3,3,24233,24239,FALSE,TRUE,9,9,FALSE
0409207,2,1,1,24233,24233,FALSE,TRUE,3,3,FALSE
0409215,1,1,1,24230,24230,FALSE,TRUE,3,3,FALSE
0409218,12,2,2,24230,24233,FALSE,TRUE,6,6,FALSE
0409223,1,1,1,24230,24230,FALSE,TRUE,3,3,FALSE
0409225,124,3,3,24230,24239,FALSE,FALSE,9,9,FALSE
0409227,1,1,1,24230,24230,FALSE,TRUE,3,3,FALSE
0409228,14,2,2,24230,24239,FALSE,FALSE,6,6,FALSE
0409231,12,2,2,24230,24233,FALSE,TRUE,6,6,FALSE
0409232,1,1,1,24230,24230,FALSE,TRUE,3,3,FALSE
0409234,124,3,3,24230,24239,FALSE,FALSE,9,9,FALSE
0409236,34,2,2,24236,24239,FALSE,TRUE,6,6,FALSE
0409239,234,3,3,24233,24239,FALSE,TRUE,9,9,FALSE
0409240,12,2,2,24230,24233,FALSE,TRUE,6,6,FALSE
0409244,12,2,2,24230,24233,FALSE,TRUE,6,6,FALSE
0409247,234,3,3,24233,24239,FALSE,TRUE,9,9,FALSE
0409251,123,3,3,24230,24236,FALSE,TRUE,9,9,FALSE
0409252,2,1,1,24233,24233,FALSE,TRUE,3,3,FALSE
0409253,123,3,3,24230,24236,FALSE,TRUE,9,9,FALSE
0409256,234,3,3,24233,24239,FALSE,TRUE,9,9,FALSE
0409257,13,2,2,24230,24236,FALSE,FALSE,6,6,FALSE
0409260,124,3,3,24230,24239,FALSE,FALSE,9,9,FALSE
0409262,2,1,1,24233,24233,FALSE,TRUE,3,3,FALSE
0409264,123,3,3,24230,24236,FALSE,TRUE,9,9,FALSE
0409268,1,1,1,24230,24230,FALSE,TRUE,3,3,FALSE
0409269,12,2,2,24230,24233,FALSE,TRUE,6,6,FALSE
0409270,1,1,1,24230,24230,FALSE,TRUE,3,3,FALSE
0409271,1,1,1,24230,24230,FALSE,TRUE,3,3,FALSE
0409273,2,1,1,24230,24230,FALSE,TRUE,3,3,FALSE
0409276,1,1,1,24230,24230,FALSE,TRUE,3,3,FALSE
0409280,123,3,3,24230,24236,FALSE,TRUE,9,9,FALSE
0409282,12,2,2,24230,24233,FALSE,TRUE,6,6,FALSE
0409287,123,3,3,24230,24236,FALSE,TRUE,9,9,FALSE
0409290,12,2,2,24230,24233,FALSE,TRUE,6,6,FALSE
0409292,34,2,2,24236,24239,FALSE,TRUE,6,6,FALSE
0409294,12,2,2,24230,24233,FALSE,TRUE,6,6,FALSE
0409295,34,2,2,24236,24239,FALSE,TRUE,6,6,FALSE
0409296,2,1,1,24233,24233,FALSE,TRUE,3,3,FALSE
0409301,234,3,3,24233,24239,FALSE,TRUE,9,9,FALSE
0409302,23,2,2,24233,24236,FALSE,TRUE,6,6,FALSE
0409303,234,3,3,24233,24239,FALSE,TRUE,9,9,FALSE
0409309,4,1,1,24230,24230,FALSE,TRUE,3,3,FALSE
0409312,1,1,1,24230,24230,FALSE,TRUE,3,3,FALSE
0409314,1,1,1,24230,24230,FALSE,TRUE,3,3,FALSE
0409315,123,3,3,24230,24236,FALSE,TRUE,9,9,FALSE
0409319,12,2,2,24230,24233,FALSE,TRUE,6,6,FALSE
0409324,124,3,3,24230,24239,FALSE,FALSE,9,9,FALSE
0409327,4,1,1,24230,24230,FALSE,TRUE,3,3,FALSE
0409331,1,1,1,24230,24230,FALSE,TRUE,3,3,FALSE
0409333,1,1,1,24230,24230,FALSE,TRUE,3,3,FALSE
0409335,123,3,3,24230,24236,FALSE,TRUE,9,9,FALSE
0409338,1,1,1,24230,24230,FALSE,TRUE,3,3,FALSE
0409339,1,1,1,24230,24230,FALSE,TRUE,3,3,FALSE
0409346,1,1,1,24230,24230,FALSE,TRUE,3,3,FALSE
0409347,1,1,1,24230,24230,FALSE,TRUE,3,3,FALSE
0409348,12,2,2,24230,24233,FALSE,TRUE,6,6,FALSE
0409349,234,3,3,24233,24239,FALSE,TRUE,9,9,FALSE
0409351,134,3,3,24230,24239,FALSE,FALSE,9,9,FALSE
0409352,13,2,2,24230,24236,FALSE,FALSE,6,6,FALSE
0409356,1,1,1,24230,24230,FALSE,TRUE,3,3,FALSE
0409359,2,1,1,24233,24233,FALSE,TRUE,3,3,FALSE
0409361,1,1,1,24230,24230,FALSE,TRUE,3,3,FALSE
0409368,1,1,1,24230,24230,FALSE,TRUE,3,3,FALSE
0409369,1,1,1,24230,24230,FALSE,TRUE,3,3,FALSE
0409370,1,1,1,24230,24230,FALSE,TRUE,3,3,FALSE
0409371,23,2,2,24233,24236,FALSE,TRUE,6,6,FALSE
0409372,1,1,1,24230,24230,FALSE,TRUE,3,3,FALSE
0409373,1,1,1,24230,24230,FALSE,TRUE,3,3,FALSE
0409376,13,2,2,24230,24236,FALSE,FALSE,6,6,FALSE
0409379,34,2,2,24236,24239,FALSE,TRUE,6,6,FALSE
0409384,234,3,3,24233,24239,FALSE,TRUE,9,9,FALSE
0409388,34,2,2,24236,24239,FALSE,TRUE,6,6,FALSE
0409389,12,2,2,24230,24233,FALSE,TRUE,6,6,FALSE
0409390,12,2,2,24230,24233,FALSE,TRUE,6,6,FALSE
0409397,2,1,1,24230,24230,FALSE,TRUE,3,3,FALSE
0409402,234,3,3,24233,24239,FALSE,TRUE,9,9,FALSE
0409404,123,3,3,24230,24236,FALSE,TRUE,9,9,FALSE
0409409,1,1,1,24230,24230,FALSE,TRUE,3,3,FALSE
0409413,124,3,3,24230,24239,FALSE,FALSE,9,9,FALSE
0409424,34,2,2,24236,24239,FALSE,TRUE,6,6,FALSE
0409425,1,1,1,24230,24230,FALSE,TRUE,3,3,FALSE
0409427,1,1,1,24230,24230,FALSE,TRUE,3,3,FALSE
0409430,4,1,1,24239,24239,FALSE,TRUE,3,3,FALSE
0409432,12,2,2,24230,24233,FALSE,TRUE,6,6,FALSE
0409433,234,3,3,24233,24239,FALSE,TRUE,9,9,FALSE
0409440,4,1,1,24230,24230,FALSE,TRUE,3,3,FALSE
0409442,4,1,1,24239,24239,FALSE,TRUE,3,3,FALSE
0409444,34,2,2,24230,24233,FALSE,TRUE,6,6,FALSE
0409451,14,2,2,24230,24239,FALSE,FALSE,6,6,FALSE
0409453,12,2,2,24230,24233,FALSE,TRUE,6,6,FALSE
0409456,3,1,1,24236,24236,FALSE,TRUE,3,3,FALSE
0409460,1,1,1,24230,24230,FALSE,TRUE,3,3,FALSE
0409469,1,1,1,24230,24230,FALSE,TRUE,3,3,FALSE
0409470,234,3,3,24233,24239,FALSE,TRUE,9,9,FALSE
0409473,23,2,2,24233,24236,FALSE,TRUE,6,6,FALSE
0409476,3,1,1,24236,24236,FALSE,TRUE,3,3,FALSE
0409478,1,1,1,24230,24230,FALSE,TRUE,3,3,FALSE
0409482,234,3,3,24233,24239,FALSE,TRUE,9,9,FALSE
0409485,1,1,1,24230,24230,FALSE,TRUE,3,3,FALSE
0409487,234,3,3,24233,24239,FALSE,TRUE,9,9,FALSE
0409488,134,3,3,24230,24239,FALSE,FALSE,9,9,FALSE
0409491,34,2,2,24230,24233,FALSE,TRUE,6,6,FALSE
0409492,12,2,2,24230,24233,FALSE,TRUE,6,6,FALSE
0409495,1,1,1,24230,24230,FALSE,TRUE,3,3,FALSE
0409497,134,3,3,24230,24239,FALSE,FALSE,9,9,FALSE
0409498,234,3,3,24233,24239,FALSE,TRUE,9,9,FALSE
0409500,23,2,2,24233,24236,FALSE,TRUE,6,6,FALSE
0409501,34,2,2,24236,24239,FALSE,TRUE,6,6,FALSE
0409502,14,2,2,24230,24239,FALSE,FALSE,6,6,FALSE
0409510,23,2,2,24233,24236,FALSE,TRUE,6,6,FALSE
0409511,3,1,1,24236,24236,FALSE,TRUE,3,3,FALSE
0409512,234,3,3,24233,24239,FALSE,TRUE,9,9,FALSE
0409515,13,2,2,24230,24236,FALSE,FALSE,6,6,FALSE
0409518,1,1,1,24230,24230,FALSE,TRUE,3,3,FALSE
0409521,1,1,1,24230,24230,FALSE,TRUE,3,3,FALSE
0409524,1,1,1,24230,24230,FALSE,TRUE,3,3,FALSE
0409526,3,1,1,24230,24230,FALSE,TRUE,3,3,FALSE
0409527,2,1,1,24233,24233,FALSE,TRUE,3,3,FALSE
0409529,1,1,1,24230,24230,FALSE,TRUE,3,3,FALSE
0409531,234,3,3,24233,24239,FALSE,TRUE,9,9,FALSE
0409532,4,1,1,24239,24239,FALSE,TRUE,3,3,FALSE
0409533,34,2,2,24236,24239,FALSE,TRUE,6,6,FALSE
0409534,234,3,3,24233,24239,FALSE,TRUE,9,9,FALSE
0409536,234,3,3,24233,24239,FALSE,TRUE,9,9,FALSE
0409537,13,2,2,24230,24236,FALSE,FALSE,6,6,FALSE
0409538,234,3,3,24233,24239,FALSE,TRUE,9,9,FALSE
0409545,1,1,1,24230,24230,FALSE,TRUE,3,3,FALSE
0409546,2,1,1,24230,24230,FALSE,TRUE,3,3,FALSE
0409547,124,3,3,24230,24239,FALSE,FALSE,9,9,FALSE
0409550,24,2,2,24233,24239,FALSE,FALSE,6,6,FALSE
0409552,1,1,1,24230,24230,FALSE,TRUE,3,3,FALSE
0409556,1,1,1,24230,24230,FALSE,TRUE,3,3,FALSE
0409558,3,1,1,24236,24236,FALSE,TRUE,3,3,FALSE
0409560,34,2,2,24236,24239,FALSE,TRUE,6,6,FALSE
0409563,4,1,1,24230,24230,FALSE,TRUE,3,3,FALSE
0409571,12,2,2,24230,24233,FALSE,TRUE,6,6,FALSE
0409578,1,1,1,24230,24230,FALSE,TRUE,3,3,FALSE
0409580,3,1,1,24236,24236,FALSE,TRUE,3,3,FALSE
0409582,123,3,3,24230,24236,FALSE,TRUE,9,9,FALSE
0409591,23,2,2,24233,24236,FALSE,TRUE,6,6,FALSE
0409599,23,2,2,24233,24236,FALSE,TRUE,6,6,FALSE
0409601,3,1,1,24236,24236,FALSE,TRUE,3,3,FALSE
0409602,2,1,1,24233,24233,FALSE,TRUE,3,3,FALSE
0409605,2,1,1,24230,24230,FALSE,TRUE,3,3,FALSE
0409607,134,3,3,24230,24239,FALSE,FALSE,9,9,FALSE
0409610,4,1,1,24230,24230,FALSE,TRUE,3,3,FALSE
0409618,4,1,1,24239,24239,FALSE,TRUE,3,3,FALSE
0409621,124,3,3,24230,24239,FALSE,FALSE,9,9,FALSE
0409622,12,2,2,24230,24233,FALSE,TRUE,6,6,FALSE
0409624,124,3,3,24230,24239,FALSE,FALSE,9,9,FALSE
0409626,1,1,1,24230,24230,FALSE,TRUE,3,3,FALSE
0409627,124,3,3,24230,24239,FALSE,FALSE,9,9,FALSE
0409628,34,2,2,24236,24239,FALSE,TRUE,6,6,FALSE
0409632,12,2,2,24230,24233,FALSE,TRUE,6,6,FALSE
0409636,12,2,2,24230,24233,FALSE,TRUE,6,6,FALSE
0409637,1,1,1,24230,24230,FALSE,TRUE,3,3,FALSE
0409638,1,1,1,24230,24230,FALSE,TRUE,3,3,FALSE
0409639,23,2,2,24230,24233,FALSE,TRUE,6,6,FALSE
0409643,1,1,1,24230,24230,FALSE,TRUE,3,3,FALSE
0409647,12,2,2,24230,24233,FALSE,TRUE,6,6,FALSE
0409650,3,1,1,24233,24233,FALSE,TRUE,3,3,FALSE
0409655,13,2,2,24230,24236,FALSE,FALSE,6,6,FALSE
0409657,1,1,1,24230,24230,FALSE,TRUE,3,3,FALSE
0409658,1,1,1,24230,24230,FALSE,TRUE,3,3,FALSE
0409661,1,1,1,24230,24230,FALSE,TRUE,3,3,FALSE
0409663,2,1,1,24233,24233,FALSE,TRUE,3,3,FALSE
0409665,3,1,1,24236,24236,FALSE,TRUE,3,3,FALSE
0409668,1,1,1,24230,24230,FALSE,TRUE,3,3,FALSE
0409674,12,2,2,24230,24233,FALSE,TRUE,6,6,FALSE
0409675,124,3,3,24230,24239,FALSE,FALSE,9,9,FALSE
0409677,1,1,1,24230,24230,FALSE,TRUE,3,3,FALSE
0409681,2,1,1,24233,24233,FALSE,TRUE,3,3,FALSE
0409684,1,1,1,24230,24230,FALSE,TRUE,3,3,FALSE
0409685,12,2,2,24230,24233,FALSE,TRUE,6,6,FALSE
0409686,4,1,1,24239,24239,FALSE,TRUE,3,3,FALSE
0409688,123,3,3,24230,24236,FALSE,TRUE,9,9,FALSE
0409689,12,2,2,24230,24233,FALSE,TRUE,6,6,FALSE
0409690,1,1,1,24230,24230,FALSE,TRUE,3,3,FALSE
0409691,1,1,1,24230,24230,FALSE,TRUE,3,3,FALSE
0409692,12,2,2,24230,24233,FALSE,TRUE,6,6,FALSE
0409696,24,2,2,24233,24239,FALSE,FALSE,6,6,FALSE
0409699,134,3,3,24230,24239,FALSE,FALSE,9,9,FALSE
0409700,12,2,2,24230,24233,FALSE,TRUE,6,6,FALSE
0409702,23,2,2,24233,24236,FALSE,TRUE,6,6,FALSE
0409703,234,3,3,24233,24239,FALSE,TRUE,9,9,FALSE
0409706,123,3,3,24230,24236,FALSE,TRUE,9,9,FALSE
0409707,1,1,1,24230,24230,FALSE,TRUE,3,3,FALSE
0409708,34,2,2,24236,24239,FALSE,TRUE,6,6,FALSE
0409713,234,3,3,24233,24239,FALSE,TRUE,9,9,FALSE
0409714,2,1,1,24233,24233,FALSE,TRUE,3,3,FALSE
0409719,123,3,3,24230,24236,FALSE,TRUE,9,9,FALSE
0409720,23,2,2,24233,24236,FALSE,TRUE,6,6,FALSE
0409721,14,2,2,24230,24239,FALSE,FALSE,6,6,FALSE
0409725,234,3,3,24233,24239,FALSE,TRUE,9,9,FALSE
0409727,34,2,2,24236,24239,FALSE,TRUE,6,6,FALSE
0409728,3,1,1,24236,24236,FALSE,TRUE,3,3,FALSE
0409734,3,1,1,24236,24236,FALSE,TRUE,3,3,FALSE
0409738,123,3,3,24230,24236,FALSE,TRUE,9,9,FALSE
0409744,3,1,1,24236,24236,FALSE,TRUE,3,3,FALSE
0409750,3,1,1,24236,24236,FALSE,TRUE,3,3,FALSE
0409751,134,3,3,24230,24239,FALSE,FALSE,9,9,FALSE
0409753,124,3,3,24230,24239,FALSE,FALSE,9,9,FALSE
0409755,1,1,1,24230,24230,FALSE,TRUE,3,3,FALSE
0409756,234,3,3,24233,24239,FALSE,TRUE,9,9,FALSE
0409760,1,1,1,24230,24230,FALSE,TRUE,3,3,FALSE
0409762,1,1,1,24230,24230,FALSE,TRUE,3,3,FALSE
0409765,3,1,1,24230,24230,FALSE,TRUE,3,3,FALSE
0409766,234,3,3,24233,24239,FALSE,TRUE,9,9,FALSE
0409769,34,2,2,24236,24239,FALSE,TRUE,6,6,FALSE
0409772,234,3,3,24233,24239,FALSE,TRUE,9,9,FALSE
0409773,123,3,3,24230,24236,FALSE,TRUE,9,9,FALSE
0409776,234,3,3,24233,24239,FALSE,TRUE,9,9,FALSE
0409781,123,3,3,24230,24236,FALSE,TRUE,9,9,FALSE
0409785,34,2,2,24236,24239,FALSE,TRUE,6,6,FALSE
0409788,1,1,1,24230,24230,FALSE,TRUE,3,3,FALSE
0409790,23,2,2,24233,24236,FALSE,TRUE,6,6,FALSE
0409791,1,1,1,24230,24230,FALSE,TRUE,3,3,FALSE
0409793,1,1,1,24230,24230,FALSE,TRUE,3,3,FALSE
0409798,124,3,3,24230,24239,FALSE,FALSE,9,9,FALSE
0409803,234,3,3,24233,24239,FALSE,TRUE,9,9,FALSE
0409805,12,2,2,24230,24233,FALSE,TRUE,6,6,FALSE
0409806,2,1,1,24233,24233,FALSE,TRUE,3,3,FALSE
0409807,234,3,3,24233,24239,FALSE,TRUE,9,9,FALSE
0409808,12,2,2,24230,24233,FALSE,TRUE,6,6,FALSE
0409809,1,1,1,24230,24230,FALSE,TRUE,3,3,FALSE
0409815,1,1,1,24230,24230,FALSE,TRUE,3,3,FALSE
0409818,12,2,2,24230,24233,FALSE,TRUE,6,6,FALSE
0409824,3,1,1,24236,24236,FALSE,TRUE,3,3,FALSE
0409826,1,1,1,24230,24230,FALSE,TRUE,3,3,FALSE
0409828,124,3,3,24230,24239,FALSE,FALSE,9,9,FALSE
0409831,24,2,2,24233,24239,FALSE,FALSE,6,6,FALSE
0409836,2,1,1,24233,24233,FALSE,TRUE,3,3,FALSE
0409839,2,1,1,24233,24233,FALSE,TRUE,3,3,FALSE
0409841,34,2,2,24236,24239,FALSE,TRUE,6,6,FALSE
0409842,13,2,2,24230,24236,FALSE,FALSE,6,6,FALSE
0409843,34,2,2,24236,24239,FALSE,TRUE,6,6,FALSE
0409845,1,1,1,24230,24230,FALSE,TRUE,3,3,FALSE
0409846,24,2,2,24233,24239,FALSE,FALSE,6,6,FALSE
0409847,134,3,3,24230,24239,FALSE,FALSE,9,9,FALSE
0409851,1,1,1,24230,24230,FALSE,TRUE,3,3,FALSE
0409853,123,3,3,24230,24236,FALSE,TRUE,9,9,FALSE
0409855,234,3,3,24233,24239,FALSE,TRUE,9,9,FALSE
0409857,234,3,3,24233,24239,FALSE,TRUE,9,9,FALSE
0409858,1,1,1,24230,24230,FALSE,TRUE,3,3,FALSE
0409861,2,1,1,24233,24233,FALSE,TRUE,3,3,FALSE
0409865,12,2,2,24230,24233,FALSE,TRUE,6,6,FALSE
0409871,1,1,1,24230,24230,FALSE,TRUE,3,3,FALSE
0409874,23,2,2,24233,24236,FALSE,TRUE,6,6,FALSE
0409876,134,3,3,24230,24239,FALSE,FALSE,9,9,FALSE
0409878,1,1,1,24230,24230,FALSE,TRUE,3,3,FALSE
0409879,134,3,3,24230,24239,FALSE,FALSE,9,9,FALSE
0409880,1,1,1,24230,24230,FALSE,TRUE,3,3,FALSE
0409881,134,3,3,24230,24239,FALSE,FALSE,9,9,FALSE
0409882,1,1,1,24230,24230,FALSE,TRUE,3,3,FALSE
0409885,12,2,2,24230,24233,FALSE,TRUE,6,6,FALSE
0409888,23,2,2,24233,24236,FALSE,TRUE,6,6,FALSE
0409890,134,3,3,24230,24239,FALSE,FALSE,9,9,FALSE
0409893,1,1,1,24230,24230,FALSE,TRUE,3,3,FALSE
0409896,34,2,2,24230,24233,FALSE,TRUE,6,6,FALSE
0409897,234,3,3,24233,24239,FALSE,TRUE,9,9,FALSE
0409900,34,2,2,24236,24239,FALSE,TRUE,6,6,FALSE
0409902,12,2,2,24230,24233,FALSE,TRUE,6,6,FALSE
0409903,124,3,3,24230,24239,FALSE,FALSE,9,9,FALSE
0409913,12,2,2,24230,24233,FALSE,TRUE,6,6,FALSE
0409914,123,3,3,24230,24236,FALSE,TRUE,9,9,FALSE
0409915,12,2,2,24230,24233,FALSE,TRUE,6,6,FALSE
0409916,3,1,1,24230,24230,FALSE,TRUE,3,3,FALSE
0409918,4,1,1,24230,24230,FALSE,TRUE,3,3,FALSE
0409922,123,3,3,24230,24236,FALSE,TRUE,9,9,FALSE
0409923,2,1,1,24233,24233,FALSE,TRUE,3,3,FALSE
0409924,2,1,1,24233,24233,FALSE,TRUE,3,3,FALSE
0409927,124,3,3,24230,24239,FALSE,FALSE,9,9,FALSE
0409929,2,1,1,24233,24233,FALSE,TRUE,3,3,FALSE
0409930,2,1,1,24233,24233,FALSE,TRUE,3,3,FALSE
0409931,4,1,1,24230,24230,FALSE,TRUE,3,3,FALSE
0409933,234,3,3,24233,24239,FALSE,TRUE,9,9,FALSE
0409934,4,1,1,24239,24239,FALSE,TRUE,3,3,FALSE
0409936,34,2,2,24236,24239,FALSE,TRUE,6,6,FALSE
0409937,34,2,2,24236,24239,FALSE,TRUE,6,6,FALSE
0409943,1,1,1,24230,24230,FALSE,TRUE,3,3,FALSE
0409944,124,3,3,24230,24239,FALSE,FALSE,9,9,FALSE
0409951,3,1,1,24236,24236,FALSE,TRUE,3,3,FALSE
0409954,1,1,1,24230,24230,FALSE,TRUE,3,3,FALSE
0409956,34,2,2,24236,24239,FALSE,TRUE,6,6,FALSE
0409961,234,3,3,24233,24239,FALSE,TRUE,9,9,FALSE
0409963,1,1,1,24230,24230,FALSE,TRUE,3,3,FALSE
0409968,134,3,3,24230,24239,FALSE,FALSE,9,9,FALSE
0409972,4,1,1,24239,24239,FALSE,TRUE,3,3,FALSE
0409976,12,2,2,24230,24233,FALSE,TRUE,6,6,FALSE
0409978,1,1,1,24230,24230,FALSE,TRUE,3,3,FALSE
0409980,12,2,2,24230,24233,FALSE,TRUE,6,6,FALSE
0409982,2,1,1,24233,24233,FALSE,TRUE,3,3,FALSE
0409984,234,3,3,24233,24239,FALSE,TRUE,9,9,FALSE
0409988,234,3,3,24233,24239,FALSE,TRUE,9,9,FALSE
0409989,34,2,2,24236,24239,FALSE,TRUE,6,6,FALSE
0409993,12,2,2,24230,24233,FALSE,TRUE,6,6,FALSE
0409994,12,2,2,24230,24233,FALSE,TRUE,6,6,FALSE
0409995,4,1,1,24239,24239,FALSE,TRUE,3,3,FALSE
0409996,4,1,1,24239,24239,FALSE,TRUE,3,3,FALSE
0409997,12,2,2,24230,24233,FALSE,TRUE,6,6,FALSE
0410003,124,3,3,24230,24239,FALSE,FALSE,9,9,FALSE
0410004,1,1,1,24230,24230,FALSE,TRUE,3,3,FALSE
0410005,34,2,2,24236,24239,FALSE,TRUE,6,6,FALSE
0410006,14,2,2,24230,24239,FALSE,FALSE,6,6,FALSE
0410011,1,1,1,24230,24230,FALSE,TRUE,3,3,FALSE
0410012,24,2,2,24233,24239,FALSE,FALSE,6,6,FALSE
0410014,1,1,1,24230,24230,FALSE,TRUE,3,3,FALSE
0410015,4,1,1,24230,24230,FALSE,TRUE,3,3,FALSE
0410020,234,3,3,24233,24239,FALSE,TRUE,9,9,FALSE
0410026,3,1,1,24236,24236,FALSE,TRUE,3,3,FALSE
0410035,124,3,3,24230,24239,FALSE,FALSE,9,9,FALSE
0410039,14,2,2,24230,24239,FALSE,FALSE,6,6,FALSE
0410042,234,3,3,24233,24239,FALSE,TRUE,9,9,FALSE
0410045,1,1,1,24230,24230,FALSE,TRUE,3,3,FALSE
0410047,1,1,1,24230,24230,FALSE,TRUE,3,3,FALSE
0410048,123,3,3,24230,24236,FALSE,TRUE,9,9,FALSE
0410049,2,1,1,24233,24233,FALSE,TRUE,3,3,FALSE
0410054,1,1,1,24230,24230,FALSE,TRUE,3,3,FALSE
0410061,12,2,2,24230,24233,FALSE,TRUE,6,6,FALSE
0410066,12,2,2,24230,24233,FALSE,TRUE,6,6,FALSE
0410067,4,1,1,24230,24230,FALSE,TRUE,3,3,FALSE
0410070,2,1,1,24233,24233,FALSE,TRUE,3,3,FALSE
0410072,12,2,2,24230,24233,FALSE,TRUE,6,6,FALSE
0410078,34,2,2,24236,24239,FALSE,TRUE,6,6,FALSE
0410080,234,3,3,24233,24239,FALSE,TRUE,9,9,FALSE
0410081,123,3,3,24230,24236,FALSE,TRUE,9,9,FALSE
0410082,1,1,1,24230,24230,FALSE,TRUE,3,3,FALSE
0410083,123,3,3,24230,24236,FALSE,TRUE,9,9,FALSE
0410089,3,1,1,24236,24236,FALSE,TRUE,3,3,FALSE
0410092,234,3,3,24233,24239,FALSE,TRUE,9,9,FALSE
0410096,12,2,2,24230,24233,FALSE,TRUE,6,6,FALSE
0410098,34,2,2,24236,24239,FALSE,TRUE,6,6,FALSE
0410103,34,2,2,24236,24239,FALSE,TRUE,6,6,FALSE
0410108,234,3,3,24234,24240,FALSE,TRUE,9,9,FALSE
0410117,1,1,1,24231,24231,FALSE,TRUE,3,3,FALSE
0410120,4,1,1,24231,24231,FALSE,TRUE,3,3,FALSE
0410121,234,3,3,24234,24240,FALSE,TRUE,9,9,FALSE
0410125,1,1,1,24231,24231,FALSE,TRUE,3,3,FALSE
0410127,1,1,1,24231,24231,FALSE,TRUE,3,3,FALSE
0410128,34,2,2,24237,24240,FALSE,TRUE,6,6,FALSE
0410129,1,1,1,24231,24231,FALSE,TRUE,3,3,FALSE
0410136,1,1,1,24231,24231,FALSE,TRUE,3,3,FALSE
0410137,234,3,3,24234,24240,FALSE,TRUE,9,9,FALSE
0410138,23,2,2,24234,24237,FALSE,TRUE,6,6,FALSE
0410143,1,1,1,24231,24231,FALSE,TRUE,3,3,FALSE
0410149,4,1,1,24231,24231,FALSE,TRUE,3,3,FALSE
0410150,12,2,2,24231,24234,FALSE,TRUE,6,6,FALSE
0410151,2,1,1,24234,24234,FALSE,TRUE,3,3,FALSE
0410152,12,2,2,24231,24234,FALSE,TRUE,6,6,FALSE
0410153,1,1,1,24231,24231,FALSE,TRUE,3,3,FALSE
0410159,134,3,3,24231,24240,FALSE,FALSE,9,9,FALSE
0410163,14,2,2,24231,24240,FALSE,FALSE,6,6,FALSE
0410165,4,1,1,24240,24240,FALSE,TRUE,3,3,FALSE
0410169,2,1,1,24234,24234,FALSE,TRUE,3,3,FALSE
0410176,1,1,1,24231,24231,FALSE,TRUE,3,3,FALSE
0410178,34,2,2,24237,24240,FALSE,TRUE,6,6,FALSE
0410179,123,3,3,24231,24237,FALSE,TRUE,9,9,FALSE
0410182,123,3,3,24231,24237,FALSE,TRUE,9,9,FALSE
0410184,3,1,1,24231,24231,FALSE,TRUE,3,3,FALSE
0410187,12,2,2,24231,24234,FALSE,TRUE,6,6,FALSE
0410188,4,1,1,24231,24231,FALSE,TRUE,3,3,FALSE
0410191,4,1,1,24240,24240,FALSE,TRUE,3,3,FALSE
0410194,234,3,3,24234,24240,FALSE,TRUE,9,9,FALSE
0410196,234,3,3,24234,24240,FALSE,TRUE,9,9,FALSE
0410198,1,1,1,24231,24231,FALSE,TRUE,3,3,FALSE
0410203,123,3,3,24231,24237,FALSE,TRUE,9,9,FALSE
0410204,1,1,1,24231,24231,FALSE,TRUE,3,3,FALSE
0410210,3,1,1,24237,24237,FALSE,TRUE,3,3,FALSE
0410211,34,2,2,24237,24240,FALSE,TRUE,6,6,FALSE
0410215,34,2,2,24237,24240,FALSE,TRUE,6,6,FALSE
0410220,1,1,1,24231,24231,FALSE,TRUE,3,3,FALSE
0410223,1,1,1,24231,24231,FALSE,TRUE,3,3,FALSE
0410224,2,1,1,24234,24234,FALSE,TRUE,3,3,FALSE
0410226,1,1,1,24231,24231,FALSE,TRUE,3,3,FALSE
0410227,1,1,1,24231,24231,FALSE,TRUE,3,3,FALSE
0410231,4,1,1,24234,24234,FALSE,TRUE,3,3,FALSE
0410232,1,1,1,24231,24231,FALSE,TRUE,3,3,FALSE
0410234,134,3,3,24231,24240,FALSE,FALSE,9,9,FALSE
0410235,4,1,1,24240,24240,FALSE,TRUE,3,3,FALSE
0410236,1,1,1,24231,24231,FALSE,TRUE,3,3,FALSE
0410242,4,1,1,24231,24231,FALSE,TRUE,3,3,FALSE
0410243,1,1,1,24231,24231,FALSE,TRUE,3,3,FALSE
0410244,1,1,1,24231,24231,FALSE,TRUE,3,3,FALSE
0410246,1,1,1,24231,24231,FALSE,TRUE,3,3,FALSE
0410248,14,2,2,24231,24240,FALSE,FALSE,6,6,FALSE
0410254,1,1,1,24231,24231,FALSE,TRUE,3,3,FALSE
0410257,123,3,3,24231,24237,FALSE,TRUE,9,9,FALSE
0410258,134,3,3,24231,24240,FALSE,FALSE,9,9,FALSE
0410261,34,2,2,24237,24240,FALSE,TRUE,6,6,FALSE
0410263,4,1,1,24240,24240,FALSE,TRUE,3,3,FALSE
0410264,1,1,1,24231,24231,FALSE,TRUE,3,3,FALSE
0410266,1,1,1,24231,24231,FALSE,TRUE,3,3,FALSE
0410268,123,3,3,24231,24237,FALSE,TRUE,9,9,FALSE
0410271,134,3,3,24231,24240,FALSE,FALSE,9,9,FALSE
0410273,2,1,1,24234,24234,FALSE,TRUE,3,3,FALSE
0410278,234,3,3,24234,24240,FALSE,TRUE,9,9,FALSE
0410288,134,3,3,24231,24240,FALSE,FALSE,9,9,FALSE
0410293,12,2,2,24231,24234,FALSE,TRUE,6,6,FALSE
0410295,12,2,2,24231,24234,FALSE,TRUE,6,6,FALSE
0410297,2,1,1,24234,24234,FALSE,TRUE,3,3,FALSE
0410298,2,1,1,24234,24234,FALSE,TRUE,3,3,FALSE
0410302,12,2,2,24231,24234,FALSE,TRUE,6,6,FALSE
0410309,123,3,3,24231,24237,FALSE,TRUE,9,9,FALSE
0410311,12,2,2,24231,24234,FALSE,TRUE,6,6,FALSE
0410313,4,1,1,24231,24231,FALSE,TRUE,3,3,FALSE
0410314,134,3,3,24231,24240,FALSE,FALSE,9,9,FALSE
0410316,34,2,2,24237,24240,FALSE,TRUE,6,6,FALSE
0410320,1,1,1,24231,24231,FALSE,TRUE,3,3,FALSE
0410321,3,1,1,24231,24231,FALSE,TRUE,3,3,FALSE
0410322,134,3,3,24231,24240,FALSE,FALSE,9,9,FALSE
0410323,1,1,1,24231,24231,FALSE,TRUE,3,3,FALSE
0410325,124,3,3,24231,24240,FALSE,FALSE,9,9,FALSE
0410330,1,1,1,24231,24231,FALSE,TRUE,3,3,FALSE
0410333,234,3,3,24234,24240,FALSE,TRUE,9,9,FALSE
0410334,234,3,3,24234,24240,FALSE,TRUE,9,9,FALSE
0410342,24,2,2,24234,24240,FALSE,FALSE,6,6,FALSE
0410352,4,1,1,24231,24231,FALSE,TRUE,3,3,FALSE
0410354,124,3,3,24231,24240,FALSE,FALSE,9,9,FALSE
0410356,134,3,3,24231,24240,FALSE,FALSE,9,9,FALSE
0410358,34,2,2,24237,24240,FALSE,TRUE,6,6,FALSE
0410362,1,1,1,24231,24231,FALSE,TRUE,3,3,FALSE
0410365,1,1,1,24231,24231,FALSE,TRUE,3,3,FALSE
0410366,4,1,1,24231,24231,FALSE,TRUE,3,3,FALSE
0410370,2,1,1,24234,24234,FALSE,TRUE,3,3,FALSE
0410373,1,1,1,24231,24231,FALSE,TRUE,3,3,FALSE
0410376,1,1,1,24231,24231,FALSE,TRUE,3,3,FALSE
0410377,12,2,2,24231,24234,FALSE,TRUE,6,6,FALSE
0410379,1,1,1,24231,24231,FALSE,TRUE,3,3,FALSE
0410382,1,1,1,24231,24231,FALSE,TRUE,3,3,FALSE
0410386,3,1,1,24237,24237,FALSE,TRUE,3,3,FALSE
0410387,1,1,1,24231,24231,FALSE,TRUE,3,3,FALSE
0410390,234,3,3,24234,24240,FALSE,TRUE,9,9,FALSE
0410392,34,2,2,24231,24234,FALSE,TRUE,6,6,FALSE
0410396,3,1,1,24237,24237,FALSE,TRUE,3,3,FALSE
0410399,12,2,2,24231,24234,FALSE,TRUE,6,6,FALSE
0410402,3,1,1,24231,24231,FALSE,TRUE,3,3,FALSE
0410404,3,1,1,24237,24237,FALSE,TRUE,3,3,FALSE
0410407,1,1,1,24231,24231,FALSE,TRUE,3,3,FALSE
0410413,134,3,3,24231,24240,FALSE,FALSE,9,9,FALSE
0410417,234,3,3,24234,24240,FALSE,TRUE,9,9,FALSE
0410418,123,3,3,24231,24237,FALSE,TRUE,9,9,FALSE
0410422,13,2,2,24231,24237,FALSE,FALSE,6,6,FALSE
0410427,1,1,1,24231,24231,FALSE,TRUE,3,3,FALSE
0410431,23,2,2,24234,24237,FALSE,TRUE,6,6,FALSE
0410435,12,2,2,24231,24234,FALSE,TRUE,6,6,FALSE
0410436,4,1,1,24240,24240,FALSE,TRUE,3,3,FALSE
0410437,3,1,1,24237,24237,FALSE,TRUE,3,3,FALSE
0410446,1,1,1,24231,24231,FALSE,TRUE,3,3,FALSE
0410447,14,2,2,24231,24240,FALSE,FALSE,6,6,FALSE
0410448,4,1,1,24240,24240,FALSE,TRUE,3,3,FALSE
0410451,1,1,1,24231,24231,FALSE,TRUE,3,3,FALSE
0410452,123,3,3,24231,24237,FALSE,TRUE,9,9,FALSE
0410455,1,1,1,24231,24231,FALSE,TRUE,3,3,FALSE
0410457,1,1,1,24231,24231,FALSE,TRUE,3,3,FALSE
0410461,12,2,2,24231,24234,FALSE,TRUE,6,6,FALSE
0410464,14,2,2,24231,24240,FALSE,FALSE,6,6,FALSE
0410465,23,2,2,24234,24237,FALSE,TRUE,6,6,FALSE
0410470,134,3,3,24231,24240,FALSE,FALSE,9,9,FALSE
0410471,4,1,1,24240,24240,FALSE,TRUE,3,3,FALSE
0410479,12,2,2,24231,24234,FALSE,TRUE,6,6,FALSE
0410480,134,3,3,24231,24240,FALSE,FALSE,9,9,FALSE
0410481,2,1,1,24234,24234,FALSE,TRUE,3,3,FALSE
0410482,4,1,1,24231,24231,FALSE,TRUE,3,3,FALSE
0410484,13,2,2,24231,24237,FALSE,FALSE,6,6,FALSE
0410485,1,1,1,24231,24231,FALSE,TRUE,3,3,FALSE
0410488,234,3,3,24234,24240,FALSE,TRUE,9,9,FALSE
0410495,1,1,1,24231,24231,FALSE,TRUE,3,3,FALSE
0410500,134,3,3,24231,24240,FALSE,FALSE,9,9,FALSE
0410502,2,1,1,24234,24234,FALSE,TRUE,3,3,FALSE
0410505,134,3,3,24231,24240,FALSE,FALSE,9,9,FALSE
0410508,34,2,2,24237,24240,FALSE,TRUE,6,6,FALSE
0410512,12,2,2,24231,24234,FALSE,TRUE,6,6,FALSE
0410515,123,3,3,24231,24237,FALSE,TRUE,9,9,FALSE
0410516,1,1,1,24231,24231,FALSE,TRUE,3,3,FALSE
0410517,234,3,3,24234,24240,FALSE,TRUE,9,9,FALSE
0410519,4,1,1,24240,24240,FALSE,TRUE,3,3,FALSE
0410520,1,1,1,24231,24231,FALSE,TRUE,3,3,FALSE
0410530,12,2,2,24231,24234,FALSE,TRUE,6,6,FALSE
0410534,2,1,1,24234,24234,FALSE,TRUE,3,3,FALSE
0410537,3,1,1,24237,24237,FALSE,TRUE,3,3,FALSE
0410538,123,3,3,24231,24237,FALSE,TRUE,9,9,FALSE
0410543,12,2,2,24231,24234,FALSE,TRUE,6,6,FALSE
0410544,1,1,1,24231,24231,FALSE,TRUE,3,3,FALSE
0410546,3,1,1,24237,24237,FALSE,TRUE,3,3,FALSE
0410547,1,1,1,24231,24231,FALSE,TRUE,3,3,FALSE
0410550,3,1,1,24231,24231,FALSE,TRUE,3,3,FALSE
0410551,3,1,1,24237,24237,FALSE,TRUE,3,3,FALSE
0410553,123,3,3,24231,24237,FALSE,TRUE,9,9,FALSE
0410554,123,3,3,24231,24237,FALSE,TRUE,9,9,FALSE
0410562,34,2,2,24237,24240,FALSE,TRUE,6,6,FALSE
0410565,34,2,2,24237,24240,FALSE,TRUE,6,6,FALSE
0410572,1,1,1,24231,24231,FALSE,TRUE,3,3,FALSE
0410573,123,3,3,24231,24237,FALSE,TRUE,9,9,FALSE
0410588,3,1,1,24231,24231,FALSE,TRUE,3,3,FALSE
0410589,2,1,1,24234,24234,FALSE,TRUE,3,3,FALSE
0410591,234,3,3,24234,24240,FALSE,TRUE,9,9,FALSE
0410594,2,1,1,24234,24234,FALSE,TRUE,3,3,FALSE
0410595,234,3,3,24234,24240,FALSE,TRUE,9,9,FALSE
0410597,24,2,2,24234,24240,FALSE,FALSE,6,6,FALSE
0410598,234,3,3,24234,24240,FALSE,TRUE,9,9,FALSE
0410599,124,3,3,24231,24240,FALSE,FALSE,9,9,FALSE
0410600,3,1,1,24237,24237,FALSE,TRUE,3,3,FALSE
0410601,1,1,1,24231,24231,FALSE,TRUE,3,3,FALSE
0410602,1,1,1,24231,24231,FALSE,TRUE,3,3,FALSE
0410603,3,1,1,24237,24237,FALSE,TRUE,3,3,FALSE
0410604,12,2,2,24231,24234,FALSE,TRUE,6,6,FALSE
0410608,1,1,1,24231,24231,FALSE,TRUE,3,3,FALSE
0410611,124,3,3,24231,24240,FALSE,FALSE,9,9,FALSE
0410616,123,3,3,24231,24237,FALSE,TRUE,9,9,FALSE
0410617,1,1,1,24231,24231,FALSE,TRUE,3,3,FALSE
0410618,34,2,2,24237,24240,FALSE,TRUE,6,6,FALSE
0410619,3,1,1,24231,24231,FALSE,TRUE,3,3,FALSE
0410620,1,1,1,24231,24231,FALSE,TRUE,3,3,FALSE
0410625,12,2,2,24231,24234,FALSE,TRUE,6,6,FALSE
0410633,1,1,1,24231,24231,FALSE,TRUE,3,3,FALSE
0410635,1,1,1,24231,24231,FALSE,TRUE,3,3,FALSE
0410637,124,3,3,24231,24240,FALSE,FALSE,9,9,FALSE
0410638,2,1,1,24234,24234,FALSE,TRUE,3,3,FALSE
0410639,12,2,2,24231,24234,FALSE,TRUE,6,6,FALSE
0410644,4,1,1,24231,24231,FALSE,TRUE,3,3,FALSE
0410649,234,3,3,24234,24240,FALSE,TRUE,9,9,FALSE
0410650,123,3,3,24231,24237,FALSE,TRUE,9,9,FALSE
0410653,34,2,2,24231,24234,FALSE,TRUE,6,6,FALSE
0410656,234,3,3,24234,24240,FALSE,TRUE,9,9,FALSE
0410657,12,2,2,24231,24234,FALSE,TRUE,6,6,FALSE
0410658,12,2,2,24231,24234,FALSE,TRUE,6,6,FALSE
0410660,234,3,3,24234,24240,FALSE,TRUE,9,9,FALSE
0410661,1,1,1,24231,24231,FALSE,TRUE,3,3,FALSE
0410666,1,1,1,24231,24231,FALSE,TRUE,3,3,FALSE
0410667,1,1,1,24231,24231,FALSE,TRUE,3,3,FALSE
0410672,23,2,2,24234,24237,FALSE,TRUE,6,6,FALSE
0410673,3,1,1,24237,24237,FALSE,TRUE,3,3,FALSE
0410676,14,2,2,24231,24240,FALSE,FALSE,6,6,FALSE
0410682,1,1,1,24231,24231,FALSE,TRUE,3,3,FALSE
0410687,4,1,1,24240,24240,FALSE,TRUE,3,3,FALSE
0410688,123,3,3,24231,24237,FALSE,TRUE,9,9,FALSE
0410689,1,1,1,24231,24231,FALSE,TRUE,3,3,FALSE
0410690,134,3,3,24231,24240,FALSE,FALSE,9,9,FALSE
0410693,123,3,3,24231,24237,FALSE,TRUE,9,9,FALSE
0410696,1,1,1,24231,24231,FALSE,TRUE,3,3,FALSE
0410697,234,3,3,24234,24240,FALSE,TRUE,9,9,FALSE
0410698,1,1,1,24231,24231,FALSE,TRUE,3,3,FALSE
0410701,234,3,3,24231,24237,FALSE,TRUE,9,9,FALSE
0410705,12,2,2,24231,24234,FALSE,TRUE,6,6,FALSE
0410711,1,1,1,24231,24231,FALSE,TRUE,3,3,FALSE
0410713,12,2,2,24231,24234,FALSE,TRUE,6,6,FALSE
0410715,4,1,1,24231,24231,FALSE,TRUE,3,3,FALSE
0410724,1,1,1,24231,24231,FALSE,TRUE,3,3,FALSE
0410729,1,1,1,24231,24231,FALSE,TRUE,3,3,FALSE
0410731,234,3,3,24234,24240,FALSE,TRUE,9,9,FALSE
0410732,12,2,2,24231,24234,FALSE,TRUE,6,6,FALSE
0410737,1,1,1,24231,24231,FALSE,TRUE,3,3,FALSE
0410738,234,3,3,24234,24240,FALSE,TRUE,9,9,FALSE
0410742,34,2,2,24237,24240,FALSE,TRUE,6,6,FALSE
0410743,1,1,1,24231,24231,FALSE,TRUE,3,3,FALSE
0410747,3,1,1,24237,24237,FALSE,TRUE,3,3,FALSE
0410748,234,3,3,24231,24237,FALSE,TRUE,9,9,FALSE
0410752,1,1,1,24231,24231,FALSE,TRUE,3,3,FALSE
0410756,1,1,1,24231,24231,FALSE,TRUE,3,3,FALSE
0410757,2,1,1,24234,24234,FALSE,TRUE,3,3,FALSE
0410761,12,2,2,24231,24234,FALSE,TRUE,6,6,FALSE
0410763,34,2,2,24237,24240,FALSE,TRUE,6,6,FALSE
0410775,234,3,3,24234,24240,FALSE,TRUE,9,9,FALSE
0410778,124,3,3,24231,24240,FALSE,FALSE,9,9,FALSE
0410779,2,1,1,24234,24234,FALSE,TRUE,3,3,FALSE
0410789,124,3,3,24231,24240,FALSE,FALSE,9,9,FALSE
0410794,14,2,2,24231,24240,FALSE,FALSE,6,6,FALSE
0410800,13,2,2,24231,24237,FALSE,FALSE,6,6,FALSE
0410801,2,1,1,24234,24234,FALSE,TRUE,3,3,FALSE
0410802,124,3,3,24231,24240,FALSE,FALSE,9,9,FALSE
0410805,1,1,1,24231,24231,FALSE,TRUE,3,3,FALSE
0410806,1,1,1,24231,24231,FALSE,TRUE,3,3,FALSE
0410815,124,3,3,24231,24240,FALSE,FALSE,9,9,FALSE
0410817,14,2,2,24231,24240,FALSE,FALSE,6,6,FALSE
0410819,34,2,2,24237,24240,FALSE,TRUE,6,6,FALSE
0410822,234,3,3,24234,24240,FALSE,TRUE,9,9,FALSE
0410826,12,2,2,24231,24234,FALSE,TRUE,6,6,FALSE
0410827,12,2,2,24231,24234,FALSE,TRUE,6,6,FALSE
0410828,234,3,3,24234,24240,FALSE,TRUE,9,9,FALSE
0410831,2,1,1,24234,24234,FALSE,TRUE,3,3,FALSE
0410842,124,3,3,24231,24240,FALSE,FALSE,9,9,FALSE
0410843,4,1,1,24231,24231,FALSE,TRUE,3,3,FALSE
0410844,2,1,1,24234,24234,FALSE,TRUE,3,3,FALSE
0410845,4,1,1,24240,24240,FALSE,TRUE,3,3,FALSE
0410849,234,3,3,24234,24240,FALSE,TRUE,9,9,FALSE
0410856,234,3,3,24234,24240,FALSE,TRUE,9,9,FALSE
0410859,2,1,1,24234,24234,FALSE,TRUE,3,3,FALSE
0410860,2,1,1,24234,24234,FALSE,TRUE,3,3,FALSE
0410862,1,1,1,24231,24231,FALSE,TRUE,3,3,FALSE
0410865,34,2,2,24237,24240,FALSE,TRUE,6,6,FALSE
0410868,24,2,2,24234,24240,FALSE,FALSE,6,6,FALSE
0410877,1,1,1,24231,24231,FALSE,TRUE,3,3,FALSE
0410879,14,2,2,24231,24240,FALSE,FALSE,6,6,FALSE
0410880,13,2,2,24231,24237,FALSE,FALSE,6,6,FALSE
0410882,1,1,1,24231,24231,FALSE,TRUE,3,3,FALSE
0410889,24,2,2,24234,24240,FALSE,FALSE,6,6,FALSE
0410890,1,1,1,24231,24231,FALSE,TRUE,3,3,FALSE
0410893,23,2,2,24234,24237,FALSE,TRUE,6,6,FALSE
0410895,23,2,2,24234,24237,FALSE,TRUE,6,6,FALSE
0410900,34,2,2,24237,24240,FALSE,TRUE,6,6,FALSE
0410901,2,1,1,24234,24234,FALSE,TRUE,3,3,FALSE
0410903,134,3,3,24231,24240,FALSE,FALSE,9,9,FALSE
0410906,234,3,3,24234,24240,FALSE,TRUE,9,9,FALSE
0410909,12,2,2,24231,24234,FALSE,TRUE,6,6,FALSE
0410910,34,2,2,24237,24240,FALSE,TRUE,6,6,FALSE
0410918,234,3,3,24234,24240,FALSE,TRUE,9,9,FALSE
0410919,234,3,3,24234,24240,FALSE,TRUE,9,9,FALSE
0410923,1,1,1,24231,24231,FALSE,TRUE,3,3,FALSE
0410924,34,2,2,24237,24240,FALSE,TRUE,6,6,FALSE
0410928,1,1,1,24231,24231,FALSE,TRUE,3,3,FALSE
0410930,123,3,3,24231,24237,FALSE,TRUE,9,9,FALSE
0410932,1,1,1,24231,24231,FALSE,TRUE,3,3,FALSE
0410936,234,3,3,24234,24240,FALSE,TRUE,9,9,FALSE
0410938,13,2,2,24231,24237,FALSE,FALSE,6,6,FALSE
0410939,1,1,1,24231,24231,FALSE,TRUE,3,3,FALSE
0410940,34,2,2,24237,24240,FALSE,TRUE,6,6,FALSE
0410941,12,2,2,24231,24234,FALSE,TRUE,6,6,FALSE
0410942,3,1,1,24237,24237,FALSE,TRUE,3,3,FALSE
0410944,3,1,1,24237,24237,FALSE,TRUE,3,3,FALSE
0410945,234,3,3,24234,24240,FALSE,TRUE,9,9,FALSE
0410946,3,1,1,24237,24237,FALSE,TRUE,3,3,FALSE
0410947,1,1,1,24231,24231,FALSE,TRUE,3,3,FALSE
0410948,1,1,1,24231,24231,FALSE,TRUE,3,3,FALSE
0410951,234,3,3,24234,24240,FALSE,TRUE,9,9,FALSE
0410953,1,1,1,24231,24231,FALSE,TRUE,3,3,FALSE
0410954,1,1,1,24231,24231,FALSE,TRUE,3,3,FALSE
0410957,12,2,2,24231,24234,FALSE,TRUE,6,6,FALSE
0410959,34,2,2,24237,24240,FALSE,TRUE,6,6,FALSE
0410964,2,1,1,24234,24234,FALSE,TRUE,3,3,FALSE
0410966,123,3,3,24231,24237,FALSE,TRUE,9,9,FALSE
0410972,234,3,3,24234,24240,FALSE,TRUE,9,9,FALSE
0410974,24,2,2,24234,24240,FALSE,FALSE,6,6,FALSE
0410975,234,3,3,24234,24240,FALSE,TRUE,9,9,FALSE
0410977,14,2,2,24231,24240,FALSE,FALSE,6,6,FALSE
0410978,123,3,3,24231,24237,FALSE,TRUE,9,9,FALSE
0410979,123,3,3,24231,24237,FALSE,TRUE,9,9,FALSE
0410986,234,3,3,24234,24240,FALSE,TRUE,9,9,FALSE
0410989,124,3,3,24231,24240,FALSE,FALSE,9,9,FALSE
0410991,234,3,3,24234,24240,FALSE,TRUE,9,9,FALSE
0410993,34,2,2,24237,24240,FALSE,TRUE,6,6,FALSE
0410999,4,1,1,24240,24240,FALSE,TRUE,3,3,FALSE
0411003,1,1,1,24231,24231,FALSE,TRUE,3,3,FALSE
0411010,34,2,2,24237,24240,FALSE,TRUE,6,6,FALSE
0411011,134,3,3,24231,24240,FALSE,FALSE,9,9,FALSE
0411012,34,2,2,24237,24240,FALSE,TRUE,6,6,FALSE
0411013,124,3,3,24231,24240,FALSE,FALSE,9,9,FALSE
0411014,34,2,2,24237,24240,FALSE,TRUE,6,6,FALSE
0411015,124,3,3,24231,24240,FALSE,FALSE,9,9,FALSE
0411019,134,3,3,24231,24240,FALSE,FALSE,9,9,FALSE
0411022,234,3,3,24234,24240,FALSE,TRUE,9,9,FALSE
0411024,123,3,3,24231,24237,FALSE,TRUE,9,9,FALSE
0411026,34,2,2,24237,24240,FALSE,TRUE,6,6,FALSE
0411028,123,3,3,24231,24237,FALSE,TRUE,9,9,FALSE
0411030,123,3,3,24231,24237,FALSE,TRUE,9,9,FALSE
0411034,1,1,1,24231,24231,FALSE,TRUE,3,3,FALSE
0411039,234,3,3,24234,24240,FALSE,TRUE,9,9,FALSE
0411040,13,2,2,24231,24237,FALSE,FALSE,6,6,FALSE
0411043,234,3,3,24234,24240,FALSE,TRUE,9,9,FALSE
0411045,14,2,2,24231,24240,FALSE,FALSE,6,6,FALSE
0411048,234,3,3,24234,24240,FALSE,TRUE,9,9,FALSE
0411051,1,1,1,24231,24231,FALSE,TRUE,3,3,FALSE
0411053,1,1,1,24231,24231,FALSE,TRUE,3,3,FALSE
0411056,234,3,3,24234,24240,FALSE,TRUE,9,9,FALSE
0411061,123,3,3,24231,24237,FALSE,TRUE,9,9,FALSE
0411063,1,1,1,24231,24231,FALSE,TRUE,3,3,FALSE
0411066,1,1,1,24231,24231,FALSE,TRUE,3,3,FALSE
0411069,12,2,2,24231,24234,FALSE,TRUE,6,6,FALSE
0411075,13,2,2,24231,24237,FALSE,FALSE,6,6,FALSE
0411082,4,1,1,24240,24240,FALSE,TRUE,3,3,FALSE
0411084,234,3,3,24234,24240,FALSE,TRUE,9,9,FALSE
0411086,1,1,1,24231,24231,FALSE,TRUE,3,3,FALSE
0411087,234,3,3,24234,24240,FALSE,TRUE,9,9,FALSE
0411090,12,2,2,24231,24234,FALSE,TRUE,6,6,FALSE
0411091,12,2,2,24231,24234,FALSE,TRUE,6,6,FALSE
0411094,1,1,1,24231,24231,FALSE,TRUE,3,3,FALSE
0411097,1,1,1,24231,24231,FALSE,TRUE,3,3,FALSE
0411100,234,3,3,24234,24240,FALSE,TRUE,9,9,FALSE
0411103,234,3,3,24234,24240,FALSE,TRUE,9,9,FALSE
0411110,3,1,1,24237,24237,FALSE,TRUE,3,3,FALSE
0411111,12,2,2,24231,24234,FALSE,TRUE,6,6,FALSE
0411113,234,3,3,24234,24240,FALSE,TRUE,9,9,FALSE
0411115,234,3,3,24234,24240,FALSE,TRUE,9,9,FALSE
0411124,1,1,1,24231,24231,FALSE,TRUE,3,3,FALSE
0411125,34,2,2,24237,24240,FALSE,TRUE,6,6,FALSE
0411134,1,1,1,24231,24231,FALSE,TRUE,3,3,FALSE
0411136,13,2,2,24231,24237,FALSE,FALSE,6,6,FALSE
0411137,4,1,1,24240,24240,FALSE,TRUE,3,3,FALSE
0411138,134,3,3,24231,24240,FALSE,FALSE,9,9,FALSE
0411140,234,3,3,24234,24240,FALSE,TRUE,9,9,FALSE
0411141,1,1,1,24231,24231,FALSE,TRUE,3,3,FALSE
0411145,1,1,1,24231,24231,FALSE,TRUE,3,3,FALSE
0411146,1,1,1,24231,24231,FALSE,TRUE,3,3,FALSE
0411147,123,3,3,24231,24237,FALSE,TRUE,9,9,FALSE
0417265,234,3,3,24235,24241,FALSE,TRUE,9,9,FALSE
0417273,234,3,3,24235,24241,FALSE,TRUE,9,9,FALSE
0417275,34,2,2,24238,24241,FALSE,TRUE,6,6,FALSE
0417277,12,2,2,24232,24235,FALSE,TRUE,6,6,FALSE
0417279,4,1,1,24232,24232,FALSE,TRUE,3,3,FALSE
0417282,1,1,1,24232,24232,FALSE,TRUE,3,3,FALSE
0417283,34,2,2,24238,24241,FALSE,TRUE,6,6,FALSE
0417285,34,2,2,24238,24241,FALSE,TRUE,6,6,FALSE
0417286,234,3,3,24235,24241,FALSE,TRUE,9,9,FALSE
0417288,1,1,1,24232,24232,FALSE,TRUE,3,3,FALSE
0417291,234,3,3,24235,24241,FALSE,TRUE,9,9,FALSE
0417294,134,3,3,24232,24241,FALSE,FALSE,9,9,FALSE
0417297,3,1,1,24238,24238,FALSE,TRUE,3,3,FALSE
0417300,1,1,1,24232,24232,FALSE,TRUE,3,3,FALSE
0417302,12,2,2,24232,24235,FALSE,TRUE,6,6,FALSE
0417306,1,1,1,24232,24232,FALSE,TRUE,3,3,FALSE
0417307,3,1,1,24238,24238,FALSE,TRUE,3,3,FALSE
0417310,34,2,2,24238,24241,FALSE,TRUE,6,6,FALSE
0417313,234,3,3,24235,24241,FALSE,TRUE,9,9,FALSE
0417320,13,2,2,24232,24238,FALSE,FALSE,6,6,FALSE
0417323,1,1,1,24232,24232,FALSE,TRUE,3,3,FALSE
0417324,4,1,1,24232,24232,FALSE,TRUE,3,3,FALSE
0417327,234,3,3,24235,24241,FALSE,TRUE,9,9,FALSE
0417328,34,2,2,24232,24235,FALSE,TRUE,6,6,FALSE
0417329,1,1,1,24232,24232,FALSE,TRUE,3,3,FALSE
0417330,134,3,3,24232,24241,FALSE,FALSE,9,9,FALSE
0417332,34,2,2,24238,24241,FALSE,TRUE,6,6,FALSE
0417333,1,1,1,24232,24232,FALSE,TRUE,3,3,FALSE
0417335,2,1,1,24235,24235,FALSE,TRUE,3,3,FALSE
0417337,1,1,1,24232,24232,FALSE,TRUE,3,3,FALSE
0417340,12,2,2,24232,24235,FALSE,TRUE,6,6,FALSE
0417341,23,2,2,24235,24238,FALSE,TRUE,6,6,FALSE
0417343,234,3,3,24235,24241,FALSE,TRUE,9,9,FALSE
0417345,234,3,3,24235,24241,FALSE,TRUE,9,9,FALSE
0417350,124,3,3,24232,24241,FALSE,FALSE,9,9,FALSE
0417353,3,1,1,24238,24238,FALSE,TRUE,3,3,FALSE
0417357,234,3,3,24235,24241,FALSE,TRUE,9,9,FALSE
0417358,4,1,1,24241,24241,FALSE,TRUE,3,3,FALSE
0417366,124,3,3,24232,24241,FALSE,FALSE,9,9,FALSE
0417368,23,2,2,24235,24238,FALSE,TRUE,6,6,FALSE
0417369,1,1,1,24232,24232,FALSE,TRUE,3,3,FALSE
0417370,1,1,1,24232,24232,FALSE,TRUE,3,3,FALSE
0417374,1,1,1,24232,24232,FALSE,TRUE,3,3,FALSE
0417375,1,1,1,24232,24232,FALSE,TRUE,3,3,FALSE
0417377,234,3,3,24235,24241,FALSE,TRUE,9,9,FALSE
0417380,1,1,1,24232,24232,FALSE,TRUE,3,3,FALSE
0417383,234,3,3,24235,24241,FALSE,TRUE,9,9,FALSE
0417384,1,1,1,24232,24232,FALSE,TRUE,3,3,FALSE
0417387,1,1,1,24232,24232,FALSE,TRUE,3,3,FALSE
0417389,1,1,1,24232,24232,FALSE,TRUE,3,3,FALSE
0417392,234,3,3,24235,24241,FALSE,TRUE,9,9,FALSE
0417393,123,3,3,24232,24238,FALSE,TRUE,9,9,FALSE
0417394,3,1,1,24232,24232,FALSE,TRUE,3,3,FALSE
0417400,1,1,1,24232,24232,FALSE,TRUE,3,3,FALSE
0417407,1,1,1,24232,24232,FALSE,TRUE,3,3,FALSE
0417411,1,1,1,24232,24232,FALSE,TRUE,3,3,FALSE
0417414,123,3,3,24232,24238,FALSE,TRUE,9,9,FALSE
0417415,3,1,1,24238,24238,FALSE,TRUE,3,3,FALSE
0417416,1,1,1,24232,24232,FALSE,TRUE,3,3,FALSE
0417417,1,1,1,24232,24232,FALSE,TRUE,3,3,FALSE
0417422,4,1,1,24241,24241,FALSE,TRUE,3,3,FALSE
0417424,234,3,3,24235,24241,FALSE,TRUE,9,9,FALSE
0417426,12,2,2,24232,24235,FALSE,TRUE,6,6,FALSE
0417430,2,1,1,24235,24235,FALSE,TRUE,3,3,FALSE
0417432,4,1,1,24241,24241,FALSE,TRUE,3,3,FALSE
0417433,13,2,2,24232,24238,FALSE,FALSE,6,6,FALSE
0417438,1,1,1,24232,24232,FALSE,TRUE,3,3,FALSE
0417439,13,2,2,24232,24238,FALSE,FALSE,6,6,FALSE
0417440,34,2,2,24232,24235,FALSE,TRUE,6,6,FALSE
0417441,234,3,3,24235,24241,FALSE,TRUE,9,9,FALSE
0417444,234,3,3,24235,24241,FALSE,TRUE,9,9,FALSE
0417446,134,3,3,24232,24241,FALSE,FALSE,9,9,FALSE
0417451,4,1,1,24232,24232,FALSE,TRUE,3,3,FALSE
0417461,234,3,3,24235,24241,FALSE,TRUE,9,9,FALSE
0417462,2,1,1,24235,24235,FALSE,TRUE,3,3,FALSE
0417463,1,1,1,24232,24232,FALSE,TRUE,3,3,FALSE
0417468,1,1,1,24232,24232,FALSE,TRUE,3,3,FALSE
0417473,124,3,3,24232,24241,FALSE,FALSE,9,9,FALSE
0417474,234,3,3,24235,24241,FALSE,TRUE,9,9,FALSE
0417476,134,3,3,24232,24241,FALSE,FALSE,9,9,FALSE
0417477,34,2,2,24232,24235,FALSE,TRUE,6,6,FALSE
0417478,1,1,1,24232,24232,FALSE,TRUE,3,3,FALSE
0417480,34,2,2,24232,24235,FALSE,TRUE,6,6,FALSE
0417482,12,2,2,24232,24235,FALSE,TRUE,6,6,FALSE
0417483,1,1,1,24232,24232,FALSE,TRUE,3,3,FALSE
0417487,123,3,3,24232,24238,FALSE,TRUE,9,9,FALSE
0417488,2,1,1,24232,24232,FALSE,TRUE,3,3,FALSE
0417490,4,1,1,24232,24232,FALSE,TRUE,3,3,FALSE
0417491,1,1,1,24232,24232,FALSE,TRUE,3,3,FALSE
0417496,1,1,1,24232,24232,FALSE,TRUE,3,3,FALSE
0417498,23,2,2,24235,24238,FALSE,TRUE,6,6,FALSE
0417499,1,1,1,24232,24232,FALSE,TRUE,3,3,FALSE
0417500,234,3,3,24235,24241,FALSE,TRUE,9,9,FALSE
0417502,1,1,1,24232,24232,FALSE,TRUE,3,3,FALSE
0417503,12,2,2,24232,24235,FALSE,TRUE,6,6,FALSE
0417505,14,2,2,24232,24241,FALSE,FALSE,6,6,FALSE
0417506,12,2,2,24232,24235,FALSE,TRUE,6,6,FALSE
0417507,123,3,3,24232,24238,FALSE,TRUE,9,9,FALSE
0417508,4,1,1,24232,24232,FALSE,TRUE,3,3,FALSE
0417509,234,3,3,24235,24241,FALSE,TRUE,9,9,FALSE
0417519,134,3,3,24232,24241,FALSE,FALSE,9,9,FALSE
0417520,3,1,1,24238,24238,FALSE,TRUE,3,3,FALSE
0417522,1,1,1,24232,24232,FALSE,TRUE,3,3,FALSE
0417523,4,1,1,24232,24232,FALSE,TRUE,3,3,FALSE
0417528,1,1,1,24232,24232,FALSE,TRUE,3,3,FALSE
0417529,23,2,2,24235,24238,FALSE,TRUE,6,6,FALSE
0417535,123,3,3,24232,24238,FALSE,TRUE,9,9,FALSE
0417537,12,2,2,24232,24235,FALSE,TRUE,6,6,FALSE
0417543,134,3,3,24232,24241,FALSE,FALSE,9,9,FALSE
0417546,4,1,1,24241,24241,FALSE,TRUE,3,3,FALSE
0417547,3,1,1,24232,24232,FALSE,TRUE,3,3,FALSE
0417549,234,3,3,24235,24241,FALSE,TRUE,9,9,FALSE
0417551,2,1,1,24235,24235,FALSE,TRUE,3,3,FALSE
0417555,1,1,1,24232,24232,FALSE,TRUE,3,3,FALSE
0417557,12,2,2,24232,24235,FALSE,TRUE,6,6,FALSE
0417561,234,3,3,24235,24241,FALSE,TRUE,9,9,FALSE
0417567,1,1,1,24232,24232,FALSE,TRUE,3,3,FALSE
0417568,12,2,2,24232,24235,FALSE,TRUE,6,6,FALSE
0417570,2,1,1,24235,24235,FALSE,TRUE,3,3,FALSE
0417572,34,2,2,24238,24241,FALSE,TRUE,6,6,FALSE
0417574,123,3,3,24232,24238,FALSE,TRUE,9,9,FALSE
0417577,34,2,2,24232,24235,FALSE,TRUE,6,6,FALSE
0417578,34,2,2,24238,24241,FALSE,TRUE,6,6,FALSE
0417586,124,3,3,24232,24241,FALSE,FALSE,9,9,FALSE
0417587,1,1,1,24232,24232,FALSE,TRUE,3,3,FALSE
0417596,24,2,2,24235,24241,FALSE,FALSE,6,6,FALSE
0417601,34,2,2,24238,24241,FALSE,TRUE,6,6,FALSE
0417603,3,1,1,24238,24238,FALSE,TRUE,3,3,FALSE
0417604,4,1,1,24241,24241,FALSE,TRUE,3,3,FALSE
0417606,24,2,2,24235,24241,FALSE,FALSE,6,6,FALSE
0417607,1,1,1,24232,24232,FALSE,TRUE,3,3,FALSE
0417617,12,2,2,24232,24235,FALSE,TRUE,6,6,FALSE
0417625,12,2,2,24232,24235,FALSE,TRUE,6,6,FALSE
0417632,234,3,3,24235,24241,FALSE,TRUE,9,9,FALSE
0417633,123,3,3,24232,24238,FALSE,TRUE,9,9,FALSE
0417634,2,1,1,24235,24235,FALSE,TRUE,3,3,FALSE
0417636,4,1,1,24232,24232,FALSE,TRUE,3,3,FALSE
0417637,1,1,1,24232,24232,FALSE,TRUE,3,3,FALSE
0417639,234,3,3,24235,24241,FALSE,TRUE,9,9,FALSE
0417640,134,3,3,24232,24241,FALSE,FALSE,9,9,FALSE
0417642,1,1,1,24232,24232,FALSE,TRUE,3,3,FALSE
0417644,1,1,1,24232,24232,FALSE,TRUE,3,3,FALSE
0417645,3,1,1,24238,24238,FALSE,TRUE,3,3,FALSE
0417647,1,1,1,24232,24232,FALSE,TRUE,3,3,FALSE
0417649,13,2,2,24232,24238,FALSE,FALSE,6,6,FALSE
0417651,34,2,2,24238,24241,FALSE,TRUE,6,6,FALSE
0417652,12,2,2,24232,24235,FALSE,TRUE,6,6,FALSE
0417654,124,3,3,24232,24241,FALSE,FALSE,9,9,FALSE
0417655,34,2,2,24238,24241,FALSE,TRUE,6,6,FALSE
0417656,1,1,1,24232,24232,FALSE,TRUE,3,3,FALSE
0417657,123,3,3,24232,24238,FALSE,TRUE,9,9,FALSE
0417661,34,2,2,24238,24241,FALSE,TRUE,6,6,FALSE
0417664,34,2,2,24235,24238,FALSE,TRUE,6,6,FALSE
0417666,4,1,1,24232,24232,FALSE,TRUE,3,3,FALSE
0417669,124,3,3,24232,24241,FALSE,FALSE,9,9,FALSE
0417670,1,1,1,24232,24232,FALSE,TRUE,3,3,FALSE
0417674,34,2,2,24238,24241,FALSE,TRUE,6,6,FALSE
0417679,2,1,1,24235,24235,FALSE,TRUE,3,3,FALSE
0417689,2,1,1,24235,24235,FALSE,TRUE,3,3,FALSE
0417692,34,2,2,24238,24241,FALSE,TRUE,6,6,FALSE
0417693,123,3,3,24232,24238,FALSE,TRUE,9,9,FALSE
0417695,34,2,2,24238,24241,FALSE,TRUE,6,6,FALSE
0417697,2,1,1,24235,24235,FALSE,TRUE,3,3,FALSE
0417698,1,1,1,24232,24232,FALSE,TRUE,3,3,FALSE
0417701,12,2,2,24232,24235,FALSE,TRUE,6,6,FALSE
0417702,2,1,1,24235,24235,FALSE,TRUE,3,3,FALSE
0417703,124,3,3,24232,24241,FALSE,FALSE,9,9,FALSE
0417705,4,1,1,24241,24241,FALSE,TRUE,3,3,FALSE
0417706,1,1,1,24232,24232,FALSE,TRUE,3,3,FALSE
0417707,34,2,2,24238,24241,FALSE,TRUE,6,6,FALSE
0417708,23,2,2,24235,24238,FALSE,TRUE,6,6,FALSE
0417709,234,3,3,24235,24241,FALSE,TRUE,9,9,FALSE
0417710,1,1,1,24232,24232,FALSE,TRUE,3,3,FALSE
0417713,1,1,1,24232,24232,FALSE,TRUE,3,3,FALSE
0417714,1,1,1,24232,24232,FALSE,TRUE,3,3,FALSE
0417722,1,1,1,24232,24232,FALSE,TRUE,3,3,FALSE
0417724,4,1,1,24241,24241,FALSE,TRUE,3,3,FALSE
0417726,123,3,3,24232,24238,FALSE,TRUE,9,9,FALSE
0417728,2,1,1,24235,24235,FALSE,TRUE,3,3,FALSE
0417729,234,3,3,24235,24241,FALSE,TRUE,9,9,FALSE
0417733,34,2,2,24238,24241,FALSE,TRUE,6,6,FALSE
0417735,23,2,2,24235,24238,FALSE,TRUE,6,6,FALSE
0417736,234,3,3,24235,24241,FALSE,TRUE,9,9,FALSE
0417738,1,1,1,24232,24232,FALSE,TRUE,3,3,FALSE
0417744,4,1,1,24241,24241,FALSE,TRUE,3,3,FALSE
0417749,1,1,1,24232,24232,FALSE,TRUE,3,3,FALSE
0417750,4,1,1,24241,24241,FALSE,TRUE,3,3,FALSE
0417751,124,3,3,24232,24241,FALSE,FALSE,9,9,FALSE
0417757,23,2,2,24235,24238,FALSE,TRUE,6,6,FALSE
0417759,23,2,2,24235,24238,FALSE,TRUE,6,6,FALSE
0417761,4,1,1,24241,24241,FALSE,TRUE,3,3,FALSE
0417764,24,2,2,24235,24241,FALSE,FALSE,6,6,FALSE
0417768,3,1,1,24238,24238,FALSE,TRUE,3,3,FALSE
0417769,34,2,2,24238,24241,FALSE,TRUE,6,6,FALSE
0417770,1,1,1,24232,24232,FALSE,TRUE,3,3,FALSE
0417772,3,1,1,24238,24238,FALSE,TRUE,3,3,FALSE
0417773,34,2,2,24238,24241,FALSE,TRUE,6,6,FALSE
0417775,3,1,1,24238,24238,FALSE,TRUE,3,3,FALSE
0417780,23,2,2,24235,24238,FALSE,TRUE,6,6,FALSE
0417797,234,3,3,24235,24241,FALSE,TRUE,9,9,FALSE
0417801,3,1,1,24238,24238,FALSE,TRUE,3,3,FALSE
0417804,34,2,2,24232,24235,FALSE,TRUE,6,6,FALSE
0417806,34,2,2,24238,24241,FALSE,TRUE,6,6,FALSE
0417808,12,2,2,24232,24235,FALSE,TRUE,6,6,FALSE
0417810,12,2,2,24232,24235,FALSE,TRUE,6,6,FALSE
0417822,1,1,1,24232,24232,FALSE,TRUE,3,3,FALSE
0417823,234,3,3,24235,24241,FALSE,TRUE,9,9,FALSE
0417825,12,2,2,24232,24235,FALSE,TRUE,6,6,FALSE
0417826,4,1,1,24241,24241,FALSE,TRUE,3,3,FALSE
0417831,1,1,1,24232,24232,FALSE,TRUE,3,3,FALSE
0417832,2,1,1,24235,24235,FALSE,TRUE,3,3,FALSE
0417842,124,3,3,24232,24241,FALSE,FALSE,9,9,FALSE
0417844,12,2,2,24232,24235,FALSE,TRUE,6,6,FALSE
0417850,123,3,3,24232,24238,FALSE,TRUE,9,9,FALSE
0417853,1,1,1,24232,24232,FALSE,TRUE,3,3,FALSE
0417854,34,2,2,24238,24241,FALSE,TRUE,6,6,FALSE
0417861,234,3,3,24235,24241,FALSE,TRUE,9,9,FALSE
0417862,12,2,2,24232,24235,FALSE,TRUE,6,6,FALSE
0417863,34,2,2,24238,24241,FALSE,TRUE,6,6,FALSE
0417866,1,1,1,24232,24232,FALSE,TRUE,3,3,FALSE
0417869,1,1,1,24232,24232,FALSE,TRUE,3,3,FALSE
0417870,234,3,3,24235,24241,FALSE,TRUE,9,9,FALSE
0417873,1,1,1,24232,24232,FALSE,TRUE,3,3,FALSE
0417875,123,3,3,24232,24238,FALSE,TRUE,9,9,FALSE
0417876,234,3,3,24235,24241,FALSE,TRUE,9,9,FALSE
0417879,1,1,1,24232,24232,FALSE,TRUE,3,3,FALSE
0417880,12,2,2,24232,24235,FALSE,TRUE,6,6,FALSE
0417882,124,3,3,24232,24241,FALSE,FALSE,9,9,FALSE
0417886,134,3,3,24232,24241,FALSE,FALSE,9,9,FALSE
0417887,124,3,3,24232,24241,FALSE,FALSE,9,9,FALSE
0417891,34,2,2,24238,24241,FALSE,TRUE,6,6,FALSE
0417893,3,1,1,24238,24238,FALSE,TRUE,3,3,FALSE
0417898,12,2,2,24232,24235,FALSE,TRUE,6,6,FALSE
0417900,134,3,3,24232,24241,FALSE,FALSE,9,9,FALSE
0417905,34,2,2,24232,24235,FALSE,TRUE,6,6,FALSE
0417911,12,2,2,24232,24235,FALSE,TRUE,6,6,FALSE
0417913,1,1,1,24232,24232,FALSE,TRUE,3,3,FALSE
0417914,3,1,1,24238,24238,FALSE,TRUE,3,3,FALSE
0417916,1,1,1,24232,24232,FALSE,TRUE,3,3,FALSE
0417917,234,3,3,24235,24241,FALSE,TRUE,9,9,FALSE
0417918,23,2,2,24232,24235,FALSE,TRUE,6,6,FALSE
0417923,34,2,2,24238,24241,FALSE,TRUE,6,6,FALSE
0417925,12,2,2,24232,24235,FALSE,TRUE,6,6,FALSE
0417926,23,2,2,24235,24238,FALSE,TRUE,6,6,FALSE
0417929,123,3,3,24232,24238,FALSE,TRUE,9,9,FALSE
0417931,123,3,3,24232,24238,FALSE,TRUE,9,9,FALSE
0417932,12,2,2,24232,24235,FALSE,TRUE,6,6,FALSE
0417933,4,1,1,24241,24241,FALSE,TRUE,3,3,FALSE
0417936,234,3,3,24235,24241,FALSE,TRUE,9,9,FALSE
0417945,2,1,1,24235,24235,FALSE,TRUE,3,3,FALSE
0417946,234,3,3,24235,24241,FALSE,TRUE,9,9,FALSE
0417949,234,3,3,24235,24241,FALSE,TRUE,9,9,FALSE
0417953,3,1,1,24238,24238,FALSE,TRUE,3,3,FALSE
0417957,234,3,3,24235,24241,FALSE,TRUE,9,9,FALSE
0417958,1,1,1,24232,24232,FALSE,TRUE,3,3,FALSE
0417961,234,3,3,24235,24241,FALSE,TRUE,9,9,FALSE
0417963,4,1,1,24241,24241,FALSE,TRUE,3,3,FALSE
0417966,34,2,2,24238,24241,FALSE,TRUE,6,6,FALSE
0417968,12,2,2,24232,24235,FALSE,TRUE,6,6,FALSE
0417969,4,1,1,24241,24241,FALSE,TRUE,3,3,FALSE
0417972,234,3,3,24235,24241,FALSE,TRUE,9,9,FALSE
0417974,1,1,1,24232,24232,FALSE,TRUE,3,3,FALSE
0417978,234,3,3,24235,24241,FALSE,TRUE,9,9,FALSE
0417983,1,1,1,24232,24232,FALSE,TRUE,3,3,FALSE
0417984,2,1,1,24235,24235,FALSE,TRUE,3,3,FALSE
0417990,13,2,2,24232,24238,FALSE,FALSE,6,6,FALSE
0417991,234,3,3,24232,24238,FALSE,TRUE,9,9,FALSE
0417995,124,3,3,24232,24241,FALSE,FALSE,9,9,FALSE
0417998,12,2,2,24232,24235,FALSE,TRUE,6,6,FALSE
0417999,234,3,3,24235,24241,FALSE,TRUE,9,9,FALSE
0418003,3,1,1,24238,24238,FALSE,TRUE,3,3,FALSE
0418006,124,3,3,24232,24241,FALSE,FALSE,9,9,FALSE
0418007,1,1,1,24232,24232,FALSE,TRUE,3,3,FALSE
0418009,234,3,3,24235,24241,FALSE,TRUE,9,9,FALSE
0418014,4,1,1,24232,24232,FALSE,TRUE,3,3,FALSE
0418015,3,1,1,24238,24238,FALSE,TRUE,3,3,FALSE
0418017,14,2,2,24232,24241,FALSE,FALSE,6,6,FALSE
0418019,4,1,1,24241,24241,FALSE,TRUE,3,3,FALSE
0418021,123,3,3,24232,24238,FALSE,TRUE,9,9,FALSE
0418024,1,1,1,24232,24232,FALSE,TRUE,3,3,FALSE
0418027,34,2,2,24238,24241,FALSE,TRUE,6,6,FALSE
0418028,13,2,2,24232,24238,FALSE,FALSE,6,6,FALSE
0418031,134,3,3,24232,24241,FALSE,FALSE,9,9,FALSE
0418033,234,3,3,24235,24241,FALSE,TRUE,9,9,FALSE
0418034,124,3,3,24232,24241,FALSE,FALSE,9,9,FALSE
0418036,1,1,1,24232,24232,FALSE,TRUE,3,3,FALSE
0418038,1,1,1,24232,24232,FALSE,TRUE,3,3,FALSE
0418043,13,2,2,24232,24238,FALSE,FALSE,6,6,FALSE
0418048,4,1,1,24241,24241,FALSE,TRUE,3,3,FALSE
0418051,4,1,1,24232,24232,FALSE,TRUE,3,3,FALSE
0418052,4,1,1,24241,24241,FALSE,TRUE,3,3,FALSE
0418053,14,2,2,24232,24241,FALSE,FALSE,6,6,FALSE
0418054,23,2,2,24235,24238,FALSE,TRUE,6,6,FALSE
0418056,2,1,1,24235,24235,FALSE,TRUE,3,3,FALSE
0418059,1,1,1,24232,24232,FALSE,TRUE,3,3,FALSE
0418061,12,2,2,24232,24235,FALSE,TRUE,6,6,FALSE
0418064,123,3,3,24232,24238,FALSE,TRUE,9,9,FALSE
0418070,24,2,2,24235,24241,FALSE,FALSE,6,6,FALSE
0418071,34,2,2,24238,24241,FALSE,TRUE,6,6,FALSE
0418074,234,3,3,24235,24241,FALSE,TRUE,9,9,FALSE
0418075,1,1,1,24232,24232,FALSE,TRUE,3,3,FALSE
0418077,124,3,3,24232,24241,FALSE,FALSE,9,9,FALSE
0418079,34,2,2,24238,24241,FALSE,TRUE,6,6,FALSE
0418081,1,1,1,24232,24232,FALSE,TRUE,3,3,FALSE
0418082,2,1,1,24235,24235,FALSE,TRUE,3,3,FALSE
0418086,234,3,3,24235,24241,FALSE,TRUE,9,9,FALSE
0418088,134,3,3,24232,24241,FALSE,FALSE,9,9,FALSE
0418089,4,1,1,24232,24232,FALSE,TRUE,3,3,FALSE
0418095,124,3,3,24232,24241,FALSE,FALSE,9,9,FALSE
0418099,34,2,2,24238,24241,FALSE,TRUE,6,6,FALSE
0418100,2,1,1,24235,24235,FALSE,TRUE,3,3,FALSE
0418102,123,3,3,24232,24238,FALSE,TRUE,9,9,FALSE
0418103,1,1,1,24232,24232,FALSE,TRUE,3,3,FALSE
0418106,4,1,1,24238,24238,FALSE,TRUE,3,3,FALSE
0418108,4,1,1,24241,24241,FALSE,TRUE,3,3,FALSE
0418115,124,3,3,24232,24241,FALSE,FALSE,9,9,FALSE
0418122,1,1,1,24232,24232,FALSE,TRUE,3,3,FALSE
0418132,234,3,3,24235,24241,FALSE,TRUE,9,9,FALSE
0418133,12,2,2,24232,24235,FALSE,TRUE,6,6,FALSE
0418134,1,1,1,24232,24232,FALSE,TRUE,3,3,FALSE
0418137,3,1,1,24238,24238,FALSE,TRUE,3,3,FALSE
0418138,234,3,3,24235,24241,FALSE,TRUE,9,9,FALSE
0418141,23,2,2,24235,24238,FALSE,TRUE,6,6,FALSE
0418145,4,1,1,24241,24241,FALSE,TRUE,3,3,FALSE
0418147,34,2,2,24238,24241,FALSE,TRUE,6,6,FALSE
0418148,3,1,1,24238,24238,FALSE,TRUE,3,3,FALSE
0418151,1,1,1,24232,24232,FALSE,TRUE,3,3,FALSE
0418153,234,3,3,24232,24238,FALSE,TRUE,9,9,FALSE
0418156,34,2,2,24238,24241,FALSE,TRUE,6,6,FALSE
0418157,134,3,3,24232,24241,FALSE,FALSE,9,9,FALSE
0418164,134,3,3,24232,24241,FALSE,FALSE,9,9,FALSE
0418167,34,2,2,24232,24235,FALSE,TRUE,6,6,FALSE
0418170,2,1,1,24235,24235,FALSE,TRUE,3,3,FALSE
0418171,124,3,3,24232,24241,FALSE,FALSE,9,9,FALSE
0418175,34,2,2,24238,24241,FALSE,TRUE,6,6,FALSE
0418177,1,1,1,24232,24232,FALSE,TRUE,3,3,FALSE
0418180,12,2,2,24232,24235,FALSE,TRUE,6,6,FALSE
0418181,12,2,2,24232,24235,FALSE,TRUE,6,6,FALSE
0418183,4,1,1,24241,24241,FALSE,TRUE,3,3,FALSE
0418185,34,2,2,24232,24235,FALSE,TRUE,6,6,FALSE
0418190,134,3,3,24232,24241,FALSE,FALSE,9,9,FALSE
0418191,14,2,2,24232,24241,FALSE,FALSE,6,6,FALSE
0418196,3,1,1,24238,24238,FALSE,TRUE,3,3,FALSE
0418197,2,1,1,24235,24235,FALSE,TRUE,3,3,FALSE
0418199,234,3,3,24235,24241,FALSE,TRUE,9,9,FALSE
0418202,1,1,1,24232,24232,FALSE,TRUE,3,3,FALSE
0418203,234,3,3,24235,24241,FALSE,TRUE,9,9,FALSE
0418207,2,1,1,24235,24235,FALSE,TRUE,3,3,FALSE
0418208,123,3,3,24232,24238,FALSE,TRUE,9,9,FALSE
0418210,2,1,1,24235,24235,FALSE,TRUE,3,3,FALSE
0418215,124,3,3,24232,24241,FALSE,FALSE,9,9,FALSE
0418218,1,1,1,24232,24232,FALSE,TRUE,3,3,FALSE
0418222,1,1,1,24232,24232,FALSE,TRUE,3,3,FALSE
0418225,12,2,2,24232,24235,FALSE,TRUE,6,6,FALSE
0418226,3,1,1,24238,24238,FALSE,TRUE,3,3,FALSE
0418227,124,3,3,24232,24241,FALSE,FALSE,9,9,FALSE
0418232,14,2,2,24232,24241,FALSE,FALSE,6,6,FALSE
0418233,1,1,1,24232,24232,FALSE,TRUE,3,3,FALSE
0418242,1,1,1,24232,24232,FALSE,TRUE,3,3,FALSE
0418244,123,3,3,24232,24238,FALSE,TRUE,9,9,FALSE
0418245,234,3,3,24235,24241,FALSE,TRUE,9,9,FALSE
0418246,3,1,1,24238,24238,FALSE,TRUE,3,3,FALSE
0418248,234,3,3,24235,24241,FALSE,TRUE,9,9,FALSE
0418251,12,2,2,24232,24235,FALSE,TRUE,6,6,FALSE
0418256,4,1,1,24232,24232,FALSE,TRUE,3,3,FALSE
0418257,2,1,1,24235,24235,FALSE,TRUE,3,3,FALSE
0418258,234,3,3,24235,24241,FALSE,TRUE,9,9,FALSE
0418260,34,2,2,24238,24241,FALSE,TRUE,6,6,FALSE
0418263,12,2,2,24232,24235,FALSE,TRUE,6,6,FALSE
0418264,34,2,2,24238,24241,FALSE,TRUE,6,6,FALSE
0418266,24,2,2,24235,24241,FALSE,FALSE,6,6,FALSE
0418268,34,2,2,24238,24241,FALSE,TRUE,6,6,FALSE
0418271,34,2,2,24238,24241,FALSE,TRUE,6,6,FALSE
0418277,34,2,2,24238,24241,FALSE,TRUE,6,6,FALSE
0418284,234,3,3,24235,24241,FALSE,TRUE,9,9,FALSE
0418286,1,1,1,24232,24232,FALSE,TRUE,3,3,FALSE
0418292,123,3,3,24232,24238,FALSE,TRUE,9,9,FALSE
0418295,4,1,1,24241,24241,FALSE,TRUE,3,3,FALSE
0418297,123,3,3,24232,24238,FALSE,TRUE,9,9,FALSE
0418300,4,1,1,24241,24241,FALSE,TRUE,3,3,FALSE
0418303,4,1,1,24232,24232,FALSE,TRUE,3,3,FALSE
0418308,1,1,1,24232,24232,FALSE,TRUE,3,3,FALSE
0418313,23,2,2,24235,24238,FALSE,TRUE,6,6,FALSE
0418315,234,3,3,24235,24241,FALSE,TRUE,9,9,FALSE
0418316,134,3,3,24232,24241,FALSE,FALSE,9,9,FALSE
0418319,1,1,1,24233,24233,FALSE,TRUE,3,3,FALSE
0418320,14,2,2,24233,24242,FALSE,FALSE,6,6,FALSE
0418322,34,2,2,24233,24236,FALSE,TRUE,6,6,FALSE
0418327,3,1,1,24233,24233,FALSE,TRUE,3,3,FALSE
0418328,34,2,2,24236,24239,FALSE,TRUE,6,6,FALSE
0418335,12,2,2,24233,24236,FALSE,TRUE,6,6,FALSE
0418337,1,1,1,24233,24233,FALSE,TRUE,3,3,FALSE
0418338,123,3,3,24233,24239,FALSE,TRUE,9,9,FALSE
0418340,3,1,1,24239,24239,FALSE,TRUE,3,3,FALSE
0418344,234,3,3,24236,24242,FALSE,TRUE,9,9,FALSE
0418345,1,1,1,24233,24233,FALSE,TRUE,3,3,FALSE
0418346,14,2,2,24233,24242,FALSE,FALSE,6,6,FALSE
0418348,1,1,1,24233,24233,FALSE,TRUE,3,3,FALSE
0418352,123,3,3,24233,24239,FALSE,TRUE,9,9,FALSE
0418354,234,3,3,24236,24242,FALSE,TRUE,9,9,FALSE
0418355,1,1,1,24233,24233,FALSE,TRUE,3,3,FALSE
0418356,2,1,1,24236,24236,FALSE,TRUE,3,3,FALSE
0418357,234,3,3,24236,24242,FALSE,TRUE,9,9,FALSE
0418358,123,3,3,24233,24239,FALSE,TRUE,9,9,FALSE
0418360,1,1,1,24233,24233,FALSE,TRUE,3,3,FALSE
0418364,134,3,3,24233,24242,FALSE,FALSE,9,9,FALSE
0418366,3,1,1,24239,24239,FALSE,TRUE,3,3,FALSE
0418368,12,2,2,24233,24236,FALSE,TRUE,6,6,FALSE
0418371,34,2,2,24236,24239,FALSE,TRUE,6,6,FALSE
0418372,123,3,3,24233,24239,FALSE,TRUE,9,9,FALSE
0418374,4,1,1,24242,24242,FALSE,TRUE,3,3,FALSE
0418378,1,1,1,24233,24233,FALSE,TRUE,3,3,FALSE
0418379,134,3,3,24233,24242,FALSE,FALSE,9,9,FALSE
0418380,13,2,2,24233,24239,FALSE,FALSE,6,6,FALSE
0418384,1,1,1,24233,24233,FALSE,TRUE,3,3,FALSE
0418386,123,3,3,24233,24239,FALSE,TRUE,9,9,FALSE
0418393,34,2,2,24233,24236,FALSE,TRUE,6,6,FALSE
0418399,1,1,1,24233,24233,FALSE,TRUE,3,3,FALSE
0418400,1,1,1,24233,24233,FALSE,TRUE,3,3,FALSE
0418401,234,3,3,24236,24242,FALSE,TRUE,9,9,FALSE
0418405,12,2,2,24233,24236,FALSE,TRUE,6,6,FALSE
0418420,12,2,2,24233,24236,FALSE,TRUE,6,6,FALSE
0418425,123,3,3,24233,24239,FALSE,TRUE,9,9,FALSE
0418426,4,1,1,24233,24233,FALSE,TRUE,3,3,FALSE
0418427,1,1,1,24233,24233,FALSE,TRUE,3,3,FALSE
0418428,134,3,3,24233,24242,FALSE,FALSE,9,9,FALSE
0418431,1,1,1,24233,24233,FALSE,TRUE,3,3,FALSE
0418432,14,2,2,24233,24242,FALSE,FALSE,6,6,FALSE
0418437,4,1,1,24242,24242,FALSE,TRUE,3,3,FALSE
0418439,1,1,1,24233,24233,FALSE,TRUE,3,3,FALSE
0418443,12,2,2,24233,24236,FALSE,TRUE,6,6,FALSE
0418445,2,1,1,24236,24236,FALSE,TRUE,3,3,FALSE
0418446,123,3,3,24233,24239,FALSE,TRUE,9,9,FALSE
0418447,3,1,1,24239,24239,FALSE,TRUE,3,3,FALSE
0418449,3,1,1,24239,24239,FALSE,TRUE,3,3,FALSE
0418456,1,1,1,24233,24233,FALSE,TRUE,3,3,FALSE
0418460,12,2,2,24233,24236,FALSE,TRUE,6,6,FALSE
0418461,4,1,1,24242,24242,FALSE,TRUE,3,3,FALSE
0418465,1,1,1,24233,24233,FALSE,TRUE,3,3,FALSE
0418471,4,1,1,24242,24242,FALSE,TRUE,3,3,FALSE
0418474,1,1,1,24233,24233,FALSE,TRUE,3,3,FALSE
0418476,1,1,1,24233,24233,FALSE,TRUE,3,3,FALSE
0418477,134,3,3,24233,24242,FALSE,FALSE,9,9,FALSE
0418479,4,1,1,24242,24242,FALSE,TRUE,3,3,FALSE
0418480,23,2,2,24236,24239,FALSE,TRUE,6,6,FALSE
0418484,1,1,1,24233,24233,FALSE,TRUE,3,3,FALSE
0418487,234,3,3,24236,24242,FALSE,TRUE,9,9,FALSE
0418488,234,3,3,24236,24242,FALSE,TRUE,9,9,FALSE
0418491,3,1,1,24239,24239,FALSE,TRUE,3,3,FALSE
0418494,234,3,3,24236,24242,FALSE,TRUE,9,9,FALSE
0418498,34,2,2,24239,24242,FALSE,TRUE,6,6,FALSE
0418501,1,1,1,24233,24233,FALSE,TRUE,3,3,FALSE
0418502,12,2,2,24233,24236,FALSE,TRUE,6,6,FALSE
0418506,12,2,2,24233,24236,FALSE,TRUE,6,6,FALSE
0418510,1,1,1,24233,24233,FALSE,TRUE,3,3,FALSE
0418512,4,1,1,24242,24242,FALSE,TRUE,3,3,FALSE
0418513,1,1,1,24233,24233,FALSE,TRUE,3,3,FALSE
0418514,12,2,2,24233,24236,FALSE,TRUE,6,6,FALSE
0418515,2,1,1,24236,24236,FALSE,TRUE,3,3,FALSE
0418523,3,1,1,24239,24239,FALSE,TRUE,3,3,FALSE
0418526,3,1,1,24239,24239,FALSE,TRUE,3,3,FALSE
0418527,1,1,1,24233,24233,FALSE,TRUE,3,3,FALSE
0418534,234,3,3,24236,24242,FALSE,TRUE,9,9,FALSE
0418535,12,2,2,24233,24236,FALSE,TRUE,6,6,FALSE
0418544,4,1,1,24233,24233,FALSE,TRUE,3,3,FALSE
0418545,12,2,2,24233,24236,FALSE,TRUE,6,6,FALSE
0418547,234,3,3,24236,24242,FALSE,TRUE,9,9,FALSE
0418553,234,3,3,24236,24242,FALSE,TRUE,9,9,FALSE
0418555,123,3,3,24233,24239,FALSE,TRUE,9,9,FALSE
0418557,1,1,1,24233,24233,FALSE,TRUE,3,3,FALSE
0418558,234,3,3,24236,24242,FALSE,TRUE,9,9,FALSE
0418559,4,1,1,24233,24233,FALSE,TRUE,3,3,FALSE
0418560,13,2,2,24233,24239,FALSE,FALSE,6,6,FALSE
0418562,1,1,1,24233,24233,FALSE,TRUE,3,3,FALSE
0418571,134,3,3,24233,24242,FALSE,FALSE,9,9,FALSE
0418576,34,2,2,24239,24242,FALSE,TRUE,6,6,FALSE
0418578,23,2,2,24236,24239,FALSE,TRUE,6,6,FALSE
0418580,12,2,2,24233,24236,FALSE,TRUE,6,6,FALSE
0418585,124,3,3,24233,24242,FALSE,FALSE,9,9,FALSE
0418586,234,3,3,24233,24239,FALSE,TRUE,9,9,FALSE
0418588,14,2,2,24233,24242,FALSE,FALSE,6,6,FALSE
0418589,1,1,1,24233,24233,FALSE,TRUE,3,3,FALSE
0418591,14,2,2,24233,24242,FALSE,FALSE,6,6,FALSE
0418593,124,3,3,24233,24242,FALSE,FALSE,9,9,FALSE
0418595,3,1,1,24239,24239,FALSE,TRUE,3,3,FALSE
0418600,1,1,1,24233,24233,FALSE,TRUE,3,3,FALSE
0418605,1,1,1,24233,24233,FALSE,TRUE,3,3,FALSE
0418607,124,3,3,24233,24242,FALSE,FALSE,9,9,FALSE
0418609,234,3,3,24236,24242,FALSE,TRUE,9,9,FALSE
0418611,234,3,3,24233,24239,FALSE,TRUE,9,9,FALSE
0418612,14,2,2,24233,24242,FALSE,FALSE,6,6,FALSE
0418614,23,2,2,24236,24239,FALSE,TRUE,6,6,FALSE
0418622,1,1,1,24233,24233,FALSE,TRUE,3,3,FALSE
0418624,4,1,1,24242,24242,FALSE,TRUE,3,3,FALSE
0418626,1,1,1,24233,24233,FALSE,TRUE,3,3,FALSE
0418628,34,2,2,24239,24242,FALSE,TRUE,6,6,FALSE
0418634,124,3,3,24233,24242,FALSE,FALSE,9,9,FALSE
0418645,234,3,3,24236,24242,FALSE,TRUE,9,9,FALSE
0418646,2,1,1,24236,24236,FALSE,TRUE,3,3,FALSE
0418653,4,1,1,24242,24242,FALSE,TRUE,3,3,FALSE
0418654,234,3,3,24236,24242,FALSE,TRUE,9,9,FALSE
0418661,4,1,1,24242,24242,FALSE,TRUE,3,3,FALSE
0418664,4,1,1,24242,24242,FALSE,TRUE,3,3,FALSE
0418666,123,3,3,24233,24239,FALSE,TRUE,9,9,FALSE
0418667,234,3,3,24236,24242,FALSE,TRUE,9,9,FALSE
0418669,1,1,1,24233,24233,FALSE,TRUE,3,3,FALSE
0418676,123,3,3,24233,24239,FALSE,TRUE,9,9,FALSE
0418678,234,3,3,24236,24242,FALSE,TRUE,9,9,FALSE
0418685,234,3,3,24236,24242,FALSE,TRUE,9,9,FALSE
0418689,1,1,1,24233,24233,FALSE,TRUE,3,3,FALSE
0418690,12,2,2,24233,24236,FALSE,TRUE,6,6,FALSE
0418693,1,1,1,24233,24233,FALSE,TRUE,3,3,FALSE
0418694,12,2,2,24233,24236,FALSE,TRUE,6,6,FALSE
0418701,12,2,2,24233,24236,FALSE,TRUE,6,6,FALSE
0418703,1,1,1,24233,24233,FALSE,TRUE,3,3,FALSE
0418705,124,3,3,24233,24242,FALSE,FALSE,9,9,FALSE
0418706,4,1,1,24242,24242,FALSE,TRUE,3,3,FALSE
0418707,1,1,1,24233,24233,FALSE,TRUE,3,3,FALSE
0418708,123,3,3,24233,24239,FALSE,TRUE,9,9,FALSE
0418714,34,2,2,24233,24236,FALSE,TRUE,6,6,FALSE
0418715,234,3,3,24236,24242,FALSE,TRUE,9,9,FALSE
0418716,1,1,1,24233,24233,FALSE,TRUE,3,3,FALSE
0418718,24,2,2,24236,24242,FALSE,FALSE,6,6,FALSE
0418721,1,1,1,24233,24233,FALSE,TRUE,3,3,FALSE
0418722,12,2,2,24233,24236,FALSE,TRUE,6,6,FALSE
0418726,234,3,3,24236,24242,FALSE,TRUE,9,9,FALSE
0418729,4,1,1,24242,24242,FALSE,TRUE,3,3,FALSE
0418734,4,1,1,24242,24242,FALSE,TRUE,3,3,FALSE
0418735,12,2,2,24233,24236,FALSE,TRUE,6,6,FALSE
0418737,13,2,2,24233,24239,FALSE,FALSE,6,6,FALSE
0418738,124,3,3,24233,24242,FALSE,FALSE,9,9,FALSE
0418739,2,1,1,24236,24236,FALSE,TRUE,3,3,FALSE
0418741,1,1,1,24233,24233,FALSE,TRUE,3,3,FALSE
0418744,4,1,1,24242,24242,FALSE,TRUE,3,3,FALSE
0418747,4,1,1,24233,24233,FALSE,TRUE,3,3,FALSE
0418749,1,1,1,24233,24233,FALSE,TRUE,3,3,FALSE
0418751,12,2,2,24233,24236,FALSE,TRUE,6,6,FALSE
0418752,1,1,1,24233,24233,FALSE,TRUE,3,3,FALSE
0418753,123,3,3,24233,24239,FALSE,TRUE,9,9,FALSE
0418754,123,3,3,24233,24239,FALSE,TRUE,9,9,FALSE
0418763,14,2,2,24233,24242,FALSE,FALSE,6,6,FALSE
0418769,234,3,3,24236,24242,FALSE,TRUE,9,9,FALSE
0418776,12,2,2,24233,24236,FALSE,TRUE,6,6,FALSE
0418786,3,1,1,24239,24239,FALSE,TRUE,3,3,FALSE
0418788,1,1,1,24233,24233,FALSE,TRUE,3,3,FALSE
0418792,1,1,1,24233,24233,FALSE,TRUE,3,3,FALSE
0418793,23,2,2,24236,24239,FALSE,TRUE,6,6,FALSE
0418794,24,2,2,24233,24239,FALSE,FALSE,6,6,FALSE
0418800,1,1,1,24233,24233,FALSE,TRUE,3,3,FALSE
0418801,34,2,2,24233,24236,FALSE,TRUE,6,6,FALSE
0418807,34,2,2,24239,24242,FALSE,TRUE,6,6,FALSE
0418808,234,3,3,24236,24242,FALSE,TRUE,9,9,FALSE
0418809,123,3,3,24233,24239,FALSE,TRUE,9,9,FALSE
0418811,34,2,2,24239,24242,FALSE,TRUE,6,6,FALSE
0418813,1,1,1,24233,24233,FALSE,TRUE,3,3,FALSE
0418816,1,1,1,24233,24233,FALSE,TRUE,3,3,FALSE
0418819,1,1,1,24233,24233,FALSE,TRUE,3,3,FALSE
0418821,123,3,3,24233,24239,FALSE,TRUE,9,9,FALSE
0418824,13,2,2,24233,24239,FALSE,FALSE,6,6,FALSE
0418828,134,3,3,24233,24242,FALSE,FALSE,9,9,FALSE
0418829,1,1,1,24233,24233,FALSE,TRUE,3,3,FALSE
0418830,123,3,3,24233,24239,FALSE,TRUE,9,9,FALSE
0418831,124,3,3,24233,24242,FALSE,FALSE,9,9,FALSE
0418834,123,3,3,24233,24239,FALSE,TRUE,9,9,FALSE
0418836,4,1,1,24242,24242,FALSE,TRUE,3,3,FALSE
0418838,4,1,1,24242,24242,FALSE,TRUE,3,3,FALSE
0418839,34,2,2,24239,24242,FALSE,TRUE,6,6,FALSE
0418840,1,1,1,24233,24233,FALSE,TRUE,3,3,FALSE
0418842,3,1,1,24239,24239,FALSE,TRUE,3,3,FALSE
0418847,4,1,1,24242,24242,FALSE,TRUE,3,3,FALSE
0418849,234,3,3,24236,24242,FALSE,TRUE,9,9,FALSE
0418852,123,3,3,24233,24239,FALSE,TRUE,9,9,FALSE
0418856,4,1,1,24242,24242,FALSE,TRUE,3,3,FALSE
0418857,234,3,3,24236,24242,FALSE,TRUE,9,9,FALSE
0418858,234,3,3,24236,24242,FALSE,TRUE,9,9,FALSE
0418862,234,3,3,24236,24242,FALSE,TRUE,9,9,FALSE
0418863,2,1,1,24236,24236,FALSE,TRUE,3,3,FALSE
0418865,1,1,1,24233,24233,FALSE,TRUE,3,3,FALSE
0418868,234,3,3,24236,24242,FALSE,TRUE,9,9,FALSE
0418870,4,1,1,24242,24242,FALSE,TRUE,3,3,FALSE
0418872,2,1,1,24236,24236,FALSE,TRUE,3,3,FALSE
0418874,23,2,2,24236,24239,FALSE,TRUE,6,6,FALSE
0418877,1,1,1,24233,24233,FALSE,TRUE,3,3,FALSE
0418881,1,1,1,24233,24233,FALSE,TRUE,3,3,FALSE
0418885,13,2,2,24233,24239,FALSE,FALSE,6,6,FALSE
0418886,4,1,1,24233,24233,FALSE,TRUE,3,3,FALSE
0418888,123,3,3,24233,24239,FALSE,TRUE,9,9,FALSE
0418889,34,2,2,24239,24242,FALSE,TRUE,6,6,FALSE
0418891,2,1,1,24236,24236,FALSE,TRUE,3,3,FALSE
0418894,1,1,1,24233,24233,FALSE,TRUE,3,3,FALSE
0418896,4,1,1,24242,24242,FALSE,TRUE,3,3,FALSE
0418897,134,3,3,24233,24242,FALSE,FALSE,9,9,FALSE
0418898,23,2,2,24236,24239,FALSE,TRUE,6,6,FALSE
0418901,34,2,2,24239,24242,FALSE,TRUE,6,6,FALSE
0418902,234,3,3,24236,24242,FALSE,TRUE,9,9,FALSE
0418905,2,1,1,24233,24233,FALSE,TRUE,3,3,FALSE
0418906,24,2,2,24236,24242,FALSE,FALSE,6,6,FALSE
0418908,124,3,3,24233,24242,FALSE,FALSE,9,9,FALSE
0418909,14,2,2,24233,24242,FALSE,FALSE,6,6,FALSE
0418911,123,3,3,24233,24239,FALSE,TRUE,9,9,FALSE
0418914,4,1,1,24242,24242,FALSE,TRUE,3,3,FALSE
0418917,1,1,1,24233,24233,FALSE,TRUE,3,3,FALSE
0418919,4,1,1,24242,24242,FALSE,TRUE,3,3,FALSE
0418920,24,2,2,24236,24242,FALSE,FALSE,6,6,FALSE
0418921,234,3,3,24236,24242,FALSE,TRUE,9,9,FALSE
0418928,234,3,3,24236,24242,FALSE,TRUE,9,9,FALSE
0418930,124,3,3,24233,24242,FALSE,FALSE,9,9,FALSE
0418931,1,1,1,24233,24233,FALSE,TRUE,3,3,FALSE
0418932,2,1,1,24233,24233,FALSE,TRUE,3,3,FALSE
0418942,234,3,3,24236,24242,FALSE,TRUE,9,9,FALSE
0418943,12,2,2,24233,24236,FALSE,TRUE,6,6,FALSE
0418945,12,2,2,24233,24236,FALSE,TRUE,6,6,FALSE
0418948,1,1,1,24233,24233,FALSE,TRUE,3,3,FALSE
0418949,1,1,1,24233,24233,FALSE,TRUE,3,3,FALSE
0418950,12,2,2,24233,24236,FALSE,TRUE,6,6,FALSE
0418951,34,2,2,24239,24242,FALSE,TRUE,6,6,FALSE
0418952,1,1,1,24233,24233,FALSE,TRUE,3,3,FALSE
0418953,12,2,2,24233,24236,FALSE,TRUE,6,6,FALSE
0418955,134,3,3,24233,24242,FALSE,FALSE,9,9,FALSE
0418956,123,3,3,24233,24239,FALSE,TRUE,9,9,FALSE
0418958,2,1,1,24236,24236,FALSE,TRUE,3,3,FALSE
0418959,123,3,3,24233,24239,FALSE,TRUE,9,9,FALSE
0418962,1,1,1,24233,24233,FALSE,TRUE,3,3,FALSE
0418963,124,3,3,24233,24242,FALSE,FALSE,9,9,FALSE
0418965,2,1,1,24236,24236,FALSE,TRUE,3,3,FALSE
0418969,4,1,1,24242,24242,FALSE,TRUE,3,3,FALSE
0418974,34,2,2,24233,24236,FALSE,TRUE,6,6,FALSE
0418979,123,3,3,24233,24239,FALSE,TRUE,9,9,FALSE
0418980,1,1,1,24233,24233,FALSE,TRUE,3,3,FALSE
0418984,124,3,3,24233,24242,FALSE,FALSE,9,9,FALSE
0418987,1,1,1,24233,24233,FALSE,TRUE,3,3,FALSE
0418988,234,3,3,24236,24242,FALSE,TRUE,9,9,FALSE
0418989,134,3,3,24233,24242,FALSE,FALSE,9,9,FALSE
0418996,123,3,3,24233,24239,FALSE,TRUE,9,9,FALSE
0418998,34,2,2,24239,24242,FALSE,TRUE,6,6,FALSE
0419000,34,2,2,24239,24242,FALSE,TRUE,6,6,FALSE
0419004,1,1,1,24233,24233,FALSE,TRUE,3,3,FALSE
0419005,1,1,1,24233,24233,FALSE,TRUE,3,3,FALSE
0419006,234,3,3,24236,24242,FALSE,TRUE,9,9,FALSE
0419008,234,3,3,24236,24242,FALSE,TRUE,9,9,FALSE
0419009,34,2,2,24239,24242,FALSE,TRUE,6,6,FALSE
0419015,234,3,3,24236,24242,FALSE,TRUE,9,9,FALSE
0419016,2,1,1,24236,24236,FALSE,TRUE,3,3,FALSE
0419018,1,1,1,24233,24233,FALSE,TRUE,3,3,FALSE
0419019,34,2,2,24239,24242,FALSE,TRUE,6,6,FALSE
0419025,1,1,1,24233,24233,FALSE,TRUE,3,3,FALSE
0419027,4,1,1,24242,24242,FALSE,TRUE,3,3,FALSE
0419032,1,1,1,24233,24233,FALSE,TRUE,3,3,FALSE
0419036,12,2,2,24233,24236,FALSE,TRUE,6,6,FALSE
0419039,12,2,2,24233,24236,FALSE,TRUE,6,6,FALSE
0419045,234,3,3,24233,24239,FALSE,TRUE,9,9,FALSE
0419046,2,1,1,24236,24236,FALSE,TRUE,3,3,FALSE
0419051,24,2,2,24236,24242,FALSE,FALSE,6,6,FALSE
0419053,1,1,1,24233,24233,FALSE,TRUE,3,3,FALSE
0419055,34,2,2,24239,24242,FALSE,TRUE,6,6,FALSE
0419063,134,3,3,24233,24242,FALSE,FALSE,9,9,FALSE
0419065,3,1,1,24239,24239,FALSE,TRUE,3,3,FALSE
0419069,14,2,2,24233,24242,FALSE,FALSE,6,6,FALSE
0419072,234,3,3,24233,24239,FALSE,TRUE,9,9,FALSE
0419077,12,2,2,24233,24236,FALSE,TRUE,6,6,FALSE
0419081,2,1,1,24236,24236,FALSE,TRUE,3,3,FALSE
0419089,34,2,2,24239,24242,FALSE,TRUE,6,6,FALSE
0419091,13,2,2,24233,24239,FALSE,FALSE,6,6,FALSE
0419093,1,1,1,24233,24233,FALSE,TRUE,3,3,FALSE
0419098,1,1,1,24233,24233,FALSE,TRUE,3,3,FALSE
0419099,12,2,2,24233,24236,FALSE,TRUE,6,6,FALSE
0419100,4,1,1,24233,24233,FALSE,TRUE,3,3,FALSE
0419101,1,1,1,24233,24233,FALSE,TRUE,3,3,FALSE
0419102,2,1,1,24236,24236,FALSE,TRUE,3,3,FALSE
0419103,14,2,2,24233,24242,FALSE,FALSE,6,6,FALSE
0419107,12,2,2,24233,24236,FALSE,TRUE,6,6,FALSE
0419108,1,1,1,24233,24233,FALSE,TRUE,3,3,FALSE
0419109,123,3,3,24233,24239,FALSE,TRUE,9,9,FALSE
0419110,34,2,2,24239,24242,FALSE,TRUE,6,6,FALSE
0419112,1,1,1,24233,24233,FALSE,TRUE,3,3,FALSE
0419114,4,1,1,24242,24242,FALSE,TRUE,3,3,FALSE
0419115,234,3,3,24236,24242,FALSE,TRUE,9,9,FALSE
0419118,34,2,2,24239,24242,FALSE,TRUE,6,6,FALSE
0419120,134,3,3,24233,24242,FALSE,FALSE,9,9,FALSE
0419124,1,1,1,24233,24233,FALSE,TRUE,3,3,FALSE
0419130,12,2,2,24233,24236,FALSE,TRUE,6,6,FALSE
0419131,1,1,1,24233,24233,FALSE,TRUE,3,3,FALSE
0419133,12,2,2,24233,24236,FALSE,TRUE,6,6,FALSE
0419136,1,1,1,24233,24233,FALSE,TRUE,3,3,FALSE
0419139,2,1,1,24236,24236,FALSE,TRUE,3,3,FALSE
0419143,12,2,2,24233,24236,FALSE,TRUE,6,6,FALSE
0419147,1,1,1,24233,24233,FALSE,TRUE,3,3,FALSE
0419151,1,1,1,24233,24233,FALSE,TRUE,3,3,FALSE
0419154,12,2,2,24233,24236,FALSE,TRUE,6,6,FALSE
0419155,12,2,2,24233,24236,FALSE,TRUE,6,6,FALSE
0419158,234,3,3,24236,24242,FALSE,TRUE,9,9,FALSE
0419160,2,1,1,24236,24236,FALSE,TRUE,3,3,FALSE
0419161,1,1,1,24233,24233,FALSE,TRUE,3,3,FALSE
0419164,1,1,1,24233,24233,FALSE,TRUE,3,3,FALSE
0419165,12,2,2,24233,24236,FALSE,TRUE,6,6,FALSE
0419166,1,1,1,24233,24233,FALSE,TRUE,3,3,FALSE
0419167,1,1,1,24233,24233,FALSE,TRUE,3,3,FALSE
0419171,124,3,3,24233,24242,FALSE,FALSE,9,9,FALSE
0419176,234,3,3,24236,24242,FALSE,TRUE,9,9,FALSE
0419178,134,3,3,24233,24242,FALSE,FALSE,9,9,FALSE
0419181,4,1,1,24242,24242,FALSE,TRUE,3,3,FALSE
0419186,1,1,1,24233,24233,FALSE,TRUE,3,3,FALSE
0419189,1,1,1,24233,24233,FALSE,TRUE,3,0,FALSE
0419198,2,1,1,24233,24233,FALSE,TRUE,3,3,FALSE
0419199,23,2,2,24236,24239,FALSE,TRUE,6,6,FALSE
0419200,1,1,1,24233,24233,FALSE,TRUE,3,3,FALSE
0419202,12,2,2,24233,24236,FALSE,TRUE,6,6,FALSE
0419203,134,3,3,24233,24242,FALSE,FALSE,9,9,FALSE
0419208,123,3,3,24233,24239,FALSE,TRUE,9,9,FALSE
0419209,2,1,1,24236,24236,FALSE,TRUE,3,3,FALSE
0419210,1,1,1,24233,24233,FALSE,TRUE,3,3,FALSE
0419211,134,3,3,24233,24242,FALSE,FALSE,9,9,FALSE
0419212,34,2,2,24239,24242,FALSE,TRUE,6,6,FALSE
0419213,14,2,2,24233,24242,FALSE,FALSE,6,6,FALSE
0419214,134,3,3,24233,24242,FALSE,FALSE,9,9,FALSE
0419215,12,2,2,24233,24236,FALSE,TRUE,6,6,FALSE
0419216,4,1,1,24242,24242,FALSE,TRUE,3,3,FALSE
0419218,23,2,2,24233,24236,FALSE,TRUE,6,6,FALSE
0419223,3,1,1,24233,24233,FALSE,TRUE,3,3,FALSE
0419225,1,1,1,24233,24233,FALSE,TRUE,3,3,FALSE
0419226,12,2,2,24233,24236,FALSE,TRUE,6,6,FALSE
0419236,1,1,1,24233,24233,FALSE,TRUE,3,3,FALSE
0419238,134,3,3,24233,24242,FALSE,FALSE,9,9,FALSE
0419240,1,1,1,24233,24233,FALSE,TRUE,3,3,FALSE
0419241,234,3,3,24236,24242,FALSE,TRUE,9,9,FALSE
0419242,1,1,1,24233,24233,FALSE,TRUE,3,3,FALSE
0419243,23,2,2,24236,24239,FALSE,TRUE,6,6,FALSE
0419246,123,3,3,24233,24239,FALSE,TRUE,9,9,FALSE
0419249,2,1,1,24236,24236,FALSE,TRUE,3,3,FALSE
0419250,4,1,1,24233,24233,FALSE,TRUE,3,3,FALSE
0419254,1,1,1,24233,24233,FALSE,TRUE,3,3,FALSE
0419256,123,3,3,24233,24239,FALSE,TRUE,9,9,FALSE
0419257,1,1,1,24233,24233,FALSE,TRUE,3,3,FALSE
0419263,4,1,1,24242,24242,FALSE,TRUE,3,3,FALSE
0419266,12,2,2,24233,24236,FALSE,TRUE,6,6,FALSE
0419267,124,3,3,24233,24242,FALSE,FALSE,9,9,FALSE
0419269,1,1,1,24233,24233,FALSE,TRUE,3,3,FALSE
0419270,123,3,3,24233,24239,FALSE,TRUE,9,9,FALSE
0419272,3,1,1,24239,24239,FALSE,TRUE,3,3,FALSE
0419273,13,2,2,24233,24239,FALSE,FALSE,6,6,FALSE
0419278,234,3,3,24236,24242,FALSE,TRUE,9,9,FALSE
0419283,12,2,2,24233,24236,FALSE,TRUE,6,6,FALSE
0419287,12,2,2,24233,24236,FALSE,TRUE,6,6,FALSE
0419289,34,2,2,24239,24242,FALSE,TRUE,6,6,FALSE
0419290,1,1,1,24233,24233,FALSE,TRUE,3,3,FALSE
0419292,123,3,3,24233,24239,FALSE,TRUE,9,9,FALSE
0419296,13,2,2,24233,24239,FALSE,FALSE,6,6,FALSE
0419299,34,2,2,24233,24236,FALSE,TRUE,6,6,FALSE
0419304,4,1,1,24242,24242,FALSE,TRUE,3,3,FALSE
0419305,14,2,2,24233,24242,FALSE,FALSE,6,6,FALSE
0419311,14,2,2,24233,24242,FALSE,FALSE,6,6,FALSE
0419314,4,1,1,24242,24242,FALSE,TRUE,3,3,FALSE
0419316,24,2,2,24236,24242,FALSE,FALSE,6,6,FALSE
0419318,13,2,2,24233,24239,FALSE,FALSE,6,6,FALSE
0419319,24,2,2,24236,24242,FALSE,FALSE,6,6,FALSE
0419320,14,2,2,24233,24242,FALSE,FALSE,6,6,FALSE
0419322,1,1,1,24233,24233,FALSE,TRUE,3,3,FALSE
0419324,2,1,1,24236,24236,FALSE,TRUE,3,3,FALSE
0419333,12,2,2,24233,24236,FALSE,TRUE,6,6,FALSE
0419334,12,2,2,24233,24236,FALSE,TRUE,6,6,FALSE
0419336,34,2,2,24239,24242,FALSE,TRUE,6,6,FALSE
0419340,234,3,3,24236,24242,FALSE,TRUE,9,9,FALSE
0419343,24,2,2,24236,24242,FALSE,FALSE,6,6,FALSE
0419344,234,3,3,24236,24242,FALSE,TRUE,9,9,FALSE
0419345,4,1,1,24242,24242,FALSE,TRUE,3,3,FALSE
0419347,23,2,2,24236,24239,FALSE,TRUE,6,6,FALSE
0419349,234,3,3,24236,24242,FALSE,TRUE,9,9,FALSE
0419351,124,3,3,24233,24242,FALSE,FALSE,9,9,FALSE
0419356,14,2,2,24233,24242,FALSE,FALSE,6,6,FALSE
0419359,4,1,1,24233,24233,FALSE,TRUE,3,3,FALSE
0419364,34,2,2,24239,24242,FALSE,TRUE,6,6,FALSE
0419369,3,1,1,24233,24233,FALSE,TRUE,3,3,FALSE
0419371,234,3,3,24236,24242,FALSE,TRUE,9,9,FALSE
0419372,4,1,1,24242,24242,FALSE,TRUE,3,3,FALSE
0419373,13,2,2,24233,24239,FALSE,FALSE,6,6,FALSE
0419375,12,2,2,24233,24236,FALSE,TRUE,6,6,FALSE
0419379,1,1,1,24233,24233,FALSE,TRUE,3,3,FALSE
0419381,12,2,2,24233,24236,FALSE,TRUE,6,6,FALSE
0419382,4,1,1,24242,24242,FALSE,TRUE,3,3,FALSE
0419384,12,2,2,24233,24236,FALSE,TRUE,6,6,FALSE
0419387,12,2,2,24233,24236,FALSE,TRUE,6,6,FALSE
0419389,1,1,1,24233,24233,FALSE,TRUE,3,3,FALSE
0419390,1,1,1,24233,24233,FALSE,TRUE,3,3,FALSE
0419397,2,1,1,24236,24236,FALSE,TRUE,3,3,FALSE
0419399,1,1,1,24233,24233,FALSE,TRUE,3,3,FALSE
0419403,1,1,1,24234,24234,FALSE,TRUE,3,3,FALSE
0419404,14,2,2,24234,24243,FALSE,FALSE,6,6,FALSE
0419406,1,1,1,24234,24234,FALSE,TRUE,3,3,FALSE
0419409,234,3,3,24237,24243,FALSE,TRUE,9,9,FALSE
0419411,134,3,3,24234,24243,FALSE,FALSE,9,9,FALSE
0419414,123,3,3,24234,24240,FALSE,TRUE,9,9,FALSE
0419415,34,2,2,24240,24243,FALSE,TRUE,6,6,FALSE
0419417,3,1,1,24240,24240,FALSE,TRUE,3,3,FALSE
0419420,124,3,3,24234,24243,FALSE,FALSE,9,9,FALSE
0419422,2,1,1,24237,24237,FALSE,TRUE,3,3,FALSE
0419423,4,1,1,24243,24243,FALSE,TRUE,3,3,FALSE
0419428,1,1,1,24234,24234,FALSE,TRUE,3,3,FALSE
0419429,2,1,1,24237,24237,FALSE,TRUE,3,3,FALSE
0419434,1,1,1,24234,24234,FALSE,TRUE,3,3,FALSE
0419436,134,3,3,24234,24243,FALSE,FALSE,9,9,FALSE
0419439,12,2,2,24234,24237,FALSE,TRUE,6,6,FALSE
0419440,2,1,1,24237,24237,FALSE,TRUE,3,3,FALSE
0419444,1,1,1,24234,24234,FALSE,TRUE,3,3,FALSE
0419450,124,3,3,24234,24243,FALSE,FALSE,9,9,FALSE
0419452,134,3,3,24234,24243,FALSE,FALSE,9,9,FALSE
0419460,4,1,1,24243,24243,FALSE,TRUE,3,3,FALSE
0419461,124,3,3,24234,24243,FALSE,FALSE,9,9,FALSE
0419462,1,1,1,24234,24234,FALSE,TRUE,3,3,FALSE
0419463,4,1,1,24234,24234,FALSE,TRUE,3,3,FALSE
0419466,12,2,2,24234,24237,FALSE,TRUE,6,6,FALSE
0419467,14,2,2,24234,24243,FALSE,FALSE,6,6,FALSE
0419469,4,1,1,24243,24243,FALSE,TRUE,3,3,FALSE
0419470,234,3,3,24237,24243,FALSE,TRUE,9,9,FALSE
0419480,3,1,1,24240,24240,FALSE,TRUE,3,3,FALSE
0419486,1,1,1,24234,24234,FALSE,TRUE,3,3,FALSE
0419494,134,3,3,24234,24243,FALSE,FALSE,9,9,FALSE
0419495,34,2,2,24240,24243,FALSE,TRUE,6,6,FALSE
0419496,2,1,1,24237,24237,FALSE,TRUE,3,3,FALSE
0419500,14,2,2,24234,24243,FALSE,FALSE,6,6,FALSE
0419505,13,2,2,24234,24240,FALSE,FALSE,6,6,FALSE
0419506,134,3,3,24234,24243,FALSE,FALSE,9,9,FALSE
0419507,4,1,1,24234,24234,FALSE,TRUE,3,3,FALSE
0419508,123,3,3,24234,24240,FALSE,TRUE,9,9,FALSE
0419509,24,2,2,24237,24243,FALSE,FALSE,6,6,FALSE
0419511,123,3,3,24234,24240,FALSE,TRUE,9,9,FALSE
0419517,234,3,3,24237,24243,FALSE,TRUE,9,9,FALSE
0419518,123,3,3,24234,24240,FALSE,TRUE,9,9,FALSE
0419522,2,1,1,24237,24237,FALSE,TRUE,3,3,FALSE
0419523,124,3,3,24234,24243,FALSE,FALSE,9,9,FALSE
0419525,34,2,2,24240,24243,FALSE,TRUE,6,6,FALSE
0419529,12,2,2,24234,24237,FALSE,TRUE,6,6,FALSE
0419530,1,1,1,24234,24234,FALSE,TRUE,3,3,FALSE
0419531,23,2,2,24237,24240,FALSE,TRUE,6,6,FALSE
0419536,24,2,2,24237,24243,FALSE,FALSE,6,6,FALSE
0419538,2,1,1,24237,24237,FALSE,TRUE,3,3,FALSE
0419541,23,2,2,24237,24240,FALSE,TRUE,6,6,FALSE
0419542,12,2,2,24234,24237,FALSE,TRUE,6,6,FALSE
0419544,34,2,2,24234,24237,FALSE,TRUE,6,6,FALSE
0419545,1,1,1,24234,24234,FALSE,TRUE,3,3,FALSE
0419547,1,1,1,24234,24234,FALSE,TRUE,3,3,FALSE
0419549,1,1,1,24234,24234,FALSE,TRUE,3,3,FALSE
0419552,234,3,3,24237,24243,FALSE,TRUE,9,9,FALSE
0419553,124,3,3,24234,24243,FALSE,FALSE,9,9,FALSE
0419556,12,2,2,24234,24237,FALSE,TRUE,6,6,FALSE
0419557,123,3,3,24234,24240,FALSE,TRUE,9,9,FALSE
0419564,123,3,3,24234,24240,FALSE,TRUE,9,9,FALSE
0419566,1,1,1,24234,24234,FALSE,TRUE,3,3,FALSE
0419568,23,2,2,24237,24240,FALSE,TRUE,6,6,FALSE
0419571,134,3,3,24234,24243,FALSE,FALSE,9,9,FALSE
0419574,13,2,2,24234,24240,FALSE,FALSE,6,6,FALSE
0419577,14,2,2,24234,24243,FALSE,FALSE,6,6,FALSE
0419580,1,1,1,24234,24234,FALSE,TRUE,3,3,FALSE
0419581,34,2,2,24234,24237,FALSE,TRUE,6,6,FALSE
0419583,3,1,1,24240,24240,FALSE,TRUE,3,3,FALSE
0419585,1,1,1,24234,24234,FALSE,TRUE,3,3,FALSE
0419588,1,1,1,24234,24234,FALSE,TRUE,3,3,FALSE
0419589,123,3,3,24234,24240,FALSE,TRUE,9,9,FALSE
0419591,1,1,1,24234,24234,FALSE,TRUE,3,3,FALSE
0419592,4,1,1,24243,24243,FALSE,TRUE,3,3,FALSE
0419594,134,3,3,24234,24243,FALSE,FALSE,9,9,FALSE
0419596,34,2,2,24240,24243,FALSE,TRUE,6,6,FALSE
0419598,12,2,2,24234,24237,FALSE,TRUE,6,6,FALSE
0419599,2,1,1,24237,24237,FALSE,TRUE,3,3,FALSE
0419601,234,3,3,24237,24243,FALSE,TRUE,9,9,FALSE
0419607,12,2,2,24234,24237,FALSE,TRUE,6,6,FALSE
0419610,134,3,3,24234,24243,FALSE,FALSE,9,9,FALSE
0419611,123,3,3,24234,24240,FALSE,TRUE,9,9,FALSE
0419612,1,1,1,24234,24234,FALSE,TRUE,3,3,FALSE
0419613,1,1,1,24234,24234,FALSE,TRUE,3,3,FALSE
0419614,4,1,1,24243,24243,FALSE,TRUE,3,3,FALSE
0419621,234,3,3,24237,24243,FALSE,TRUE,9,9,FALSE
0419624,134,3,3,24234,24243,FALSE,FALSE,9,9,FALSE
0419627,1,1,1,24234,24234,FALSE,TRUE,3,3,FALSE
0419628,34,2,2,24240,24243,FALSE,TRUE,6,6,FALSE
0419629,2,1,1,24237,24237,FALSE,TRUE,3,3,FALSE
0419632,234,3,3,24237,24243,FALSE,TRUE,9,9,FALSE
0419638,4,1,1,24234,24234,FALSE,TRUE,3,3,FALSE
0419643,234,3,3,24237,24243,FALSE,TRUE,9,9,FALSE
0419646,24,2,2,24237,24243,FALSE,FALSE,6,6,FALSE
0419649,14,2,2,24234,24243,FALSE,FALSE,6,6,FALSE
0419651,34,2,2,24240,24243,FALSE,TRUE,6,6,FALSE
0419652,4,1,1,24234,24234,FALSE,TRUE,3,3,FALSE
0419659,234,3,3,24237,24243,FALSE,TRUE,9,9,FALSE
0419661,124,3,3,24234,24243,FALSE,FALSE,9,9,FALSE
0419662,134,3,3,24234,24243,FALSE,FALSE,9,9,FALSE
0419665,4,1,1,24243,24243,FALSE,TRUE,3,3,FALSE
0419669,34,2,2,24240,24243,FALSE,TRUE,6,6,FALSE
0419671,12,2,2,24234,24237,FALSE,TRUE,6,6,FALSE
0419672,123,3,3,24234,24240,FALSE,TRUE,9,9,FALSE
0419673,1,1,1,24234,24234,FALSE,TRUE,3,3,FALSE
0419682,4,1,1,24243,24243,FALSE,TRUE,3,3,FALSE
0419690,1,1,1,24234,24234,FALSE,TRUE,3,3,FALSE
0419692,123,3,3,24234,24240,FALSE,TRUE,9,9,FALSE
0419697,1,1,1,24234,24234,FALSE,TRUE,3,3,FALSE
0419700,1,1,1,24234,24234,FALSE,TRUE,3,3,FALSE
0419703,1,1,1,24234,24234,FALSE,TRUE,3,3,FALSE
0419708,123,3,3,24234,24240,FALSE,TRUE,9,9,FALSE
0419710,23,2,2,24237,24240,FALSE,TRUE,6,6,FALSE
0419712,1,1,1,24234,24234,FALSE,TRUE,3,3,FALSE
0419714,4,1,1,24243,24243,FALSE,TRUE,3,3,FALSE
0419715,4,1,1,24234,24234,FALSE,TRUE,3,3,FALSE
0419717,12,2,2,24234,24237,FALSE,TRUE,6,6,FALSE
0419718,1,1,1,24234,24234,FALSE,TRUE,3,3,FALSE
0419719,3,1,1,24240,24240,FALSE,TRUE,3,3,FALSE
0419721,14,2,2,24234,24243,FALSE,FALSE,6,6,FALSE
0419725,3,1,1,24240,24240,FALSE,TRUE,3,3,FALSE
0419726,2,1,1,24234,24234,FALSE,TRUE,3,3,FALSE
0419727,234,3,3,24237,24243,FALSE,TRUE,9,9,FALSE
0419728,1,1,1,24234,24234,FALSE,TRUE,3,3,FALSE
0419730,1,1,1,24234,24234,FALSE,TRUE,3,3,FALSE
0419731,1,1,1,24234,24234,FALSE,TRUE,3,3,FALSE
0419732,123,3,3,24234,24240,FALSE,TRUE,9,9,FALSE
0419734,134,3,3,24234,24243,FALSE,FALSE,9,9,FALSE
0419744,24,2,2,24237,24243,FALSE,FALSE,6,6,FALSE
0419752,12,2,2,24234,24237,FALSE,TRUE,6,6,FALSE
0419756,123,3,3,24234,24240,FALSE,TRUE,9,9,FALSE
0419757,4,1,1,24243,24243,FALSE,TRUE,3,3,FALSE
0419758,1,1,1,24234,24234,FALSE,TRUE,3,3,FALSE
0419762,1,1,1,24234,24234,FALSE,TRUE,3,3,FALSE
0419763,12,2,2,24234,24237,FALSE,TRUE,6,6,FALSE
0419769,1,1,1,24234,24234,FALSE,TRUE,3,3,FALSE
0419770,4,1,1,24243,24243,FALSE,TRUE,3,3,FALSE
0419772,1,1,1,24234,24234,FALSE,TRUE,3,3,FALSE
0419775,2,1,1,24237,24237,FALSE,TRUE,3,3,FALSE
0419776,1,1,1,24234,24234,FALSE,TRUE,3,3,FALSE
0419778,2,1,1,24237,24237,FALSE,TRUE,3,3,FALSE
0419783,123,3,3,24234,24240,FALSE,TRUE,9,9,FALSE
0419788,12,2,2,24234,24237,FALSE,TRUE,6,6,FALSE
0419790,34,2,2,24234,24237,FALSE,TRUE,6,6,FALSE
0419796,1,1,1,24234,24234,FALSE,TRUE,3,3,FALSE
0419799,124,3,3,24234,24243,FALSE,FALSE,9,9,FALSE
0419801,1,1,1,24234,24234,FALSE,TRUE,3,3,FALSE
0419809,234,3,3,24237,24243,FALSE,TRUE,9,9,FALSE
0419812,34,2,2,24240,24243,FALSE,TRUE,6,6,FALSE
0419821,124,3,3,24234,24243,FALSE,FALSE,9,9,FALSE
0419823,134,3,3,24234,24243,FALSE,FALSE,9,9,FALSE
0419824,34,2,2,24240,24243,FALSE,TRUE,6,6,FALSE
0419826,14,2,2,24234,24243,FALSE,FALSE,6,6,FALSE
0419834,1,1,1,24234,24234,FALSE,TRUE,3,3,FALSE
0419835,234,3,3,24237,24243,FALSE,TRUE,9,9,FALSE
0419836,2,1,1,24237,24237,FALSE,TRUE,3,3,FALSE
0419840,3,1,1,24234,24234,FALSE,TRUE,3,3,FALSE
0419841,4,1,1,24243,24243,FALSE,TRUE,3,3,FALSE
0419842,123,3,3,24234,24240,FALSE,TRUE,9,9,FALSE
0419843,1,1,1,24234,24234,FALSE,TRUE,3,3,FALSE
0419844,4,1,1,24240,24240,FALSE,TRUE,3,3,FALSE
0419848,4,1,1,24243,24243,FALSE,TRUE,3,3,FALSE
0419849,1,1,1,24234,24234,FALSE,TRUE,3,3,FALSE
0419851,2,1,1,24237,24237,FALSE,TRUE,3,3,FALSE
0419860,3,1,1,24240,24240,FALSE,TRUE,3,3,FALSE
0419863,124,3,3,24234,24243,FALSE,FALSE,9,9,FALSE
0419867,14,2,2,24234,24243,FALSE,FALSE,6,6,FALSE
0419869,12,2,2,24234,24237,FALSE,TRUE,6,6,FALSE
0419870,12,2,2,24234,24237,FALSE,TRUE,6,6,FALSE
0419871,123,3,3,24234,24240,FALSE,TRUE,9,9,FALSE
0419873,13,2,2,24234,24240,FALSE,FALSE,6,6,FALSE
0419874,34,2,2,24234,24237,FALSE,TRUE,6,6,FALSE
0419876,4,1,1,24237,24237,FALSE,TRUE,3,3,FALSE
0419878,134,3,3,24234,24243,FALSE,FALSE,9,9,FALSE
0419879,2,1,1,24234,24234,FALSE,TRUE,3,3,FALSE
0419882,12,2,2,24234,24237,FALSE,TRUE,6,6,FALSE
0419884,2,1,1,24237,24237,FALSE,TRUE,3,3,FALSE
0419885,34,2,2,24240,24243,FALSE,TRUE,6,6,FALSE
0419887,123,3,3,24234,24240,FALSE,TRUE,9,9,FALSE
0419888,3,1,1,24234,24234,FALSE,TRUE,3,3,FALSE
0419891,4,1,1,24234,24234,FALSE,TRUE,3,3,FALSE
0419894,24,2,2,24237,24243,FALSE,FALSE,6,6,FALSE
0419899,14,2,2,24234,24243,FALSE,FALSE,6,6,FALSE
0419901,4,1,1,24243,24243,FALSE,TRUE,3,3,FALSE
0419902,2,1,1,24237,24237,FALSE,TRUE,3,3,FALSE
0419905,12,2,2,24234,24237,FALSE,TRUE,6,6,FALSE
0419906,1,1,1,24234,24234,FALSE,TRUE,3,3,FALSE
0419908,3,1,1,24234,24234,FALSE,TRUE,3,3,FALSE
0419909,1,1,1,24234,24234,FALSE,TRUE,3,3,FALSE
0419911,134,3,3,24234,24243,FALSE,FALSE,9,9,FALSE
0419913,1,1,1,24234,24234,FALSE,TRUE,3,3,FALSE
0419918,34,2,2,24240,24243,FALSE,TRUE,6,6,FALSE
0419920,2,1,1,24237,24237,FALSE,TRUE,3,3,FALSE
0419921,234,3,3,24237,24243,FALSE,TRUE,9,9,FALSE
0419923,1,1,1,24234,24234,FALSE,TRUE,3,3,FALSE
0419927,234,3,3,24234,24240,FALSE,TRUE,9,9,FALSE
0419930,2,1,1,24237,24237,FALSE,TRUE,3,3,FALSE
0419933,3,1,1,24240,24240,FALSE,TRUE,3,3,FALSE
0419934,234,3,3,24237,24243,FALSE,TRUE,9,9,FALSE
0419935,12,2,2,24234,24237,FALSE,TRUE,6,6,FALSE
0419939,124,3,3,24234,24243,FALSE,FALSE,9,9,FALSE
0419942,12,2,2,24234,24237,FALSE,TRUE,6,6,FALSE
0419943,3,1,1,24240,24240,FALSE,TRUE,3,3,FALSE
0419945,234,3,3,24237,24243,FALSE,TRUE,9,9,FALSE
0419954,14,2,2,24234,24243,FALSE,FALSE,6,6,FALSE
0419957,34,2,2,24240,24243,FALSE,TRUE,6,6,FALSE
0419958,1,1,1,24234,24234,FALSE,TRUE,3,3,FALSE
0419959,4,1,1,24234,24234,FALSE,TRUE,3,3,FALSE
0419967,4,1,1,24234,24234,FALSE,TRUE,3,3,FALSE
0419968,234,3,3,24237,24243,FALSE,TRUE,9,9,FALSE
0419969,24,2,2,24237,24243,FALSE,FALSE,6,6,FALSE
0419970,234,3,3,24237,24243,FALSE,TRUE,9,9,FALSE
0419972,1,1,1,24234,24234,FALSE,TRUE,3,3,FALSE
0419980,1,1,1,24234,24234,FALSE,TRUE,3,3,FALSE
0419981,12,2,2,24234,24237,FALSE,TRUE,6,6,FALSE
0419984,234,3,3,24237,24243,FALSE,TRUE,9,9,FALSE
0419986,14,2,2,24234,24243,FALSE,FALSE,6,6,FALSE
0419987,14,2,2,24234,24243,FALSE,FALSE,6,6,FALSE
0419991,12,2,2,24234,24237,FALSE,TRUE,6,6,FALSE
0419994,123,3,3,24234,24240,FALSE,TRUE,9,9,FALSE
0419998,4,1,1,24243,24243,FALSE,TRUE,3,3,FALSE
0420004,1,1,1,24234,24234,FALSE,TRUE,3,3,FALSE
0420006,12,2,2,24234,24237,FALSE,TRUE,6,6,FALSE
0420008,4,1,1,24243,24243,FALSE,TRUE,3,3,FALSE
0420011,1,1,1,24234,24234,FALSE,TRUE,3,3,FALSE
0420012,1,1,1,24234,24234,FALSE,TRUE,3,3,FALSE
0420015,4,1,1,24234,24234,FALSE,TRUE,3,3,FALSE
0420019,123,3,3,24234,24240,FALSE,TRUE,9,9,FALSE
0420021,12,2,2,24234,24237,FALSE,TRUE,6,6,FALSE
0420023,123,3,3,24234,24240,FALSE,TRUE,9,9,FALSE
0420024,1,1,1,24234,24234,FALSE,TRUE,3,3,FALSE
0420029,34,2,2,24234,24237,FALSE,TRUE,6,6,FALSE
0420038,1,1,1,24234,24234,FALSE,TRUE,3,3,FALSE
0420039,1,1,1,24234,24234,FALSE,TRUE,3,3,FALSE
0420042,1,1,1,24234,24234,FALSE,TRUE,3,3,FALSE
0420045,34,2,2,24240,24243,FALSE,TRUE,6,6,FALSE
0420048,23,2,2,24237,24240,FALSE,TRUE,6,6,FALSE
0420049,134,3,3,24234,24243,FALSE,FALSE,9,9,FALSE
0420053,234,3,3,24237,24243,FALSE,TRUE,9,9,FALSE
0420054,3,1,1,24240,24240,FALSE,TRUE,3,3,FALSE
0420057,234,3,3,24237,24243,FALSE,TRUE,9,9,FALSE
0420059,234,3,3,24237,24243,FALSE,TRUE,9,9,FALSE
0420064,124,3,3,24234,24243,FALSE,FALSE,9,9,FALSE
0420065,34,2,2,24240,24243,FALSE,TRUE,6,6,FALSE
0420068,2,1,1,24237,24237,FALSE,TRUE,3,3,FALSE
0420069,3,1,1,24240,24240,FALSE,TRUE,3,3,FALSE
0420071,234,3,3,24237,24243,FALSE,TRUE,9,9,FALSE
0420072,1,1,1,24234,24234,FALSE,TRUE,3,3,FALSE
0420074,234,3,3,24237,24243,FALSE,TRUE,9,9,FALSE
0420076,234,3,3,24237,24243,FALSE,TRUE,9,9,FALSE
0420077,124,3,3,24234,24243,FALSE,FALSE,9,9,FALSE
0420081,123,3,3,24234,24240,FALSE,TRUE,9,9,FALSE
0420083,2,1,1,24237,24237,FALSE,TRUE,3,3,FALSE
0420085,123,3,3,24234,24240,FALSE,TRUE,9,9,FALSE
0420088,234,3,3,24237,24243,FALSE,TRUE,9,9,FALSE
0420092,2,1,1,24237,24237,FALSE,TRUE,3,3,FALSE
0420093,123,3,3,24234,24240,FALSE,TRUE,9,9,FALSE
0420094,124,3,3,24234,24243,FALSE,FALSE,9,9,FALSE
0420096,124,3,3,24234,24243,FALSE,FALSE,9,9,FALSE
0420097,124,3,3,24234,24243,FALSE,FALSE,9,9,FALSE
0420098,1,1,1,24234,24234,FALSE,TRUE,3,3,FALSE
0420104,123,3,3,24234,24240,FALSE,TRUE,9,9,FALSE
0420107,12,2,2,24234,24237,FALSE,TRUE,6,6,FALSE
0420108,4,1,1,24243,24243,FALSE,TRUE,3,3,FALSE
0420109,2,1,1,24237,24237,FALSE,TRUE,3,3,FALSE
0420116,124,3,3,24234,24243,FALSE,FALSE,9,9,FALSE
0420118,14,2,2,24234,24243,FALSE,FALSE,6,6,FALSE
0420126,24,2,2,24237,24243,FALSE,FALSE,6,6,FALSE
0420130,234,3,3,24237,24243,FALSE,TRUE,9,9,FALSE
0420133,3,1,1,24234,24234,FALSE,TRUE,3,3,FALSE
0420138,124,3,3,24234,24243,FALSE,FALSE,9,9,FALSE
0420141,124,3,3,24234,24243,FALSE,FALSE,9,9,FALSE
0420142,12,2,2,24234,24237,FALSE,TRUE,6,6,FALSE
0420145,1,1,1,24234,24234,FALSE,TRUE,3,3,FALSE
0420147,13,2,2,24234,24240,FALSE,FALSE,6,6,FALSE
0420148,123,3,3,24234,24240,FALSE,TRUE,9,9,FALSE
0420158,1,1,1,24234,24234,FALSE,TRUE,3,3,FALSE
0420161,2,1,1,24237,24237,FALSE,TRUE,3,3,FALSE
0420163,1,1,1,24234,24234,FALSE,TRUE,3,3,FALSE
0420166,134,3,3,24234,24243,FALSE,FALSE,9,9,FALSE
0420167,124,3,3,24234,24243,FALSE,FALSE,9,9,FALSE
0420170,1,1,1,24234,24234,FALSE,TRUE,3,3,FALSE
0420177,23,2,2,24237,24240,FALSE,TRUE,6,6,FALSE
0420178,124,3,3,24234,24243,FALSE,FALSE,9,9,FALSE
0420181,12,2,2,24234,24237,FALSE,TRUE,6,6,FALSE
0420182,1,1,1,24234,24234,FALSE,TRUE,3,3,FALSE
0420186,1,1,1,24234,24234,FALSE,TRUE,3,3,FALSE
0420188,1,1,1,24234,24234,FALSE,TRUE,3,3,FALSE
0420191,1,1,1,24234,24234,FALSE,TRUE,3,3,FALSE
0420193,1,1,1,24234,24234,FALSE,TRUE,3,3,FALSE
0420194,1,1,1,24234,24234,FALSE,TRUE,3,3,FALSE
0420198,123,3,3,24234,24240,FALSE,TRUE,9,9,FALSE
0420204,1,1,1,24234,24234,FALSE,TRUE,3,3,FALSE
0420209,4,1,1,24234,24234,FALSE,TRUE,3,3,FALSE
0420211,2,1,1,24237,24237,FALSE,TRUE,3,3,FALSE
0420213,4,1,1,24234,24234,FALSE,TRUE,3,3,FALSE
0420214,2,1,1,24237,24237,FALSE,TRUE,3,3,FALSE
0420217,234,3,3,24237,24243,FALSE,TRUE,9,9,FALSE
0420220,4,1,1,24243,24243,FALSE,TRUE,3,3,FALSE
0420221,134,3,3,24234,24243,FALSE,FALSE,9,9,FALSE
0420223,134,3,3,24234,24243,FALSE,FALSE,9,9,FALSE
0420227,2,1,1,24237,24237,FALSE,TRUE,3,3,FALSE
0420228,1,1,1,24234,24234,FALSE,TRUE,3,3,FALSE
0420232,234,3,3,24237,24243,FALSE,TRUE,9,9,FALSE
0420233,12,2,2,24234,24237,FALSE,TRUE,6,6,FALSE
0420235,234,3,3,24237,24243,FALSE,TRUE,9,9,FALSE
0420241,3,1,1,24240,24240,FALSE,TRUE,3,3,FALSE
0420242,1,1,1,24234,24234,FALSE,TRUE,3,3,FALSE
0420244,234,3,3,24237,24243,FALSE,TRUE,9,9,FALSE
0420247,123,3,3,24234,24240,FALSE,TRUE,9,9,FALSE
0420251,1,1,1,24234,24234,FALSE,TRUE,3,3,FALSE
0420252,3,1,1,24240,24240,FALSE,TRUE,3,3,FALSE
0420253,124,3,3,24234,24243,FALSE,FALSE,9,9,FALSE
0420254,234,3,3,24237,24243,FALSE,TRUE,9,9,FALSE
0420257,1,1,1,24234,24234,FALSE,TRUE,3,3,FALSE
0420259,1,1,1,24234,24234,FALSE,TRUE,3,3,FALSE
0420260,3,1,1,24240,24240,FALSE,TRUE,3,3,FALSE
0420263,24,2,2,24237,24243,FALSE,FALSE,6,6,FALSE
0420264,13,2,2,24234,24240,FALSE,FALSE,6,6,FALSE
0420274,3,1,1,24240,24240,FALSE,TRUE,3,3,FALSE
0420277,1,1,1,24234,24234,FALSE,TRUE,3,3,FALSE
0420278,2,1,1,24237,24237,FALSE,TRUE,3,3,FALSE
0420281,1,1,1,24234,24234,FALSE,TRUE,3,3,FALSE
0420285,134,3,3,24234,24243,FALSE,FALSE,9,9,FALSE
0420286,4,1,1,24243,24243,FALSE,TRUE,3,3,FALSE
0420290,234,3,3,24237,24243,FALSE,TRUE,9,9,FALSE
0420292,124,3,3,24234,24243,FALSE,FALSE,9,9,FALSE
0420297,134,3,3,24234,24243,FALSE,FALSE,9,9,FALSE
0420298,1,1,1,24234,24234,FALSE,TRUE,3,3,FALSE
0420299,34,2,2,24240,24243,FALSE,TRUE,6,6,FALSE
0420301,1,1,1,24234,24234,FALSE,TRUE,3,3,FALSE
0420302,1,1,1,24234,24234,FALSE,TRUE,3,3,FALSE
0420303,3,1,1,24240,24240,FALSE,TRUE,3,3,FALSE
0420309,12,2,2,24234,24237,FALSE,TRUE,6,6,FALSE
0420311,2,1,1,24237,24237,FALSE,TRUE,3,3,FALSE
0420313,123,3,3,24234,24240,FALSE,TRUE,9,9,FALSE
0420316,4,1,1,24234,24234,FALSE,TRUE,3,3,FALSE
0420326,234,3,3,24237,24243,FALSE,TRUE,9,9,FALSE
0420327,4,1,1,24234,24234,FALSE,TRUE,3,3,FALSE
0420328,124,3,3,24234,24243,FALSE,FALSE,9,9,FALSE
0420329,2,1,1,24237,24237,FALSE,TRUE,3,3,FALSE
0420339,2,1,1,24237,24237,FALSE,TRUE,3,3,FALSE
0420340,234,3,3,24237,24243,FALSE,TRUE,9,9,FALSE
0420343,123,3,3,24234,24240,FALSE,TRUE,9,9,FALSE
0420346,1,1,1,24234,24234,FALSE,TRUE,3,3,FALSE
0420347,4,1,1,24243,24243,FALSE,TRUE,3,3,FALSE
0420349,12,2,2,24234,24237,FALSE,TRUE,6,6,FALSE
0420350,4,1,1,24234,24234,FALSE,TRUE,3,3,FALSE
0420351,1,1,1,24234,24234,FALSE,TRUE,3,3,FALSE
0420354,123,3,3,24234,24240,FALSE,TRUE,9,9,FALSE
0420356,1,1,1,24234,24234,FALSE,TRUE,3,3,FALSE
0420359,2,1,1,24237,24237,FALSE,TRUE,3,3,FALSE
0420360,34,2,2,24240,24243,FALSE,TRUE,6,6,FALSE
0420363,4,1,1,24243,24243,FALSE,TRUE,3,3,FALSE
0420365,124,3,3,24234,24243,FALSE,FALSE,9,9,FALSE
0420371,3,1,1,24240,24240,FALSE,TRUE,3,3,FALSE
0420372,4,1,1,24243,24243,FALSE,TRUE,3,3,FALSE
0420373,123,3,3,24234,24240,FALSE,TRUE,9,9,FALSE
0420374,234,3,3,24237,24243,FALSE,TRUE,9,9,FALSE
0420380,1,1,1,24234,24234,FALSE,TRUE,3,3,FALSE
0420381,234,3,3,24237,24243,FALSE,TRUE,9,9,FALSE
0420382,1,1,1,24234,24234,FALSE,TRUE,3,3,FALSE
0420384,34,2,2,24240,24243,FALSE,TRUE,6,6,FALSE
0420386,4,1,1,24243,24243,FALSE,TRUE,3,3,FALSE
0420387,1,1,1,24234,24234,FALSE,TRUE,3,3,FALSE
0420392,1,1,1,24234,24234,FALSE,TRUE,3,3,FALSE
0420394,123,3,3,24234,24240,FALSE,TRUE,9,9,FALSE
0420396,123,3,3,24234,24240,FALSE,TRUE,9,9,FALSE
0420397,4,1,1,24243,24243,FALSE,TRUE,3,3,FALSE
0420402,12,2,2,24234,24237,FALSE,TRUE,6,6,FALSE
0420405,1,1,1,24234,24234,FALSE,TRUE,3,3,FALSE
0420407,13,2,2,24234,24240,FALSE,FALSE,6,6,FALSE
0420409,1,1,1,24234,24234,FALSE,TRUE,3,3,FALSE
0420411,234,3,3,24237,24243,FALSE,TRUE,9,9,FALSE
0420413,4,1,1,24243,24243,FALSE,TRUE,3,3,FALSE
0420414,1,1,1,24234,24234,FALSE,TRUE,3,3,FALSE
0420415,134,3,3,24234,24243,FALSE,FALSE,9,9,FALSE
0420419,1,1,1,24234,24234,FALSE,TRUE,3,3,FALSE
0420423,1,1,1,24234,24234,FALSE,TRUE,3,3,FALSE
0420424,124,3,3,24234,24243,FALSE,FALSE,9,9,FALSE
0420425,1,1,1,24234,24234,FALSE,TRUE,3,3,FALSE
0420427,123,3,3,24234,24240,FALSE,TRUE,9,9,FALSE
0420428,1,1,1,24234,24234,FALSE,TRUE,3,3,FALSE
0420437,124,3,3,24234,24243,FALSE,FALSE,9,9,FALSE
0420438,4,1,1,24234,24234,FALSE,TRUE,3,3,FALSE
0420441,14,2,2,24234,24243,FALSE,FALSE,6,6,FALSE
0420442,23,2,2,24237,24240,FALSE,TRUE,6,6,FALSE
0420446,14,2,2,24234,24243,FALSE,FALSE,6,6,FALSE
0420450,123,3,3,24234,24240,FALSE,TRUE,9,9,FALSE
0420451,14,2,2,24234,24243,FALSE,FALSE,6,6,FALSE
0420458,1,1,1,24234,24234,FALSE,TRUE,3,3,FALSE
0420460,234,3,3,24237,24243,FALSE,TRUE,9,9,FALSE
0420463,4,1,1,24234,24234,FALSE,TRUE,3,3,FALSE
0420464,1,1,1,24234,24234,FALSE,TRUE,3,3,FALSE
0420465,4,1,1,24243,24243,FALSE,TRUE,3,3,FALSE
0420467,34,2,2,24240,24243,FALSE,TRUE,6,6,FALSE
0420468,1,1,1,24234,24234,FALSE,TRUE,3,3,FALSE
0420469,2,1,1,24237,24237,FALSE,TRUE,3,3,FALSE
0420471,3,1,1,24240,24240,FALSE,TRUE,3,3,FALSE
0420472,2,1,1,24237,24237,FALSE,TRUE,3,3,FALSE
0420473,234,3,3,24237,24243,FALSE,TRUE,9,9,FALSE
0420474,34,2,2,24240,24243,FALSE,TRUE,6,6,FALSE
0421487,123,3,3,24235,24241,FALSE,TRUE,9,9,FALSE
0421488,23,2,2,24238,24241,FALSE,TRUE,6,6,FALSE
0421489,123,3,3,24235,24241,FALSE,TRUE,9,9,FALSE
0421490,23,2,2,24238,24241,FALSE,TRUE,6,6,FALSE
0421493,12,2,2,24235,24238,FALSE,TRUE,6,6,FALSE
0421494,123,3,3,24235,24241,FALSE,TRUE,9,9,FALSE
0421495,123,3,3,24235,24241,FALSE,TRUE,9,9,FALSE
0421496,23,2,2,24238,24241,FALSE,TRUE,6,6,FALSE
0421497,123,3,3,24235,24241,FALSE,TRUE,9,9,FALSE
0421499,1,1,1,24235,24235,FALSE,TRUE,3,3,FALSE
0421500,3,1,1,24241,24241,FALSE,TRUE,3,3,FALSE
0421503,123,3,3,24235,24241,FALSE,TRUE,9,9,FALSE
0421505,123,3,3,24235,24241,FALSE,TRUE,9,9,FALSE
0421506,2,1,1,24238,24238,FALSE,TRUE,3,3,FALSE
0421508,123,3,3,24235,24241,FALSE,TRUE,9,9,FALSE
0421509,1,1,1,24235,24235,FALSE,TRUE,3,3,FALSE
0421510,1,1,1,24235,24235,FALSE,TRUE,3,3,FALSE
0421512,1,1,1,24235,24235,FALSE,TRUE,3,3,FALSE
0421514,123,3,3,24235,24241,FALSE,TRUE,9,9,FALSE
0421515,123,3,3,24235,24241,FALSE,TRUE,9,9,FALSE
0421516,12,2,2,24235,24238,FALSE,TRUE,6,6,FALSE
0421517,123,3,3,24235,24241,FALSE,TRUE,9,9,FALSE
0421519,123,3,3,24235,24241,FALSE,TRUE,9,9,FALSE
0421521,13,2,2,24235,24241,FALSE,FALSE,6,6,FALSE
0421522,34,2,2,24235,24238,FALSE,TRUE,6,6,FALSE
0421523,2,1,1,24235,24235,FALSE,TRUE,3,3,FALSE
0421526,123,3,3,24235,24241,FALSE,TRUE,9,9,FALSE
0421528,123,3,3,24235,24241,FALSE,TRUE,9,9,FALSE
0421529,1,1,1,24235,24235,FALSE,TRUE,3,3,FALSE
0421530,3,1,1,24241,24241,FALSE,TRUE,3,3,FALSE
0421531,123,3,3,24235,24241,FALSE,TRUE,9,9,FALSE
0421533,12,2,2,24235,24238,FALSE,TRUE,6,6,FALSE
0421534,123,3,3,24235,24241,FALSE,TRUE,9,9,FALSE
0421535,123,3,3,24235,24241,FALSE,TRUE,9,9,FALSE
0421536,123,3,3,24235,24241,FALSE,TRUE,9,9,FALSE
0421538,23,2,2,24238,24241,FALSE,TRUE,6,6,FALSE
0421539,1,1,1,24235,24235,FALSE,TRUE,3,3,FALSE
0421541,123,3,3,24235,24241,FALSE,TRUE,9,9,FALSE
0421542,123,3,3,24235,24241,FALSE,TRUE,9,9,FALSE
0421544,123,3,3,24235,24241,FALSE,TRUE,9,9,FALSE
0421545,123,3,3,24235,24241,FALSE,TRUE,9,9,FALSE
0421546,1,1,1,24235,24235,FALSE,TRUE,3,3,FALSE
0421548,123,3,3,24235,24241,FALSE,TRUE,9,9,FALSE
0421549,123,3,3,24235,24241,FALSE,TRUE,9,9,FALSE
0421550,123,3,3,24235,24241,FALSE,TRUE,9,9,FALSE
0421551,2,1,1,24238,24238,FALSE,TRUE,3,3,FALSE
0421553,123,3,3,24235,24241,FALSE,TRUE,9,9,FALSE
0421554,123,3,3,24235,24241,FALSE,TRUE,9,9,FALSE
0421556,234,3,3,24235,24241,FALSE,TRUE,9,9,FALSE
0421560,2,1,1,24238,24238,FALSE,TRUE,3,3,FALSE
0421564,12,2,2,24235,24238,FALSE,TRUE,6,6,FALSE
0421568,12,2,2,24235,24238,FALSE,TRUE,6,6,FALSE
0421569,12,2,2,24235,24238,FALSE,TRUE,6,6,FALSE
0421571,1,1,1,24235,24235,FALSE,TRUE,3,3,FALSE
0421572,13,2,2,24235,24241,FALSE,FALSE,6,6,FALSE
0421576,123,3,3,24235,24241,FALSE,TRUE,9,9,FALSE
0421579,123,3,3,24235,24241,FALSE,TRUE,9,9,FALSE
0421580,123,3,3,24235,24241,FALSE,TRUE,9,9,FALSE
0421581,123,3,3,24235,24241,FALSE,TRUE,9,9,FALSE
0421582,123,3,3,24235,24241,FALSE,TRUE,9,9,FALSE
0421584,23,2,2,24238,24241,FALSE,TRUE,6,6,FALSE
0421586,34,2,2,24235,24238,FALSE,TRUE,6,6,FALSE
0421587,2,1,1,24238,24238,FALSE,TRUE,3,3,FALSE
0421588,12,2,2,24235,24238,FALSE,TRUE,6,6,FALSE
0421589,23,2,2,24238,24241,FALSE,TRUE,6,6,FALSE
0421590,2,1,1,24238,24238,FALSE,TRUE,3,3,FALSE
0421591,123,3,3,24235,24241,FALSE,TRUE,9,9,FALSE
0421592,23,2,2,24238,24241,FALSE,TRUE,6,6,FALSE
0421596,23,2,2,24238,24241,FALSE,TRUE,6,6,FALSE
0421597,123,3,3,24235,24241,FALSE,TRUE,9,9,FALSE
0421598,123,3,3,24235,24241,FALSE,TRUE,9,9,FALSE
0421599,1,1,1,24235,24235,FALSE,TRUE,3,3,FALSE
0421601,123,3,3,24235,24241,FALSE,TRUE,9,9,FALSE
0421606,123,3,3,24235,24241,FALSE,TRUE,9,9,FALSE
0421607,1,1,1,24235,24235,FALSE,TRUE,3,3,FALSE
0421608,123,3,3,24235,24241,FALSE,TRUE,9,9,FALSE
0421609,3,1,1,24241,24241,FALSE,TRUE,3,3,FALSE
0421610,123,3,3,24235,24241,FALSE,TRUE,9,9,FALSE
0421613,123,3,3,24235,24241,FALSE,TRUE,9,9,FALSE
0421614,4,1,1,24235,24235,FALSE,TRUE,3,3,FALSE
0421616,123,3,3,24235,24241,FALSE,TRUE,9,9,FALSE
0421617,123,3,3,24235,24241,FALSE,TRUE,9,9,FALSE
0421618,23,2,2,24238,24241,FALSE,TRUE,6,6,FALSE
0421619,123,3,3,24235,24241,FALSE,TRUE,9,9,FALSE
0421620,123,3,3,24235,24241,FALSE,TRUE,9,9,FALSE
0421621,123,3,3,24235,24241,FALSE,TRUE,9,9,FALSE
0421623,13,2,2,24235,24241,FALSE,FALSE,6,6,FALSE
0421624,123,3,3,24235,24241,FALSE,TRUE,9,9,FALSE
0421625,123,3,3,24235,24241,FALSE,TRUE,9,9,FALSE
0421626,1,1,1,24235,24235,FALSE,TRUE,3,3,FALSE
0421627,123,3,3,24235,24241,FALSE,TRUE,9,9,FALSE
0421629,1,1,1,24235,24235,FALSE,TRUE,3,3,FALSE
0421630,34,2,2,24235,24238,FALSE,TRUE,6,6,FALSE
0421631,1,1,1,24235,24235,FALSE,TRUE,3,3,FALSE
0421633,12,2,2,24235,24238,FALSE,TRUE,6,6,FALSE
0421636,123,3,3,24235,24241,FALSE,TRUE,9,9,FALSE
0421638,123,3,3,24235,24241,FALSE,TRUE,9,9,FALSE
0421640,1,1,1,24235,24235,FALSE,TRUE,3,3,FALSE
0421641,13,2,2,24235,24241,FALSE,FALSE,6,6,FALSE
0421643,123,3,3,24235,24241,FALSE,TRUE,9,9,FALSE
0421646,123,3,3,24235,24241,FALSE,TRUE,9,9,FALSE
0421648,34,2,2,24238,24241,FALSE,TRUE,6,6,FALSE
0421649,12,2,2,24235,24238,FALSE,TRUE,6,6,FALSE
0421650,1,1,1,24235,24235,FALSE,TRUE,3,3,FALSE
0421651,123,3,3,24235,24241,FALSE,TRUE,9,9,FALSE
0421654,123,3,3,24235,24241,FALSE,TRUE,9,9,FALSE
0421655,123,3,3,24235,24241,FALSE,TRUE,9,9,FALSE
0421656,123,3,3,24235,24241,FALSE,TRUE,9,9,FALSE
0421658,12,2,2,24235,24238,FALSE,TRUE,6,6,FALSE
0421660,123,3,3,24235,24241,FALSE,TRUE,9,9,FALSE
0421661,1,1,1,24235,24235,FALSE,TRUE,3,3,FALSE
0421663,123,3,3,24235,24241,FALSE,TRUE,9,9,FALSE
0421664,2,1,1,24238,24238,FALSE,TRUE,3,3,FALSE
0421665,12,2,2,24235,24238,FALSE,TRUE,6,6,FALSE
0421666,2,1,1,24238,24238,FALSE,TRUE,3,3,FALSE
0421667,1,1,1,24235,24235,FALSE,TRUE,3,3,FALSE
0421668,123,3,3,24235,24241,FALSE,TRUE,9,9,FALSE
0421671,1,1,1,24235,24235,FALSE,TRUE,3,3,FALSE
0421672,123,3,3,24235,24241,FALSE,TRUE,9,9,FALSE
0421674,3,1,1,24241,24241,FALSE,TRUE,3,3,FALSE
0421675,123,3,3,24235,24241,FALSE,TRUE,9,9,FALSE
0421676,3,1,1,24241,24241,FALSE,TRUE,3,3,FALSE
0421678,12,2,2,24235,24238,FALSE,TRUE,6,6,FALSE
0421679,34,2,2,24238,24241,FALSE,TRUE,6,6,FALSE
0421680,123,3,3,24235,24241,FALSE,TRUE,9,9,FALSE
0421681,23,2,2,24238,24241,FALSE,TRUE,6,6,FALSE
0421682,12,2,2,24235,24238,FALSE,TRUE,6,6,FALSE
0421683,1,1,1,24235,24235,FALSE,TRUE,3,3,FALSE
0421686,13,2,2,24235,24241,FALSE,FALSE,6,6,FALSE
0421687,123,3,3,24235,24241,FALSE,TRUE,9,9,FALSE
0421688,123,3,3,24235,24241,FALSE,TRUE,9,9,FALSE
0421692,123,3,3,24235,24241,FALSE,TRUE,9,9,FALSE
0421693,123,3,3,24235,24241,FALSE,TRUE,9,9,FALSE
0421696,123,3,3,24235,24241,FALSE,TRUE,9,9,FALSE
0421698,123,3,3,24235,24241,FALSE,TRUE,9,9,FALSE
0421699,1,1,1,24235,24235,FALSE,TRUE,3,3,FALSE
0421700,1,1,1,24235,24235,FALSE,TRUE,3,3,FALSE
0421701,123,3,3,24235,24241,FALSE,TRUE,9,9,FALSE
0421703,123,3,3,24235,24241,FALSE,TRUE,9,9,FALSE
0421704,123,3,3,24235,24241,FALSE,TRUE,9,9,FALSE
0421705,1,1,1,24235,24235,FALSE,TRUE,3,3,FALSE
0421706,123,3,3,24235,24241,FALSE,TRUE,9,9,FALSE
0421707,12,2,2,24235,24238,FALSE,TRUE,6,6,FALSE
0421708,123,3,3,24235,24241,FALSE,TRUE,9,9,FALSE
0421709,2,1,1,24238,24238,FALSE,TRUE,3,3,FALSE
0421710,2,1,1,24238,24238,FALSE,TRUE,3,3,FALSE
0421711,123,3,3,24235,24241,FALSE,TRUE,9,9,FALSE
0421713,123,3,3,24235,24241,FALSE,TRUE,9,9,FALSE
0421716,12,2,2,24235,24238,FALSE,TRUE,6,6,FALSE
0421718,34,2,2,24235,24238,FALSE,TRUE,6,6,FALSE
0421719,123,3,3,24235,24241,FALSE,TRUE,9,9,FALSE
0421722,2,1,1,24238,24238,FALSE,TRUE,3,3,FALSE
0421723,1,1,1,24235,24235,FALSE,TRUE,3,3,FALSE
0421724,1,1,1,24235,24235,FALSE,TRUE,3,3,FALSE
0421725,4,1,1,24235,24235,FALSE,TRUE,3,3,FALSE
0421726,123,3,3,24235,24241,FALSE,TRUE,9,9,FALSE
0421729,3,1,1,24241,24241,FALSE,TRUE,3,3,FALSE
0421731,123,3,3,24235,24241,FALSE,TRUE,9,9,FALSE
0421735,123,3,3,24235,24241,FALSE,TRUE,9,9,FALSE
0421737,123,3,3,24235,24241,FALSE,TRUE,9,9,FALSE
0421739,3,1,1,24241,24241,FALSE,TRUE,3,3,FALSE
0421741,23,2,2,24238,24241,FALSE,TRUE,6,6,FALSE
0421742,123,3,3,24235,24241,FALSE,TRUE,9,9,FALSE
0421743,123,3,3,24235,24241,FALSE,TRUE,9,9,FALSE
0421744,2,1,1,24238,24238,FALSE,TRUE,3,3,FALSE
0421745,123,3,3,24235,24241,FALSE,TRUE,9,9,FALSE
0421746,12,2,2,24235,24238,FALSE,TRUE,6,6,FALSE
0421749,123,3,3,24235,24241,FALSE,TRUE,9,9,FALSE
0421750,12,2,2,24235,24238,FALSE,TRUE,6,6,FALSE
0421751,123,3,3,24235,24241,FALSE,TRUE,9,9,FALSE
0421753,3,1,1,24241,24241,FALSE,TRUE,3,3,FALSE
0421754,123,3,3,24235,24241,FALSE,TRUE,9,9,FALSE
0421755,3,1,1,24241,24241,FALSE,TRUE,3,3,FALSE
0421756,13,2,2,24235,24241,FALSE,FALSE,6,6,FALSE
0421757,123,3,3,24235,24241,FALSE,TRUE,9,9,FALSE
0421759,123,3,3,24235,24241,FALSE,TRUE,9,9,FALSE
0421761,1,1,1,24235,24235,FALSE,TRUE,3,3,FALSE
0421763,23,2,2,24238,24241,FALSE,TRUE,6,6,FALSE
0421765,1,1,1,24235,24235,FALSE,TRUE,3,3,FALSE
0421767,12,2,2,24235,24238,FALSE,TRUE,6,6,FALSE
0421768,123,3,3,24235,24241,FALSE,TRUE,9,9,FALSE
0421769,123,3,3,24235,24241,FALSE,TRUE,9,9,FALSE
0421770,1,1,1,24235,24235,FALSE,TRUE,3,3,FALSE
0421771,12,2,2,24235,24238,FALSE,TRUE,6,6,FALSE
0421772,123,3,3,24235,24241,FALSE,TRUE,9,9,FALSE
0421773,123,3,3,24235,24241,FALSE,TRUE,9,9,FALSE
0421774,1,1,1,24235,24235,FALSE,TRUE,3,3,FALSE
0421775,1,1,1,24235,24235,FALSE,TRUE,3,3,FALSE
0421777,1,1,1,24235,24235,FALSE,TRUE,3,3,FALSE
0421780,3,1,1,24241,24241,FALSE,TRUE,3,3,FALSE
0421782,23,2,2,24238,24241,FALSE,TRUE,6,6,FALSE
0421784,123,3,3,24235,24241,FALSE,TRUE,9,9,FALSE
0421786,23,2,2,24238,24241,FALSE,TRUE,6,6,FALSE
0421788,123,3,3,24235,24241,FALSE,TRUE,9,9,FALSE
0421794,123,3,3,24235,24241,FALSE,TRUE,9,9,FALSE
0421795,23,2,2,24238,24241,FALSE,TRUE,6,6,FALSE
0421798,123,3,3,24235,24241,FALSE,TRUE,9,9,FALSE
0421801,123,3,3,24235,24241,FALSE,TRUE,9,9,FALSE
0421804,123,3,3,24235,24241,FALSE,TRUE,9,9,FALSE
0421805,2,1,1,24238,24238,FALSE,TRUE,3,3,FALSE
0421806,123,3,3,24235,24241,FALSE,TRUE,9,9,FALSE
0421807,123,3,3,24235,24241,FALSE,TRUE,9,9,FALSE
0421808,123,3,3,24235,24241,FALSE,TRUE,9,9,FALSE
0421809,1,1,1,24235,24235,FALSE,TRUE,3,3,FALSE
0421811,4,1,1,24241,24241,FALSE,TRUE,3,3,FALSE
0421812,23,2,2,24238,24241,FALSE,TRUE,6,6,FALSE
0421813,123,3,3,24235,24241,FALSE,TRUE,9,9,FALSE
0421816,4,1,1,24235,24235,FALSE,TRUE,3,3,FALSE
0421819,1,1,1,24235,24235,FALSE,TRUE,3,3,FALSE
0421820,123,3,3,24235,24241,FALSE,TRUE,9,9,FALSE
0421821,2,1,1,24238,24238,FALSE,TRUE,3,3,FALSE
0421822,123,3,3,24235,24241,FALSE,TRUE,9,9,FALSE
0421823,1,1,1,24235,24235,FALSE,TRUE,3,3,FALSE
0421828,123,3,3,24235,24241,FALSE,TRUE,9,9,FALSE
0421829,123,3,3,24235,24241,FALSE,TRUE,9,9,FALSE
0421830,3,1,1,24241,24241,FALSE,TRUE,3,3,FALSE
0421835,123,3,3,24235,24241,FALSE,TRUE,9,9,FALSE
0421836,12,2,2,24235,24238,FALSE,TRUE,6,6,FALSE
0421837,1,1,1,24235,24235,FALSE,TRUE,3,3,FALSE
0421839,12,2,2,24235,24238,FALSE,TRUE,6,6,FALSE
0421841,23,2,2,24238,24241,FALSE,TRUE,6,6,FALSE
0421844,123,3,3,24235,24241,FALSE,TRUE,9,9,FALSE
0421845,12,2,2,24235,24238,FALSE,TRUE,6,6,FALSE
0421846,123,3,3,24235,24241,FALSE,TRUE,9,9,FALSE
0421847,1,1,1,24235,24235,FALSE,TRUE,3,3,FALSE
0421848,123,3,3,24235,24241,FALSE,TRUE,9,9,FALSE
0421851,123,3,3,24235,24241,FALSE,TRUE,9,9,FALSE
0421852,123,3,3,24235,24241,FALSE,TRUE,9,9,FALSE
0421854,12,2,2,24235,24238,FALSE,TRUE,6,6,FALSE
0421856,1,1,1,24235,24235,FALSE,TRUE,3,3,FALSE
0421857,123,3,3,24235,24241,FALSE,TRUE,9,9,FALSE
0421858,1,1,1,24235,24235,FALSE,TRUE,3,3,FALSE
0421862,123,3,3,24235,24241,FALSE,TRUE,9,9,FALSE
0421863,23,2,2,24238,24241,FALSE,TRUE,6,6,FALSE
0421864,123,3,3,24235,24241,FALSE,TRUE,9,9,FALSE
0421865,2,1,1,24238,24238,FALSE,TRUE,3,3,FALSE
0421866,12,2,2,24235,24238,FALSE,TRUE,6,6,FALSE
0421867,123,3,3,24235,24241,FALSE,TRUE,9,9,FALSE
0421868,1,1,1,24235,24235,FALSE,TRUE,3,3,FALSE
0421870,1,1,1,24235,24235,FALSE,TRUE,3,3,FALSE
0421872,23,2,2,24238,24241,FALSE,TRUE,6,6,FALSE
0421874,3,1,1,24241,24241,FALSE,TRUE,3,3,FALSE
0421876,123,3,3,24235,24241,FALSE,TRUE,9,9,FALSE
0421877,123,3,3,24235,24241,FALSE,TRUE,9,9,FALSE
0421878,23,2,2,24238,24241,FALSE,TRUE,6,6,FALSE
0421879,1,1,1,24235,24235,FALSE,TRUE,3,3,FALSE
0421880,2,1,1,24238,24238,FALSE,TRUE,3,3,FALSE
0421882,23,2,2,24238,24241,FALSE,TRUE,6,6,FALSE
0421886,123,3,3,24235,24241,FALSE,TRUE,9,9,FALSE
0421889,123,3,3,24235,24241,FALSE,TRUE,9,9,FALSE
0421890,123,3,3,24235,24241,FALSE,TRUE,9,9,FALSE
0421891,123,3,3,24235,24241,FALSE,TRUE,9,9,FALSE
0421892,3,1,1,24241,24241,FALSE,TRUE,3,3,FALSE
0421893,23,2,2,24238,24241,FALSE,TRUE,6,6,FALSE
0421894,13,2,2,24235,24241,FALSE,FALSE,6,6,FALSE
0421897,1,1,1,24235,24235,FALSE,TRUE,3,3,FALSE
0421899,1,1,1,24235,24235,FALSE,TRUE,3,3,FALSE
0421900,23,2,2,24238,24241,FALSE,TRUE,6,6,FALSE
0421901,123,3,3,24235,24241,FALSE,TRUE,9,9,FALSE
0421902,23,2,2,24235,24238,FALSE,TRUE,6,6,FALSE
0421903,3,1,1,24241,24241,FALSE,TRUE,3,3,FALSE
0421904,234,3,3,24235,24241,FALSE,TRUE,9,9,FALSE
0421905,23,2,2,24238,24241,FALSE,TRUE,6,6,FALSE
0421909,3,1,1,24241,24241,FALSE,TRUE,3,3,FALSE
0421910,4,1,1,24235,24235,FALSE,TRUE,3,3,FALSE
0421911,123,3,3,24235,24241,FALSE,TRUE,9,9,FALSE
0421914,1,1,1,24235,24235,FALSE,TRUE,3,3,FALSE
0421915,123,3,3,24235,24241,FALSE,TRUE,9,9,FALSE
0421917,2,1,1,24238,24238,FALSE,TRUE,3,3,FALSE
0421920,12,2,2,24235,24238,FALSE,TRUE,6,6,FALSE
0421922,123,3,3,24235,24241,FALSE,TRUE,9,9,FALSE
0421923,12,2,2,24235,24238,FALSE,TRUE,6,6,FALSE
0421925,13,2,2,24235,24241,FALSE,FALSE,6,6,FALSE
0421929,123,3,3,24235,24241,FALSE,TRUE,9,9,FALSE
0421930,4,1,1,24235,24235,FALSE,TRUE,3,3,FALSE
0421931,3,1,1,24241,24241,FALSE,TRUE,3,3,FALSE
0421933,123,3,3,24235,24241,FALSE,TRUE,9,9,FALSE
0421935,1,1,1,24235,24235,FALSE,TRUE,3,3,FALSE
0421936,123,3,3,24235,24241,FALSE,TRUE,9,9,FALSE
0421937,123,3,3,24235,24241,FALSE,TRUE,9,9,FALSE
0421938,3,1,1,24241,24241,FALSE,TRUE,3,3,FALSE
0421939,123,3,3,24235,24241,FALSE,TRUE,9,9,FALSE
0421942,2,1,1,24238,24238,FALSE,TRUE,3,3,FALSE
0421943,234,3,3,24235,24241,FALSE,TRUE,9,9,FALSE
0421944,123,3,3,24235,24241,FALSE,TRUE,9,9,FALSE
0421947,1,1,1,24235,24235,FALSE,TRUE,3,3,FALSE
0421949,123,3,3,24235,24241,FALSE,TRUE,9,9,FALSE
0421950,2,1,1,24235,24235,FALSE,TRUE,3,3,FALSE
0421951,123,3,3,24235,24241,FALSE,TRUE,9,9,FALSE
0421952,123,3,3,24235,24241,FALSE,TRUE,9,9,FALSE
0421954,23,2,2,24238,24241,FALSE,TRUE,6,6,FALSE
0421955,23,2,2,24238,24241,FALSE,TRUE,6,6,FALSE
0421956,123,3,3,24235,24241,FALSE,TRUE,9,9,FALSE
0421957,123,3,3,24235,24241,FALSE,TRUE,9,9,FALSE
0421958,3,1,1,24241,24241,FALSE,TRUE,3,3,FALSE
0421959,123,3,3,24235,24241,FALSE,TRUE,9,9,FALSE
0421961,23,2,2,24238,24241,FALSE,TRUE,6,6,FALSE
0421963,12,2,2,24235,24238,FALSE,TRUE,6,6,FALSE
0421969,123,3,3,24235,24241,FALSE,TRUE,9,9,FALSE
0421975,1,1,1,24235,24235,FALSE,TRUE,3,3,FALSE
0421977,1,1,1,24235,24235,FALSE,TRUE,3,3,FALSE
0421980,1,1,1,24235,24235,FALSE,TRUE,3,3,FALSE
0421982,12,2,2,24235,24238,FALSE,TRUE,6,6,FALSE
0421983,1,1,1,24235,24235,FALSE,TRUE,3,3,FALSE
0421986,123,3,3,24235,24241,FALSE,TRUE,9,9,FALSE
0421988,123,3,3,24235,24241,FALSE,TRUE,9,9,FALSE
0421991,2,1,1,24238,24238,FALSE,TRUE,3,3,FALSE
0421994,1,1,1,24235,24235,FALSE,TRUE,3,3,FALSE
0421996,123,3,3,24235,24241,FALSE,TRUE,9,9,FALSE
0421997,123,3,3,24235,24241,FALSE,TRUE,9,9,FALSE
0421999,123,3,3,24235,24241,FALSE,TRUE,9,9,FALSE
0422000,12,2,2,24235,24238,FALSE,TRUE,6,6,FALSE
0422003,123,3,3,24235,24241,FALSE,TRUE,9,9,FALSE
0422005,123,3,3,24235,24241,FALSE,TRUE,9,9,FALSE
0422008,1,1,1,24235,24235,FALSE,TRUE,3,3,FALSE
0422014,1,1,1,24235,24235,FALSE,TRUE,3,3,FALSE
0422016,123,3,3,24235,24241,FALSE,TRUE,9,9,FALSE
0422017,23,2,2,24238,24241,FALSE,TRUE,6,6,FALSE
0422018,23,2,2,24238,24241,FALSE,TRUE,6,6,FALSE
0422020,4,1,1,24235,24235,FALSE,TRUE,3,3,FALSE
0422023,23,2,2,24238,24241,FALSE,TRUE,6,6,FALSE
0422027,123,3,3,24235,24241,FALSE,TRUE,9,9,FALSE
0422028,12,2,2,24235,24238,FALSE,TRUE,6,6,FALSE
0422029,3,1,1,24241,24241,FALSE,TRUE,3,3,FALSE
0422030,12,2,2,24235,24238,FALSE,TRUE,6,6,FALSE
0422031,13,2,2,24235,24241,FALSE,FALSE,6,6,FALSE
0422032,123,3,3,24235,24241,FALSE,TRUE,9,9,FALSE
0422034,123,3,3,24235,24241,FALSE,TRUE,9,9,FALSE
0422035,12,2,2,24235,24238,FALSE,TRUE,6,6,FALSE
0422037,123,3,3,24235,24241,FALSE,TRUE,9,9,FALSE
0422039,123,3,3,24235,24241,FALSE,TRUE,9,9,FALSE
0422040,123,3,3,24235,24241,FALSE,TRUE,9,9,FALSE
0422041,34,2,2,24235,24238,FALSE,TRUE,6,6,FALSE
0422042,2,1,1,24238,24238,FALSE,TRUE,3,3,FALSE
0422046,12,2,2,24235,24238,FALSE,TRUE,6,6,FALSE
0422047,123,3,3,24235,24241,FALSE,TRUE,9,9,FALSE
0422049,1,1,1,24235,24235,FALSE,TRUE,3,3,FALSE
0422051,12,2,2,24235,24238,FALSE,TRUE,6,6,FALSE
0422053,2,1,1,24238,24238,FALSE,TRUE,3,3,FALSE
0422056,123,3,3,24235,24241,FALSE,TRUE,9,9,FALSE
0422057,4,1,1,24235,24235,FALSE,TRUE,3,3,FALSE
0422059,123,3,3,24235,24241,FALSE,TRUE,9,9,FALSE
0422061,123,3,3,24235,24241,FALSE,TRUE,9,9,FALSE
0422063,4,1,1,24235,24235,FALSE,TRUE,3,3,FALSE
0422066,123,3,3,24235,24241,FALSE,TRUE,9,9,FALSE
0422070,123,3,3,24235,24241,FALSE,TRUE,9,9,FALSE
0422072,1,1,1,24235,24235,FALSE,TRUE,3,3,FALSE
0422074,123,3,3,24235,24241,FALSE,TRUE,9,9,FALSE
0422075,123,3,3,24235,24241,FALSE,TRUE,9,9,FALSE
0422076,123,3,3,24235,24241,FALSE,TRUE,9,9,FALSE
0422077,1,1,1,24235,24235,FALSE,TRUE,3,3,FALSE
0422078,123,3,3,24235,24241,FALSE,TRUE,9,9,FALSE
0422079,1,1,1,24235,24235,FALSE,TRUE,3,3,FALSE
0422080,23,2,2,24238,24241,FALSE,TRUE,6,6,FALSE
0422082,1,1,1,24235,24235,FALSE,TRUE,3,3,FALSE
0422083,123,3,3,24235,24241,FALSE,TRUE,9,9,FALSE
0422084,123,3,3,24235,24241,FALSE,TRUE,9,9,FALSE
0422085,23,2,2,24238,24241,FALSE,TRUE,6,6,FALSE
0422086,12,2,2,24235,24238,FALSE,TRUE,6,6,FALSE
0422087,123,3,3,24235,24241,FALSE,TRUE,9,9,FALSE
0422088,123,3,3,24235,24241,FALSE,TRUE,9,9,FALSE
0422097,123,3,3,24235,24241,FALSE,TRUE,9,9,FALSE
0422098,123,3,3,24235,24241,FALSE,TRUE,9,9,FALSE
0422099,123,3,3,24235,24241,FALSE,TRUE,9,9,FALSE
0422100,123,3,3,24235,24241,FALSE,TRUE,9,9,FALSE
0422101,123,3,3,24235,24241,FALSE,TRUE,9,9,FALSE
0422103,123,3,3,24235,24241,FALSE,TRUE,9,9,FALSE
0422105,123,3,3,24235,24241,FALSE,TRUE,9,9,FALSE
0422107,123,3,3,24235,24241,FALSE,TRUE,9,9,FALSE
0422108,12,2,2,24235,24238,FALSE,TRUE,6,6,FALSE
0422109,123,3,3,24235,24241,FALSE,TRUE,9,9,FALSE
0422110,12,2,2,24235,24238,FALSE,TRUE,6,6,FALSE
0422111,123,3,3,24235,24241,FALSE,TRUE,9,9,FALSE
0422113,123,3,3,24235,24241,FALSE,TRUE,9,9,FALSE
0422115,3,1,1,24241,24241,FALSE,TRUE,3,3,FALSE
0422117,123,3,3,24235,24241,FALSE,TRUE,9,9,FALSE
0422118,123,3,3,24235,24241,FALSE,TRUE,9,9,FALSE
0422119,123,3,3,24235,24241,FALSE,TRUE,9,9,FALSE
0422120,123,3,3,24235,24241,FALSE,TRUE,9,9,FALSE
0422125,123,3,3,24235,24241,FALSE,TRUE,9,9,FALSE
0422126,2,1,1,24238,24238,FALSE,TRUE,3,3,FALSE
0422128,13,2,2,24235,24241,FALSE,FALSE,6,6,FALSE
0422130,12,2,2,24235,24238,FALSE,TRUE,6,6,FALSE
0422132,123,3,3,24235,24241,FALSE,TRUE,9,9,FALSE
0422134,3,1,1,24241,24241,FALSE,TRUE,3,3,FALSE
0422135,123,3,3,24235,24241,FALSE,TRUE,9,9,FALSE
0422136,2,1,1,24238,24238,FALSE,TRUE,3,3,FALSE
0422137,123,3,3,24235,24241,FALSE,TRUE,9,9,FALSE
0422138,123,3,3,24235,24241,FALSE,TRUE,9,9,FALSE
0422139,123,3,3,24235,24241,FALSE,TRUE,9,9,FALSE
0422141,123,3,3,24235,24241,FALSE,TRUE,9,9,FALSE
0422143,123,3,3,24235,24241,FALSE,TRUE,9,9,FALSE
0422145,123,3,3,24235,24241,FALSE,TRUE,9,9,FALSE
0422146,2,1,1,24238,24238,FALSE,TRUE,3,3,FALSE
0422147,123,3,3,24235,24241,FALSE,TRUE,9,9,FALSE
0422150,123,3,3,24235,24241,FALSE,TRUE,9,9,FALSE
0422152,123,3,3,24235,24241,FALSE,TRUE,9,9,FALSE
0422154,123,3,3,24235,24241,FALSE,TRUE,9,9,FALSE
0422156,123,3,3,24235,24241,FALSE,TRUE,9,9,FALSE
0422157,123,3,3,24235,24241,FALSE,TRUE,9,9,FALSE
0422159,13,2,2,24235,24241,FALSE,FALSE,6,6,FALSE
0422163,2,1,1,24238,24238,FALSE,TRUE,3,3,FALSE
0422164,1,1,1,24235,24235,FALSE,TRUE,3,3,FALSE
0422166,123,3,3,24235,24241,FALSE,TRUE,9,9,FALSE
0422167,123,3,3,24235,24241,FALSE,TRUE,9,9,FALSE
0422168,123,3,3,24235,24241,FALSE,TRUE,9,9,FALSE
0422171,12,2,2,24235,24238,FALSE,TRUE,6,6,FALSE
0422174,23,2,2,24238,24241,FALSE,TRUE,6,6,FALSE
0422177,123,3,3,24235,24241,FALSE,TRUE,9,9,FALSE
0422178,123,3,3,24235,24241,FALSE,TRUE,9,9,FALSE
0422179,123,3,3,24235,24241,FALSE,TRUE,9,9,FALSE
0422181,234,3,3,24235,24241,FALSE,TRUE,9,9,FALSE
0422183,1,1,1,24235,24235,FALSE,TRUE,3,3,FALSE
0422184,123,3,3,24235,24241,FALSE,TRUE,9,9,FALSE
0422185,1,1,1,24235,24235,FALSE,TRUE,3,3,FALSE
0422189,1,1,1,24235,24235,FALSE,TRUE,3,3,FALSE
0422190,1,1,1,24235,24235,FALSE,TRUE,3,3,FALSE
0422193,12,2,2,24235,24238,FALSE,TRUE,6,6,FALSE
0422196,123,3,3,24235,24241,FALSE,TRUE,9,9,FALSE
0422197,123,3,3,24235,24241,FALSE,TRUE,9,9,FALSE
0422201,123,3,3,24235,24241,FALSE,TRUE,9,9,FALSE
0422203,123,3,3,24235,24241,FALSE,TRUE,9,9,FALSE
0422205,123,3,3,24235,24241,FALSE,TRUE,9,9,FALSE
0422206,12,2,2,24235,24238,FALSE,TRUE,6,6,FALSE
0422207,34,2,2,24238,24241,FALSE,TRUE,6,6,FALSE
0422208,123,3,3,24235,24241,FALSE,TRUE,9,9,FALSE
0422213,123,3,3,24235,24241,FALSE,TRUE,9,9,FALSE
0422214,123,3,3,24235,24241,FALSE,TRUE,9,9,FALSE
0422215,12,2,2,24235,24238,FALSE,TRUE,6,6,FALSE
0422218,123,3,3,24235,24241,FALSE,TRUE,9,9,FALSE
0422219,4,1,1,24235,24235,FALSE,TRUE,3,3,FALSE
0422220,123,3,3,24235,24241,FALSE,TRUE,9,9,FALSE
0422221,23,2,2,24238,24241,FALSE,TRUE,6,6,FALSE
0422222,1,1,1,24235,24235,FALSE,TRUE,3,3,FALSE
0422224,3,1,1,24241,24241,FALSE,TRUE,3,3,FALSE
0422228,2,1,1,24238,24238,FALSE,TRUE,3,3,FALSE
0422229,23,2,2,24238,24241,FALSE,TRUE,6,6,FALSE
0422230,12,2,2,24235,24238,FALSE,TRUE,6,6,FALSE
0422231,123,3,3,24235,24241,FALSE,TRUE,9,9,FALSE
0422232,3,1,1,24241,24241,FALSE,TRUE,3,3,FALSE
0422236,123,3,3,24235,24241,FALSE,TRUE,9,9,FALSE
0422237,1,1,1,24235,24235,FALSE,TRUE,3,3,FALSE
0422239,123,3,3,24235,24241,FALSE,TRUE,9,9,FALSE
0422241,123,3,3,24235,24241,FALSE,TRUE,9,9,FALSE
0422242,123,3,3,24235,24241,FALSE,TRUE,9,9,FALSE
0422244,1,1,1,24235,24235,FALSE,TRUE,3,3,FALSE
0422246,1,1,1,24235,24235,FALSE,TRUE,3,3,FALSE
0422248,123,3,3,24235,24241,FALSE,TRUE,9,9,FALSE
0422249,23,2,2,24238,24241,FALSE,TRUE,6,6,FALSE
0422250,123,3,3,24235,24241,FALSE,TRUE,9,9,FALSE
0422251,12,2,2,24235,24238,FALSE,TRUE,6,6,FALSE
0422252,123,3,3,24235,24241,FALSE,TRUE,9,9,FALSE
0422253,123,3,3,24235,24241,FALSE,TRUE,9,9,FALSE
0422255,123,3,3,24235,24241,FALSE,TRUE,9,9,FALSE
0422256,1,1,1,24235,24235,FALSE,TRUE,3,3,FALSE
0422257,123,3,3,24235,24241,FALSE,TRUE,9,9,FALSE
0422261,12,2,2,24235,24238,FALSE,TRUE,6,6,FALSE
0422263,123,3,3,24235,24241,FALSE,TRUE,9,9,FALSE
0422269,123,3,3,24235,24241,FALSE,TRUE,9,9,FALSE
0422271,1,1,1,24235,24235,FALSE,TRUE,3,3,FALSE
0422272,123,3,3,24235,24241,FALSE,TRUE,9,9,FALSE
0422274,13,2,2,24235,24241,FALSE,FALSE,6,6,FALSE
0422275,12,2,2,24235,24238,FALSE,TRUE,6,6,FALSE
0422276,123,3,3,24235,24241,FALSE,TRUE,9,9,FALSE
0422277,1,1,1,24235,24235,FALSE,TRUE,3,3,FALSE
0422278,1,1,1,24235,24235,FALSE,TRUE,3,3,FALSE
0422280,123,3,3,24235,24241,FALSE,TRUE,9,9,FALSE
0422283,123,3,3,24235,24241,FALSE,TRUE,9,9,FALSE
0422284,123,3,3,24235,24241,FALSE,TRUE,9,9,FALSE
0422291,1,1,1,24235,24235,FALSE,TRUE,3,3,FALSE
0422292,123,3,3,24235,24241,FALSE,TRUE,9,9,FALSE
0422293,1,1,1,24235,24235,FALSE,TRUE,3,3,FALSE
0422294,1,1,1,24235,24235,FALSE,TRUE,3,3,FALSE
0422295,12,2,2,24235,24238,FALSE,TRUE,6,6,FALSE
0422296,1,1,1,24235,24235,FALSE,TRUE,3,3,FALSE
0422297,123,3,3,24235,24241,FALSE,TRUE,9,9,FALSE
0422298,123,3,3,24235,24241,FALSE,TRUE,9,9,FALSE
0422300,123,3,3,24235,24241,FALSE,TRUE,9,9,FALSE
0422302,1,1,1,24235,24235,FALSE,TRUE,3,3,FALSE
0422303,12,2,2,24235,24238,FALSE,TRUE,6,6,FALSE
0422304,123,3,3,24235,24241,FALSE,TRUE,9,9,FALSE
0422305,123,3,3,24235,24241,FALSE,TRUE,9,9,FALSE
0422306,23,2,2,24238,24241,FALSE,TRUE,6,6,FALSE
0422308,123,3,3,24235,24241,FALSE,TRUE,9,9,FALSE
0422310,3,1,1,24241,24241,FALSE,TRUE,3,3,FALSE
0422312,123,3,3,24235,24241,FALSE,TRUE,9,9,FALSE
0422313,123,3,3,24235,24241,FALSE,TRUE,9,9,FALSE
0422315,123,3,3,24235,24241,FALSE,TRUE,9,9,FALSE
0422317,23,2,2,24238,24241,FALSE,TRUE,6,6,FALSE
0422319,13,2,2,24235,24241,FALSE,FALSE,6,6,FALSE
0422320,3,1,1,24241,24241,FALSE,TRUE,3,3,FALSE
0422321,34,2,2,24235,24238,FALSE,TRUE,6,6,FALSE
0422325,1,1,1,24235,24235,FALSE,TRUE,3,3,FALSE
0422326,123,3,3,24235,24241,FALSE,TRUE,9,9,FALSE
0422327,12,2,2,24235,24238,FALSE,TRUE,6,6,FALSE
0422328,123,3,3,24235,24241,FALSE,TRUE,9,9,FALSE
0422329,1,1,1,24235,24235,FALSE,TRUE,3,3,FALSE
0422331,123,3,3,24235,24241,FALSE,TRUE,9,9,FALSE
0422333,1,1,1,24235,24235,FALSE,TRUE,3,3,FALSE
0422334,123,3,3,24235,24241,FALSE,TRUE,9,9,FALSE
0422335,23,2,2,24238,24241,FALSE,TRUE,6,6,FALSE
0422337,3,1,1,24241,24241,FALSE,TRUE,3,3,FALSE
0422338,1,1,1,24235,24235,FALSE,TRUE,3,3,FALSE
0422340,123,3,3,24235,24241,FALSE,TRUE,9,9,FALSE
0422342,234,3,3,24235,24241,FALSE,TRUE,9,9,FALSE
0422343,123,3,3,24235,24241,FALSE,TRUE,9,9,FALSE
0422347,123,3,3,24235,24241,FALSE,TRUE,9,9,FALSE
0422348,12,2,2,24235,24238,FALSE,TRUE,6,6,FALSE
0422349,1,1,1,24235,24235,FALSE,TRUE,3,3,FALSE
0422351,123,3,3,24235,24241,FALSE,TRUE,9,9,FALSE
0422352,123,3,3,24235,24241,FALSE,TRUE,9,9,FALSE
0422354,12,2,2,24235,24238,FALSE,TRUE,6,6,FALSE
0422355,23,2,2,24238,24241,FALSE,TRUE,6,6,FALSE
0422356,123,3,3,24235,24241,FALSE,TRUE,9,9,FALSE
0422358,23,2,2,24238,24241,FALSE,TRUE,6,6,FALSE
0422362,23,2,2,24238,24241,FALSE,TRUE,6,6,FALSE
0422363,1,1,1,24235,24235,FALSE,TRUE,3,3,FALSE
0422365,23,2,2,24238,24241,FALSE,TRUE,6,6,FALSE
0422366,13,2,2,24235,24241,FALSE,FALSE,6,6,FALSE
0422367,2,1,1,24238,24238,FALSE,TRUE,3,3,FALSE
0422370,123,3,3,24235,24241,FALSE,TRUE,9,9,FALSE
0422372,12,2,2,24235,24238,FALSE,TRUE,6,6,FALSE
0422373,123,3,3,24235,24241,FALSE,TRUE,9,9,FALSE
0422376,123,3,3,24235,24241,FALSE,TRUE,9,9,FALSE
0422377,23,2,2,24238,24241,FALSE,TRUE,6,6,FALSE
0422379,1,1,1,24235,24235,FALSE,TRUE,3,3,FALSE
0422380,123,3,3,24235,24241,FALSE,TRUE,9,9,FALSE
0422381,12,2,2,24235,24238,FALSE,TRUE,6,6,FALSE
0422382,123,3,3,24235,24241,FALSE,TRUE,9,9,FALSE
0422384,123,3,3,24235,24241,FALSE,TRUE,9,9,FALSE
0422386,123,3,3,24235,24241,FALSE,TRUE,9,9,FALSE
0422388,12,2,2,24235,24238,FALSE,TRUE,6,6,FALSE
0422389,123,3,3,24235,24241,FALSE,TRUE,9,9,FALSE
0422390,123,3,3,24235,24241,FALSE,TRUE,9,9,FALSE
0422391,23,2,2,24238,24241,FALSE,TRUE,6,6,FALSE
0422393,23,2,2,24238,24241,FALSE,TRUE,6,6,FALSE
0422394,1,1,1,24235,24235,FALSE,TRUE,3,3,FALSE
0422397,12,2,2,24235,24238,FALSE,TRUE,6,6,FALSE
0422400,12,2,2,24235,24238,FALSE,TRUE,6,6,FALSE
0422402,1,1,1,24235,24235,FALSE,TRUE,3,3,FALSE
0422403,123,3,3,24235,24241,FALSE,TRUE,9,9,FALSE
0422404,123,3,3,24235,24241,FALSE,TRUE,9,9,FALSE
0422407,123,3,3,24235,24241,FALSE,TRUE,9,9,FALSE
0422408,123,3,3,24235,24241,FALSE,TRUE,9,9,FALSE
0422410,123,3,3,24235,24241,FALSE,TRUE,9,9,FALSE
0422411,3,1,1,24241,24241,FALSE,TRUE,3,3,FALSE
0422413,1,1,1,24235,24235,FALSE,TRUE,3,3,FALSE
0422416,1,1,1,24235,24235,FALSE,TRUE,3,3,FALSE
0422417,1,1,1,24235,24235,FALSE,TRUE,3,3,FALSE
0422419,123,3,3,24235,24241,FALSE,TRUE,9,9,FALSE
0422420,123,3,3,24235,24241,FALSE,TRUE,9,9,FALSE
0422421,13,2,2,24235,24241,FALSE,FALSE,6,6,FALSE
0422422,23,2,2,24238,24241,FALSE,TRUE,6,6,FALSE
0422425,1,1,1,24235,24235,FALSE,TRUE,3,3,FALSE
0422426,123,3,3,24235,24241,FALSE,TRUE,9,9,FALSE
0422427,3,1,1,24241,24241,FALSE,TRUE,3,3,FALSE
0422428,1,1,1,24235,24235,FALSE,TRUE,3,3,FALSE
0422430,1,1,1,24235,24235,FALSE,TRUE,3,3,FALSE
0422431,123,3,3,24235,24241,FALSE,TRUE,9,9,FALSE
0422432,1,1,1,24235,24235,FALSE,TRUE,3,3,FALSE
0422433,4,1,1,24235,24235,FALSE,TRUE,3,3,FALSE
0422434,12,2,2,24235,24238,FALSE,TRUE,6,6,FALSE
0422436,23,2,2,24238,24241,FALSE,TRUE,6,6,FALSE
0422437,123,3,3,24235,24241,FALSE,TRUE,9,9,FALSE
0422439,13,2,2,24235,24241,FALSE,FALSE,6,6,FALSE
0422440,1,1,1,24235,24235,FALSE,TRUE,3,3,FALSE
0422441,1,1,1,24235,24235,FALSE,TRUE,3,3,FALSE
0422442,123,3,3,24235,24241,FALSE,TRUE,9,9,FALSE
0422443,123,3,3,24235,24241,FALSE,TRUE,9,9,FALSE
0422446,12,2,2,24235,24238,FALSE,TRUE,6,6,FALSE
0422447,123,3,3,24235,24241,FALSE,TRUE,9,9,FALSE
0422448,123,3,3,24235,24241,FALSE,TRUE,9,9,FALSE
0422449,2,1,1,24238,24238,FALSE,TRUE,3,3,FALSE
0422450,1,1,1,24235,24235,FALSE,TRUE,3,3,FALSE
0422452,123,3,3,24235,24241,FALSE,TRUE,9,9,FALSE
0422453,123,3,3,24235,24241,FALSE,TRUE,9,9,FALSE
0422455,123,3,3,24235,24241,FALSE,TRUE,9,9,FALSE
0422456,123,3,3,24235,24241,FALSE,TRUE,9,9,FALSE
0422457,12,2,2,24235,24238,FALSE,TRUE,6,6,FALSE
0422461,123,3,3,24235,24241,FALSE,TRUE,9,9,FALSE
0422462,123,3,3,24235,24241,FALSE,TRUE,9,9,FALSE
0422464,1,1,1,24235,24235,FALSE,TRUE,3,3,FALSE
0422466,3,1,1,24241,24241,FALSE,TRUE,3,3,FALSE
0422468,23,2,2,24238,24241,FALSE,TRUE,6,6,FALSE
0422470,1,1,1,24235,24235,FALSE,TRUE,3,3,FALSE
0422471,4,1,1,24241,24241,FALSE,TRUE,3,3,FALSE
0422473,1,1,1,24235,24235,FALSE,TRUE,3,3,FALSE
0422474,13,2,2,24235,24241,FALSE,FALSE,6,6,FALSE
0422475,23,2,2,24238,24241,FALSE,TRUE,6,6,FALSE
0422476,123,3,3,24235,24241,FALSE,TRUE,9,9,FALSE
0422479,123,3,3,24235,24241,FALSE,TRUE,9,9,FALSE
0422483,123,3,3,24235,24241,FALSE,TRUE,9,9,FALSE
0422486,23,2,2,24238,24241,FALSE,TRUE,6,6,FALSE
0422487,1,1,1,24235,24235,FALSE,TRUE,3,3,FALSE
0422488,13,2,2,24235,24241,FALSE,FALSE,6,6,FALSE
0422491,123,3,3,24235,24241,FALSE,TRUE,9,9,FALSE
0422492,123,3,3,24235,24241,FALSE,TRUE,9,9,FALSE
0422493,123,3,3,24235,24241,FALSE,TRUE,9,9,FALSE
0422494,1,1,1,24235,24235,FALSE,TRUE,3,3,FALSE
0422495,123,3,3,24235,24241,FALSE,TRUE,9,9,FALSE
0422498,123,3,3,24235,24241,FALSE,TRUE,9,9,FALSE
0422501,1,1,1,24235,24235,FALSE,TRUE,3,3,FALSE
0422505,123,3,3,24235,24241,FALSE,TRUE,9,9,FALSE
0422506,13,2,2,24235,24241,FALSE,FALSE,6,6,FALSE
0422507,123,3,3,24235,24241,FALSE,TRUE,9,9,FALSE
0422508,23,2,2,24238,24241,FALSE,TRUE,6,6,FALSE
0422509,123,3,3,24235,24241,FALSE,TRUE,9,9,FALSE
0422511,123,3,3,24235,24241,FALSE,TRUE,9,9,FALSE
0422512,23,2,2,24238,24241,FALSE,TRUE,6,6,FALSE
0422513,2,1,1,24238,24238,FALSE,TRUE,3,3,FALSE
0422514,123,3,3,24235,24241,FALSE,TRUE,9,9,FALSE
0422516,123,3,3,24235,24241,FALSE,TRUE,9,9,FALSE
0422519,123,3,3,24235,24241,FALSE,TRUE,9,9,FALSE
0422520,123,3,3,24235,24241,FALSE,TRUE,9,9,FALSE
0422521,23,2,2,24238,24241,FALSE,TRUE,6,6,FALSE
0422522,123,3,3,24235,24241,FALSE,TRUE,9,9,FALSE
0422523,13,2,2,24235,24241,FALSE,FALSE,6,6,FALSE
0422524,2,1,1,24238,24238,FALSE,TRUE,3,3,FALSE
0422525,2,1,1,24238,24238,FALSE,TRUE,3,3,FALSE
0422530,13,2,2,24235,24241,FALSE,FALSE,6,6,FALSE
0422532,123,3,3,24235,24241,FALSE,TRUE,9,9,FALSE
0422537,1,1,1,24235,24235,FALSE,TRUE,3,3,FALSE
0422539,23,2,2,24238,24241,FALSE,TRUE,6,6,FALSE
0422543,123,3,3,24235,24241,FALSE,TRUE,9,9,FALSE
0422544,123,3,3,24235,24241,FALSE,TRUE,9,9,FALSE
0422545,2,1,1,24238,24238,FALSE,TRUE,3,3,FALSE
0422546,34,2,2,24235,24238,FALSE,TRUE,6,6,FALSE
0422548,3,1,1,24241,24241,FALSE,TRUE,3,3,FALSE
0422549,123,3,3,24235,24241,FALSE,TRUE,9,9,FALSE
0422550,123,3,3,24235,24241,FALSE,TRUE,9,9,FALSE
0422552,12,2,2,24235,24238,FALSE,TRUE,6,6,FALSE
0422555,1,1,1,24235,24235,FALSE,TRUE,3,3,FALSE
0422557,123,3,3,24236,24242,FALSE,TRUE,9,9,FALSE
0422558,123,3,3,24236,24242,FALSE,TRUE,9,9,FALSE
0422560,123,3,3,24236,24242,FALSE,TRUE,9,9,FALSE
0422562,2,1,1,24239,24239,FALSE,TRUE,3,3,FALSE
0422563,13,2,2,24236,24242,FALSE,FALSE,6,6,FALSE
0422564,12,2,2,24236,24239,FALSE,TRUE,6,6,FALSE
0422565,123,3,3,24236,24242,FALSE,TRUE,9,9,FALSE
0422566,1,1,1,24236,24236,FALSE,TRUE,3,3,FALSE
0422567,1,1,1,24236,24236,FALSE,TRUE,3,3,FALSE
0422568,23,2,2,24239,24242,FALSE,TRUE,6,6,FALSE
0422570,1,1,1,24236,24236,FALSE,TRUE,3,3,FALSE
0422572,34,2,2,24236,24239,FALSE,TRUE,6,6,FALSE
0422573,23,2,2,24239,24242,FALSE,TRUE,6,6,FALSE
0422574,123,3,3,24236,24242,FALSE,TRUE,9,9,FALSE
0422577,123,3,3,24236,24242,FALSE,TRUE,9,9,FALSE
0422579,2,1,1,24239,24239,FALSE,TRUE,3,3,FALSE
0422580,123,3,3,24236,24242,FALSE,TRUE,9,9,FALSE
0422581,12,2,2,24236,24239,FALSE,TRUE,6,6,FALSE
0422584,2,1,1,24239,24239,FALSE,TRUE,3,3,FALSE
0422587,123,3,3,24236,24242,FALSE,TRUE,9,9,FALSE
0422588,1,1,1,24236,24236,FALSE,TRUE,3,3,FALSE
0422589,2,1,1,24239,24239,FALSE,TRUE,3,3,FALSE
0422593,12,2,2,24236,24239,FALSE,TRUE,6,6,FALSE
0422595,12,2,2,24236,24239,FALSE,TRUE,6,6,FALSE
0422600,123,3,3,24236,24242,FALSE,TRUE,9,9,FALSE
0422602,123,3,3,24236,24242,FALSE,TRUE,9,9,FALSE
0422603,123,3,3,24236,24242,FALSE,TRUE,9,9,FALSE
0422605,123,3,3,24236,24242,FALSE,TRUE,9,9,FALSE
0422606,3,1,1,24242,24242,FALSE,TRUE,3,3,FALSE
0422608,234,3,3,24236,24242,FALSE,TRUE,9,9,FALSE
0422610,13,2,2,24236,24242,FALSE,FALSE,6,6,FALSE
0422611,2,1,1,24239,24239,FALSE,TRUE,3,3,FALSE
0422615,4,1,1,24236,24236,FALSE,TRUE,3,3,FALSE
0422616,123,3,3,24236,24242,FALSE,TRUE,9,9,FALSE
0422617,1,1,1,24236,24236,FALSE,TRUE,3,3,FALSE
0422618,3,1,1,24242,24242,FALSE,TRUE,3,3,FALSE
0422619,3,1,1,24242,24242,FALSE,TRUE,3,3,FALSE
0422620,34,2,2,24236,24239,FALSE,TRUE,6,6,FALSE
0422622,123,3,3,24236,24242,FALSE,TRUE,9,9,FALSE
0422623,123,3,3,24236,24242,FALSE,TRUE,9,9,FALSE
0422625,123,3,3,24236,24242,FALSE,TRUE,9,9,FALSE
0422628,3,1,1,24242,24242,FALSE,TRUE,3,3,FALSE
0422629,4,1,1,24236,24236,FALSE,TRUE,3,3,FALSE
0422631,2,1,1,24239,24239,FALSE,TRUE,3,3,FALSE
0422632,123,3,3,24236,24242,FALSE,TRUE,9,9,FALSE
0422633,123,3,3,24236,24242,FALSE,TRUE,9,9,FALSE
0422634,123,3,3,24236,24242,FALSE,TRUE,9,9,FALSE
0422637,123,3,3,24236,24242,FALSE,TRUE,9,9,FALSE
0422639,23,2,2,24239,24242,FALSE,TRUE,6,6,FALSE
0422644,123,3,3,24236,24242,FALSE,TRUE,9,9,FALSE
0422645,123,3,3,24236,24242,FALSE,TRUE,9,9,FALSE
0422646,12,2,2,24236,24239,FALSE,TRUE,6,6,FALSE
0422647,23,2,2,24239,24242,FALSE,TRUE,6,6,FALSE
0422649,23,2,2,24239,24242,FALSE,TRUE,6,6,FALSE
0422651,1,1,1,24236,24236,FALSE,TRUE,3,3,FALSE
0422652,123,3,3,24236,24242,FALSE,TRUE,9,9,FALSE
0422653,4,1,1,24236,24236,FALSE,TRUE,3,3,FALSE
0422654,1,1,1,24236,24236,FALSE,TRUE,3,3,FALSE
0422656,1,1,1,24236,24236,FALSE,TRUE,3,3,FALSE
0422658,123,3,3,24236,24242,FALSE,TRUE,9,9,FALSE
0422660,13,2,2,24236,24242,FALSE,FALSE,6,6,FALSE
0422661,1,1,1,24236,24236,FALSE,TRUE,3,3,FALSE
0422662,123,3,3,24236,24242,FALSE,TRUE,9,9,FALSE
0422664,123,3,3,24236,24242,FALSE,TRUE,9,9,FALSE
0422666,2,1,1,24239,24239,FALSE,TRUE,3,3,FALSE
0422667,34,2,2,24236,24239,FALSE,TRUE,6,6,FALSE
0422668,1,1,1,24236,24236,FALSE,TRUE,3,3,FALSE
0422669,123,3,3,24236,24242,FALSE,TRUE,9,9,FALSE
0422671,2,1,1,24239,24239,FALSE,TRUE,3,3,FALSE
0422673,23,2,2,24239,24242,FALSE,TRUE,6,6,FALSE
0422675,1,1,1,24236,24236,FALSE,TRUE,3,3,FALSE
0422677,123,3,3,24236,24242,FALSE,TRUE,9,9,FALSE
0422680,123,3,3,24236,24242,FALSE,TRUE,9,9,FALSE
0422682,123,3,3,24236,24242,FALSE,TRUE,9,9,FALSE
0422683,123,3,3,24236,24242,FALSE,TRUE,9,9,FALSE
0422685,3,1,1,24242,24242,FALSE,TRUE,3,3,FALSE
0422686,123,3,3,24236,24242,FALSE,TRUE,9,9,FALSE
0422687,123,3,3,24236,24242,FALSE,TRUE,9,9,FALSE
0422689,123,3,3,24236,24242,FALSE,TRUE,9,9,FALSE
0422690,123,3,3,24236,24242,FALSE,TRUE,9,9,FALSE
0422691,123,3,3,24236,24242,FALSE,TRUE,9,9,FALSE
0422693,123,3,3,24236,24242,FALSE,TRUE,9,9,FALSE
0422694,3,1,1,24242,24242,FALSE,TRUE,3,3,FALSE
0422695,123,3,3,24236,24242,FALSE,TRUE,9,9,FALSE
0422698,2,1,1,24239,24239,FALSE,TRUE,3,3,FALSE
0422700,123,3,3,24236,24242,FALSE,TRUE,9,9,FALSE
0422701,2,1,1,24239,24239,FALSE,TRUE,3,3,FALSE
0422702,13,2,2,24236,24242,FALSE,FALSE,6,6,FALSE
0422703,123,3,3,24236,24242,FALSE,TRUE,9,9,FALSE
0422704,123,3,3,24236,24242,FALSE,TRUE,9,9,FALSE
0422705,123,3,3,24236,24242,FALSE,TRUE,9,9,FALSE
0422706,123,3,3,24236,24242,FALSE,TRUE,9,9,FALSE
0422708,3,1,1,24242,24242,FALSE,TRUE,3,3,FALSE
0422709,4,1,1,24236,24236,FALSE,TRUE,3,3,FALSE
0422710,123,3,3,24236,24242,FALSE,TRUE,9,9,FALSE
0422713,123,3,3,24236,24242,FALSE,TRUE,9,9,FALSE
0422714,123,3,3,24236,24242,FALSE,TRUE,9,9,FALSE
0422715,3,1,1,24242,24242,FALSE,TRUE,3,3,FALSE
0422716,123,3,3,24236,24242,FALSE,TRUE,9,9,FALSE
0422717,123,3,3,24236,24242,FALSE,TRUE,9,9,FALSE
0422718,123,3,3,24236,24242,FALSE,TRUE,9,9,FALSE
0422720,12,2,2,24236,24239,FALSE,TRUE,6,6,FALSE
0422721,123,3,3,24236,24242,FALSE,TRUE,9,9,FALSE
0422722,23,2,2,24239,24242,FALSE,TRUE,6,6,FALSE
0422724,123,3,3,24236,24242,FALSE,TRUE,9,9,FALSE
0422726,1,1,1,24236,24236,FALSE,TRUE,3,3,FALSE
0422727,123,3,3,24236,24242,FALSE,TRUE,9,9,FALSE
0422728,123,3,3,24236,24242,FALSE,TRUE,9,9,FALSE
0422730,3,1,1,24242,24242,FALSE,TRUE,3,3,FALSE
0422732,12,2,2,24236,24239,FALSE,TRUE,6,6,FALSE
0422733,123,3,3,24236,24242,FALSE,TRUE,9,9,FALSE
0422735,23,2,2,24239,24242,FALSE,TRUE,6,6,FALSE
0422736,12,2,2,24236,24239,FALSE,TRUE,6,6,FALSE
0422737,123,3,3,24236,24242,FALSE,TRUE,9,9,FALSE
0422739,1,1,1,24236,24236,FALSE,TRUE,3,3,FALSE
0422741,3,1,1,24242,24242,FALSE,TRUE,3,3,FALSE
0422742,123,3,3,24236,24242,FALSE,TRUE,9,9,FALSE
0422743,12,2,2,24236,24239,FALSE,TRUE,6,6,FALSE
0422744,123,3,3,24236,24242,FALSE,TRUE,9,9,FALSE
0422747,4,1,1,24242,24242,FALSE,TRUE,3,3,FALSE
0422748,123,3,3,24236,24242,FALSE,TRUE,9,9,FALSE
0422750,1,1,1,24236,24236,FALSE,TRUE,3,3,FALSE
0422752,123,3,3,24236,24242,FALSE,TRUE,9,9,FALSE
0422753,3,1,1,24242,24242,FALSE,TRUE,3,3,FALSE
0422754,1,1,1,24236,24236,FALSE,TRUE,3,3,FALSE
0422757,123,3,3,24236,24242,FALSE,TRUE,9,9,FALSE
0422758,123,3,3,24236,24242,FALSE,TRUE,9,9,FALSE
0422759,3,1,1,24242,24242,FALSE,TRUE,3,3,FALSE
0422766,3,1,1,24242,24242,FALSE,TRUE,3,3,FALSE
0422770,123,3,3,24236,24242,FALSE,TRUE,9,9,FALSE
0422771,1,1,1,24236,24236,FALSE,TRUE,3,3,FALSE
0422772,123,3,3,24236,24242,FALSE,TRUE,9,9,FALSE
0422773,1,1,1,24236,24236,FALSE,TRUE,3,3,FALSE
0422775,3,1,1,24242,24242,FALSE,TRUE,3,3,FALSE
0422776,123,3,3,24236,24242,FALSE,TRUE,9,9,FALSE
0422777,123,3,3,24236,24242,FALSE,TRUE,9,9,FALSE
0422778,123,3,3,24236,24242,FALSE,TRUE,9,9,FALSE
0422780,123,3,3,24236,24242,FALSE,TRUE,9,9,FALSE
0422781,1,1,1,24236,24236,FALSE,TRUE,3,3,FALSE
0422783,13,2,2,24236,24242,FALSE,FALSE,6,6,FALSE
0422784,123,3,3,24236,24242,FALSE,TRUE,9,9,FALSE
0422785,123,3,3,24236,24242,FALSE,TRUE,9,9,FALSE
0422787,123,3,3,24236,24242,FALSE,TRUE,9,9,FALSE
0422788,123,3,3,24236,24242,FALSE,TRUE,9,9,FALSE
0422789,23,2,2,24239,24242,FALSE,TRUE,6,6,FALSE
0422790,123,3,3,24236,24242,FALSE,TRUE,9,9,FALSE
0422793,23,2,2,24239,24242,FALSE,TRUE,6,6,FALSE
0422794,123,3,3,24236,24242,FALSE,TRUE,9,9,FALSE
0422795,3,1,1,24242,24242,FALSE,TRUE,3,3,FALSE
0422797,123,3,3,24236,24242,FALSE,TRUE,9,9,FALSE
0422799,123,3,3,24236,24242,FALSE,TRUE,9,9,FALSE
0422802,123,3,3,24236,24242,FALSE,TRUE,9,9,FALSE
0422805,1,1,1,24236,24236,FALSE,TRUE,3,3,FALSE
0422807,123,3,3,24236,24242,FALSE,TRUE,9,9,FALSE
0422808,12,2,2,24236,24239,FALSE,TRUE,6,6,FALSE
0422809,123,3,3,24236,24242,FALSE,TRUE,9,9,FALSE
0422810,13,2,2,24236,24242,FALSE,FALSE,6,6,FALSE
0422811,123,3,3,24236,24242,FALSE,TRUE,9,9,FALSE
0422813,123,3,3,24236,24242,FALSE,TRUE,9,9,FALSE
0422817,23,2,2,24239,24242,FALSE,TRUE,6,6,FALSE
0422819,12,2,2,24236,24239,FALSE,TRUE,6,6,FALSE
0422820,123,3,3,24236,24242,FALSE,TRUE,9,9,FALSE
0422822,123,3,3,24236,24242,FALSE,TRUE,9,9,FALSE
0422825,12,2,2,24236,24239,FALSE,TRUE,6,6,FALSE
0422826,1,1,1,24236,24236,FALSE,TRUE,3,3,FALSE
0422827,123,3,3,24236,24242,FALSE,TRUE,9,9,FALSE
0422829,123,3,3,24236,24242,FALSE,TRUE,9,9,FALSE
0422833,23,2,2,24239,24242,FALSE,TRUE,6,6,FALSE
0422835,12,2,2,24236,24239,FALSE,TRUE,6,6,FALSE
0422836,3,1,1,24242,24242,FALSE,TRUE,3,3,FALSE
0422837,123,3,3,24236,24242,FALSE,TRUE,9,9,FALSE
0422840,2,1,1,24239,24239,FALSE,TRUE,3,3,FALSE
0422843,123,3,3,24236,24242,FALSE,TRUE,9,9,FALSE
0422844,12,2,2,24236,24239,FALSE,TRUE,6,6,FALSE
0422845,3,1,1,24242,24242,FALSE,TRUE,3,3,FALSE
0422846,123,3,3,24236,24242,FALSE,TRUE,9,9,FALSE
0422847,123,3,3,24236,24242,FALSE,TRUE,9,9,FALSE
0422848,123,3,3,24236,24242,FALSE,TRUE,9,9,FALSE
0422851,123,3,3,24236,24242,FALSE,TRUE,9,9,FALSE
0422854,1,1,1,24236,24236,FALSE,TRUE,3,3,FALSE
0422855,13,2,2,24236,24242,FALSE,FALSE,6,6,FALSE
0422857,123,3,3,24236,24242,FALSE,TRUE,9,9,FALSE
0422858,123,3,3,24236,24242,FALSE,TRUE,9,9,FALSE
0422860,123,3,3,24236,24242,FALSE,TRUE,9,9,FALSE
0422863,123,3,3,24236,24242,FALSE,TRUE,9,9,FALSE
0422865,123,3,3,24236,24242,FALSE,TRUE,9,9,FALSE
0422866,123,3,3,24236,24242,FALSE,TRUE,9,9,FALSE
0422868,123,3,3,24236,24242,FALSE,TRUE,9,9,FALSE
0422870,123,3,3,24236,24242,FALSE,TRUE,9,9,FALSE
0422874,12,2,2,24236,24239,FALSE,TRUE,6,6,FALSE
0422877,123,3,3,24236,24242,FALSE,TRUE,9,9,FALSE
0422880,3,1,1,24242,24242,FALSE,TRUE,3,3,FALSE
0422882,13,2,2,24236,24242,FALSE,FALSE,6,6,FALSE
0422883,123,3,3,24236,24242,FALSE,TRUE,9,9,FALSE
0422885,123,3,3,24236,24242,FALSE,TRUE,9,9,FALSE
0422886,123,3,3,24236,24242,FALSE,TRUE,9,9,FALSE
0422887,4,1,1,24236,24236,FALSE,TRUE,3,3,FALSE
0422890,12,2,2,24236,24239,FALSE,TRUE,6,6,FALSE
0422893,123,3,3,24236,24242,FALSE,TRUE,9,9,FALSE
0422896,2,1,1,24239,24239,FALSE,TRUE,3,3,FALSE
0422898,3,1,1,24242,24242,FALSE,TRUE,3,3,FALSE
0422899,1,1,1,24236,24236,FALSE,TRUE,3,3,FALSE
0422900,123,3,3,24236,24242,FALSE,TRUE,9,9,FALSE
0422904,123,3,3,24236,24242,FALSE,TRUE,9,9,FALSE
0422906,23,2,2,24239,24242,FALSE,TRUE,6,6,FALSE
0422907,4,1,1,24236,24236,FALSE,TRUE,3,3,FALSE
0422908,123,3,3,24236,24242,FALSE,TRUE,9,9,FALSE
0422909,1,1,1,24236,24236,FALSE,TRUE,3,3,FALSE
0422910,123,3,3,24236,24242,FALSE,TRUE,9,9,FALSE
0422911,1,1,1,24236,24236,FALSE,TRUE,3,3,FALSE
0422913,23,2,2,24239,24242,FALSE,TRUE,6,6,FALSE
0422914,2,1,1,24239,24239,FALSE,TRUE,3,3,FALSE
0422915,123,3,3,24236,24242,FALSE,TRUE,9,9,FALSE
0422916,123,3,3,24236,24242,FALSE,TRUE,9,9,FALSE
0422919,123,3,3,24236,24242,FALSE,TRUE,9,9,FALSE
0422920,12,2,2,24236,24239,FALSE,TRUE,6,6,FALSE
0422922,23,2,2,24239,24242,FALSE,TRUE,6,6,FALSE
0422923,3,1,1,24242,24242,FALSE,TRUE,3,3,FALSE
0422924,123,3,3,24236,24242,FALSE,TRUE,9,9,FALSE
0422925,123,3,3,24236,24242,FALSE,TRUE,9,9,FALSE
0422926,12,2,2,24236,24239,FALSE,TRUE,6,6,FALSE
0422928,1,1,1,24236,24236,FALSE,TRUE,3,3,FALSE
0422930,34,2,2,24236,24239,FALSE,TRUE,6,6,FALSE
0422935,123,3,3,24236,24242,FALSE,TRUE,9,9,FALSE
0422939,123,3,3,24236,24242,FALSE,TRUE,9,9,FALSE
0422940,12,2,2,24236,24239,FALSE,TRUE,6,6,FALSE
0422942,1,1,1,24236,24236,FALSE,TRUE,3,3,FALSE
0422943,1,1,1,24236,24236,FALSE,TRUE,3,3,FALSE
0422944,123,3,3,24236,24242,FALSE,TRUE,9,9,FALSE
0422945,1,1,1,24236,24236,FALSE,TRUE,3,3,FALSE
0422946,4,1,1,24236,24236,FALSE,TRUE,3,3,FALSE
0422947,123,3,3,24236,24242,FALSE,TRUE,9,9,FALSE
0422948,2,1,1,24239,24239,FALSE,TRUE,3,3,FALSE
0422949,123,3,3,24236,24242,FALSE,TRUE,9,9,FALSE
0422951,123,3,3,24236,24242,FALSE,TRUE,9,9,FALSE
0422952,123,3,3,24236,24242,FALSE,TRUE,9,9,FALSE
0422955,123,3,3,24236,24242,FALSE,TRUE,9,9,FALSE
0422958,12,2,2,24236,24239,FALSE,TRUE,6,6,FALSE
0422959,12,2,2,24236,24239,FALSE,TRUE,6,6,FALSE
0422960,23,2,2,24239,24242,FALSE,TRUE,6,6,FALSE
0422963,123,3,3,24236,24242,FALSE,TRUE,9,9,FALSE
0422964,123,3,3,24236,24242,FALSE,TRUE,9,9,FALSE
0422966,123,3,3,24236,24242,FALSE,TRUE,9,9,FALSE
0422967,123,3,3,24236,24242,FALSE,TRUE,9,9,FALSE
0422968,12,2,2,24236,24239,FALSE,TRUE,6,6,FALSE
0422971,123,3,3,24236,24242,FALSE,TRUE,9,9,FALSE
0422973,123,3,3,24236,24242,FALSE,TRUE,9,9,FALSE
0422977,123,3,3,24236,24242,FALSE,TRUE,9,9,FALSE
0422978,123,3,3,24236,24242,FALSE,TRUE,9,9,FALSE
0422980,123,3,3,24236,24242,FALSE,TRUE,9,9,FALSE
0422984,123,3,3,24236,24242,FALSE,TRUE,9,9,FALSE
0422985,34,2,2,24236,24239,FALSE,TRUE,6,6,FALSE
0422987,34,2,2,24236,24239,FALSE,TRUE,6,6,FALSE
0422989,123,3,3,24236,24242,FALSE,TRUE,9,9,FALSE
0422991,123,3,3,24236,24242,FALSE,TRUE,9,9,FALSE
0422992,123,3,3,24236,24242,FALSE,TRUE,9,9,FALSE
0422993,4,1,1,24236,24236,FALSE,TRUE,3,3,FALSE
0422994,234,3,3,24236,24242,FALSE,TRUE,9,9,FALSE
0422996,123,3,3,24236,24242,FALSE,TRUE,9,9,FALSE
0423000,12,2,2,24236,24239,FALSE,TRUE,6,6,FALSE
0423002,1,1,1,24236,24236,FALSE,TRUE,3,3,FALSE
0423003,1,1,1,24236,24236,FALSE,TRUE,3,3,FALSE
0423004,1,1,1,24236,24236,FALSE,TRUE,3,3,FALSE
0423005,23,2,2,24239,24242,FALSE,TRUE,6,6,FALSE
0423007,23,2,2,24239,24242,FALSE,TRUE,6,6,FALSE
0423011,12,2,2,24236,24239,FALSE,TRUE,6,6,FALSE
0423012,23,2,2,24239,24242,FALSE,TRUE,6,6,FALSE
0423014,23,2,2,24239,24242,FALSE,TRUE,6,6,FALSE
0423015,123,3,3,24236,24242,FALSE,TRUE,9,9,FALSE
0423016,123,3,3,24236,24242,FALSE,TRUE,9,9,FALSE
0423018,123,3,3,24236,24242,FALSE,TRUE,9,9,FALSE
0423019,123,3,3,24236,24242,FALSE,TRUE,9,9,FALSE
0423021,123,3,3,24236,24242,FALSE,TRUE,9,9,FALSE
0423022,23,2,2,24239,24242,FALSE,TRUE,6,6,FALSE
0423023,123,3,3,24236,24242,FALSE,TRUE,9,9,FALSE
0423024,1,1,1,24236,24236,FALSE,TRUE,3,3,FALSE
0423025,23,2,2,24239,24242,FALSE,TRUE,6,6,FALSE
0423027,1,1,1,24236,24236,FALSE,TRUE,3,3,FALSE
0423028,13,2,2,24236,24242,FALSE,FALSE,6,6,FALSE
0423029,1,1,1,24236,24236,FALSE,TRUE,3,3,FALSE
0423033,123,3,3,24236,24242,FALSE,TRUE,9,9,FALSE
0423035,23,2,2,24239,24242,FALSE,TRUE,6,6,FALSE
0423036,123,3,3,24236,24242,FALSE,TRUE,9,9,FALSE
0423037,123,3,3,24236,24242,FALSE,TRUE,9,9,FALSE
0423039,123,3,3,24236,24242,FALSE,TRUE,9,9,FALSE
0423040,2,1,1,24239,24239,FALSE,TRUE,3,3,FALSE
0423044,123,3,3,24236,24242,FALSE,TRUE,9,9,FALSE
0423046,1,1,1,24236,24236,FALSE,TRUE,3,3,FALSE
0423047,1,1,1,24236,24236,FALSE,TRUE,3,3,FALSE
0423048,2,1,1,24239,24239,FALSE,TRUE,3,3,FALSE
0423049,123,3,3,24236,24242,FALSE,TRUE,9,9,FALSE
0423050,123,3,3,24236,24242,FALSE,TRUE,9,9,FALSE
0423051,123,3,3,24236,24242,FALSE,TRUE,9,9,FALSE
0423052,123,3,3,24236,24242,FALSE,TRUE,9,9,FALSE
0423053,1,1,1,24236,24236,FALSE,TRUE,3,3,FALSE
0423054,1,1,1,24236,24236,FALSE,TRUE,3,3,FALSE
0423055,23,2,2,24239,24242,FALSE,TRUE,6,6,FALSE
0423056,123,3,3,24236,24242,FALSE,TRUE,9,9,FALSE
0423058,123,3,3,24236,24242,FALSE,TRUE,9,9,FALSE
0423059,23,2,2,24239,24242,FALSE,TRUE,6,6,FALSE
0423063,123,3,3,24236,24242,FALSE,TRUE,9,9,FALSE
0423064,123,3,3,24236,24242,FALSE,TRUE,9,9,FALSE
0423065,1,1,1,24236,24236,FALSE,TRUE,3,3,FALSE
0423066,4,1,1,24236,24236,FALSE,TRUE,3,3,FALSE
0423067,4,1,1,24236,24236,FALSE,TRUE,3,3,FALSE
0423070,123,3,3,24236,24242,FALSE,TRUE,9,9,FALSE
0423071,123,3,3,24236,24242,FALSE,TRUE,9,9,FALSE
0423074,12,2,2,24236,24239,FALSE,TRUE,6,6,FALSE
0423075,1,1,1,24236,24236,FALSE,TRUE,3,3,FALSE
0423079,123,3,3,24236,24242,FALSE,TRUE,9,9,FALSE
0423081,3,1,1,24242,24242,FALSE,TRUE,3,3,FALSE
0423082,1,1,1,24236,24236,FALSE,TRUE,3,3,FALSE
0423087,1,1,1,24236,24236,FALSE,TRUE,3,3,FALSE
0423090,4,1,1,24236,24236,FALSE,TRUE,3,3,FALSE
0423093,3,1,1,24242,24242,FALSE,TRUE,3,3,FALSE
0423094,123,3,3,24236,24242,FALSE,TRUE,9,9,FALSE
0423097,123,3,3,24236,24242,FALSE,TRUE,9,9,FALSE
0423100,13,2,2,24236,24242,FALSE,FALSE,6,6,FALSE
0423102,1,1,1,24236,24236,FALSE,TRUE,3,3,FALSE
0423103,123,3,3,24236,24242,FALSE,TRUE,9,9,FALSE
0423104,23,2,2,24239,24242,FALSE,TRUE,6,6,FALSE
0423109,1,1,1,24236,24236,FALSE,TRUE,3,3,FALSE
0423111,123,3,3,24236,24242,FALSE,TRUE,9,9,FALSE
0423113,123,3,3,24236,24242,FALSE,TRUE,9,9,FALSE
0423114,3,1,1,24242,24242,FALSE,TRUE,3,3,FALSE
0423115,13,2,2,24236,24242,FALSE,FALSE,6,6,FALSE
0423116,123,3,3,24236,24242,FALSE,TRUE,9,9,FALSE
0423117,12,2,2,24236,24239,FALSE,TRUE,6,6,FALSE
0423119,123,3,3,24236,24242,FALSE,TRUE,9,9,FALSE
0423121,3,1,1,24242,24242,FALSE,TRUE,3,3,FALSE
0423122,123,3,3,24236,24242,FALSE,TRUE,9,9,FALSE
0423123,123,3,3,24236,24242,FALSE,TRUE,9,9,FALSE
0423124,3,1,1,24242,24242,FALSE,TRUE,3,3,FALSE
0423125,1,1,1,24236,24236,FALSE,TRUE,3,3,FALSE
0423127,3,1,1,24242,24242,FALSE,TRUE,3,3,FALSE
0423131,123,3,3,24236,24242,FALSE,TRUE,9,9,FALSE
0423133,123,3,3,24236,24242,FALSE,TRUE,9,9,FALSE
0423134,4,1,1,24239,24239,FALSE,TRUE,3,3,FALSE
0423136,3,1,1,24242,24242,FALSE,TRUE,3,3,FALSE
0423137,3,1,1,24242,24242,FALSE,TRUE,3,3,FALSE
0423138,1,1,1,24236,24236,FALSE,TRUE,3,3,FALSE
0423140,3,1,1,24242,24242,FALSE,TRUE,3,3,FALSE
0423142,1,1,1,24236,24236,FALSE,TRUE,3,3,FALSE
0423143,2,1,1,24239,24239,FALSE,TRUE,3,3,FALSE
0423144,23,2,2,24239,24242,FALSE,TRUE,6,6,FALSE
0423145,4,1,1,24236,24236,FALSE,TRUE,3,3,FALSE
0423146,1,1,1,24236,24236,FALSE,TRUE,3,3,FALSE
0423147,3,1,1,24242,24242,FALSE,TRUE,3,3,FALSE
0423148,123,3,3,24236,24242,FALSE,TRUE,9,9,FALSE
0423149,123,3,3,24236,24242,FALSE,TRUE,9,9,FALSE
0423150,123,3,3,24236,24242,FALSE,TRUE,9,9,FALSE
0423151,123,3,3,24236,24242,FALSE,TRUE,9,9,FALSE
0423155,1,1,1,24236,24236,FALSE,TRUE,3,3,FALSE
0423159,1,1,1,24236,24236,FALSE,TRUE,3,3,FALSE
0423161,123,3,3,24236,24242,FALSE,TRUE,9,9,FALSE
0423162,123,3,3,24236,24242,FALSE,TRUE,9,9,FALSE
0423163,12,2,2,24236,24239,FALSE,TRUE,6,6,FALSE
0423165,2,1,1,24239,24239,FALSE,TRUE,3,3,FALSE
0423167,3,1,1,24242,24242,FALSE,TRUE,3,3,FALSE
0423170,123,3,3,24236,24242,FALSE,TRUE,9,9,FALSE
0423172,123,3,3,24236,24242,FALSE,TRUE,9,9,FALSE
0423173,1,1,1,24236,24236,FALSE,TRUE,3,3,FALSE
0423174,23,2,2,24239,24242,FALSE,TRUE,6,6,FALSE
0423176,23,2,2,24239,24242,FALSE,TRUE,6,6,FALSE
0423180,1,1,1,24236,24236,FALSE,TRUE,3,3,FALSE
0423184,123,3,3,24236,24242,FALSE,TRUE,9,9,FALSE
0423185,34,2,2,24236,24239,FALSE,TRUE,6,6,FALSE
0423186,123,3,3,24236,24242,FALSE,TRUE,9,9,FALSE
0423187,123,3,3,24236,24242,FALSE,TRUE,9,9,FALSE
0423188,1,1,1,24236,24236,FALSE,TRUE,3,3,FALSE
0423191,123,3,3,24236,24242,FALSE,TRUE,9,9,FALSE
0423194,123,3,3,24236,24242,FALSE,TRUE,9,9,FALSE
0423201,3,1,1,24242,24242,FALSE,TRUE,3,3,FALSE
0423202,2,1,1,24239,24239,FALSE,TRUE,3,3,FALSE
0423204,123,3,3,24236,24242,FALSE,TRUE,9,9,FALSE
0423207,34,2,2,24236,24239,FALSE,TRUE,6,6,FALSE
0423208,23,2,2,24239,24242,FALSE,TRUE,6,6,FALSE
0423210,1,1,1,24236,24236,FALSE,TRUE,3,3,FALSE
0423211,234,3,3,24236,24242,FALSE,TRUE,9,9,FALSE
0423212,123,3,3,24236,24242,FALSE,TRUE,9,9,FALSE
0423213,123,3,3,24236,24242,FALSE,TRUE,9,9,FALSE
0423214,1,1,1,24236,24236,FALSE,TRUE,3,3,FALSE
0423215,1,1,1,24236,24236,FALSE,TRUE,3,3,FALSE
0423217,123,3,3,24236,24242,FALSE,TRUE,9,9,FALSE
0423219,123,3,3,24236,24242,FALSE,TRUE,9,9,FALSE
0423220,234,3,3,24236,24242,FALSE,TRUE,9,9,FALSE
0423221,1,1,1,24236,24236,FALSE,TRUE,3,3,FALSE
0423224,13,2,2,24236,24242,FALSE,FALSE,6,6,FALSE
0423226,34,2,2,24236,24239,FALSE,TRUE,6,6,FALSE
0423227,1,1,1,24236,24236,FALSE,TRUE,3,3,FALSE
0423228,123,3,3,24236,24242,FALSE,TRUE,9,9,FALSE
0423229,123,3,3,24236,24242,FALSE,TRUE,9,9,FALSE
0423230,123,3,3,24236,24242,FALSE,TRUE,9,9,FALSE
0423231,123,3,3,24236,24242,FALSE,TRUE,9,9,FALSE
0423232,123,3,3,24236,24242,FALSE,TRUE,9,9,FALSE
0423233,123,3,3,24236,24242,FALSE,TRUE,9,9,FALSE
0423236,23,2,2,24239,24242,FALSE,TRUE,6,6,FALSE
0423237,123,3,3,24236,24242,FALSE,TRUE,9,9,FALSE
0423239,2,1,1,24239,24239,FALSE,TRUE,3,3,FALSE
0423240,123,3,3,24236,24242,FALSE,TRUE,9,9,FALSE
0423241,123,3,3,24236,24242,FALSE,TRUE,9,9,FALSE
0423243,1,1,1,24236,24236,FALSE,TRUE,3,3,FALSE
0423244,123,3,3,24236,24242,FALSE,TRUE,9,9,FALSE
0423245,34,2,2,24236,24239,FALSE,TRUE,6,6,FALSE
0423246,123,3,3,24236,24242,FALSE,TRUE,9,9,FALSE
0423247,123,3,3,24236,24242,FALSE,TRUE,9,9,FALSE
0423248,123,3,3,24236,24242,FALSE,TRUE,9,9,FALSE
0423249,123,3,3,24236,24242,FALSE,TRUE,9,9,FALSE
0423250,13,2,2,24236,24242,FALSE,FALSE,6,6,FALSE
0423251,4,1,1,24236,24236,FALSE,TRUE,3,3,FALSE
0423254,123,3,3,24236,24242,FALSE,TRUE,9,9,FALSE
0423255,123,3,3,24236,24242,FALSE,TRUE,9,9,FALSE
0423257,13,2,2,24236,24242,FALSE,FALSE,6,6,FALSE
0423260,1,1,1,24236,24236,FALSE,TRUE,3,3,FALSE
0423261,2,1,1,24236,24236,FALSE,TRUE,3,3,FALSE
0423262,123,3,3,24236,24242,FALSE,TRUE,9,9,FALSE
0423263,1,1,1,24236,24236,FALSE,TRUE,3,3,FALSE
0423264,1,1,1,24236,24236,FALSE,TRUE,3,3,FALSE
0423269,123,3,3,24236,24242,FALSE,TRUE,9,9,FALSE
0423274,3,1,1,24242,24242,FALSE,TRUE,3,3,FALSE
0423275,1,1,1,24236,24236,FALSE,TRUE,3,3,FALSE
0423277,123,3,3,24236,24242,FALSE,TRUE,9,9,FALSE
0423278,1,1,1,24236,24236,FALSE,TRUE,3,3,FALSE
0423280,1,1,1,24236,24236,FALSE,TRUE,3,3,FALSE
0423281,12,2,2,24236,24239,FALSE,TRUE,6,6,FALSE
0423285,123,3,3,24236,24242,FALSE,TRUE,9,9,FALSE
0423287,1,1,1,24236,24236,FALSE,TRUE,3,3,FALSE
0423288,123,3,3,24236,24242,FALSE,TRUE,9,9,FALSE
0423290,123,3,3,24236,24242,FALSE,TRUE,9,9,FALSE
0423294,123,3,3,24236,24242,FALSE,TRUE,9,9,FALSE
0423296,3,1,1,24242,24242,FALSE,TRUE,3,3,FALSE
0423297,1,1,1,24236,24236,FALSE,TRUE,3,3,FALSE
0423301,12,2,2,24236,24239,FALSE,TRUE,6,6,FALSE
0423302,123,3,3,24236,24242,FALSE,TRUE,9,9,FALSE
0423304,12,2,2,24236,24239,FALSE,TRUE,6,6,FALSE
0423307,23,2,2,24239,24242,FALSE,TRUE,6,6,FALSE
0423308,123,3,3,24236,24242,FALSE,TRUE,9,9,FALSE
0423309,23,2,2,24239,24242,FALSE,TRUE,6,6,FALSE
0423310,1,1,1,24236,24236,FALSE,TRUE,3,3,FALSE
0423311,123,3,3,24236,24242,FALSE,TRUE,9,9,FALSE
0423312,123,3,3,24236,24242,FALSE,TRUE,9,9,FALSE
0423313,3,1,1,24242,24242,FALSE,TRUE,3,3,FALSE
0423314,1,1,1,24236,24236,FALSE,TRUE,3,3,FALSE
0423315,1,1,1,24236,24236,FALSE,TRUE,3,3,FALSE
0423316,123,3,3,24236,24242,FALSE,TRUE,9,9,FALSE
0423317,123,3,3,24236,24242,FALSE,TRUE,9,9,FALSE
0423319,4,1,1,24236,24236,FALSE,TRUE,3,3,FALSE
0423321,23,2,2,24239,24242,FALSE,TRUE,6,6,FALSE
0423324,123,3,3,24236,24242,FALSE,TRUE,9,9,FALSE
0423325,23,2,2,24239,24242,FALSE,TRUE,6,6,FALSE
0423326,123,3,3,24236,24242,FALSE,TRUE,9,9,FALSE
0423327,123,3,3,24236,24242,FALSE,TRUE,9,9,FALSE
0423328,3,1,1,24242,24242,FALSE,TRUE,3,3,FALSE
0423331,123,3,3,24236,24242,FALSE,TRUE,9,9,FALSE
0423332,123,3,3,24236,24242,FALSE,TRUE,9,9,FALSE
0423334,123,3,3,24236,24242,FALSE,TRUE,9,9,FALSE
0423340,13,2,2,24236,24242,FALSE,FALSE,6,6,FALSE
0423342,123,3,3,24236,24242,FALSE,TRUE,9,9,FALSE
0423343,123,3,3,24236,24242,FALSE,TRUE,9,9,FALSE
0423346,12,2,2,24236,24239,FALSE,TRUE,6,6,FALSE
0423347,13,2,2,24236,24242,FALSE,FALSE,6,6,FALSE
0423351,4,1,1,24236,24236,FALSE,TRUE,3,3,FALSE
0423353,123,3,3,24236,24242,FALSE,TRUE,9,9,FALSE
0423356,12,2,2,24236,24239,FALSE,TRUE,6,6,FALSE
0423357,2,1,1,24239,24239,FALSE,TRUE,3,3,FALSE
0423358,123,3,3,24236,24242,FALSE,TRUE,9,9,FALSE
0423359,123,3,3,24236,24242,FALSE,TRUE,9,9,FALSE
0423360,23,2,2,24239,24242,FALSE,TRUE,6,6,FALSE
0423363,13,2,2,24236,24242,FALSE,FALSE,6,6,FALSE
0423364,1,1,1,24236,24236,FALSE,TRUE,3,3,FALSE
0423365,123,3,3,24236,24242,FALSE,TRUE,9,9,FALSE
0423366,2,1,1,24239,24239,FALSE,TRUE,3,3,FALSE
0423367,123,3,3,24236,24242,FALSE,TRUE,9,9,FALSE
0423368,123,3,3,24236,24242,FALSE,TRUE,9,9,FALSE
0423369,3,1,1,24242,24242,FALSE,TRUE,3,3,FALSE
0423370,3,1,1,24242,24242,FALSE,TRUE,3,3,FALSE
0423371,2,1,1,24239,24239,FALSE,TRUE,3,3,FALSE
0423372,13,2,2,24236,24242,FALSE,FALSE,6,6,FALSE
0423374,23,2,2,24239,24242,FALSE,TRUE,6,6,FALSE
0423375,123,3,3,24236,24242,FALSE,TRUE,9,9,FALSE
0423377,13,2,2,24236,24242,FALSE,FALSE,6,6,FALSE
0423378,12,2,2,24236,24239,FALSE,TRUE,6,6,FALSE
0423380,123,3,3,24236,24242,FALSE,TRUE,9,9,FALSE
0423382,13,2,2,24236,24242,FALSE,FALSE,6,6,FALSE
0423383,123,3,3,24236,24242,FALSE,TRUE,9,9,FALSE
0423385,123,3,3,24236,24242,FALSE,TRUE,9,9,FALSE
0423387,123,3,3,24236,24242,FALSE,TRUE,9,9,FALSE
0423389,123,3,3,24236,24242,FALSE,TRUE,9,9,FALSE
0423390,2,1,1,24239,24239,FALSE,TRUE,3,3,FALSE
0423391,12,2,2,24236,24239,FALSE,TRUE,6,6,FALSE
0423392,123,3,3,24236,24242,FALSE,TRUE,9,9,FALSE
0423393,123,3,3,24236,24242,FALSE,TRUE,9,9,FALSE
0423394,123,3,3,24236,24242,FALSE,TRUE,9,9,FALSE
0423395,123,3,3,24236,24242,FALSE,TRUE,9,9,FALSE
0423397,123,3,3,24236,24242,FALSE,TRUE,9,9,FALSE
0423400,12,2,2,24236,24239,FALSE,TRUE,6,6,FALSE
0423402,1,1,1,24236,24236,FALSE,TRUE,3,3,FALSE
0423403,123,3,3,24236,24242,FALSE,TRUE,9,9,FALSE
0423405,123,3,3,24236,24242,FALSE,TRUE,9,9,FALSE
0423406,23,2,2,24239,24242,FALSE,TRUE,6,6,FALSE
0423408,123,3,3,24236,24242,FALSE,TRUE,9,9,FALSE
0423411,12,2,2,24236,24239,FALSE,TRUE,6,6,FALSE
0423412,12,2,2,24236,24239,FALSE,TRUE,6,6,FALSE
0423413,1,1,1,24236,24236,FALSE,TRUE,3,3,FALSE
0423418,123,3,3,24236,24242,FALSE,TRUE,9,9,FALSE
0423419,13,2,2,24236,24242,FALSE,FALSE,6,6,FALSE
0423422,123,3,3,24236,24242,FALSE,TRUE,9,9,FALSE
0423423,123,3,3,24236,24242,FALSE,TRUE,9,9,FALSE
0423424,123,3,3,24236,24242,FALSE,TRUE,9,9,FALSE
0423425,1,1,1,24236,24236,FALSE,TRUE,3,3,FALSE
0423426,123,3,3,24236,24242,FALSE,TRUE,9,9,FALSE
0423428,123,3,3,24236,24242,FALSE,TRUE,9,9,FALSE
0423432,123,3,3,24236,24242,FALSE,TRUE,9,9,FALSE
0423435,123,3,3,24236,24242,FALSE,TRUE,9,9,FALSE
0423438,23,2,2,24239,24242,FALSE,TRUE,6,6,FALSE
0423440,123,3,3,24236,24242,FALSE,TRUE,9,9,FALSE
0423444,123,3,3,24236,24242,FALSE,TRUE,9,9,FALSE
0423446,2,1,1,24239,24239,FALSE,TRUE,3,3,FALSE
0423447,123,3,3,24236,24242,FALSE,TRUE,9,9,FALSE
0423449,1,1,1,24236,24236,FALSE,TRUE,3,3,FALSE
0423453,123,3,3,24236,24242,FALSE,TRUE,9,9,FALSE
0423454,1,1,1,24236,24236,FALSE,TRUE,3,3,FALSE
0423455,123,3,3,24236,24242,FALSE,TRUE,9,9,FALSE
0423458,12,2,2,24236,24239,FALSE,TRUE,6,6,FALSE
0423459,1,1,1,24236,24236,FALSE,TRUE,3,3,FALSE
0423460,123,3,3,24236,24242,FALSE,TRUE,9,9,FALSE
0423461,12,2,2,24236,24239,FALSE,TRUE,6,6,FALSE
0423463,4,1,1,24236,24236,FALSE,TRUE,3,3,FALSE
0423464,2,1,1,24239,24239,FALSE,TRUE,3,3,FALSE
0423467,123,3,3,24236,24242,FALSE,TRUE,9,9,FALSE
0423470,1,1,1,24236,24236,FALSE,TRUE,3,3,FALSE
0423472,123,3,3,24236,24242,FALSE,TRUE,9,9,FALSE
0423475,123,3,3,24236,24242,FALSE,TRUE,9,9,FALSE
0423478,123,3,3,24236,24242,FALSE,TRUE,9,9,FALSE
0423479,13,2,2,24236,24242,FALSE,FALSE,6,6,FALSE
0423480,123,3,3,24236,24242,FALSE,TRUE,9,9,FALSE
0423482,3,1,1,24242,24242,FALSE,TRUE,3,3,FALSE
0423483,1,1,1,24236,24236,FALSE,TRUE,3,3,FALSE
0423484,123,3,3,24236,24242,FALSE,TRUE,9,9,FALSE
0423487,123,3,3,24236,24242,FALSE,TRUE,9,9,FALSE
0423488,123,3,3,24236,24242,FALSE,TRUE,9,9,FALSE
0423489,123,3,3,24236,24242,FALSE,TRUE,9,9,FALSE
0423491,123,3,3,24236,24242,FALSE,TRUE,9,9,FALSE
0423493,2,1,1,24239,24239,FALSE,TRUE,3,3,FALSE
0423494,123,3,3,24236,24242,FALSE,TRUE,9,9,FALSE
0423495,123,3,3,24236,24242,FALSE,TRUE,9,9,FALSE
0423496,123,3,3,24236,24242,FALSE,TRUE,9,9,FALSE
0423497,123,3,3,24236,24242,FALSE,TRUE,9,9,FALSE
0423498,123,3,3,24236,24242,FALSE,TRUE,9,9,FALSE
0423500,12,2,2,24236,24239,FALSE,TRUE,6,6,FALSE
0423502,123,3,3,24236,24242,FALSE,TRUE,9,9,FALSE
0423504,23,2,2,24239,24242,FALSE,TRUE,6,6,FALSE
0423505,13,2,2,24236,24242,FALSE,FALSE,6,6,FALSE
0423508,3,1,1,24242,24242,FALSE,TRUE,3,3,FALSE
0423509,123,3,3,24236,24242,FALSE,TRUE,9,9,FALSE
0423511,12,2,2,24236,24239,FALSE,TRUE,6,6,FALSE
0423512,123,3,3,24236,24242,FALSE,TRUE,9,9,FALSE
0423513,23,2,2,24239,24242,FALSE,TRUE,6,6,FALSE
0423514,123,3,3,24236,24242,FALSE,TRUE,9,9,FALSE
0423515,1,1,1,24236,24236,FALSE,TRUE,3,3,FALSE
0423518,123,3,3,24236,24242,FALSE,TRUE,9,9,FALSE
0423519,123,3,3,24236,24242,FALSE,TRUE,9,9,FALSE
0423521,123,3,3,24236,24242,FALSE,TRUE,9,9,FALSE
0423522,123,3,3,24236,24242,FALSE,TRUE,9,9,FALSE
0423523,123,3,3,24236,24242,FALSE,TRUE,9,9,FALSE
0423524,123,3,3,24236,24242,FALSE,TRUE,9,9,FALSE
0423526,3,1,1,24242,24242,FALSE,TRUE,3,3,FALSE
0423527,123,3,3,24236,24242,FALSE,TRUE,9,9,FALSE
0423533,123,3,3,24236,24242,FALSE,TRUE,9,9,FALSE
0423536,123,3,3,24236,24242,FALSE,TRUE,9,9,FALSE
0423537,1,1,1,24236,24236,FALSE,TRUE,3,3,FALSE
0423538,123,3,3,24236,24242,FALSE,TRUE,9,9,FALSE
0423539,123,3,3,24236,24242,FALSE,TRUE,9,9,FALSE
0423540,123,3,3,24236,24242,FALSE,TRUE,9,9,FALSE
0423541,3,1,1,24242,24242,FALSE,TRUE,3,3,FALSE
0423544,23,2,2,24239,24242,FALSE,TRUE,6,6,FALSE
0423547,123,3,3,24236,24242,FALSE,TRUE,9,9,FALSE
0423550,123,3,3,24236,24242,FALSE,TRUE,9,9,FALSE
0423551,123,3,3,24236,24242,FALSE,TRUE,9,9,FALSE
0423553,123,3,3,24236,24242,FALSE,TRUE,9,9,FALSE
0423554,23,2,2,24239,24242,FALSE,TRUE,6,6,FALSE
0423557,123,3,3,24236,24242,FALSE,TRUE,9,9,FALSE
0423559,123,3,3,24236,24242,FALSE,TRUE,9,9,FALSE
0423561,1,1,1,24236,24236,FALSE,TRUE,3,3,FALSE
0423562,123,3,3,24236,24242,FALSE,TRUE,9,9,FALSE
0423566,12,2,2,24236,24239,FALSE,TRUE,6,6,FALSE
0423567,23,2,2,24239,24242,FALSE,TRUE,6,6,FALSE
0423574,123,3,3,24236,24242,FALSE,TRUE,9,9,FALSE
0423577,2,1,1,24239,24239,FALSE,TRUE,3,3,FALSE
0423578,1,1,1,24236,24236,FALSE,TRUE,3,3,FALSE
0423579,123,3,3,24236,24242,FALSE,TRUE,9,9,FALSE
0423580,12,2,2,24236,24239,FALSE,TRUE,6,6,FALSE
0423582,12,2,2,24236,24239,FALSE,TRUE,6,6,FALSE
0423584,123,3,3,24236,24242,FALSE,TRUE,9,9,FALSE
0423586,123,3,3,24236,24242,FALSE,TRUE,9,9,FALSE
0423587,123,3,3,24236,24242,FALSE,TRUE,9,9,FALSE
0423588,123,3,3,24236,24242,FALSE,TRUE,9,9,FALSE
0423589,3,1,1,24242,24242,FALSE,TRUE,3,3,FALSE
0423590,13,2,2,24236,24242,FALSE,FALSE,6,6,FALSE
0423594,23,2,2,24239,24242,FALSE,TRUE,6,6,FALSE
0423596,123,3,3,24236,24242,FALSE,TRUE,9,9,FALSE
0423598,1,1,1,24236,24236,FALSE,TRUE,3,3,FALSE
0423600,3,1,1,24242,24242,FALSE,TRUE,3,3,FALSE
0423601,123,3,3,24236,24242,FALSE,TRUE,9,9,FALSE
0423602,3,1,1,24242,24242,FALSE,TRUE,3,3,FALSE
0423604,123,3,3,24237,24243,FALSE,TRUE,9,9,FALSE
0423606,123,3,3,24237,24243,FALSE,TRUE,9,9,FALSE
0423608,123,3,3,24237,24243,FALSE,TRUE,9,9,FALSE
0423609,13,2,2,24237,24243,FALSE,FALSE,6,6,FALSE
0423610,123,3,3,24237,24243,FALSE,TRUE,9,9,FALSE
0423611,123,3,3,24237,24243,FALSE,TRUE,9,9,FALSE
0423612,123,3,3,24237,24243,FALSE,TRUE,9,9,FALSE
0423613,3,1,1,24237,24237,FALSE,TRUE,3,3,FALSE
0423616,23,2,2,24240,24243,FALSE,TRUE,6,6,FALSE
0423620,123,3,3,24237,24243,FALSE,TRUE,9,9,FALSE
0423621,1,1,1,24237,24237,FALSE,TRUE,3,3,FALSE
0423624,3,1,1,24243,24243,FALSE,TRUE,3,3,FALSE
0423625,123,3,3,24237,24243,FALSE,TRUE,9,9,FALSE
0423626,123,3,3,24237,24243,FALSE,TRUE,9,9,FALSE
0423629,12,2,2,24237,24240,FALSE,TRUE,6,6,FALSE
0423631,123,3,3,24237,24243,FALSE,TRUE,9,9,FALSE
0423632,3,1,1,24243,24243,FALSE,TRUE,3,3,FALSE
0423635,123,3,3,24237,24243,FALSE,TRUE,9,9,FALSE
0423636,123,3,3,24237,24243,FALSE,TRUE,9,9,FALSE
0423637,123,3,3,24237,24243,FALSE,TRUE,9,9,FALSE
0423639,13,2,2,24237,24243,FALSE,FALSE,6,6,FALSE
0423642,23,2,2,24240,24243,FALSE,TRUE,6,6,FALSE
0423644,123,3,3,24237,24243,FALSE,TRUE,9,9,FALSE
0423645,1,1,1,24237,24237,FALSE,TRUE,3,3,FALSE
0423646,3,1,1,24243,24243,FALSE,TRUE,3,3,FALSE
0423647,123,3,3,24237,24243,FALSE,TRUE,9,9,FALSE
0423650,1,1,1,24237,24237,FALSE,TRUE,3,3,FALSE
0423652,123,3,3,24237,24243,FALSE,TRUE,9,9,FALSE
0423653,123,3,3,24237,24243,FALSE,TRUE,9,9,FALSE
0423654,1,1,1,24237,24237,FALSE,TRUE,3,3,FALSE
0423655,1,1,1,24237,24237,FALSE,TRUE,3,3,FALSE
0423656,13,2,2,24237,24243,FALSE,FALSE,6,6,FALSE
0423657,123,3,3,24237,24243,FALSE,TRUE,9,9,FALSE
0423658,123,3,3,24237,24243,FALSE,TRUE,9,9,FALSE
0423660,12,2,2,24237,24240,FALSE,TRUE,6,6,FALSE
0423662,3,1,1,24243,24243,FALSE,TRUE,3,3,FALSE
0423664,123,3,3,24237,24243,FALSE,TRUE,9,9,FALSE
0423665,1,1,1,24237,24237,FALSE,TRUE,3,3,FALSE
0423668,123,3,3,24237,24243,FALSE,TRUE,9,9,FALSE
0423669,12,2,2,24237,24240,FALSE,TRUE,6,6,FALSE
0423672,123,3,3,24237,24243,FALSE,TRUE,9,9,FALSE
0423673,123,3,3,24237,24243,FALSE,TRUE,9,9,FALSE
0423675,123,3,3,24237,24243,FALSE,TRUE,9,9,FALSE
0423676,23,2,2,24240,24243,FALSE,TRUE,6,6,FALSE
0423677,1,1,1,24237,24237,FALSE,TRUE,3,3,FALSE
0423680,3,1,1,24237,24237,FALSE,TRUE,3,3,FALSE
0423681,13,2,2,24237,24243,FALSE,FALSE,6,6,FALSE
0423683,23,2,2,24240,24243,FALSE,TRUE,6,6,FALSE
0423684,1,1,1,24237,24237,FALSE,TRUE,3,3,FALSE
0423685,1,1,1,24237,24237,FALSE,TRUE,3,3,FALSE
0423687,23,2,2,24240,24243,FALSE,TRUE,6,6,FALSE
0423688,12,2,2,24237,24240,FALSE,TRUE,6,6,FALSE
0423691,1,1,1,24237,24237,FALSE,TRUE,3,3,FALSE
0423692,123,3,3,24237,24243,FALSE,TRUE,9,9,FALSE
0423693,123,3,3,24237,24243,FALSE,TRUE,9,9,FALSE
0423694,23,2,2,24240,24243,FALSE,TRUE,6,6,FALSE
0423698,123,3,3,24237,24243,FALSE,TRUE,9,9,FALSE
0423699,1,1,1,24237,24237,FALSE,TRUE,3,3,FALSE
0423700,123,3,3,24237,24243,FALSE,TRUE,9,9,FALSE
0423701,12,2,2,24237,24240,FALSE,TRUE,6,6,FALSE
0423702,1,1,1,24237,24237,FALSE,TRUE,3,3,FALSE
0423703,12,2,2,24237,24240,FALSE,TRUE,6,6,FALSE
0423705,2,1,1,24240,24240,FALSE,TRUE,3,3,FALSE
0423706,12,2,2,24237,24240,FALSE,TRUE,6,6,FALSE
0423709,12,2,2,24237,24240,FALSE,TRUE,6,6,FALSE
0423710,23,2,2,24237,24240,FALSE,TRUE,6,6,FALSE
0423715,2,1,1,24240,24240,FALSE,TRUE,3,3,FALSE
0423717,2,1,1,24240,24240,FALSE,TRUE,3,3,FALSE
0423719,23,2,2,24240,24243,FALSE,TRUE,6,6,FALSE
0423720,123,3,3,24237,24243,FALSE,TRUE,9,9,FALSE
0423722,2,1,1,24240,24240,FALSE,TRUE,3,3,FALSE
0423723,123,3,3,24237,24243,FALSE,TRUE,9,9,FALSE
0423724,1,1,1,24237,24237,FALSE,TRUE,3,3,FALSE
0423729,1,1,1,24237,24237,FALSE,TRUE,3,3,FALSE
0423730,3,1,1,24243,24243,FALSE,TRUE,3,3,FALSE
0423731,1,1,1,24237,24237,FALSE,TRUE,3,3,FALSE
0423732,3,1,1,24237,24237,FALSE,TRUE,3,3,FALSE
0423733,123,3,3,24237,24243,FALSE,TRUE,9,9,FALSE
0423737,123,3,3,24237,24243,FALSE,TRUE,9,9,FALSE
0423738,23,2,2,24240,24243,FALSE,TRUE,6,6,FALSE
0423739,12,2,2,24237,24240,FALSE,TRUE,6,6,FALSE
0423740,123,3,3,24237,24243,FALSE,TRUE,9,9,FALSE
0423741,123,3,3,24237,24243,FALSE,TRUE,9,9,FALSE
0423742,123,3,3,24237,24243,FALSE,TRUE,9,9,FALSE
0423743,13,2,2,24237,24243,FALSE,FALSE,6,6,FALSE
0423745,13,2,2,24237,24243,FALSE,FALSE,6,6,FALSE
0423750,13,2,2,24237,24243,FALSE,FALSE,6,6,FALSE
0423752,123,3,3,24237,24243,FALSE,TRUE,9,9,FALSE
0423753,123,3,3,24237,24243,FALSE,TRUE,9,9,FALSE
0423754,1,1,1,24237,24237,FALSE,TRUE,3,3,FALSE
0423756,123,3,3,24237,24243,FALSE,TRUE,9,9,FALSE
0423758,123,3,3,24237,24243,FALSE,TRUE,9,9,FALSE
0423759,1,1,1,24237,24237,FALSE,TRUE,3,3,FALSE
0423760,23,2,2,24240,24243,FALSE,TRUE,6,6,FALSE
0423761,123,3,3,24237,24243,FALSE,TRUE,9,9,FALSE
0423764,123,3,3,24237,24243,FALSE,TRUE,9,9,FALSE
0423765,3,1,1,24243,24243,FALSE,TRUE,3,3,FALSE
0423766,123,3,3,24237,24243,FALSE,TRUE,9,9,FALSE
0423768,123,3,3,24237,24243,FALSE,TRUE,9,9,FALSE
0423769,123,3,3,24237,24243,FALSE,TRUE,9,9,FALSE
0423771,2,1,1,24240,24240,FALSE,TRUE,3,3,FALSE
0423772,1,1,1,24237,24237,FALSE,TRUE,3,3,FALSE
0423773,123,3,3,24237,24243,FALSE,TRUE,9,9,FALSE
0423775,1,1,1,24237,24237,FALSE,TRUE,3,3,FALSE
0423778,4,1,1,24237,24237,FALSE,TRUE,3,3,FALSE
0423779,12,2,2,24237,24240,FALSE,TRUE,6,6,FALSE
0423781,123,3,3,24237,24243,FALSE,TRUE,9,9,FALSE
0423782,23,2,2,24240,24243,FALSE,TRUE,6,6,FALSE
0423783,123,3,3,24237,24243,FALSE,TRUE,9,9,FALSE
0423784,123,3,3,24237,24243,FALSE,TRUE,9,9,FALSE
0423785,123,3,3,24237,24243,FALSE,TRUE,9,9,FALSE
0423787,123,3,3,24237,24243,FALSE,TRUE,9,9,FALSE
0423788,123,3,3,24237,24243,FALSE,TRUE,9,9,FALSE
0423789,4,1,1,24237,24237,FALSE,TRUE,3,3,FALSE
0423790,123,3,3,24237,24243,FALSE,TRUE,9,9,FALSE
0423791,123,3,3,24237,24243,FALSE,TRUE,9,9,FALSE
0423793,2,1,1,24240,24240,FALSE,TRUE,3,3,FALSE
0423794,123,3,3,24237,24243,FALSE,TRUE,9,9,FALSE
0423795,4,1,1,24237,24237,FALSE,TRUE,3,3,FALSE
0423796,123,3,3,24237,24243,FALSE,TRUE,9,9,FALSE
0423798,123,3,3,24237,24243,FALSE,TRUE,9,9,FALSE
0423799,12,2,2,24237,24240,FALSE,TRUE,6,6,FALSE
0423800,123,3,3,24237,24243,FALSE,TRUE,9,9,FALSE
0423801,2,1,1,24240,24240,FALSE,TRUE,3,3,FALSE
0423802,12,2,2,24237,24240,FALSE,TRUE,6,6,FALSE
0423804,23,2,2,24240,24243,FALSE,TRUE,6,6,FALSE
0423808,1,1,1,24237,24237,FALSE,TRUE,3,3,FALSE
0423809,1,1,1,24237,24237,FALSE,TRUE,3,3,FALSE
0423810,1,1,1,24237,24237,FALSE,TRUE,3,3,FALSE
0423812,23,2,2,24240,24243,FALSE,TRUE,6,6,FALSE
0423813,2,1,1,24240,24240,FALSE,TRUE,3,3,FALSE
0423815,123,3,3,24237,24243,FALSE,TRUE,9,9,FALSE
0423817,2,1,1,24240,24240,FALSE,TRUE,3,3,FALSE
0423818,23,2,2,24240,24243,FALSE,TRUE,6,6,FALSE
0423821,123,3,3,24237,24243,FALSE,TRUE,9,9,FALSE
0423823,34,2,2,24237,24240,FALSE,TRUE,6,6,FALSE
0423827,23,2,2,24240,24243,FALSE,TRUE,6,6,FALSE
0423828,4,1,1,24237,24237,FALSE,TRUE,3,3,FALSE
0423829,123,3,3,24237,24243,FALSE,TRUE,9,9,FALSE
0423830,123,3,3,24237,24243,FALSE,TRUE,9,9,FALSE
0423833,23,2,2,24240,24243,FALSE,TRUE,6,6,FALSE
0423835,123,3,3,24237,24243,FALSE,TRUE,9,9,FALSE
0423836,123,3,3,24237,24243,FALSE,TRUE,9,9,FALSE
0423837,123,3,3,24237,24243,FALSE,TRUE,9,9,FALSE
0423838,1,1,1,24237,24237,FALSE,TRUE,3,3,FALSE
0423840,123,3,3,24237,24243,FALSE,TRUE,9,9,FALSE
0423841,123,3,3,24237,24243,FALSE,TRUE,9,9,FALSE
0423843,13,2,2,24237,24243,FALSE,FALSE,6,6,FALSE
0423844,1,1,1,24237,24237,FALSE,TRUE,3,3,FALSE
0423846,23,2,2,24240,24243,FALSE,TRUE,6,6,FALSE
0423847,4,1,1,24237,24237,FALSE,TRUE,3,3,FALSE
0423849,123,3,3,24237,24243,FALSE,TRUE,9,9,FALSE
0423850,123,3,3,24237,24243,FALSE,TRUE,9,9,FALSE
0423851,23,2,2,24240,24243,FALSE,TRUE,6,6,FALSE
0423852,123,3,3,24237,24243,FALSE,TRUE,9,9,FALSE
0423854,12,2,2,24237,24240,FALSE,TRUE,6,6,FALSE
0423855,123,3,3,24237,24243,FALSE,TRUE,9,9,FALSE
0423856,123,3,3,24237,24243,FALSE,TRUE,9,9,FALSE
0423857,123,3,3,24237,24243,FALSE,TRUE,9,9,FALSE
0423858,123,3,3,24237,24243,FALSE,TRUE,9,9,FALSE
0423859,123,3,3,24237,24243,FALSE,TRUE,9,9,FALSE
0423860,123,3,3,24237,24243,FALSE,TRUE,9,9,FALSE
0423861,123,3,3,24237,24243,FALSE,TRUE,9,9,FALSE
0423862,1,1,1,24237,24237,FALSE,TRUE,3,3,FALSE
0423863,123,3,3,24237,24243,FALSE,TRUE,9,9,FALSE
0423865,1,1,1,24237,24237,FALSE,TRUE,3,3,FALSE
0423866,3,1,1,24243,24243,FALSE,TRUE,3,3,FALSE
0423867,12,2,2,24237,24240,FALSE,TRUE,6,6,FALSE
0423868,2,1,1,24240,24240,FALSE,TRUE,3,3,FALSE
0423869,123,3,3,24237,24243,FALSE,TRUE,9,9,FALSE
0423871,123,3,3,24237,24243,FALSE,TRUE,9,9,FALSE
0423872,123,3,3,24237,24243,FALSE,TRUE,9,9,FALSE
0423874,23,2,2,24240,24243,FALSE,TRUE,6,6,FALSE
0423876,1,1,1,24237,24237,FALSE,TRUE,3,3,FALSE
0423877,12,2,2,24237,24240,FALSE,TRUE,6,6,FALSE
0423878,23,2,2,24240,24243,FALSE,TRUE,6,6,FALSE
0423882,13,2,2,24237,24243,FALSE,FALSE,6,6,FALSE
0423883,123,3,3,24237,24243,FALSE,TRUE,9,9,FALSE
0423884,1,1,1,24237,24237,FALSE,TRUE,3,3,FALSE
0423888,3,1,1,24243,24243,FALSE,TRUE,3,3,FALSE
0423890,23,2,2,24240,24243,FALSE,TRUE,6,6,FALSE
0423891,123,3,3,24237,24243,FALSE,TRUE,9,9,FALSE
0423894,123,3,3,24237,24243,FALSE,TRUE,9,9,FALSE
0423896,13,2,2,24237,24243,FALSE,FALSE,6,6,FALSE
0423899,123,3,3,24237,24243,FALSE,TRUE,9,9,FALSE
0423902,23,2,2,24240,24243,FALSE,TRUE,6,6,FALSE
0423903,23,2,2,24240,24243,FALSE,TRUE,6,6,FALSE
0423904,12,2,2,24237,24240,FALSE,TRUE,6,6,FALSE
0423905,1,1,1,24237,24237,FALSE,TRUE,3,3,FALSE
0423907,123,3,3,24237,24243,FALSE,TRUE,9,9,FALSE
0423908,1,1,1,24237,24237,FALSE,TRUE,3,3,FALSE
0423910,123,3,3,24237,24243,FALSE,TRUE,9,9,FALSE
0423915,123,3,3,24237,24243,FALSE,TRUE,9,9,FALSE
0423918,1,1,1,24237,24237,FALSE,TRUE,3,3,FALSE
0423919,12,2,2,24237,24240,FALSE,TRUE,6,6,FALSE
0423922,12,2,2,24237,24240,FALSE,TRUE,6,6,FALSE
0423923,12,2,2,24237,24240,FALSE,TRUE,6,6,FALSE
0423924,123,3,3,24237,24243,FALSE,TRUE,9,9,FALSE
0423925,123,3,3,24237,24243,FALSE,TRUE,9,9,FALSE
0423926,123,3,3,24237,24243,FALSE,TRUE,9,9,FALSE
0423928,123,3,3,24237,24243,FALSE,TRUE,9,9,FALSE
0423929,123,3,3,24237,24243,FALSE,TRUE,9,9,FALSE
0423930,12,2,2,24237,24240,FALSE,TRUE,6,6,FALSE
0423931,1,1,1,24237,24237,FALSE,TRUE,3,3,FALSE
0423933,123,3,3,24237,24243,FALSE,TRUE,9,9,FALSE
0423934,234,3,3,24237,24243,FALSE,TRUE,9,9,FALSE
0423935,123,3,3,24237,24243,FALSE,TRUE,9,9,FALSE
0423936,123,3,3,24237,24243,FALSE,TRUE,9,9,FALSE
0423937,123,3,3,24237,24243,FALSE,TRUE,9,9,FALSE
0423938,1,1,1,24237,24237,FALSE,TRUE,3,3,FALSE
0423939,13,2,2,24237,24243,FALSE,FALSE,6,6,FALSE
0423940,123,3,3,24237,24243,FALSE,TRUE,9,9,FALSE
0423942,2,1,1,24240,24240,FALSE,TRUE,3,3,FALSE
0423943,1,1,1,24237,24237,FALSE,TRUE,3,3,FALSE
0423945,123,3,3,24237,24243,FALSE,TRUE,9,9,FALSE
0423947,2,1,1,24240,24240,FALSE,TRUE,3,3,FALSE
0423948,123,3,3,24237,24243,FALSE,TRUE,9,9,FALSE
0423949,123,3,3,24237,24243,FALSE,TRUE,9,9,FALSE
0423953,23,2,2,24240,24243,FALSE,TRUE,6,6,FALSE
0423954,123,3,3,24237,24243,FALSE,TRUE,9,9,FALSE
0423955,123,3,3,24237,24243,FALSE,TRUE,9,9,FALSE
0423957,123,3,3,24237,24243,FALSE,TRUE,9,9,FALSE
0423959,1,1,1,24237,24237,FALSE,TRUE,3,3,FALSE
0423961,123,3,3,24237,24243,FALSE,TRUE,9,9,FALSE
0423962,123,3,3,24237,24243,FALSE,TRUE,9,9,FALSE
0423963,123,3,3,24237,24243,FALSE,TRUE,9,9,FALSE
0423966,1,1,1,24237,24237,FALSE,TRUE,3,3,FALSE
0423969,123,3,3,24237,24243,FALSE,TRUE,9,9,FALSE
0423970,123,3,3,24237,24243,FALSE,TRUE,9,9,FALSE
0423972,123,3,3,24237,24243,FALSE,TRUE,9,9,FALSE
0423974,3,1,1,24243,24243,FALSE,TRUE,3,3,FALSE
0423975,23,2,2,24240,24243,FALSE,TRUE,6,6,FALSE
0423976,12,2,2,24237,24240,FALSE,TRUE,6,6,FALSE
0423978,12,2,2,24237,24240,FALSE,TRUE,6,6,FALSE
0423979,23,2,2,24240,24243,FALSE,TRUE,6,6,FALSE
0423980,3,1,1,24243,24243,FALSE,TRUE,3,3,FALSE
0423981,234,3,3,24237,24243,FALSE,TRUE,9,9,FALSE
0423982,12,2,2,24237,24240,FALSE,TRUE,6,6,FALSE
0423983,2,1,1,24240,24240,FALSE,TRUE,3,3,FALSE
0423984,13,2,2,24237,24243,FALSE,FALSE,6,6,FALSE
0423985,123,3,3,24237,24243,FALSE,TRUE,9,9,FALSE
0423986,12,2,2,24237,24240,FALSE,TRUE,6,6,FALSE
0423988,13,2,2,24237,24243,FALSE,FALSE,6,6,FALSE
0423990,1,1,1,24237,24237,FALSE,TRUE,3,3,FALSE
0423991,123,3,3,24237,24243,FALSE,TRUE,9,9,FALSE
0423992,4,1,1,24237,24237,FALSE,TRUE,3,3,FALSE
0423995,12,2,2,24237,24240,FALSE,TRUE,6,6,FALSE
0423996,123,3,3,24237,24243,FALSE,TRUE,9,9,FALSE
0423997,123,3,3,24237,24243,FALSE,TRUE,9,9,FALSE
0423999,13,2,2,24237,24243,FALSE,FALSE,6,6,FALSE
0424001,23,2,2,24240,24243,FALSE,TRUE,6,6,FALSE
0424002,1,1,1,24237,24237,FALSE,TRUE,3,3,FALSE
0424003,12,2,2,24237,24240,FALSE,TRUE,6,6,FALSE
0424004,23,2,2,24240,24243,FALSE,TRUE,6,6,FALSE
0424005,123,3,3,24237,24243,FALSE,TRUE,9,9,FALSE
0424006,123,3,3,24237,24243,FALSE,TRUE,9,9,FALSE
0424007,123,3,3,24237,24243,FALSE,TRUE,9,9,FALSE
0424009,123,3,3,24237,24243,FALSE,TRUE,9,9,FALSE
0424010,12,2,2,24237,24240,FALSE,TRUE,6,6,FALSE
0424012,23,2,2,24240,24243,FALSE,TRUE,6,6,FALSE
0424013,13,2,2,24237,24243,FALSE,FALSE,6,6,FALSE
0424014,123,3,3,24237,24243,FALSE,TRUE,9,9,FALSE
0424017,2,1,1,24240,24240,FALSE,TRUE,3,3,FALSE
0424019,1,1,1,24237,24237,FALSE,TRUE,3,3,FALSE
0424020,12,2,2,24237,24240,FALSE,TRUE,6,6,FALSE
0424021,1,1,1,24237,24237,FALSE,TRUE,3,3,FALSE
0424023,3,1,1,24243,24243,FALSE,TRUE,3,3,FALSE
0424024,123,3,3,24237,24243,FALSE,TRUE,9,9,FALSE
0424025,1,1,1,24237,24237,FALSE,TRUE,3,3,FALSE
0424026,123,3,3,24237,24243,FALSE,TRUE,9,9,FALSE
0424027,123,3,3,24237,24243,FALSE,TRUE,9,9,FALSE
0424028,3,1,1,24243,24243,FALSE,TRUE,3,3,FALSE
0424029,1,1,1,24237,24237,FALSE,TRUE,3,3,FALSE
0424031,23,2,2,24240,24243,FALSE,TRUE,6,6,FALSE
0424033,123,3,3,24237,24243,FALSE,TRUE,9,9,FALSE
0424034,123,3,3,24237,24243,FALSE,TRUE,9,9,FALSE
0424036,3,1,1,24243,24243,FALSE,TRUE,3,3,FALSE
0424039,123,3,3,24237,24243,FALSE,TRUE,9,9,FALSE
0424040,12,2,2,24237,24240,FALSE,TRUE,6,6,FALSE
0424043,123,3,3,24237,24243,FALSE,TRUE,9,9,FALSE
0424044,12,2,2,24237,24240,FALSE,TRUE,6,6,FALSE
0424045,1,1,1,24237,24237,FALSE,TRUE,3,3,FALSE
0424047,23,2,2,24240,24243,FALSE,TRUE,6,6,FALSE
0424052,123,3,3,24237,24243,FALSE,TRUE,9,9,FALSE
0424053,123,3,3,24237,24243,FALSE,TRUE,9,9,FALSE
0424054,123,3,3,24237,24243,FALSE,TRUE,9,9,FALSE
0424055,123,3,3,24237,24243,FALSE,TRUE,9,9,FALSE
0424056,123,3,3,24237,24243,FALSE,TRUE,9,9,FALSE
0424057,123,3,3,24237,24243,FALSE,TRUE,9,9,FALSE
0424058,123,3,3,24237,24243,FALSE,TRUE,9,9,FALSE
0424068,3,1,1,24243,24243,FALSE,TRUE,3,3,FALSE
0424069,123,3,3,24237,24243,FALSE,TRUE,9,9,FALSE
0424070,23,2,2,24240,24243,FALSE,TRUE,6,6,FALSE
0424071,3,1,1,24243,24243,FALSE,TRUE,3,3,FALSE
0424074,123,3,3,24237,24243,FALSE,TRUE,9,9,FALSE
0424075,123,3,3,24237,24243,FALSE,TRUE,9,9,FALSE
0424076,234,3,3,24237,24243,FALSE,TRUE,9,9,FALSE
0424079,23,2,2,24240,24243,FALSE,TRUE,6,6,FALSE
0424080,1,1,1,24237,24237,FALSE,TRUE,3,3,FALSE
0424081,123,3,3,24237,24243,FALSE,TRUE,9,9,FALSE
0424082,234,3,3,24237,24243,FALSE,TRUE,9,9,FALSE
0424083,23,2,2,24240,24243,FALSE,TRUE,6,6,FALSE
0424085,123,3,3,24237,24243,FALSE,TRUE,9,9,FALSE
0424086,1,1,1,24237,24237,FALSE,TRUE,3,3,FALSE
0424089,34,2,2,24237,24240,FALSE,TRUE,6,6,FALSE
0424091,123,3,3,24237,24243,FALSE,TRUE,9,9,FALSE
0424095,1,1,1,24237,24237,FALSE,TRUE,3,3,FALSE
0424096,123,3,3,24237,24243,FALSE,TRUE,9,9,FALSE
0424097,23,2,2,24240,24243,FALSE,TRUE,6,6,FALSE
0424098,123,3,3,24237,24243,FALSE,TRUE,9,9,FALSE
0424101,23,2,2,24240,24243,FALSE,TRUE,6,6,FALSE
0424102,3,1,1,24243,24243,FALSE,TRUE,3,3,FALSE
0424103,12,2,2,24237,24240,FALSE,TRUE,6,6,FALSE
0424105,123,3,3,24237,24243,FALSE,TRUE,9,9,FALSE
0424106,3,1,1,24243,24243,FALSE,TRUE,3,3,FALSE
0424108,123,3,3,24237,24243,FALSE,TRUE,9,9,FALSE
0424110,23,2,2,24240,24243,FALSE,TRUE,6,6,FALSE
0424111,1,1,1,24237,24237,FALSE,TRUE,3,3,FALSE
0424112,2,1,1,24240,24240,FALSE,TRUE,3,3,FALSE
0424115,12,2,2,24237,24240,FALSE,TRUE,6,6,FALSE
0424116,3,1,1,24243,24243,FALSE,TRUE,3,3,FALSE
0424120,123,3,3,24237,24243,FALSE,TRUE,9,9,FALSE
0424121,3,1,1,24243,24243,FALSE,TRUE,3,3,FALSE
0424123,123,3,3,24237,24243,FALSE,TRUE,9,9,FALSE
0424127,3,1,1,24243,24243,FALSE,TRUE,3,3,FALSE
0424128,1,1,1,24237,24237,FALSE,TRUE,3,3,FALSE
0424129,123,3,3,24237,24243,FALSE,TRUE,9,9,FALSE
0424130,3,1,1,24243,24243,FALSE,TRUE,3,3,FALSE
0424133,4,1,1,24237,24237,FALSE,TRUE,3,3,FALSE
0424134,1,1,1,24237,24237,FALSE,TRUE,3,0,FALSE
0424136,123,3,3,24237,24243,FALSE,TRUE,9,9,FALSE
0424137,13,2,2,24237,24243,FALSE,FALSE,6,6,FALSE
0424138,1,1,1,24237,24237,FALSE,TRUE,3,3,FALSE
0424140,23,2,2,24240,24243,FALSE,TRUE,6,6,FALSE
0424142,23,2,2,24240,24243,FALSE,TRUE,6,6,FALSE
0424143,1,1,1,24237,24237,FALSE,TRUE,3,3,FALSE
0424145,23,2,2,24240,24243,FALSE,TRUE,6,6,FALSE
0424146,123,3,3,24237,24243,FALSE,TRUE,9,9,FALSE
0424147,123,3,3,24237,24243,FALSE,TRUE,9,9,FALSE
0424148,12,2,2,24237,24240,FALSE,TRUE,6,6,FALSE
0424152,123,3,3,24237,24243,FALSE,TRUE,9,9,FALSE
0424155,123,3,3,24237,24243,FALSE,TRUE,9,9,FALSE
0424156,123,3,3,24237,24243,FALSE,TRUE,9,9,FALSE
0424158,23,2,2,24240,24243,FALSE,TRUE,6,6,FALSE
0424160,23,2,2,24240,24243,FALSE,TRUE,6,6,FALSE
0424161,2,1,1,24240,24240,FALSE,TRUE,3,3,FALSE
0424162,13,2,2,24237,24243,FALSE,FALSE,6,6,FALSE
0424163,34,2,2,24237,24240,FALSE,TRUE,6,6,FALSE
0424165,23,2,2,24240,24243,FALSE,TRUE,6,6,FALSE
0424169,2,1,1,24237,24237,FALSE,TRUE,3,3,FALSE
0424171,123,3,3,24237,24243,FALSE,TRUE,9,9,FALSE
0424172,13,2,2,24237,24243,FALSE,FALSE,6,6,FALSE
0424173,2,1,1,24240,24240,FALSE,TRUE,3,3,FALSE
0424175,1,1,1,24237,24237,FALSE,TRUE,3,3,FALSE
0424176,123,3,3,24237,24243,FALSE,TRUE,9,9,FALSE
0424177,34,2,2,24237,24240,FALSE,TRUE,6,6,FALSE
0424178,123,3,3,24237,24243,FALSE,TRUE,9,9,FALSE
0424181,12,2,2,24237,24240,FALSE,TRUE,6,6,FALSE
0424186,123,3,3,24237,24243,FALSE,TRUE,9,9,FALSE
0424187,12,2,2,24237,24240,FALSE,TRUE,6,6,FALSE
0424191,123,3,3,24237,24243,FALSE,TRUE,9,9,FALSE
0424194,123,3,3,24237,24243,FALSE,TRUE,9,9,FALSE
0424196,1,1,1,24237,24237,FALSE,TRUE,3,3,FALSE
0424197,23,2,2,24240,24243,FALSE,TRUE,6,6,FALSE
0424198,123,3,3,24237,24243,FALSE,TRUE,9,9,FALSE
0424199,12,2,2,24237,24240,FALSE,TRUE,6,6,FALSE
0424200,1,1,1,24237,24237,FALSE,TRUE,3,3,FALSE
0424205,123,3,3,24237,24243,FALSE,TRUE,9,9,FALSE
0424206,123,3,3,24237,24243,FALSE,TRUE,9,9,FALSE
0424207,3,1,1,24243,24243,FALSE,TRUE,3,3,FALSE
0424209,1,1,1,24237,24237,FALSE,TRUE,3,3,FALSE
0424210,23,2,2,24240,24243,FALSE,TRUE,6,6,FALSE
0424211,12,2,2,24237,24240,FALSE,TRUE,6,6,FALSE
0424212,3,1,1,24243,24243,FALSE,TRUE,3,3,FALSE
0424213,12,2,2,24237,24240,FALSE,TRUE,6,6,FALSE
0424214,123,3,3,24237,24243,FALSE,TRUE,9,9,FALSE
0424216,123,3,3,24237,24243,FALSE,TRUE,9,9,FALSE
0424219,1,1,1,24237,24237,FALSE,TRUE,3,3,FALSE
0424221,12,2,2,24237,24240,FALSE,TRUE,6,6,FALSE
0424224,1,1,1,24237,24237,FALSE,TRUE,3,3,FALSE
0424225,123,3,3,24237,24243,FALSE,TRUE,9,9,FALSE
0424227,123,3,3,24237,24243,FALSE,TRUE,9,9,FALSE
0424228,123,3,3,24237,24243,FALSE,TRUE,9,9,FALSE
0424229,123,3,3,24237,24243,FALSE,TRUE,9,9,FALSE
0424230,123,3,3,24237,24243,FALSE,TRUE,9,9,FALSE
0424232,3,1,1,24243,24243,FALSE,TRUE,3,3,FALSE
0424233,1,1,1,24237,24237,FALSE,TRUE,3,3,FALSE
0424235,123,3,3,24237,24243,FALSE,TRUE,9,9,FALSE
0424236,1,1,1,24237,24237,FALSE,TRUE,3,3,FALSE
0424237,123,3,3,24237,24243,FALSE,TRUE,9,9,FALSE
0424240,13,2,2,24237,24243,FALSE,FALSE,6,6,FALSE
0424242,12,2,2,24237,24240,FALSE,TRUE,6,6,FALSE
0424243,34,2,2,24240,24243,FALSE,TRUE,6,6,FALSE
0424244,123,3,3,24237,24243,FALSE,TRUE,9,9,FALSE
0424245,1,1,1,24237,24237,FALSE,TRUE,3,3,FALSE
0424246,4,1,1,24237,24237,FALSE,TRUE,3,3,FALSE
0424248,1,1,1,24237,24237,FALSE,TRUE,3,3,FALSE
0424249,1,1,1,24237,24237,FALSE,TRUE,3,3,FALSE
0424250,123,3,3,24237,24243,FALSE,TRUE,9,9,FALSE
0424251,123,3,3,24237,24243,FALSE,TRUE,9,9,FALSE
0424252,1,1,1,24237,24237,FALSE,TRUE,3,3,FALSE
0424254,12,2,2,24237,24240,FALSE,TRUE,6,6,FALSE
0424255,13,2,2,24237,24243,FALSE,FALSE,6,6,FALSE
0424256,12,2,2,24237,24240,FALSE,TRUE,6,6,FALSE
0424257,3,1,1,24243,24243,FALSE,TRUE,3,3,FALSE
0424258,2,1,1,24240,24240,FALSE,TRUE,3,3,FALSE
0424259,1,1,1,24237,24237,FALSE,TRUE,3,3,FALSE
0424260,13,2,2,24237,24243,FALSE,FALSE,6,6,FALSE
0424261,1,1,1,24237,24237,FALSE,TRUE,3,3,FALSE
0424263,13,2,2,24237,24243,FALSE,FALSE,6,6,FALSE
0424264,123,3,3,24237,24243,FALSE,TRUE,9,9,FALSE
0424265,1,1,1,24237,24237,FALSE,TRUE,3,3,FALSE
0424266,123,3,3,24237,24243,FALSE,TRUE,9,9,FALSE
0424268,123,3,3,24237,24243,FALSE,TRUE,9,9,FALSE
0424269,23,2,2,24240,24243,FALSE,TRUE,6,6,FALSE
0424270,123,3,3,24237,24243,FALSE,TRUE,9,9,FALSE
0424272,123,3,3,24237,24243,FALSE,TRUE,9,9,FALSE
0424273,123,3,3,24237,24243,FALSE,TRUE,9,9,FALSE
0424275,3,1,1,24243,24243,FALSE,TRUE,3,3,FALSE
0424277,23,2,2,24240,24243,FALSE,TRUE,6,6,FALSE
0424278,123,3,3,24237,24243,FALSE,TRUE,9,9,FALSE
0424280,123,3,3,24237,24243,FALSE,TRUE,9,9,FALSE
0424281,123,3,3,24237,24243,FALSE,TRUE,9,9,FALSE
0424282,1,1,1,24237,24237,FALSE,TRUE,3,3,FALSE
0424283,123,3,3,24237,24243,FALSE,TRUE,9,9,FALSE
0424284,3,1,1,24243,24243,FALSE,TRUE,3,3,FALSE
0424285,123,3,3,24237,24243,FALSE,TRUE,9,9,FALSE
0424286,123,3,3,24237,24243,FALSE,TRUE,9,9,FALSE
0424287,123,3,3,24237,24243,FALSE,TRUE,9,9,FALSE
0424289,123,3,3,24237,24243,FALSE,TRUE,9,9,FALSE
0424290,123,3,3,24237,24243,FALSE,TRUE,9,9,FALSE
0424291,123,3,3,24237,24243,FALSE,TRUE,9,9,FALSE
0424293,1,1,1,24237,24237,FALSE,TRUE,3,3,FALSE
0424297,123,3,3,24237,24243,FALSE,TRUE,9,9,FALSE
0424298,12,2,2,24237,24240,FALSE,TRUE,6,6,FALSE
0424299,123,3,3,24237,24243,FALSE,TRUE,9,9,FALSE
0424300,12,2,2,24237,24240,FALSE,TRUE,6,6,FALSE
0424307,123,3,3,24237,24243,FALSE,TRUE,9,9,FALSE
0424308,123,3,3,24237,24243,FALSE,TRUE,9,9,FALSE
0424309,123,3,3,24237,24243,FALSE,TRUE,9,9,FALSE
0424310,123,3,3,24237,24243,FALSE,TRUE,9,9,FALSE
0424313,3,1,1,24243,24243,FALSE,TRUE,3,3,FALSE
0424317,1,1,1,24237,24237,FALSE,TRUE,3,3,FALSE
0424318,123,3,3,24237,24243,FALSE,TRUE,9,9,FALSE
0424319,123,3,3,24237,24243,FALSE,TRUE,9,9,FALSE
0424320,123,3,3,24237,24243,FALSE,TRUE,9,9,FALSE
0424323,2,1,1,24240,24240,FALSE,TRUE,3,3,FALSE
0424327,123,3,3,24237,24243,FALSE,TRUE,9,9,FALSE
0424328,1,1,1,24237,24237,FALSE,TRUE,3,3,FALSE
0424330,23,2,2,24240,24243,FALSE,TRUE,6,6,FALSE
0424331,2,1,1,24240,24240,FALSE,TRUE,3,3,FALSE
0424332,2,1,1,24240,24240,FALSE,TRUE,3,3,FALSE
0424334,1,1,1,24237,24237,FALSE,TRUE,3,3,FALSE
0424335,123,3,3,24237,24243,FALSE,TRUE,9,9,FALSE
0424338,123,3,3,24237,24243,FALSE,TRUE,9,9,FALSE
0424340,23,2,2,24240,24243,FALSE,TRUE,6,6,FALSE
0424341,1,1,1,24237,24237,FALSE,TRUE,3,3,FALSE
0424342,2,1,1,24237,24237,FALSE,TRUE,3,3,FALSE
0424343,1,1,1,24237,24237,FALSE,TRUE,3,3,FALSE
0424346,123,3,3,24237,24243,FALSE,TRUE,9,9,FALSE
0424347,12,2,2,24237,24240,FALSE,TRUE,6,6,FALSE
0424348,23,2,2,24240,24243,FALSE,TRUE,6,6,FALSE
0424350,123,3,3,24237,24243,FALSE,TRUE,9,9,FALSE
0424354,12,2,2,24237,24240,FALSE,TRUE,6,6,FALSE
0424358,123,3,3,24237,24243,FALSE,TRUE,9,9,FALSE
0424362,123,3,3,24237,24243,FALSE,TRUE,9,9,FALSE
0424363,123,3,3,24237,24243,FALSE,TRUE,9,9,FALSE
0424367,123,3,3,24237,24243,FALSE,TRUE,9,9,FALSE
0424368,1,1,1,24237,24237,FALSE,TRUE,3,3,FALSE
0424369,123,3,3,24237,24243,FALSE,TRUE,9,9,FALSE
0424373,3,1,1,24243,24243,FALSE,TRUE,3,3,FALSE
0424376,123,3,3,24237,24243,FALSE,TRUE,9,9,FALSE
0424377,1,1,1,24237,24237,FALSE,TRUE,3,3,FALSE
0424378,123,3,3,24237,24243,FALSE,TRUE,9,9,FALSE
0424387,12,2,2,24237,24240,FALSE,TRUE,6,6,FALSE
0424388,3,1,1,24237,24237,FALSE,TRUE,3,3,FALSE
0424390,23,2,2,24240,24243,FALSE,TRUE,6,6,FALSE
0424391,1,1,1,24237,24237,FALSE,TRUE,3,3,FALSE
0424393,123,3,3,24237,24243,FALSE,TRUE,9,9,FALSE
0424394,123,3,3,24237,24243,FALSE,TRUE,9,9,FALSE
0424395,3,1,1,24243,24243,FALSE,TRUE,3,3,FALSE
0424396,123,3,3,24237,24243,FALSE,TRUE,9,9,FALSE
0424397,1,1,1,24237,24237,FALSE,TRUE,3,3,FALSE
0424398,123,3,3,24237,24243,FALSE,TRUE,9,9,FALSE
0424402,123,3,3,24237,24243,FALSE,TRUE,9,9,FALSE
0424405,123,3,3,24237,24243,FALSE,TRUE,9,9,FALSE
0424406,12,2,2,24237,24240,FALSE,TRUE,6,6,FALSE
0424407,2,1,1,24240,24240,FALSE,TRUE,3,3,FALSE
0424408,123,3,3,24237,24243,FALSE,TRUE,9,9,FALSE
0424410,123,3,3,24237,24243,FALSE,TRUE,9,9,FALSE
0424416,123,3,3,24237,24243,FALSE,TRUE,9,9,FALSE
0424418,3,1,1,24243,24243,FALSE,TRUE,3,3,FALSE
0424423,123,3,3,24237,24243,FALSE,TRUE,9,9,FALSE
0424424,12,2,2,24237,24240,FALSE,TRUE,6,6,FALSE
0424429,123,3,3,24237,24243,FALSE,TRUE,9,9,FALSE
0424431,123,3,3,24237,24243,FALSE,TRUE,9,9,FALSE
0424437,23,2,2,24240,24243,FALSE,TRUE,6,6,FALSE
0424438,13,2,2,24237,24243,FALSE,FALSE,6,6,FALSE
0424439,1,1,1,24237,24237,FALSE,TRUE,3,3,FALSE
0424440,123,3,3,24237,24243,FALSE,TRUE,9,9,FALSE
0424441,123,3,3,24237,24243,FALSE,TRUE,9,9,FALSE
0424445,123,3,3,24237,24243,FALSE,TRUE,9,9,FALSE
0424446,123,3,3,24237,24243,FALSE,TRUE,9,9,FALSE
0424450,23,2,2,24237,24240,FALSE,TRUE,6,6,FALSE
0424452,23,2,2,24240,24243,FALSE,TRUE,6,6,FALSE
0424453,123,3,3,24237,24243,FALSE,TRUE,9,9,FALSE
0424454,1,1,1,24237,24237,FALSE,TRUE,3,3,FALSE
0424455,12,2,2,24237,24240,FALSE,TRUE,6,6,FALSE
0424458,123,3,3,24237,24243,FALSE,TRUE,9,9,FALSE
0424461,1,1,1,24237,24237,FALSE,TRUE,3,3,FALSE
0424462,12,2,2,24237,24240,FALSE,TRUE,6,6,FALSE
0424463,123,3,3,24237,24243,FALSE,TRUE,9,9,FALSE
0424464,123,3,3,24237,24243,FALSE,TRUE,9,9,FALSE
0424467,1,1,1,24237,24237,FALSE,TRUE,3,3,FALSE
0424468,13,2,2,24237,24243,FALSE,FALSE,6,6,FALSE
0424469,12,2,2,24237,24240,FALSE,TRUE,6,6,FALSE
0424473,13,2,2,24237,24243,FALSE,FALSE,6,6,FALSE
0424474,123,3,3,24237,24243,FALSE,TRUE,9,9,FALSE
0424478,1,1,1,24237,24237,FALSE,TRUE,3,3,FALSE
0424480,13,2,2,24237,24243,FALSE,FALSE,6,6,FALSE
0424481,123,3,3,24237,24243,FALSE,TRUE,9,9,FALSE
0424482,12,2,2,24237,24240,FALSE,TRUE,6,6,FALSE
0424484,123,3,3,24237,24243,FALSE,TRUE,9,9,FALSE
0424485,4,1,1,24237,24237,FALSE,TRUE,3,3,FALSE
0424486,1,1,1,24237,24237,FALSE,TRUE,3,3,FALSE
0424488,123,3,3,24237,24243,FALSE,TRUE,9,9,FALSE
0424489,1,1,1,24237,24237,FALSE,TRUE,3,3,FALSE
0424493,23,2,2,24240,24243,FALSE,TRUE,6,6,FALSE
0424494,123,3,3,24237,24243,FALSE,TRUE,9,9,FALSE
0424495,123,3,3,24237,24243,FALSE,TRUE,9,9,FALSE
0424498,12,2,2,24237,24240,FALSE,TRUE,6,6,FALSE
0424500,1,1,1,24237,24237,FALSE,TRUE,3,3,FALSE
0424501,123,3,3,24237,24243,FALSE,TRUE,9,9,FALSE
0424503,1,1,1,24237,24237,FALSE,TRUE,3,3,FALSE
0424505,23,2,2,24240,24243,FALSE,TRUE,6,6,FALSE
0424506,234,3,3,24237,24243,FALSE,TRUE,9,9,FALSE
0424507,123,3,3,24237,24243,FALSE,TRUE,9,9,FALSE
0424508,12,2,2,24237,24240,FALSE,TRUE,6,6,FALSE
0424510,123,3,3,24237,24243,FALSE,TRUE,9,9,FALSE
0424512,12,2,2,24237,24240,FALSE,TRUE,6,6,FALSE
0424513,123,3,3,24237,24243,FALSE,TRUE,9,9,FALSE
0424514,13,2,2,24237,24243,FALSE,FALSE,6,6,FALSE
0424516,12,2,2,24237,24240,FALSE,TRUE,6,6,FALSE
0424517,123,3,3,24237,24243,FALSE,TRUE,9,9,FALSE
0424519,12,2,2,24237,24240,FALSE,TRUE,6,6,FALSE
0424520,123,3,3,24237,24243,FALSE,TRUE,9,9,FALSE
0424522,4,1,1,24237,24237,FALSE,TRUE,3,3,FALSE
0424524,123,3,3,24237,24243,FALSE,TRUE,9,9,FALSE
0424530,123,3,3,24237,24243,FALSE,TRUE,9,9,FALSE
0424531,3,1,1,24243,24243,FALSE,TRUE,3,3,FALSE
0424532,1,1,1,24237,24237,FALSE,TRUE,3,3,FALSE
0424533,123,3,3,24237,24243,FALSE,TRUE,9,9,FALSE
0424535,23,2,2,24240,24243,FALSE,TRUE,6,6,FALSE
0424536,23,2,2,24240,24243,FALSE,TRUE,6,6,FALSE
0424537,4,1,1,24237,24237,FALSE,TRUE,3,3,FALSE
0424542,123,3,3,24237,24243,FALSE,TRUE,9,9,FALSE
0424543,2,1,1,24240,24240,FALSE,TRUE,3,3,FALSE
0424544,2,1,1,24237,24237,FALSE,TRUE,3,3,FALSE
0424545,2,1,1,24240,24240,FALSE,TRUE,3,3,FALSE
0424548,3,1,1,24243,24243,FALSE,TRUE,3,3,FALSE
0424549,13,2,2,24237,24243,FALSE,FALSE,6,6,FALSE
0424550,123,3,3,24237,24243,FALSE,TRUE,9,9,FALSE
0424551,3,1,1,24240,24240,FALSE,TRUE,3,3,FALSE
0424553,123,3,3,24237,24243,FALSE,TRUE,9,9,FALSE
0424554,1,1,1,24237,24237,FALSE,TRUE,3,3,FALSE
0424555,123,3,3,24237,24243,FALSE,TRUE,9,9,FALSE
0424557,123,3,3,24237,24243,FALSE,TRUE,9,9,FALSE
0424558,12,2,2,24237,24240,FALSE,TRUE,6,6,FALSE
0424559,13,2,2,24237,24243,FALSE,FALSE,6,6,FALSE
0424564,12,2,2,24237,24240,FALSE,TRUE,6,6,FALSE
0424565,2,1,1,24240,24240,FALSE,TRUE,3,3,FALSE
0424569,123,3,3,24237,24243,FALSE,TRUE,9,9,FALSE
0424571,123,3,3,24237,24243,FALSE,TRUE,9,9,FALSE
0424572,12,2,2,24237,24240,FALSE,TRUE,6,6,FALSE
0424573,123,3,3,24237,24243,FALSE,TRUE,9,9,FALSE
0424574,123,3,3,24237,24243,FALSE,TRUE,9,9,FALSE
0424575,2,1,1,24240,24240,FALSE,TRUE,3,3,FALSE
0424577,2,1,1,24240,24240,FALSE,TRUE,3,3,FALSE
0424580,13,2,2,24237,24243,FALSE,FALSE,6,6,FALSE
0424581,123,3,3,24237,24243,FALSE,TRUE,9,9,FALSE
0424583,123,3,3,24237,24243,FALSE,TRUE,9,9,FALSE
0424589,12,2,2,24237,24240,FALSE,TRUE,6,6,FALSE
0424590,123,3,3,24237,24243,FALSE,TRUE,9,9,FALSE
0424593,2,1,1,24240,24240,FALSE,TRUE,3,3,FALSE
0424595,3,1,1,24243,24243,FALSE,TRUE,3,3,FALSE
0424596,123,3,3,24237,24243,FALSE,TRUE,9,9,FALSE
0424599,123,3,3,24237,24243,FALSE,TRUE,9,9,FALSE
0424600,13,2,2,24237,24243,FALSE,FALSE,6,6,FALSE
0424602,1,1,1,24237,24237,FALSE,TRUE,3,3,FALSE
0424604,123,3,3,24237,24243,FALSE,TRUE,9,9,FALSE
0424605,3,1,1,24243,24243,FALSE,TRUE,3,3,FALSE
0424606,13,2,2,24237,24243,FALSE,FALSE,6,6,FALSE
0424608,23,2,2,24240,24243,FALSE,TRUE,6,6,FALSE
0424611,123,3,3,24237,24243,FALSE,TRUE,9,9,FALSE
0424612,123,3,3,24237,24243,FALSE,TRUE,9,9,FALSE
0424613,23,2,2,24240,24243,FALSE,TRUE,6,6,FALSE
0424615,123,3,3,24237,24243,FALSE,TRUE,9,9,FALSE
0424618,1,1,1,24237,24237,FALSE,TRUE,3,3,FALSE
0424619,12,2,2,24237,24240,FALSE,TRUE,6,6,FALSE
0424621,1,1,1,24237,24237,FALSE,TRUE,3,3,FALSE
0424622,1,1,1,24237,24237,FALSE,TRUE,3,3,FALSE
0424623,123,3,3,24237,24243,FALSE,TRUE,9,9,FALSE
0424625,3,1,1,24243,24243,FALSE,TRUE,3,3,FALSE
0424626,123,3,3,24237,24243,FALSE,TRUE,9,9,FALSE
0424628,3,1,1,24243,24243,FALSE,TRUE,3,3,FALSE
0424630,123,3,3,24237,24243,FALSE,TRUE,9,9,FALSE
0424631,1,1,1,24237,24237,FALSE,TRUE,3,3,FALSE
0424632,23,2,2,24240,24243,FALSE,TRUE,6,6,FALSE
0424634,123,3,3,24237,24243,FALSE,TRUE,9,9,FALSE
0424637,123,3,3,24237,24243,FALSE,TRUE,9,9,FALSE
0424639,3,1,1,24243,24243,FALSE,TRUE,3,3,FALSE
0424640,1,1,1,24237,24237,FALSE,TRUE,3,3,FALSE
0424645,1,1,1,24237,24237,FALSE,TRUE,3,3,FALSE
0424647,23,2,2,24240,24243,FALSE,TRUE,6,6,FALSE
0424648,3,1,1,24243,24243,FALSE,TRUE,3,3,FALSE
0424649,12,2,2,24237,24240,FALSE,TRUE,6,6,FALSE
0424650,123,3,3,24237,24243,FALSE,TRUE,9,9,FALSE
0424653,12,2,2,24237,24240,FALSE,TRUE,6,6,FALSE
0424656,123,3,3,24237,24243,FALSE,TRUE,9,9,FALSE
0426710,12,2,2,24238,24241,FALSE,TRUE,6,6,FALSE
0426711,12,2,2,24238,24241,FALSE,TRUE,6,6,FALSE
0426715,12,2,2,24238,24241,FALSE,TRUE,6,6,FALSE
0426716,1,1,1,24238,24238,FALSE,TRUE,3,3,FALSE
0426717,2,1,1,24241,24241,FALSE,TRUE,3,3,FALSE
0426718,12,2,2,24238,24241,FALSE,TRUE,6,6,FALSE
0426720,2,1,1,24241,24241,FALSE,TRUE,3,3,FALSE
0426726,12,2,2,24238,24241,FALSE,TRUE,6,6,FALSE
0426727,1,1,1,24238,24238,FALSE,TRUE,3,3,FALSE
0426730,34,2,2,24238,24241,FALSE,TRUE,6,6,FALSE
0426732,12,2,2,24238,24241,FALSE,TRUE,6,6,FALSE
0426733,12,2,2,24238,24241,FALSE,TRUE,6,6,FALSE
0426735,12,2,2,24238,24241,FALSE,TRUE,6,6,FALSE
0426737,1,1,1,24238,24238,FALSE,TRUE,3,3,FALSE
0426738,12,2,2,24238,24241,FALSE,TRUE,6,6,FALSE
0426740,12,2,2,24238,24241,FALSE,TRUE,6,6,FALSE
0426742,12,2,2,24238,24241,FALSE,TRUE,6,6,FALSE
0426744,12,2,2,24238,24241,FALSE,TRUE,6,6,FALSE
0426747,12,2,2,24238,24241,FALSE,TRUE,6,6,FALSE
0426748,12,2,2,24238,24241,FALSE,TRUE,6,6,FALSE
0426749,23,2,2,24238,24241,FALSE,TRUE,6,6,FALSE
0426752,2,1,1,24241,24241,FALSE,TRUE,3,3,FALSE
0426753,12,2,2,24238,24241,FALSE,TRUE,6,6,FALSE
0426755,12,2,2,24238,24241,FALSE,TRUE,6,6,FALSE
0426757,12,2,2,24238,24241,FALSE,TRUE,6,6,FALSE
0426759,12,2,2,24238,24241,FALSE,TRUE,6,6,FALSE
0426762,12,2,2,24238,24241,FALSE,TRUE,6,6,FALSE
0426766,1,1,1,24238,24238,FALSE,TRUE,3,3,FALSE
0426768,1,1,1,24238,24238,FALSE,TRUE,3,3,FALSE
0426775,12,2,2,24238,24241,FALSE,TRUE,6,6,FALSE
0426776,12,2,2,24238,24241,FALSE,TRUE,6,6,FALSE
0426777,1,1,1,24238,24238,FALSE,TRUE,3,3,FALSE
0426778,12,2,2,24238,24241,FALSE,TRUE,6,6,FALSE
0426779,12,2,2,24238,24241,FALSE,TRUE,6,6,FALSE
0426780,2,1,1,24241,24241,FALSE,TRUE,3,3,FALSE
0426781,2,1,1,24241,24241,FALSE,TRUE,3,3,FALSE
0426782,12,2,2,24238,24241,FALSE,TRUE,6,6,FALSE
0426783,12,2,2,24238,24241,FALSE,TRUE,6,6,FALSE
0426784,2,1,1,24241,24241,FALSE,TRUE,3,3,FALSE
0426785,1,1,1,24238,24238,FALSE,TRUE,3,3,FALSE
0426788,12,2,2,24238,24241,FALSE,TRUE,6,6,FALSE
0426789,12,2,2,24238,24241,FALSE,TRUE,6,6,FALSE
0426790,2,1,1,24241,24241,FALSE,TRUE,3,3,FALSE
0426791,1,1,1,24238,24238,FALSE,TRUE,3,3,FALSE
0426792,1,1,1,24238,24238,FALSE,TRUE,3,3,FALSE
0426793,12,2,2,24238,24241,FALSE,TRUE,6,6,FALSE
0426794,12,2,2,24238,24241,FALSE,TRUE,6,6,FALSE
0426795,1,1,1,24238,24238,FALSE,TRUE,3,3,FALSE
0426796,12,2,2,24238,24241,FALSE,TRUE,6,6,FALSE
0426797,2,1,1,24241,24241,FALSE,TRUE,3,3,FALSE
0426800,1,1,1,24238,24238,FALSE,TRUE,3,3,FALSE
0426801,2,1,1,24241,24241,FALSE,TRUE,3,3,FALSE
0426807,23,2,2,24238,24241,FALSE,TRUE,6,6,FALSE
0426808,12,2,2,24238,24241,FALSE,TRUE,6,6,FALSE
0426809,12,2,2,24238,24241,FALSE,TRUE,6,6,FALSE
0426815,12,2,2,24238,24241,FALSE,TRUE,6,6,FALSE
0426817,2,1,1,24241,24241,FALSE,TRUE,3,3,FALSE
0426820,12,2,2,24238,24241,FALSE,TRUE,6,6,FALSE
0426821,1,1,1,24238,24238,FALSE,TRUE,3,3,FALSE
0426822,12,2,2,24238,24241,FALSE,TRUE,6,6,FALSE
0426824,12,2,2,24238,24241,FALSE,TRUE,6,6,FALSE
0426825,12,2,2,24238,24241,FALSE,TRUE,6,6,FALSE
0426832,12,2,2,24238,24241,FALSE,TRUE,6,6,FALSE
0426833,2,1,1,24241,24241,FALSE,TRUE,3,3,FALSE
0426834,2,1,1,24241,24241,FALSE,TRUE,3,3,FALSE
0426836,1,1,1,24238,24238,FALSE,TRUE,3,3,FALSE
0426838,12,2,2,24238,24241,FALSE,TRUE,6,6,FALSE
0426840,2,1,1,24241,24241,FALSE,TRUE,3,3,FALSE
0426841,3,1,1,24238,24238,FALSE,TRUE,3,3,FALSE
0426844,2,1,1,24241,24241,FALSE,TRUE,3,3,FALSE
0426845,2,1,1,24241,24241,FALSE,TRUE,3,3,FALSE
0426846,12,2,2,24238,24241,FALSE,TRUE,6,6,FALSE
0426847,1,1,1,24238,24238,FALSE,TRUE,3,3,FALSE
0426848,12,2,2,24238,24241,FALSE,TRUE,6,6,FALSE
0426855,2,1,1,24241,24241,FALSE,TRUE,3,3,FALSE
0426856,12,2,2,24238,24241,FALSE,TRUE,6,6,FALSE
0426857,2,1,1,24241,24241,FALSE,TRUE,3,3,FALSE
0426858,12,2,2,24238,24241,FALSE,TRUE,6,6,FALSE
0426859,12,2,2,24238,24241,FALSE,TRUE,6,6,FALSE
0426863,12,2,2,24238,24241,FALSE,TRUE,6,6,FALSE
0426864,12,2,2,24238,24241,FALSE,TRUE,6,6,FALSE
0426866,12,2,2,24238,24241,FALSE,TRUE,6,6,FALSE
0426868,12,2,2,24238,24241,FALSE,TRUE,6,6,FALSE
0426869,12,2,2,24238,24241,FALSE,TRUE,6,6,FALSE
0426871,12,2,2,24238,24241,FALSE,TRUE,6,6,FALSE
0426872,12,2,2,24238,24241,FALSE,TRUE,6,6,FALSE
0426873,12,2,2,24238,24241,FALSE,TRUE,6,6,FALSE
0426874,12,2,2,24238,24241,FALSE,TRUE,6,6,FALSE
0426876,1,1,1,24238,24238,FALSE,TRUE,3,3,FALSE
0426878,12,2,2,24238,24241,FALSE,TRUE,6,6,FALSE
0426879,12,2,2,24238,24241,FALSE,TRUE,6,6,FALSE
0426880,12,2,2,24238,24241,FALSE,TRUE,6,6,FALSE
0426881,3,1,1,24238,24238,FALSE,TRUE,3,3,FALSE
0426883,12,2,2,24238,24241,FALSE,TRUE,6,6,FALSE
0426884,12,2,2,24238,24241,FALSE,TRUE,6,6,FALSE
0426885,12,2,2,24238,24241,FALSE,TRUE,6,6,FALSE
0426887,1,1,1,24238,24238,FALSE,TRUE,3,3,FALSE
0426890,12,2,2,24238,24241,FALSE,TRUE,6,6,FALSE
0426892,12,2,2,24238,24241,FALSE,TRUE,6,6,FALSE
0426893,2,1,1,24241,24241,FALSE,TRUE,3,3,FALSE
0426894,1,1,1,24238,24238,FALSE,TRUE,3,3,FALSE
0426895,23,2,2,24238,24241,FALSE,TRUE,6,6,FALSE
0426896,1,1,1,24238,24238,FALSE,TRUE,3,3,FALSE
0426897,2,1,1,24241,24241,FALSE,TRUE,3,3,FALSE
0426898,1,1,1,24238,24238,FALSE,TRUE,3,3,FALSE
0426900,2,1,1,24241,24241,FALSE,TRUE,3,3,FALSE
0426901,12,2,2,24238,24241,FALSE,TRUE,6,6,FALSE
0426905,2,1,1,24241,24241,FALSE,TRUE,3,3,FALSE
0426906,12,2,2,24238,24241,FALSE,TRUE,6,6,FALSE
0426907,12,2,2,24238,24241,FALSE,TRUE,6,6,FALSE
0426908,2,1,1,24241,24241,FALSE,TRUE,3,3,FALSE
0426912,23,2,2,24238,24241,FALSE,TRUE,6,6,FALSE
0426914,12,2,2,24238,24241,FALSE,TRUE,6,6,FALSE
0426917,12,2,2,24238,24241,FALSE,TRUE,6,6,FALSE
0426919,2,1,1,24241,24241,FALSE,TRUE,3,3,FALSE
0426920,12,2,2,24238,24241,FALSE,TRUE,6,6,FALSE
0426921,12,2,2,24238,24241,FALSE,TRUE,6,6,FALSE
0426925,1,1,1,24238,24238,FALSE,TRUE,3,3,FALSE
0426926,1,1,1,24238,24238,FALSE,TRUE,3,3,FALSE
0426929,12,2,2,24238,24241,FALSE,TRUE,6,6,FALSE
0426930,12,2,2,24238,24241,FALSE,TRUE,6,6,FALSE
0426931,12,2,2,24238,24241,FALSE,TRUE,6,6,FALSE
0426933,12,2,2,24238,24241,FALSE,TRUE,6,6,FALSE
0426935,12,2,2,24238,24241,FALSE,TRUE,6,6,FALSE
0426936,12,2,2,24238,24241,FALSE,TRUE,6,6,FALSE
0426938,12,2,2,24238,24241,FALSE,TRUE,6,6,FALSE
0426940,12,2,2,24238,24241,FALSE,TRUE,6,6,FALSE
0426941,12,2,2,24238,24241,FALSE,TRUE,6,6,FALSE
0426946,34,2,2,24238,24241,FALSE,TRUE,6,6,FALSE
0426947,12,2,2,24238,24241,FALSE,TRUE,6,6,FALSE
0426948,12,2,2,24238,24241,FALSE,TRUE,6,6,FALSE
0426951,2,1,1,24241,24241,FALSE,TRUE,3,3,FALSE
0426952,1,1,1,24238,24238,FALSE,TRUE,3,3,FALSE
0426954,12,2,2,24238,24241,FALSE,TRUE,6,6,FALSE
0426955,1,1,1,24238,24238,FALSE,TRUE,3,3,FALSE
0426958,1,1,1,24238,24238,FALSE,TRUE,3,3,FALSE
0426960,12,2,2,24238,24241,FALSE,TRUE,6,6,FALSE
0426961,12,2,2,24238,24241,FALSE,TRUE,6,6,FALSE
0426962,12,2,2,24238,24241,FALSE,TRUE,6,6,FALSE
0426965,12,2,2,24238,24241,FALSE,TRUE,6,6,FALSE
0426966,4,1,1,24238,24238,FALSE,TRUE,3,3,FALSE
0426969,12,2,2,24238,24241,FALSE,TRUE,6,6,FALSE
0426971,2,1,1,24241,24241,FALSE,TRUE,3,3,FALSE
0426973,1,1,1,24238,24238,FALSE,TRUE,3,3,FALSE
0426974,12,2,2,24238,24241,FALSE,TRUE,6,6,FALSE
0426975,12,2,2,24238,24241,FALSE,TRUE,6,6,FALSE
0426976,12,2,2,24238,24241,FALSE,TRUE,6,6,FALSE
0426978,12,2,2,24238,24241,FALSE,TRUE,6,6,FALSE
0426981,2,1,1,24241,24241,FALSE,TRUE,3,3,FALSE
0426983,12,2,2,24238,24241,FALSE,TRUE,6,6,FALSE
0426985,4,1,1,24238,24238,FALSE,TRUE,3,3,FALSE
0426986,12,2,2,24238,24241,FALSE,TRUE,6,6,FALSE
0426991,12,2,2,24238,24241,FALSE,TRUE,6,6,FALSE
0426992,12,2,2,24238,24241,FALSE,TRUE,6,6,FALSE
0426993,2,1,1,24241,24241,FALSE,TRUE,3,3,FALSE
0426996,1,1,1,24238,24238,FALSE,TRUE,3,3,FALSE
0426998,12,2,2,24238,24241,FALSE,TRUE,6,6,FALSE
0426999,12,2,2,24238,24241,FALSE,TRUE,6,6,FALSE
0427000,12,2,2,24238,24241,FALSE,TRUE,6,6,FALSE
0427001,12,2,2,24238,24241,FALSE,TRUE,6,6,FALSE
0427004,1,1,1,24238,24238,FALSE,TRUE,3,3,FALSE
0427005,1,1,1,24238,24238,FALSE,TRUE,3,3,FALSE
0427008,12,2,2,24238,24241,FALSE,TRUE,6,6,FALSE
0427009,12,2,2,24238,24241,FALSE,TRUE,6,6,FALSE
0427016,2,1,1,24241,24241,FALSE,TRUE,3,3,FALSE
0427023,12,2,2,24238,24241,FALSE,TRUE,6,6,FALSE
0427024,12,2,2,24238,24241,FALSE,TRUE,6,6,FALSE
0427025,12,2,2,24238,24241,FALSE,TRUE,6,6,FALSE
0427029,1,1,1,24238,24238,FALSE,TRUE,3,3,FALSE
0427030,12,2,2,24238,24241,FALSE,TRUE,6,6,FALSE
0427032,12,2,2,24238,24241,FALSE,TRUE,6,6,FALSE
0427033,12,2,2,24238,24241,FALSE,TRUE,6,6,FALSE
0427034,2,1,1,24241,24241,FALSE,TRUE,3,3,FALSE
0427035,12,2,2,24238,24241,FALSE,TRUE,6,6,FALSE
0427037,1,1,1,24238,24238,FALSE,TRUE,3,3,FALSE
0427039,2,1,1,24241,24241,FALSE,TRUE,3,3,FALSE
0427042,12,2,2,24238,24241,FALSE,TRUE,6,6,FALSE
0427046,12,2,2,24238,24241,FALSE,TRUE,6,6,FALSE
0427047,2,1,1,24241,24241,FALSE,TRUE,3,3,FALSE
0427048,12,2,2,24238,24241,FALSE,TRUE,6,6,FALSE
0427049,12,2,2,24238,24241,FALSE,TRUE,6,6,FALSE
0427051,12,2,2,24238,24241,FALSE,TRUE,6,6,FALSE
0427052,2,1,1,24241,24241,FALSE,TRUE,3,3,FALSE
0427053,12,2,2,24238,24241,FALSE,TRUE,6,6,FALSE
0427054,12,2,2,24238,24241,FALSE,TRUE,6,6,FALSE
0427055,12,2,2,24238,24241,FALSE,TRUE,6,6,FALSE
0427056,1,1,1,24238,24238,FALSE,TRUE,3,3,FALSE
0427057,12,2,2,24238,24241,FALSE,TRUE,6,6,FALSE
0427058,2,1,1,24241,24241,FALSE,TRUE,3,3,FALSE
0427059,1,1,1,24238,24238,FALSE,TRUE,3,3,FALSE
0427060,1,1,1,24238,24238,FALSE,TRUE,3,3,FALSE
0427062,12,2,2,24238,24241,FALSE,TRUE,6,6,FALSE
0427063,12,2,2,24238,24241,FALSE,TRUE,6,6,FALSE
0427065,12,2,2,24238,24241,FALSE,TRUE,6,6,FALSE
0427066,12,2,2,24238,24241,FALSE,TRUE,6,6,FALSE
0427068,12,2,2,24238,24241,FALSE,TRUE,6,6,FALSE
0427070,12,2,2,24238,24241,FALSE,TRUE,6,6,FALSE
0427071,12,2,2,24238,24241,FALSE,TRUE,6,6,FALSE
0427072,12,2,2,24238,24241,FALSE,TRUE,6,6,FALSE
0427074,1,1,1,24238,24238,FALSE,TRUE,3,3,FALSE
0427078,34,2,2,24238,24241,FALSE,TRUE,6,6,FALSE
0427079,12,2,2,24238,24241,FALSE,TRUE,6,6,FALSE
0427080,12,2,2,24238,24241,FALSE,TRUE,6,6,FALSE
0427082,12,2,2,24238,24241,FALSE,TRUE,6,6,FALSE
0427084,12,2,2,24238,24241,FALSE,TRUE,6,6,FALSE
0427085,12,2,2,24238,24241,FALSE,TRUE,6,6,FALSE
0427087,12,2,2,24238,24241,FALSE,TRUE,6,6,FALSE
0427089,12,2,2,24238,24241,FALSE,TRUE,6,6,FALSE
0427090,12,2,2,24238,24241,FALSE,TRUE,6,6,FALSE
0427091,1,1,1,24238,24238,FALSE,TRUE,3,3,FALSE
0427093,12,2,2,24238,24241,FALSE,TRUE,6,6,FALSE
0427094,2,1,1,24241,24241,FALSE,TRUE,3,3,FALSE
0427095,12,2,2,24238,24241,FALSE,TRUE,6,6,FALSE
0427096,12,2,2,24238,24241,FALSE,TRUE,6,6,FALSE
0427097,12,2,2,24238,24241,FALSE,TRUE,6,6,FALSE
0427098,12,2,2,24238,24241,FALSE,TRUE,6,6,FALSE
0427100,2,1,1,24241,24241,FALSE,TRUE,3,3,FALSE
0427103,12,2,2,24238,24241,FALSE,TRUE,6,6,FALSE
0427104,12,2,2,24238,24241,FALSE,TRUE,6,6,FALSE
0427105,12,2,2,24238,24241,FALSE,TRUE,6,6,FALSE
0427106,2,1,1,24241,24241,FALSE,TRUE,3,3,FALSE
0427107,2,1,1,24241,24241,FALSE,TRUE,3,3,FALSE
0427110,2,1,1,24241,24241,FALSE,TRUE,3,3,FALSE
0427116,1,1,1,24238,24238,FALSE,TRUE,3,3,FALSE
0427117,12,2,2,24238,24241,FALSE,TRUE,6,6,FALSE
0427118,2,1,1,24241,24241,FALSE,TRUE,3,3,FALSE
0427120,12,2,2,24238,24241,FALSE,TRUE,6,6,FALSE
0427123,12,2,2,24238,24241,FALSE,TRUE,6,6,FALSE
0427124,1,1,1,24238,24238,FALSE,TRUE,3,3,FALSE
0427129,12,2,2,24238,24241,FALSE,TRUE,6,6,FALSE
0427130,12,2,2,24238,24241,FALSE,TRUE,6,6,FALSE
0427131,12,2,2,24238,24241,FALSE,TRUE,6,6,FALSE
0427132,1,1,1,24238,24238,FALSE,TRUE,3,3,FALSE
0427133,12,2,2,24238,24241,FALSE,TRUE,6,6,FALSE
0427139,12,2,2,24238,24241,FALSE,TRUE,6,6,FALSE
0427142,2,1,1,24241,24241,FALSE,TRUE,3,3,FALSE
0427143,12,2,2,24238,24241,FALSE,TRUE,6,6,FALSE
0427146,12,2,2,24238,24241,FALSE,TRUE,6,6,FALSE
0427147,3,1,1,24238,24238,FALSE,TRUE,3,3,FALSE
0427148,12,2,2,24238,24241,FALSE,TRUE,6,6,FALSE
0427150,12,2,2,24238,24241,FALSE,TRUE,6,6,FALSE
0427153,12,2,2,24238,24241,FALSE,TRUE,6,6,FALSE
0427154,12,2,2,24238,24241,FALSE,TRUE,6,6,FALSE
0427156,12,2,2,24238,24241,FALSE,TRUE,6,6,FALSE
0427157,12,2,2,24238,24241,FALSE,TRUE,6,6,FALSE
0427160,2,1,1,24238,24238,FALSE,TRUE,3,3,FALSE
0427161,12,2,2,24238,24241,FALSE,TRUE,6,6,FALSE
0427162,12,2,2,24238,24241,FALSE,TRUE,6,6,FALSE
0427165,1,1,1,24238,24238,FALSE,TRUE,3,3,FALSE
0427166,12,2,2,24238,24241,FALSE,TRUE,6,6,FALSE
0427167,2,1,1,24241,24241,FALSE,TRUE,3,3,FALSE
0427170,12,2,2,24238,24241,FALSE,TRUE,6,6,FALSE
0427172,1,1,1,24238,24238,FALSE,TRUE,3,3,FALSE
0427173,12,2,2,24238,24241,FALSE,TRUE,6,6,FALSE
0427176,1,1,1,24238,24238,FALSE,TRUE,3,3,FALSE
0427180,1,1,1,24238,24238,FALSE,TRUE,3,3,FALSE
0427181,1,1,1,24238,24238,FALSE,TRUE,3,3,FALSE
0427183,12,2,2,24238,24241,FALSE,TRUE,6,6,FALSE
0427185,12,2,2,24238,24241,FALSE,TRUE,6,6,FALSE
0427187,12,2,2,24238,24241,FALSE,TRUE,6,6,FALSE
0427189,1,1,1,24238,24238,FALSE,TRUE,3,3,FALSE
0427190,12,2,2,24238,24241,FALSE,TRUE,6,6,FALSE
0427194,12,2,2,24238,24241,FALSE,TRUE,6,6,FALSE
0427196,12,2,2,24238,24241,FALSE,TRUE,6,6,FALSE
0427197,12,2,2,24238,24241,FALSE,TRUE,6,6,FALSE
0427199,1,1,1,24238,24238,FALSE,TRUE,3,3,FALSE
0427200,12,2,2,24238,24241,FALSE,TRUE,6,6,FALSE
0427201,12,2,2,24238,24241,FALSE,TRUE,6,6,FALSE
0427203,2,1,1,24241,24241,FALSE,TRUE,3,3,FALSE
0427204,1,1,1,24238,24238,FALSE,TRUE,3,3,FALSE
0427205,12,2,2,24238,24241,FALSE,TRUE,6,6,FALSE
0427208,12,2,2,24238,24241,FALSE,TRUE,6,6,FALSE
0427209,12,2,2,24238,24241,FALSE,TRUE,6,6,FALSE
0427211,12,2,2,24238,24241,FALSE,TRUE,6,6,FALSE
0427214,1,1,1,24238,24238,FALSE,TRUE,3,3,FALSE
0427215,2,1,1,24241,24241,FALSE,TRUE,3,3,FALSE
0427217,2,1,1,24241,24241,FALSE,TRUE,3,3,FALSE
0427218,12,2,2,24238,24241,FALSE,TRUE,6,6,FALSE
0427219,12,2,2,24238,24241,FALSE,TRUE,6,6,FALSE
0427220,12,2,2,24238,24241,FALSE,TRUE,6,6,FALSE
0427221,1,1,1,24238,24238,FALSE,TRUE,3,3,FALSE
0427224,12,2,2,24238,24241,FALSE,TRUE,6,6,FALSE
0427230,1,1,1,24238,24238,FALSE,TRUE,3,3,FALSE
0427231,1,1,1,24238,24238,FALSE,TRUE,3,3,FALSE
0427232,12,2,2,24238,24241,FALSE,TRUE,6,6,FALSE
0427237,2,1,1,24241,24241,FALSE,TRUE,3,3,FALSE
0427239,2,1,1,24241,24241,FALSE,TRUE,3,3,FALSE
0427240,12,2,2,24238,24241,FALSE,TRUE,6,6,FALSE
0427241,1,1,1,24238,24238,FALSE,TRUE,3,3,FALSE
0427242,12,2,2,24238,24241,FALSE,TRUE,6,6,FALSE
0427243,2,1,1,24241,24241,FALSE,TRUE,3,3,FALSE
0427244,12,2,2,24238,24241,FALSE,TRUE,6,6,FALSE
0427245,12,2,2,24238,24241,FALSE,TRUE,6,6,FALSE
0427249,1,1,1,24238,24238,FALSE,TRUE,3,3,FALSE
0427252,2,1,1,24241,24241,FALSE,TRUE,3,3,FALSE
0427253,12,2,2,24238,24241,FALSE,TRUE,6,6,FALSE
0427254,12,2,2,24238,24241,FALSE,TRUE,6,6,FALSE
0427256,12,2,2,24238,24241,FALSE,TRUE,6,6,FALSE
0427258,12,2,2,24238,24241,FALSE,TRUE,6,6,FALSE
0427259,12,2,2,24238,24241,FALSE,TRUE,6,6,FALSE
0427265,12,2,2,24238,24241,FALSE,TRUE,6,6,FALSE
0427269,2,1,1,24241,24241,FALSE,TRUE,3,3,FALSE
0427272,12,2,2,24238,24241,FALSE,TRUE,6,6,FALSE
0427273,1,1,1,24238,24238,FALSE,TRUE,3,3,FALSE
0427274,12,2,2,24238,24241,FALSE,TRUE,6,6,FALSE
0427275,2,1,1,24241,24241,FALSE,TRUE,3,3,FALSE
0427278,1,1,1,24238,24238,FALSE,TRUE,3,3,FALSE
0427279,12,2,2,24238,24241,FALSE,TRUE,6,6,FALSE
0427280,2,1,1,24241,24241,FALSE,TRUE,3,3,FALSE
0427284,1,1,1,24238,24238,FALSE,TRUE,3,3,FALSE
0427289,1,1,1,24238,24238,FALSE,TRUE,3,3,FALSE
0427290,12,2,2,24238,24241,FALSE,TRUE,6,6,FALSE
0427291,1,1,1,24238,24238,FALSE,TRUE,3,3,FALSE
0427292,1,1,1,24238,24238,FALSE,TRUE,3,3,FALSE
0427295,12,2,2,24238,24241,FALSE,TRUE,6,6,FALSE
0427298,12,2,2,24238,24241,FALSE,TRUE,6,6,FALSE
0427300,12,2,2,24238,24241,FALSE,TRUE,6,6,FALSE
0427302,12,2,2,24238,24241,FALSE,TRUE,6,6,FALSE
0427303,12,2,2,24238,24241,FALSE,TRUE,6,6,FALSE
0427305,12,2,2,24238,24241,FALSE,TRUE,6,6,FALSE
0427308,12,2,2,24238,24241,FALSE,TRUE,6,6,FALSE
0427309,12,2,2,24238,24241,FALSE,TRUE,6,6,FALSE
0427310,12,2,2,24238,24241,FALSE,TRUE,6,6,FALSE
0427311,2,1,1,24241,24241,FALSE,TRUE,3,3,FALSE
0427312,12,2,2,24238,24241,FALSE,TRUE,6,6,FALSE
0427313,12,2,2,24238,24241,FALSE,TRUE,6,6,FALSE
0427314,12,2,2,24238,24241,FALSE,TRUE,6,6,FALSE
0427315,12,2,2,24238,24241,FALSE,TRUE,6,6,FALSE
0427319,1,1,1,24238,24238,FALSE,TRUE,3,3,FALSE
0427323,12,2,2,24238,24241,FALSE,TRUE,6,6,FALSE
0427324,12,2,2,24238,24241,FALSE,TRUE,6,6,FALSE
0427325,1,1,1,24238,24238,FALSE,TRUE,3,3,FALSE
0427328,12,2,2,24238,24241,FALSE,TRUE,6,6,FALSE
0427329,12,2,2,24238,24241,FALSE,TRUE,6,6,FALSE
0427331,12,2,2,24238,24241,FALSE,TRUE,6,6,FALSE
0427333,12,2,2,24238,24241,FALSE,TRUE,6,6,FALSE
0427334,12,2,2,24238,24241,FALSE,TRUE,6,6,FALSE
0427336,2,1,1,24241,24241,FALSE,TRUE,3,3,FALSE
0427337,1,1,1,24238,24238,FALSE,TRUE,3,3,FALSE
0427338,12,2,2,24238,24241,FALSE,TRUE,6,6,FALSE
0427339,23,2,2,24238,24241,FALSE,TRUE,6,6,FALSE
0427341,12,2,2,24238,24241,FALSE,TRUE,6,6,FALSE
0427346,1,1,1,24238,24238,FALSE,TRUE,3,3,FALSE
0427351,12,2,2,24238,24241,FALSE,TRUE,6,6,FALSE
0427353,12,2,2,24238,24241,FALSE,TRUE,6,6,FALSE
0427355,1,1,1,24238,24238,FALSE,TRUE,3,3,FALSE
0427357,12,2,2,24238,24241,FALSE,TRUE,6,6,FALSE
0427359,2,1,1,24241,24241,FALSE,TRUE,3,3,FALSE
0427360,1,1,1,24238,24238,FALSE,TRUE,3,3,FALSE
0427361,1,1,1,24238,24238,FALSE,TRUE,3,3,FALSE
0427362,2,1,1,24241,24241,FALSE,TRUE,3,3,FALSE
0427363,2,1,1,24241,24241,FALSE,TRUE,3,3,FALSE
0427365,12,2,2,24238,24241,FALSE,TRUE,6,6,FALSE
0427366,12,2,2,24238,24241,FALSE,TRUE,6,6,FALSE
0427367,12,2,2,24238,24241,FALSE,TRUE,6,6,FALSE
0427368,12,2,2,24238,24241,FALSE,TRUE,6,6,FALSE
0427369,1,1,1,24238,24238,FALSE,TRUE,3,3,FALSE
0427370,34,2,2,24238,24241,FALSE,TRUE,6,6,FALSE
0427372,1,1,1,24238,24238,FALSE,TRUE,3,3,FALSE
0427373,4,1,1,24238,24238,FALSE,TRUE,3,3,FALSE
0427375,12,2,2,24238,24241,FALSE,TRUE,6,6,FALSE
0427376,1,1,1,24238,24238,FALSE,TRUE,3,3,FALSE
0427377,4,1,1,24238,24238,FALSE,TRUE,3,3,FALSE
0427378,1,1,1,24238,24238,FALSE,TRUE,3,3,FALSE
0427379,12,2,2,24238,24241,FALSE,TRUE,6,6,FALSE
0427380,12,2,2,24238,24241,FALSE,TRUE,6,6,FALSE
0427385,1,1,1,24238,24238,FALSE,TRUE,3,3,FALSE
0427387,12,2,2,24238,24241,FALSE,TRUE,6,6,FALSE
0427388,12,2,2,24238,24241,FALSE,TRUE,6,6,FALSE
0427390,12,2,2,24238,24241,FALSE,TRUE,6,6,FALSE
0427391,2,1,1,24241,24241,FALSE,TRUE,3,3,FALSE
0427394,12,2,2,24238,24241,FALSE,TRUE,6,6,FALSE
0427395,12,2,2,24238,24241,FALSE,TRUE,6,6,FALSE
0427397,1,1,1,24238,24238,FALSE,TRUE,3,3,FALSE
0427398,1,1,1,24238,24238,FALSE,TRUE,3,3,FALSE
0427399,12,2,2,24238,24241,FALSE,TRUE,6,6,FALSE
0427401,2,1,1,24241,24241,FALSE,TRUE,3,3,FALSE
0427402,12,2,2,24238,24241,FALSE,TRUE,6,6,FALSE
0427403,34,2,2,24238,24241,FALSE,TRUE,6,6,FALSE
0427404,2,1,1,24241,24241,FALSE,TRUE,3,3,FALSE
0427405,12,2,2,24238,24241,FALSE,TRUE,6,6,FALSE
0427406,1,1,1,24238,24238,FALSE,TRUE,3,3,FALSE
0427409,2,1,1,24241,24241,FALSE,TRUE,3,3,FALSE
0427412,12,2,2,24238,24241,FALSE,TRUE,6,6,FALSE
0427415,12,2,2,24238,24241,FALSE,TRUE,6,6,FALSE
0427420,12,2,2,24238,24241,FALSE,TRUE,6,6,FALSE
0427424,12,2,2,24238,24241,FALSE,TRUE,6,6,FALSE
0427425,34,2,2,24238,24241,FALSE,TRUE,6,6,FALSE
0427426,1,1,1,24238,24238,FALSE,TRUE,3,3,FALSE
0427429,2,1,1,24241,24241,FALSE,TRUE,3,3,FALSE
0427430,2,1,1,24241,24241,FALSE,TRUE,3,3,FALSE
0427432,12,2,2,24238,24241,FALSE,TRUE,6,6,FALSE
0427435,12,2,2,24238,24241,FALSE,TRUE,6,6,FALSE
0427436,2,1,1,24241,24241,FALSE,TRUE,3,3,FALSE
0427438,2,1,1,24241,24241,FALSE,TRUE,3,3,FALSE
0427439,12,2,2,24238,24241,FALSE,TRUE,6,6,FALSE
0427440,2,1,1,24241,24241,FALSE,TRUE,3,3,FALSE
0427442,1,1,1,24238,24238,FALSE,TRUE,3,3,FALSE
0427449,1,1,1,24238,24238,FALSE,TRUE,3,3,FALSE
0427451,12,2,2,24238,24241,FALSE,TRUE,6,6,FALSE
0427453,12,2,2,24238,24241,FALSE,TRUE,6,6,FALSE
0427455,1,1,1,24238,24238,FALSE,TRUE,3,3,FALSE
0427456,12,2,2,24238,24241,FALSE,TRUE,6,6,FALSE
0427458,2,1,1,24241,24241,FALSE,TRUE,3,3,FALSE
0427459,12,2,2,24238,24241,FALSE,TRUE,6,6,FALSE
0427460,12,2,2,24238,24241,FALSE,TRUE,6,6,FALSE
0427462,1,1,1,24238,24238,FALSE,TRUE,3,3,FALSE
0427463,12,2,2,24238,24241,FALSE,TRUE,6,6,FALSE
0427464,1,1,1,24238,24238,FALSE,TRUE,3,3,FALSE
0427467,2,1,1,24241,24241,FALSE,TRUE,3,3,FALSE
0427469,2,1,1,24241,24241,FALSE,TRUE,3,3,FALSE
0427470,12,2,2,24238,24241,FALSE,TRUE,6,6,FALSE
0427471,12,2,2,24238,24241,FALSE,TRUE,6,6,FALSE
0427472,12,2,2,24238,24241,FALSE,TRUE,6,6,FALSE
0427476,1,1,1,24238,24238,FALSE,TRUE,3,3,FALSE
0427477,12,2,2,24238,24241,FALSE,TRUE,6,6,FALSE
0427479,1,1,1,24238,24238,FALSE,TRUE,3,3,FALSE
0427480,12,2,2,24238,24241,FALSE,TRUE,6,6,FALSE
0427481,12,2,2,24238,24241,FALSE,TRUE,6,6,FALSE
0427482,12,2,2,24238,24241,FALSE,TRUE,6,6,FALSE
0427485,1,1,1,24238,24238,FALSE,TRUE,3,3,FALSE
0427487,12,2,2,24238,24241,FALSE,TRUE,6,6,FALSE
0427489,12,2,2,24238,24241,FALSE,TRUE,6,6,FALSE
0427490,1,1,1,24238,24238,FALSE,TRUE,3,3,FALSE
0427493,12,2,2,24238,24241,FALSE,TRUE,6,6,FALSE
0427494,2,1,1,24241,24241,FALSE,TRUE,3,3,FALSE
0427495,12,2,2,24238,24241,FALSE,TRUE,6,6,FALSE
0427496,12,2,2,24238,24241,FALSE,TRUE,6,6,FALSE
0427497,1,1,1,24238,24238,FALSE,TRUE,3,3,FALSE
0427498,1,1,1,24238,24238,FALSE,TRUE,3,3,FALSE
0427500,12,2,2,24238,24241,FALSE,TRUE,6,6,FALSE
0427502,1,1,1,24238,24238,FALSE,TRUE,3,3,FALSE
0427503,1,1,1,24238,24238,FALSE,TRUE,3,3,FALSE
0427504,1,1,1,24238,24238,FALSE,TRUE,3,3,FALSE
0427505,12,2,2,24238,24241,FALSE,TRUE,6,6,FALSE
0427507,12,2,2,24238,24241,FALSE,TRUE,6,6,FALSE
0427509,12,2,2,24238,24241,FALSE,TRUE,6,6,FALSE
0427510,12,2,2,24238,24241,FALSE,TRUE,6,6,FALSE
0427512,1,1,1,24238,24238,FALSE,TRUE,3,3,FALSE
0427513,12,2,2,24238,24241,FALSE,TRUE,6,6,FALSE
0427516,12,2,2,24238,24241,FALSE,TRUE,6,6,FALSE
0427517,2,1,1,24241,24241,FALSE,TRUE,3,3,FALSE
0427518,2,1,1,24241,24241,FALSE,TRUE,3,3,FALSE
0427519,12,2,2,24238,24241,FALSE,TRUE,6,6,FALSE
0427521,12,2,2,24238,24241,FALSE,TRUE,6,6,FALSE
0427522,4,1,1,24238,24238,FALSE,TRUE,3,3,FALSE
0427523,12,2,2,24238,24241,FALSE,TRUE,6,6,FALSE
0427524,12,2,2,24238,24241,FALSE,TRUE,6,6,FALSE
0427525,12,2,2,24238,24241,FALSE,TRUE,6,6,FALSE
0427527,12,2,2,24238,24241,FALSE,TRUE,6,6,FALSE
0427529,12,2,2,24238,24241,FALSE,TRUE,6,6,FALSE
0427532,12,2,2,24238,24241,FALSE,TRUE,6,6,FALSE
0427534,12,2,2,24238,24241,FALSE,TRUE,6,6,FALSE
0427535,2,1,1,24241,24241,FALSE,TRUE,3,3,FALSE
0427538,12,2,2,24238,24241,FALSE,TRUE,6,6,FALSE
0427539,2,1,1,24241,24241,FALSE,TRUE,3,3,FALSE
0427543,12,2,2,24238,24241,FALSE,TRUE,6,6,FALSE
0427544,12,2,2,24238,24241,FALSE,TRUE,6,6,FALSE
0427546,1,1,1,24238,24238,FALSE,TRUE,3,3,FALSE
0427547,12,2,2,24238,24241,FALSE,TRUE,6,6,FALSE
0427548,34,2,2,24238,24241,FALSE,TRUE,6,6,FALSE
0427549,1,1,1,24238,24238,FALSE,TRUE,3,3,FALSE
0427553,12,2,2,24238,24241,FALSE,TRUE,6,6,FALSE
0427554,1,1,1,24238,24238,FALSE,TRUE,3,3,FALSE
0427555,1,1,1,24238,24238,FALSE,TRUE,3,3,FALSE
0427557,12,2,2,24238,24241,FALSE,TRUE,6,6,FALSE
0427558,1,1,1,24238,24238,FALSE,TRUE,3,3,FALSE
0427559,12,2,2,24238,24241,FALSE,TRUE,6,6,FALSE
0427560,1,1,1,24238,24238,FALSE,TRUE,3,3,FALSE
0427561,12,2,2,24238,24241,FALSE,TRUE,6,6,FALSE
0427563,12,2,2,24238,24241,FALSE,TRUE,6,6,FALSE
0427564,12,2,2,24238,24241,FALSE,TRUE,6,6,FALSE
0427565,4,1,1,24238,24238,FALSE,TRUE,3,3,FALSE
0427566,12,2,2,24238,24241,FALSE,TRUE,6,6,FALSE
0427568,12,2,2,24238,24241,FALSE,TRUE,6,6,FALSE
0427570,2,1,1,24241,24241,FALSE,TRUE,3,3,FALSE
0427572,12,2,2,24238,24241,FALSE,TRUE,6,6,FALSE
0427575,2,1,1,24241,24241,FALSE,TRUE,3,3,FALSE
0427577,12,2,2,24238,24241,FALSE,TRUE,6,6,FALSE
0427579,12,2,2,24238,24241,FALSE,TRUE,6,6,FALSE
0427580,12,2,2,24238,24241,FALSE,TRUE,6,6,FALSE
0427581,12,2,2,24238,24241,FALSE,TRUE,6,6,FALSE
0427583,12,2,2,24238,24241,FALSE,TRUE,6,6,FALSE
0427584,1,1,1,24238,24238,FALSE,TRUE,3,3,FALSE
0427585,12,2,2,24238,24241,FALSE,TRUE,6,6,FALSE
0427588,2,1,1,24241,24241,FALSE,TRUE,3,3,FALSE
0427590,12,2,2,24238,24241,FALSE,TRUE,6,6,FALSE
0427591,12,2,2,24238,24241,FALSE,TRUE,6,6,FALSE
0427594,12,2,2,24238,24241,FALSE,TRUE,6,6,FALSE
0427595,23,2,2,24238,24241,FALSE,TRUE,6,6,FALSE
0427598,2,1,1,24241,24241,FALSE,TRUE,3,3,FALSE
0427600,12,2,2,24238,24241,FALSE,TRUE,6,6,FALSE
0427601,12,2,2,24238,24241,FALSE,TRUE,6,6,FALSE
0427604,12,2,2,24238,24241,FALSE,TRUE,6,6,FALSE
0427605,1,1,1,24238,24238,FALSE,TRUE,3,3,FALSE
0427606,1,1,1,24238,24238,FALSE,TRUE,3,3,FALSE
0427607,2,1,1,24241,24241,FALSE,TRUE,3,3,FALSE
0427608,4,1,1,24238,24238,FALSE,TRUE,3,3,FALSE
0427609,12,2,2,24238,24241,FALSE,TRUE,6,6,FALSE
0427610,1,1,1,24238,24238,FALSE,TRUE,3,3,FALSE
0427611,12,2,2,24238,24241,FALSE,TRUE,6,6,FALSE
0427612,12,2,2,24238,24241,FALSE,TRUE,6,6,FALSE
0427613,12,2,2,24238,24241,FALSE,TRUE,6,6,FALSE
0427615,12,2,2,24238,24241,FALSE,TRUE,6,6,FALSE
0427616,12,2,2,24238,24241,FALSE,TRUE,6,6,FALSE
0427618,12,2,2,24238,24241,FALSE,TRUE,6,6,FALSE
0427619,12,2,2,24238,24241,FALSE,TRUE,6,6,FALSE
0427620,12,2,2,24238,24241,FALSE,TRUE,6,6,FALSE
0427621,12,2,2,24238,24241,FALSE,TRUE,6,6,FALSE
0427622,12,2,2,24238,24241,FALSE,TRUE,6,6,FALSE
0427624,3,1,1,24238,24238,FALSE,TRUE,3,3,FALSE
0427627,12,2,2,24238,24241,FALSE,TRUE,6,6,FALSE
0427631,12,2,2,24238,24241,FALSE,TRUE,6,6,FALSE
0427636,2,1,1,24241,24241,FALSE,TRUE,3,3,FALSE
0427637,12,2,2,24238,24241,FALSE,TRUE,6,6,FALSE
0427640,1,1,1,24238,24238,FALSE,TRUE,3,3,FALSE
0427641,12,2,2,24238,24241,FALSE,TRUE,6,6,FALSE
0427642,12,2,2,24238,24241,FALSE,TRUE,6,6,FALSE
0427643,12,2,2,24238,24241,FALSE,TRUE,6,6,FALSE
0427648,1,1,1,24238,24238,FALSE,TRUE,3,3,FALSE
0427650,2,1,1,24241,24241,FALSE,TRUE,3,3,FALSE
0427653,2,1,1,24241,24241,FALSE,TRUE,3,3,FALSE
0427659,12,2,2,24238,24241,FALSE,TRUE,6,6,FALSE
0427662,12,2,2,24238,24241,FALSE,TRUE,6,6,FALSE
0427663,12,2,2,24238,24241,FALSE,TRUE,6,6,FALSE
0427666,12,2,2,24238,24241,FALSE,TRUE,6,6,FALSE
0427668,2,1,1,24241,24241,FALSE,TRUE,3,3,FALSE
0427669,1,1,1,24238,24238,FALSE,TRUE,3,3,FALSE
0427670,23,2,2,24238,24241,FALSE,TRUE,6,6,FALSE
0427672,12,2,2,24238,24241,FALSE,TRUE,6,6,FALSE
0427673,12,2,2,24238,24241,FALSE,TRUE,6,6,FALSE
0427675,12,2,2,24238,24241,FALSE,TRUE,6,6,FALSE
0427677,12,2,2,24238,24241,FALSE,TRUE,6,6,FALSE
0427679,1,1,1,24238,24238,FALSE,TRUE,3,3,FALSE
0427681,12,2,2,24238,24241,FALSE,TRUE,6,6,FALSE
0427683,12,2,2,24238,24241,FALSE,TRUE,6,6,FALSE
0427685,2,1,1,24241,24241,FALSE,TRUE,3,3,FALSE
0427689,12,2,2,24238,24241,FALSE,TRUE,6,6,FALSE
0427690,1,1,1,24238,24238,FALSE,TRUE,3,3,FALSE
0427691,2,1,1,24241,24241,FALSE,TRUE,3,3,FALSE
0427692,1,1,1,24238,24238,FALSE,TRUE,3,3,FALSE
0427693,12,2,2,24238,24241,FALSE,TRUE,6,6,FALSE
0427695,2,1,1,24241,24241,FALSE,TRUE,3,3,FALSE
0427697,4,1,1,24238,24238,FALSE,TRUE,3,3,FALSE
0427698,1,1,1,24238,24238,FALSE,TRUE,3,3,FALSE
0427699,12,2,2,24238,24241,FALSE,TRUE,6,6,FALSE
0427700,12,2,2,24238,24241,FALSE,TRUE,6,6,FALSE
0427701,2,1,1,24241,24241,FALSE,TRUE,3,3,FALSE
0427702,23,2,2,24238,24241,FALSE,TRUE,6,6,FALSE
0427703,1,1,1,24238,24238,FALSE,TRUE,3,3,FALSE
0427704,12,2,2,24238,24241,FALSE,TRUE,6,6,FALSE
0427705,1,1,1,24238,24238,FALSE,TRUE,3,3,FALSE
0427706,1,1,1,24238,24238,FALSE,TRUE,3,3,FALSE
0427707,12,2,2,24238,24241,FALSE,TRUE,6,6,FALSE
0427708,12,2,2,24238,24241,FALSE,TRUE,6,6,FALSE
0427709,12,2,2,24238,24241,FALSE,TRUE,6,6,FALSE
0427710,12,2,2,24238,24241,FALSE,TRUE,6,6,FALSE
0427712,12,2,2,24238,24241,FALSE,TRUE,6,6,FALSE
0427713,12,2,2,24238,24241,FALSE,TRUE,6,6,FALSE
0427714,12,2,2,24238,24241,FALSE,TRUE,6,6,FALSE
0427715,12,2,2,24238,24241,FALSE,TRUE,6,6,FALSE
0427716,12,2,2,24238,24241,FALSE,TRUE,6,6,FALSE
0427718,12,2,2,24238,24241,FALSE,TRUE,6,6,FALSE
0427719,12,2,2,24238,24241,FALSE,TRUE,6,6,FALSE
0427720,12,2,2,24238,24241,FALSE,TRUE,6,6,FALSE
0427721,12,2,2,24238,24241,FALSE,TRUE,6,6,FALSE
0427722,12,2,2,24238,24241,FALSE,TRUE,6,6,FALSE
0427726,12,2,2,24238,24241,FALSE,TRUE,6,6,FALSE
0427728,12,2,2,24238,24241,FALSE,TRUE,6,6,FALSE
0427729,2,1,1,24241,24241,FALSE,TRUE,3,3,FALSE
0427730,12,2,2,24238,24241,FALSE,TRUE,6,6,FALSE
0427733,2,1,1,24241,24241,FALSE,TRUE,3,3,FALSE
0427734,1,1,1,24238,24238,FALSE,TRUE,3,3,FALSE
0427735,12,2,2,24238,24241,FALSE,TRUE,6,6,FALSE
0427739,12,2,2,24238,24241,FALSE,TRUE,6,6,FALSE
0427740,12,2,2,24238,24241,FALSE,TRUE,6,6,FALSE
0427742,1,1,1,24238,24238,FALSE,TRUE,3,3,FALSE
0427746,12,2,2,24238,24241,FALSE,TRUE,6,6,FALSE
0427749,2,1,1,24241,24241,FALSE,TRUE,3,3,FALSE
0427750,1,1,1,24238,24238,FALSE,TRUE,3,3,FALSE
0427751,2,1,1,24241,24241,FALSE,TRUE,3,3,FALSE
0427752,1,1,1,24238,24238,FALSE,TRUE,3,3,FALSE
0427753,12,2,2,24238,24241,FALSE,TRUE,6,6,FALSE
0427754,12,2,2,24238,24241,FALSE,TRUE,6,6,FALSE
0427757,1,1,1,24238,24238,FALSE,TRUE,3,3,FALSE
0427758,12,2,2,24238,24241,FALSE,TRUE,6,6,FALSE
0427759,1,1,1,24238,24238,FALSE,TRUE,3,3,FALSE
0427760,2,1,1,24241,24241,FALSE,TRUE,3,3,FALSE
0427762,12,2,2,24238,24241,FALSE,TRUE,6,6,FALSE
0427763,12,2,2,24238,24241,FALSE,TRUE,6,6,FALSE
0427764,12,2,2,24238,24241,FALSE,TRUE,6,6,FALSE
0427765,2,1,1,24241,24241,FALSE,TRUE,3,3,FALSE
0427766,12,2,2,24238,24241,FALSE,TRUE,6,6,FALSE
0427768,2,1,1,24241,24241,FALSE,TRUE,3,3,FALSE
0427770,2,1,1,24241,24241,FALSE,TRUE,3,3,FALSE
0427772,12,2,2,24238,24241,FALSE,TRUE,6,6,FALSE
0427773,12,2,2,24238,24241,FALSE,TRUE,6,6,FALSE
0427776,12,2,2,24239,24242,FALSE,TRUE,6,6,FALSE
0427778,2,1,1,24242,24242,FALSE,TRUE,3,3,FALSE
0427780,12,2,2,24239,24242,FALSE,TRUE,6,6,FALSE
0427783,4,1,1,24239,24239,FALSE,TRUE,3,3,FALSE
0427784,12,2,2,24239,24242,FALSE,TRUE,6,6,FALSE
0427785,2,1,1,24242,24242,FALSE,TRUE,3,3,FALSE
0427788,2,1,1,24242,24242,FALSE,TRUE,3,3,FALSE
0427789,1,1,1,24239,24239,FALSE,TRUE,3,3,FALSE
0427790,12,2,2,24239,24242,FALSE,TRUE,6,6,FALSE
0427793,12,2,2,24239,24242,FALSE,TRUE,6,6,FALSE
0427794,12,2,2,24239,24242,FALSE,TRUE,6,6,FALSE
0427795,1,1,1,24239,24239,FALSE,TRUE,3,3,FALSE
0427796,2,1,1,24242,24242,FALSE,TRUE,3,3,FALSE
0427797,12,2,2,24239,24242,FALSE,TRUE,6,6,FALSE
0427798,2,1,1,24242,24242,FALSE,TRUE,3,3,FALSE
0427799,1,1,1,24239,24239,FALSE,TRUE,3,3,FALSE
0427800,12,2,2,24239,24242,FALSE,TRUE,6,6,FALSE
0427801,2,1,1,24242,24242,FALSE,TRUE,3,3,FALSE
0427803,12,2,2,24239,24242,FALSE,TRUE,6,6,FALSE
0427804,1,1,1,24239,24239,FALSE,TRUE,3,3,FALSE
0427806,12,2,2,24239,24242,FALSE,TRUE,6,6,FALSE
0427807,12,2,2,24239,24242,FALSE,TRUE,6,6,FALSE
0427812,12,2,2,24239,24242,FALSE,TRUE,6,6,FALSE
0427814,12,2,2,24239,24242,FALSE,TRUE,6,6,FALSE
0427815,12,2,2,24239,24242,FALSE,TRUE,6,6,FALSE
0427817,1,1,1,24239,24239,FALSE,TRUE,3,3,FALSE
0427819,1,1,1,24239,24239,FALSE,TRUE,3,3,FALSE
0427820,12,2,2,24239,24242,FALSE,TRUE,6,6,FALSE
0427823,2,1,1,24242,24242,FALSE,TRUE,3,3,FALSE
0427824,23,2,2,24239,24242,FALSE,TRUE,6,6,FALSE
0427826,1,1,1,24239,24239,FALSE,TRUE,3,3,FALSE
0427827,2,1,1,24242,24242,FALSE,TRUE,3,3,FALSE
0427829,3,1,1,24239,24239,FALSE,TRUE,3,3,FALSE
0427830,1,1,1,24239,24239,FALSE,TRUE,3,3,FALSE
0427831,12,2,2,24239,24242,FALSE,TRUE,6,6,FALSE
0427836,2,1,1,24242,24242,FALSE,TRUE,3,3,FALSE
0427839,12,2,2,24239,24242,FALSE,TRUE,6,6,FALSE
0427841,1,1,1,24239,24239,FALSE,TRUE,3,3,FALSE
0427842,12,2,2,24239,24242,FALSE,TRUE,6,6,FALSE
0427843,1,1,1,24239,24239,FALSE,TRUE,3,3,FALSE
0427844,12,2,2,24239,24242,FALSE,TRUE,6,6,FALSE
0427848,1,1,1,24239,24239,FALSE,TRUE,3,3,FALSE
0427849,12,2,2,24239,24242,FALSE,TRUE,6,6,FALSE
0427851,2,1,1,24242,24242,FALSE,TRUE,3,3,FALSE
0427852,2,1,1,24242,24242,FALSE,TRUE,3,3,FALSE
0427857,1,1,1,24239,24239,FALSE,TRUE,3,3,FALSE
0427859,12,2,2,24239,24242,FALSE,TRUE,6,6,FALSE
0427860,12,2,2,24239,24242,FALSE,TRUE,6,6,FALSE
0427863,2,1,1,24242,24242,FALSE,TRUE,3,3,FALSE
0427865,12,2,2,24239,24242,FALSE,TRUE,6,6,FALSE
0427867,12,2,2,24239,24242,FALSE,TRUE,6,6,FALSE
0427868,12,2,2,24239,24242,FALSE,TRUE,6,6,FALSE
0427869,1,1,1,24239,24239,FALSE,TRUE,3,3,FALSE
0427870,2,1,1,24242,24242,FALSE,TRUE,3,3,FALSE
0427872,12,2,2,24239,24242,FALSE,TRUE,6,6,FALSE
0427873,12,2,2,24239,24242,FALSE,TRUE,6,6,FALSE
0427875,12,2,2,24239,24242,FALSE,TRUE,6,6,FALSE
0427877,2,1,1,24242,24242,FALSE,TRUE,3,3,FALSE
0427878,12,2,2,24239,24242,FALSE,TRUE,6,6,FALSE
0427879,12,2,2,24239,24242,FALSE,TRUE,6,6,FALSE
0427883,12,2,2,24239,24242,FALSE,TRUE,6,6,FALSE
0427884,2,1,1,24242,24242,FALSE,TRUE,3,3,FALSE
0427891,12,2,2,24239,24242,FALSE,TRUE,6,6,FALSE
0427892,12,2,2,24239,24242,FALSE,TRUE,6,6,FALSE
0427893,12,2,2,24239,24242,FALSE,TRUE,6,6,FALSE
0427894,12,2,2,24239,24242,FALSE,TRUE,6,6,FALSE
0427896,1,1,1,24239,24239,FALSE,TRUE,3,3,FALSE
0427897,1,1,1,24239,24239,FALSE,TRUE,3,3,FALSE
0427898,1,1,1,24239,24239,FALSE,TRUE,3,3,FALSE
0427900,12,2,2,24239,24242,FALSE,TRUE,6,6,FALSE
0427902,12,2,2,24239,24242,FALSE,TRUE,6,6,FALSE
0427903,12,2,2,24239,24242,FALSE,TRUE,6,6,FALSE
0427906,12,2,2,24239,24242,FALSE,TRUE,6,6,FALSE
0427907,12,2,2,24239,24242,FALSE,TRUE,6,6,FALSE
0427909,12,2,2,24239,24242,FALSE,TRUE,6,6,FALSE
0427910,1,1,1,24239,24239,FALSE,TRUE,3,3,FALSE
0427915,1,1,1,24239,24239,FALSE,TRUE,3,3,FALSE
0427916,12,2,2,24239,24242,FALSE,TRUE,6,6,FALSE
0427919,1,1,1,24239,24239,FALSE,TRUE,3,3,FALSE
0427920,12,2,2,24239,24242,FALSE,TRUE,6,6,FALSE
0427922,12,2,2,24239,24242,FALSE,TRUE,6,6,FALSE
0427925,12,2,2,24239,24242,FALSE,TRUE,6,6,FALSE
0427926,12,2,2,24239,24242,FALSE,TRUE,6,6,FALSE
0427927,12,2,2,24239,24242,FALSE,TRUE,6,6,FALSE
0427933,2,1,1,24242,24242,FALSE,TRUE,3,3,FALSE
0427934,1,1,1,24239,24239,FALSE,TRUE,3,3,FALSE
0427937,1,1,1,24239,24239,FALSE,TRUE,3,3,FALSE
0427939,2,1,1,24242,24242,FALSE,TRUE,3,3,FALSE
0427940,12,2,2,24239,24242,FALSE,TRUE,6,6,FALSE
0427942,12,2,2,24239,24242,FALSE,TRUE,6,6,FALSE
0427944,2,1,1,24242,24242,FALSE,TRUE,3,3,FALSE
0427945,2,1,1,24242,24242,FALSE,TRUE,3,3,FALSE
0427949,12,2,2,24239,24242,FALSE,TRUE,6,6,FALSE
0427950,12,2,2,24239,24242,FALSE,TRUE,6,6,FALSE
0427951,12,2,2,24239,24242,FALSE,TRUE,6,6,FALSE
0427956,2,1,1,24242,24242,FALSE,TRUE,3,3,FALSE
0427957,2,1,1,24242,24242,FALSE,TRUE,3,3,FALSE
0427958,12,2,2,24239,24242,FALSE,TRUE,6,6,FALSE
0427962,12,2,2,24239,24242,FALSE,TRUE,6,6,FALSE
0427963,12,2,2,24239,24242,FALSE,TRUE,6,6,FALSE
0427964,12,2,2,24239,24242,FALSE,TRUE,6,6,FALSE
0427966,12,2,2,24239,24242,FALSE,TRUE,6,6,FALSE
0427968,12,2,2,24239,24242,FALSE,TRUE,6,6,FALSE
0427969,12,2,2,24239,24242,FALSE,TRUE,6,6,FALSE
0427972,2,1,1,24242,24242,FALSE,TRUE,3,3,FALSE
0427973,12,2,2,24239,24242,FALSE,TRUE,6,6,FALSE
0427974,1,1,1,24239,24239,FALSE,TRUE,3,3,FALSE
0427975,1,1,1,24239,24239,FALSE,TRUE,3,3,FALSE
0427978,2,1,1,24242,24242,FALSE,TRUE,3,3,FALSE
0427979,12,2,2,24239,24242,FALSE,TRUE,6,6,FALSE
0427982,2,1,1,24242,24242,FALSE,TRUE,3,3,FALSE
0427983,12,2,2,24239,24242,FALSE,TRUE,6,6,FALSE
0427984,12,2,2,24239,24242,FALSE,TRUE,6,6,FALSE
0427987,1,1,1,24239,24239,FALSE,TRUE,3,3,FALSE
0427988,12,2,2,24239,24242,FALSE,TRUE,6,6,FALSE
0427995,12,2,2,24239,24242,FALSE,TRUE,6,6,FALSE
0427996,1,1,1,24239,24239,FALSE,TRUE,3,3,FALSE
0427998,12,2,2,24239,24242,FALSE,TRUE,6,6,FALSE
0427999,2,1,1,24242,24242,FALSE,TRUE,3,3,FALSE
0428002,1,1,1,24239,24239,FALSE,TRUE,3,3,FALSE
0428003,2,1,1,24242,24242,FALSE,TRUE,3,3,FALSE
0428006,12,2,2,24239,24242,FALSE,TRUE,6,6,FALSE
0428009,12,2,2,24239,24242,FALSE,TRUE,6,6,FALSE
0428010,12,2,2,24239,24242,FALSE,TRUE,6,6,FALSE
0428012,12,2,2,24239,24242,FALSE,TRUE,6,6,FALSE
0428015,12,2,2,24239,24242,FALSE,TRUE,6,6,FALSE
0428016,34,2,2,24239,24242,FALSE,TRUE,6,6,FALSE
0428021,12,2,2,24239,24242,FALSE,TRUE,6,6,FALSE
0428022,2,1,1,24242,24242,FALSE,TRUE,3,3,FALSE
0428025,2,1,1,24242,24242,FALSE,TRUE,3,3,FALSE
0428026,4,1,1,24239,24239,FALSE,TRUE,3,3,FALSE
0428027,2,1,1,24242,24242,FALSE,TRUE,3,3,FALSE
0428029,2,1,1,24242,24242,FALSE,TRUE,3,3,FALSE
0428031,1,1,1,24239,24239,FALSE,TRUE,3,3,FALSE
0428034,1,1,1,24239,24239,FALSE,TRUE,3,3,FALSE
0428035,12,2,2,24239,24242,FALSE,TRUE,6,6,FALSE
0428037,12,2,2,24239,24242,FALSE,TRUE,6,6,FALSE
0428038,2,1,1,24242,24242,FALSE,TRUE,3,3,FALSE
0428039,12,2,2,24239,24242,FALSE,TRUE,6,6,FALSE
0428040,1,1,1,24239,24239,FALSE,TRUE,3,3,FALSE
0428041,12,2,2,24239,24242,FALSE,TRUE,6,6,FALSE
0428042,2,1,1,24242,24242,FALSE,TRUE,3,3,FALSE
0428044,12,2,2,24239,24242,FALSE,TRUE,6,6,FALSE
0428045,12,2,2,24239,24242,FALSE,TRUE,6,6,FALSE
0428047,2,1,1,24242,24242,FALSE,TRUE,3,3,FALSE
0428049,12,2,2,24239,24242,FALSE,TRUE,6,6,FALSE
0428056,12,2,2,24239,24242,FALSE,TRUE,6,6,FALSE
0428057,12,2,2,24239,24242,FALSE,TRUE,6,6,FALSE
0428059,34,2,2,24239,24242,FALSE,TRUE,6,6,FALSE
0428062,12,2,2,24239,24242,FALSE,TRUE,6,6,FALSE
0428064,2,1,1,24242,24242,FALSE,TRUE,3,3,FALSE
0428066,12,2,2,24239,24242,FALSE,TRUE,6,6,FALSE
0428067,1,1,1,24239,24239,FALSE,TRUE,3,3,FALSE
0428068,12,2,2,24239,24242,FALSE,TRUE,6,6,FALSE
0428070,12,2,2,24239,24242,FALSE,TRUE,6,6,FALSE
0428071,12,2,2,24239,24242,FALSE,TRUE,6,6,FALSE
0428072,12,2,2,24239,24242,FALSE,TRUE,6,6,FALSE
0428075,2,1,1,24242,24242,FALSE,TRUE,3,3,FALSE
0428076,1,1,1,24239,24239,FALSE,TRUE,3,3,FALSE
0428079,12,2,2,24239,24242,FALSE,TRUE,6,6,FALSE
0428080,12,2,2,24239,24242,FALSE,TRUE,6,6,FALSE
0428081,2,1,1,24242,24242,FALSE,TRUE,3,3,FALSE
0428082,12,2,2,24239,24242,FALSE,TRUE,6,6,FALSE
0428085,1,1,1,24239,24239,FALSE,TRUE,3,3,FALSE
0428088,12,2,2,24239,24242,FALSE,TRUE,6,6,FALSE
0428089,12,2,2,24239,24242,FALSE,TRUE,6,6,FALSE
0428090,12,2,2,24239,24242,FALSE,TRUE,6,6,FALSE
0428094,1,1,1,24239,24239,FALSE,TRUE,3,3,FALSE
0428096,2,1,1,24242,24242,FALSE,TRUE,3,3,FALSE
0428097,23,2,2,24239,24242,FALSE,TRUE,6,6,FALSE
0428098,12,2,2,24239,24242,FALSE,TRUE,6,6,FALSE
0428099,2,1,1,24242,24242,FALSE,TRUE,3,3,FALSE
0428101,12,2,2,24239,24242,FALSE,TRUE,6,6,FALSE
0428102,12,2,2,24239,24242,FALSE,TRUE,6,6,FALSE
0428108,1,1,1,24239,24239,FALSE,TRUE,3,3,FALSE
0428114,12,2,2,24239,24242,FALSE,TRUE,6,6,FALSE
0428117,12,2,2,24239,24242,FALSE,TRUE,6,6,FALSE
0428118,12,2,2,24239,24242,FALSE,TRUE,6,6,FALSE
0428122,12,2,2,24239,24242,FALSE,TRUE,6,6,FALSE
0428123,12,2,2,24239,24242,FALSE,TRUE,6,6,FALSE
0428124,12,2,2,24239,24242,FALSE,TRUE,6,6,FALSE
0428127,12,2,2,24239,24242,FALSE,TRUE,6,6,FALSE
0428129,1,1,1,24239,24239,FALSE,TRUE,3,3,FALSE
0428130,12,2,2,24239,24242,FALSE,TRUE,6,6,FALSE
0428131,2,1,1,24242,24242,FALSE,TRUE,3,3,FALSE
0428133,34,2,2,24239,24242,FALSE,TRUE,6,6,FALSE
0428136,12,2,2,24239,24242,FALSE,TRUE,6,6,FALSE
0428137,12,2,2,24239,24242,FALSE,TRUE,6,6,FALSE
0428138,2,1,1,24242,24242,FALSE,TRUE,3,3,FALSE
0428140,2,1,1,24242,24242,FALSE,TRUE,3,3,FALSE
0428142,12,2,2,24239,24242,FALSE,TRUE,6,6,FALSE
0428145,12,2,2,24239,24242,FALSE,TRUE,6,6,FALSE
0428146,12,2,2,24239,24242,FALSE,TRUE,6,6,FALSE
0428148,12,2,2,24239,24242,FALSE,TRUE,6,6,FALSE
0428150,2,1,1,24242,24242,FALSE,TRUE,3,3,FALSE
0428152,12,2,2,24239,24242,FALSE,TRUE,6,6,FALSE
0428153,12,2,2,24239,24242,FALSE,TRUE,6,6,FALSE
0428154,1,1,1,24239,24239,FALSE,TRUE,3,3,FALSE
0428155,12,2,2,24239,24242,FALSE,TRUE,6,6,FALSE
0428159,12,2,2,24239,24242,FALSE,TRUE,6,6,FALSE
0428160,12,2,2,24239,24242,FALSE,TRUE,6,6,FALSE
0428164,12,2,2,24239,24242,FALSE,TRUE,6,6,FALSE
0428165,1,1,1,24239,24239,FALSE,TRUE,3,3,FALSE
0428175,12,2,2,24239,24242,FALSE,TRUE,6,6,FALSE
0428176,12,2,2,24239,24242,FALSE,TRUE,6,6,FALSE
0428177,2,1,1,24242,24242,FALSE,TRUE,3,3,FALSE
0428178,2,1,1,24242,24242,FALSE,TRUE,3,3,FALSE
0428179,12,2,2,24239,24242,FALSE,TRUE,6,6,FALSE
0428181,1,1,1,24239,24239,FALSE,TRUE,3,3,FALSE
0428183,1,1,1,24239,24239,FALSE,TRUE,3,3,FALSE
0428184,12,2,2,24239,24242,FALSE,TRUE,6,6,FALSE
0428191,1,1,1,24239,24239,FALSE,TRUE,3,3,FALSE
0428192,12,2,2,24239,24242,FALSE,TRUE,6,6,FALSE
0428194,12,2,2,24239,24242,FALSE,TRUE,6,6,FALSE
0428196,12,2,2,24239,24242,FALSE,TRUE,6,6,FALSE
0428199,12,2,2,24239,24242,FALSE,TRUE,6,6,FALSE
0428200,12,2,2,24239,24242,FALSE,TRUE,6,6,FALSE
0428203,2,1,1,24242,24242,FALSE,TRUE,3,3,FALSE
0428205,2,1,1,24242,24242,FALSE,TRUE,3,3,FALSE
0428206,2,1,1,24242,24242,FALSE,TRUE,3,3,FALSE
0428207,12,2,2,24239,24242,FALSE,TRUE,6,6,FALSE
0428212,12,2,2,24239,24242,FALSE,TRUE,6,6,FALSE
0428216,12,2,2,24239,24242,FALSE,TRUE,6,6,FALSE
0428218,1,1,1,24239,24239,FALSE,TRUE,3,3,FALSE
0428219,2,1,1,24242,24242,FALSE,TRUE,3,3,FALSE
0428222,12,2,2,24239,24242,FALSE,TRUE,6,6,FALSE
0428223,12,2,2,24239,24242,FALSE,TRUE,6,6,FALSE
0428224,1,1,1,24239,24239,FALSE,TRUE,3,3,FALSE
0428225,1,1,1,24239,24239,FALSE,TRUE,3,3,FALSE
0428227,12,2,2,24239,24242,FALSE,TRUE,6,6,FALSE
0428228,3,1,1,24239,24239,FALSE,TRUE,3,3,FALSE
0428231,2,1,1,24242,24242,FALSE,TRUE,3,3,FALSE
0428232,3,1,1,24242,24242,FALSE,TRUE,3,3,FALSE
0428233,2,1,1,24242,24242,FALSE,TRUE,3,3,FALSE
0428237,12,2,2,24239,24242,FALSE,TRUE,6,6,FALSE
0428239,12,2,2,24239,24242,FALSE,TRUE,6,6,FALSE
0428240,12,2,2,24239,24242,FALSE,TRUE,6,6,FALSE
0428241,1,1,1,24239,24239,FALSE,TRUE,3,3,FALSE
0428243,12,2,2,24239,24242,FALSE,TRUE,6,6,FALSE
0428244,2,1,1,24242,24242,FALSE,TRUE,3,3,FALSE
0428246,12,2,2,24239,24242,FALSE,TRUE,6,6,FALSE
0428249,2,1,1,24242,24242,FALSE,TRUE,3,3,FALSE
0428252,12,2,2,24239,24242,FALSE,TRUE,6,6,FALSE
0428253,12,2,2,24239,24242,FALSE,TRUE,6,6,FALSE
0428254,12,2,2,24239,24242,FALSE,TRUE,6,6,FALSE
0428260,2,1,1,24242,24242,FALSE,TRUE,3,3,FALSE
0428261,12,2,2,24239,24242,FALSE,TRUE,6,6,FALSE
0428264,12,2,2,24239,24242,FALSE,TRUE,6,6,FALSE
0428268,2,1,1,24242,24242,FALSE,TRUE,3,3,FALSE
0428269,12,2,2,24239,24242,FALSE,TRUE,6,6,FALSE
0428271,12,2,2,24239,24242,FALSE,TRUE,6,6,FALSE
0428272,12,2,2,24239,24242,FALSE,TRUE,6,6,FALSE
0428273,12,2,2,24239,24242,FALSE,TRUE,6,6,FALSE
0428274,12,2,2,24239,24242,FALSE,TRUE,6,6,FALSE
0428275,12,2,2,24239,24242,FALSE,TRUE,6,6,FALSE
0428277,12,2,2,24239,24242,FALSE,TRUE,6,6,FALSE
0428279,12,2,2,24239,24242,FALSE,TRUE,6,6,FALSE
0428280,2,1,1,24242,24242,FALSE,TRUE,3,3,FALSE
0428282,1,1,1,24239,24239,FALSE,TRUE,3,3,FALSE
0428283,4,1,1,24239,24239,FALSE,TRUE,3,3,FALSE
0428285,12,2,2,24239,24242,FALSE,TRUE,6,6,FALSE
0428286,2,1,1,24242,24242,FALSE,TRUE,3,3,FALSE
0428287,2,1,1,24242,24242,FALSE,TRUE,3,3,FALSE
0428288,1,1,1,24239,24239,FALSE,TRUE,3,3,FALSE
0428289,1,1,1,24239,24239,FALSE,TRUE,3,3,FALSE
0428291,2,1,1,24242,24242,FALSE,TRUE,3,3,FALSE
0428292,12,2,2,24239,24242,FALSE,TRUE,6,6,FALSE
0428293,2,1,1,24242,24242,FALSE,TRUE,3,3,FALSE
0428299,12,2,2,24239,24242,FALSE,TRUE,6,6,FALSE
0428301,2,1,1,24242,24242,FALSE,TRUE,3,3,FALSE
0428302,1,1,1,24239,24239,FALSE,TRUE,3,3,FALSE
0428303,12,2,2,24239,24242,FALSE,TRUE,6,6,FALSE
0428305,1,1,1,24239,24239,FALSE,TRUE,3,3,FALSE
0428306,12,2,2,24239,24242,FALSE,TRUE,6,6,FALSE
0428308,12,2,2,24239,24242,FALSE,TRUE,6,6,FALSE
0428310,2,1,1,24242,24242,FALSE,TRUE,3,3,FALSE
0428312,2,1,1,24242,24242,FALSE,TRUE,3,3,FALSE
0428313,12,2,2,24239,24242,FALSE,TRUE,6,6,FALSE
0428314,4,1,1,24239,24239,FALSE,TRUE,3,3,FALSE
0428321,12,2,2,24239,24242,FALSE,TRUE,6,6,FALSE
0428322,4,1,1,24239,24239,FALSE,TRUE,3,3,FALSE
0428323,1,1,1,24239,24239,FALSE,TRUE,3,3,FALSE
0428329,12,2,2,24239,24242,FALSE,TRUE,6,6,FALSE
0428332,12,2,2,24239,24242,FALSE,TRUE,6,6,FALSE
0428333,12,2,2,24239,24242,FALSE,TRUE,6,6,FALSE
0428340,12,2,2,24239,24242,FALSE,TRUE,6,6,FALSE
0428341,12,2,2,24239,24242,FALSE,TRUE,6,6,FALSE
0428342,12,2,2,24239,24242,FALSE,TRUE,6,6,FALSE
0428345,1,1,1,24239,24239,FALSE,TRUE,3,3,FALSE
0428346,12,2,2,24239,24242,FALSE,TRUE,6,6,FALSE
0428347,12,2,2,24239,24242,FALSE,TRUE,6,6,FALSE
0428349,1,1,1,24239,24239,FALSE,TRUE,3,3,FALSE
0428353,1,1,1,24239,24239,FALSE,TRUE,3,3,FALSE
0428356,2,1,1,24242,24242,FALSE,TRUE,3,3,FALSE
0428357,12,2,2,24239,24242,FALSE,TRUE,6,6,FALSE
0428358,12,2,2,24239,24242,FALSE,TRUE,6,6,FALSE
0428359,12,2,2,24239,24242,FALSE,TRUE,6,6,FALSE
0428360,12,2,2,24239,24242,FALSE,TRUE,6,6,FALSE
0428361,34,2,2,24239,24242,FALSE,TRUE,6,6,FALSE
0428365,12,2,2,24239,24242,FALSE,TRUE,6,6,FALSE
0428366,1,1,1,24239,24239,FALSE,TRUE,3,0,FALSE
0428369,12,2,2,24239,24242,FALSE,TRUE,6,6,FALSE
0428370,2,1,1,24242,24242,FALSE,TRUE,3,3,FALSE
0428371,12,2,2,24239,24242,FALSE,TRUE,6,6,FALSE
0428375,12,2,2,24239,24242,FALSE,TRUE,6,6,FALSE
0428378,12,2,2,24239,24242,FALSE,TRUE,6,6,FALSE
0428379,2,1,1,24242,24242,FALSE,TRUE,3,3,FALSE
0428383,12,2,2,24239,24242,FALSE,TRUE,6,6,FALSE
0428384,12,2,2,24239,24242,FALSE,TRUE,6,6,FALSE
0428385,12,2,2,24239,24242,FALSE,TRUE,6,6,FALSE
0428387,12,2,2,24239,24242,FALSE,TRUE,6,6,FALSE
0428391,12,2,2,24239,24242,FALSE,TRUE,6,6,FALSE
0428394,12,2,2,24239,24242,FALSE,TRUE,6,6,FALSE
0428396,12,2,2,24239,24242,FALSE,TRUE,6,6,FALSE
0428397,1,1,1,24239,24239,FALSE,TRUE,3,3,FALSE
0428398,2,1,1,24242,24242,FALSE,TRUE,3,3,FALSE
0428399,12,2,2,24239,24242,FALSE,TRUE,6,6,FALSE
0428400,12,2,2,24239,24242,FALSE,TRUE,6,6,FALSE
0428402,12,2,2,24239,24242,FALSE,TRUE,6,6,FALSE
0428403,12,2,2,24239,24242,FALSE,TRUE,6,6,FALSE
0428404,12,2,2,24239,24242,FALSE,TRUE,6,6,FALSE
0428405,12,2,2,24239,24242,FALSE,TRUE,6,6,FALSE
0428407,12,2,2,24239,24242,FALSE,TRUE,6,6,FALSE
0428408,12,2,2,24239,24242,FALSE,TRUE,6,6,FALSE
0428410,12,2,2,24239,24242,FALSE,TRUE,6,6,FALSE
0428412,12,2,2,24239,24242,FALSE,TRUE,6,6,FALSE
0428417,12,2,2,24239,24242,FALSE,TRUE,6,6,FALSE
0428420,2,1,1,24242,24242,FALSE,TRUE,3,3,FALSE
0428421,12,2,2,24239,24242,FALSE,TRUE,6,6,FALSE
0428422,1,1,1,24239,24239,FALSE,TRUE,3,3,FALSE
0428424,1,1,1,24239,24239,FALSE,TRUE,3,3,FALSE
0428426,2,1,1,24242,24242,FALSE,TRUE,3,3,FALSE
0428427,2,1,1,24242,24242,FALSE,TRUE,3,3,FALSE
0428428,2,1,1,24242,24242,FALSE,TRUE,3,3,FALSE
0428430,12,2,2,24239,24242,FALSE,TRUE,6,6,FALSE
0428431,12,2,2,24239,24242,FALSE,TRUE,6,6,FALSE
0428433,12,2,2,24239,24242,FALSE,TRUE,6,6,FALSE
0428436,12,2,2,24239,24242,FALSE,TRUE,6,6,FALSE
0428438,12,2,2,24239,24242,FALSE,TRUE,6,6,FALSE
0428439,12,2,2,24239,24242,FALSE,TRUE,6,6,FALSE
0428441,12,2,2,24239,24242,FALSE,TRUE,6,6,FALSE
0428444,12,2,2,24239,24242,FALSE,TRUE,6,6,FALSE
0428445,1,1,1,24239,24239,FALSE,TRUE,3,3,FALSE
0428447,12,2,2,24239,24242,FALSE,TRUE,6,6,FALSE
0428453,12,2,2,24239,24242,FALSE,TRUE,6,6,FALSE
0428457,12,2,2,24239,24242,FALSE,TRUE,6,6,FALSE
0428458,12,2,2,24239,24242,FALSE,TRUE,6,6,FALSE
0428462,1,1,1,24239,24239,FALSE,TRUE,3,3,FALSE
0428465,12,2,2,24239,24242,FALSE,TRUE,6,6,FALSE
0428470,12,2,2,24239,24242,FALSE,TRUE,6,6,FALSE
0428471,1,1,1,24239,24239,FALSE,TRUE,3,3,FALSE
0428473,2,1,1,24242,24242,FALSE,TRUE,3,3,FALSE
0428477,12,2,2,24239,24242,FALSE,TRUE,6,6,FALSE
0428479,12,2,2,24239,24242,FALSE,TRUE,6,6,FALSE
0428480,12,2,2,24239,24242,FALSE,TRUE,6,6,FALSE
0428481,12,2,2,24239,24242,FALSE,TRUE,6,6,FALSE
0428483,12,2,2,24239,24242,FALSE,TRUE,6,6,FALSE
0428485,2,1,1,24242,24242,FALSE,TRUE,3,3,FALSE
0428487,4,1,1,24239,24239,FALSE,TRUE,3,3,FALSE
0428488,12,2,2,24239,24242,FALSE,TRUE,6,6,FALSE
0428490,2,1,1,24242,24242,FALSE,TRUE,3,3,FALSE
0428492,1,1,1,24239,24239,FALSE,TRUE,3,3,FALSE
0428496,12,2,2,24239,24242,FALSE,TRUE,6,6,FALSE
0428497,1,1,1,24239,24239,FALSE,TRUE,3,3,FALSE
0428502,12,2,2,24239,24242,FALSE,TRUE,6,6,FALSE
0428504,1,1,1,24239,24239,FALSE,TRUE,3,3,FALSE
0428505,2,1,1,24242,24242,FALSE,TRUE,3,3,FALSE
0428506,12,2,2,24239,24242,FALSE,TRUE,6,6,FALSE
0428512,12,2,2,24239,24242,FALSE,TRUE,6,6,FALSE
0428513,1,1,1,24239,24239,FALSE,TRUE,3,3,FALSE
0428514,12,2,2,24239,24242,FALSE,TRUE,6,6,FALSE
0428515,2,1,1,24242,24242,FALSE,TRUE,3,3,FALSE
0428518,12,2,2,24239,24242,FALSE,TRUE,6,6,FALSE
0428520,12,2,2,24239,24242,FALSE,TRUE,6,6,FALSE
0428521,12,2,2,24239,24242,FALSE,TRUE,6,6,FALSE
0428524,12,2,2,24239,24242,FALSE,TRUE,6,6,FALSE
0428525,1,1,1,24239,24239,FALSE,TRUE,3,3,FALSE
0428528,12,2,2,24239,24242,FALSE,TRUE,6,6,FALSE
0428530,2,1,1,24242,24242,FALSE,TRUE,3,3,FALSE
0428532,12,2,2,24239,24242,FALSE,TRUE,6,6,FALSE
0428534,12,2,2,24239,24242,FALSE,TRUE,6,6,FALSE
0428535,12,2,2,24239,24242,FALSE,TRUE,6,6,FALSE
0428538,23,2,2,24239,24242,FALSE,TRUE,6,6,FALSE
0428539,12,2,2,24239,24242,FALSE,TRUE,6,6,FALSE
0428543,12,2,2,24239,24242,FALSE,TRUE,6,6,FALSE
0428545,12,2,2,24239,24242,FALSE,TRUE,6,6,FALSE
0428546,1,1,1,24239,24239,FALSE,TRUE,3,3,FALSE
0428547,12,2,2,24239,24242,FALSE,TRUE,6,6,FALSE
0428549,12,2,2,24239,24242,FALSE,TRUE,6,6,FALSE
0428550,2,1,1,24242,24242,FALSE,TRUE,3,3,FALSE
0428551,12,2,2,24239,24242,FALSE,TRUE,6,6,FALSE
0428552,12,2,2,24239,24242,FALSE,TRUE,6,6,FALSE
0428553,12,2,2,24239,24242,FALSE,TRUE,6,6,FALSE
0428555,12,2,2,24239,24242,FALSE,TRUE,6,6,FALSE
0428556,12,2,2,24239,24242,FALSE,TRUE,6,6,FALSE
0428559,1,1,1,24239,24239,FALSE,TRUE,3,3,FALSE
0428560,1,1,1,24239,24239,FALSE,TRUE,3,3,FALSE
0428563,1,1,1,24239,24239,FALSE,TRUE,3,3,FALSE
0428566,12,2,2,24239,24242,FALSE,TRUE,6,6,FALSE
0428567,12,2,2,24239,24242,FALSE,TRUE,6,6,FALSE
0428569,12,2,2,24239,24242,FALSE,TRUE,6,6,FALSE
0428572,2,1,1,24242,24242,FALSE,TRUE,3,3,FALSE
0428576,12,2,2,24239,24242,FALSE,TRUE,6,6,FALSE
0428577,2,1,1,24242,24242,FALSE,TRUE,3,3,FALSE
0428579,12,2,2,24239,24242,FALSE,TRUE,6,6,FALSE
0428580,12,2,2,24239,24242,FALSE,TRUE,6,6,FALSE
0428583,1,1,1,24239,24239,FALSE,TRUE,3,3,FALSE
0428585,4,1,1,24239,24239,FALSE,TRUE,3,3,FALSE
0428587,4,1,1,24239,24239,FALSE,TRUE,3,3,FALSE
0428588,12,2,2,24239,24242,FALSE,TRUE,6,6,FALSE
0428589,23,2,2,24239,24242,FALSE,TRUE,6,6,FALSE
0428592,12,2,2,24239,24242,FALSE,TRUE,6,6,FALSE
0428595,12,2,2,24239,24242,FALSE,TRUE,6,6,FALSE
0428598,12,2,2,24239,24242,FALSE,TRUE,6,6,FALSE
0428600,2,1,1,24242,24242,FALSE,TRUE,3,3,FALSE
0428603,12,2,2,24239,24242,FALSE,TRUE,6,6,FALSE
0428604,12,2,2,24239,24242,FALSE,TRUE,6,6,FALSE
0428605,12,2,2,24239,24242,FALSE,TRUE,6,6,FALSE
0428606,34,2,2,24239,24242,FALSE,TRUE,6,6,FALSE
0428609,12,2,2,24239,24242,FALSE,TRUE,6,6,FALSE
0428610,12,2,2,24239,24242,FALSE,TRUE,6,6,FALSE
0428611,12,2,2,24239,24242,FALSE,TRUE,6,6,FALSE
0428612,12,2,2,24239,24242,FALSE,TRUE,6,6,FALSE
0428613,1,1,1,24239,24239,FALSE,TRUE,3,3,FALSE
0428615,12,2,2,24239,24242,FALSE,TRUE,6,6,FALSE
0428616,2,1,1,24242,24242,FALSE,TRUE,3,3,FALSE
0428617,12,2,2,24239,24242,FALSE,TRUE,6,6,FALSE
0428618,2,1,1,24242,24242,FALSE,TRUE,3,3,FALSE
0428621,12,2,2,24239,24242,FALSE,TRUE,6,6,FALSE
0428625,3,1,1,24239,24239,FALSE,TRUE,3,3,FALSE
0428626,2,1,1,24242,24242,FALSE,TRUE,3,3,FALSE
0428628,4,1,1,24239,24239,FALSE,TRUE,3,3,FALSE
0428629,1,1,1,24239,24239,FALSE,TRUE,3,3,FALSE
0428630,1,1,1,24239,24239,FALSE,TRUE,3,3,FALSE
0428631,12,2,2,24239,24242,FALSE,TRUE,6,6,FALSE
0428632,2,1,1,24242,24242,FALSE,TRUE,3,3,FALSE
0428634,12,2,2,24239,24242,FALSE,TRUE,6,6,FALSE
0428639,12,2,2,24239,24242,FALSE,TRUE,6,6,FALSE
0428640,1,1,1,24239,24239,FALSE,TRUE,3,3,FALSE
0428641,12,2,2,24239,24242,FALSE,TRUE,6,6,FALSE
0428642,12,2,2,24239,24242,FALSE,TRUE,6,6,FALSE
0428646,4,1,1,24239,24239,FALSE,TRUE,3,3,FALSE
0428647,2,1,1,24242,24242,FALSE,TRUE,3,3,FALSE
0428648,1,1,1,24239,24239,FALSE,TRUE,3,3,FALSE
0428649,1,1,1,24239,24239,FALSE,TRUE,3,3,FALSE
0428650,2,1,1,24242,24242,FALSE,TRUE,3,3,FALSE
0428652,12,2,2,24239,24242,FALSE,TRUE,6,6,FALSE
0428653,34,2,2,24239,24242,FALSE,TRUE,6,6,FALSE
0428657,1,1,1,24239,24239,FALSE,TRUE,3,3,FALSE
0428661,4,1,1,24239,24239,FALSE,TRUE,3,3,FALSE
0428662,12,2,2,24239,24242,FALSE,TRUE,6,6,FALSE
0428663,2,1,1,24242,24242,FALSE,TRUE,3,3,FALSE
0428665,2,1,1,24242,24242,FALSE,TRUE,3,3,FALSE
0428667,12,2,2,24239,24242,FALSE,TRUE,6,6,FALSE
0428668,12,2,2,24239,24242,FALSE,TRUE,6,6,FALSE
0428669,3,1,1,24242,24242,FALSE,TRUE,3,3,FALSE
0428673,12,2,2,24239,24242,FALSE,TRUE,6,6,FALSE
0428675,12,2,2,24239,24242,FALSE,TRUE,6,6,FALSE
0428678,12,2,2,24239,24242,FALSE,TRUE,6,6,FALSE
0428679,2,1,1,24242,24242,FALSE,TRUE,3,3,FALSE
0428681,12,2,2,24239,24242,FALSE,TRUE,6,6,FALSE
0428684,2,1,1,24242,24242,FALSE,TRUE,3,3,FALSE
0428685,4,1,1,24239,24239,FALSE,TRUE,3,3,FALSE
0428687,12,2,2,24239,24242,FALSE,TRUE,6,6,FALSE
0428689,12,2,2,24239,24242,FALSE,TRUE,6,6,FALSE
0428690,1,1,1,24239,24239,FALSE,TRUE,3,3,FALSE
0428692,34,2,2,24239,24242,FALSE,TRUE,6,6,FALSE
0428693,12,2,2,24239,24242,FALSE,TRUE,6,6,FALSE
0428695,12,2,2,24239,24242,FALSE,TRUE,6,6,FALSE
0428697,12,2,2,24239,24242,FALSE,TRUE,6,6,FALSE
0428698,1,1,1,24239,24239,FALSE,TRUE,3,3,FALSE
0428699,34,2,2,24239,24242,FALSE,TRUE,6,6,FALSE
0428702,4,1,1,24242,24242,FALSE,TRUE,3,3,FALSE
0428704,12,2,2,24239,24242,FALSE,TRUE,6,6,FALSE
0428705,12,2,2,24239,24242,FALSE,TRUE,6,6,FALSE
0428706,12,2,2,24239,24242,FALSE,TRUE,6,6,FALSE
0428707,2,1,1,24242,24242,FALSE,TRUE,3,3,FALSE
0428710,2,1,1,24242,24242,FALSE,TRUE,3,3,FALSE
0428712,12,2,2,24239,24242,FALSE,TRUE,6,6,FALSE
0428714,12,2,2,24239,24242,FALSE,TRUE,6,6,FALSE
0428716,12,2,2,24239,24242,FALSE,TRUE,6,6,FALSE
0428717,12,2,2,24239,24242,FALSE,TRUE,6,6,FALSE
0428719,12,2,2,24239,24242,FALSE,TRUE,6,6,FALSE
0428720,2,1,1,24242,24242,FALSE,TRUE,3,3,FALSE
0428721,12,2,2,24239,24242,FALSE,TRUE,6,6,FALSE
0428723,1,1,1,24239,24239,FALSE,TRUE,3,3,FALSE
0428726,12,2,2,24239,24242,FALSE,TRUE,6,6,FALSE
0428728,4,1,1,24239,24239,FALSE,TRUE,3,3,FALSE
0428731,1,1,1,24239,24239,FALSE,TRUE,3,3,FALSE
0428732,12,2,2,24239,24242,FALSE,TRUE,6,6,FALSE
0428739,12,2,2,24239,24242,FALSE,TRUE,6,6,FALSE
0428740,12,2,2,24239,24242,FALSE,TRUE,6,6,FALSE
0428743,12,2,2,24239,24242,FALSE,TRUE,6,6,FALSE
0428745,1,1,1,24239,24239,FALSE,TRUE,3,3,FALSE
0428746,2,1,1,24242,24242,FALSE,TRUE,3,3,FALSE
0428748,1,1,1,24239,24239,FALSE,TRUE,3,3,FALSE
0428749,12,2,2,24239,24242,FALSE,TRUE,6,6,FALSE
0428750,12,2,2,24239,24242,FALSE,TRUE,6,6,FALSE
0428754,34,2,2,24239,24242,FALSE,TRUE,6,6,FALSE
0428757,12,2,2,24239,24242,FALSE,TRUE,6,6,FALSE
0428758,1,1,1,24239,24239,FALSE,TRUE,3,3,FALSE
0428759,12,2,2,24239,24242,FALSE,TRUE,6,6,FALSE
0428760,2,1,1,24242,24242,FALSE,TRUE,3,3,FALSE
0428761,2,1,1,24242,24242,FALSE,TRUE,3,3,FALSE
0428762,12,2,2,24239,24242,FALSE,TRUE,6,6,FALSE
0428765,2,1,1,24242,24242,FALSE,TRUE,3,3,FALSE
0428766,12,2,2,24239,24242,FALSE,TRUE,6,6,FALSE
0428767,34,2,2,24239,24242,FALSE,TRUE,6,6,FALSE
0428769,12,2,2,24239,24242,FALSE,TRUE,6,6,FALSE
0428770,12,2,2,24239,24242,FALSE,TRUE,6,6,FALSE
0428772,23,2,2,24239,24242,FALSE,TRUE,6,6,FALSE
0428773,1,1,1,24239,24239,FALSE,TRUE,3,3,FALSE
0428774,4,1,1,24239,24239,FALSE,TRUE,3,2,FALSE
0428775,2,1,1,24242,24242,FALSE,TRUE,3,3,FALSE
0428776,12,2,2,24239,24242,FALSE,TRUE,6,6,FALSE
0428777,1,1,1,24239,24239,FALSE,TRUE,3,3,FALSE
0428778,12,2,2,24239,24242,FALSE,TRUE,6,6,FALSE
0428780,12,2,2,24239,24242,FALSE,TRUE,6,6,FALSE
0428783,12,2,2,24239,24242,FALSE,TRUE,6,6,FALSE
0428785,12,2,2,24239,24242,FALSE,TRUE,6,6,FALSE
0428792,12,2,2,24239,24242,FALSE,TRUE,6,6,FALSE
0428794,12,2,2,24239,24242,FALSE,TRUE,6,6,FALSE
0428795,12,2,2,24239,24242,FALSE,TRUE,6,6,FALSE
0428799,12,2,2,24239,24242,FALSE,TRUE,6,6,FALSE
0428801,2,1,1,24242,24242,FALSE,TRUE,3,3,FALSE
0428803,2,1,1,24242,24242,FALSE,TRUE,3,3,FALSE
0428806,12,2,2,24239,24242,FALSE,TRUE,6,6,FALSE
0428807,12,2,2,24239,24242,FALSE,TRUE,6,6,FALSE
0428809,12,2,2,24239,24242,FALSE,TRUE,6,6,FALSE
0428810,1,1,1,24239,24239,FALSE,TRUE,3,3,FALSE
0428811,2,1,1,24242,24242,FALSE,TRUE,3,3,FALSE
0428816,12,2,2,24239,24242,FALSE,TRUE,6,6,FALSE
0428817,1,1,1,24239,24239,FALSE,TRUE,3,3,FALSE
0428820,2,1,1,24242,24242,FALSE,TRUE,3,3,FALSE
0428824,12,2,2,24239,24242,FALSE,TRUE,6,6,FALSE
0428825,12,2,2,24239,24242,FALSE,TRUE,6,6,FALSE
0428826,12,2,2,24239,24242,FALSE,TRUE,6,6,FALSE
0428828,12,2,2,24239,24242,FALSE,TRUE,6,6,FALSE
0428829,2,1,1,24242,24242,FALSE,TRUE,3,3,FALSE
0428835,2,1,1,24242,24242,FALSE,TRUE,3,3,FALSE
0428839,1,1,1,24239,24239,FALSE,TRUE,3,3,FALSE
0428840,1,1,1,24239,24239,FALSE,TRUE,3,3,FALSE
0428844,12,2,2,24239,24242,FALSE,TRUE,6,6,FALSE
0428845,12,2,2,24239,24242,FALSE,TRUE,6,6,FALSE
0428846,1,1,1,24239,24239,FALSE,TRUE,3,3,FALSE
0428851,3,1,1,24239,24239,FALSE,TRUE,3,3,FALSE
0428852,2,1,1,24242,24242,FALSE,TRUE,3,3,FALSE
0428853,12,2,2,24239,24242,FALSE,TRUE,6,6,FALSE
0428855,1,1,1,24239,24239,FALSE,TRUE,3,3,FALSE
0428857,12,2,2,24239,24242,FALSE,TRUE,6,6,FALSE
0428859,12,2,2,24239,24242,FALSE,TRUE,6,6,FALSE
0428861,2,1,1,24242,24242,FALSE,TRUE,3,3,FALSE
0428863,2,1,1,24242,24242,FALSE,TRUE,3,3,FALSE
0428864,4,1,1,24239,24239,FALSE,TRUE,3,3,FALSE
0428865,2,1,1,24242,24242,FALSE,TRUE,3,3,FALSE
0428866,23,2,2,24239,24242,FALSE,TRUE,6,6,FALSE
0428867,23,2,2,24239,24242,FALSE,TRUE,6,6,FALSE
0428869,2,1,1,24242,24242,FALSE,TRUE,3,3,FALSE
0428870,1,1,1,24240,24240,FALSE,TRUE,3,3,FALSE
0428871,12,2,2,24240,24243,FALSE,TRUE,6,6,FALSE
0428872,1,1,1,24240,24240,FALSE,TRUE,3,3,FALSE
0428876,12,2,2,24240,24243,FALSE,TRUE,6,6,FALSE
0428877,1,1,1,24240,24240,FALSE,TRUE,3,3,FALSE
0428878,12,2,2,24240,24243,FALSE,TRUE,6,6,FALSE
0428879,12,2,2,24240,24243,FALSE,TRUE,6,6,FALSE
0428881,1,1,1,24240,24240,FALSE,TRUE,3,3,FALSE
0428884,12,2,2,24240,24243,FALSE,TRUE,6,6,FALSE
0428886,12,2,2,24240,24243,FALSE,TRUE,6,6,FALSE
0428887,1,1,1,24240,24240,FALSE,TRUE,3,3,FALSE
0428888,1,1,1,24240,24240,FALSE,TRUE,3,3,FALSE
0428889,12,2,2,24240,24243,FALSE,TRUE,6,6,FALSE
0428890,12,2,2,24240,24243,FALSE,TRUE,6,6,FALSE
0428891,12,2,2,24240,24243,FALSE,TRUE,6,6,FALSE
0428892,1,1,1,24240,24240,FALSE,TRUE,3,3,FALSE
0428895,2,1,1,24243,24243,FALSE,TRUE,3,3,FALSE
0428899,12,2,2,24240,24243,FALSE,TRUE,6,6,FALSE
0428900,2,1,1,24243,24243,FALSE,TRUE,3,3,FALSE
0428902,2,1,1,24243,24243,FALSE,TRUE,3,3,FALSE
0428904,12,2,2,24240,24243,FALSE,TRUE,6,6,FALSE
0428905,12,2,2,24240,24243,FALSE,TRUE,6,6,FALSE
0428908,12,2,2,24240,24243,FALSE,TRUE,6,6,FALSE
0428910,2,1,1,24243,24243,FALSE,TRUE,3,3,FALSE
0428911,12,2,2,24240,24243,FALSE,TRUE,6,6,FALSE
0428913,12,2,2,24240,24243,FALSE,TRUE,6,6,FALSE
0428914,12,2,2,24240,24243,FALSE,TRUE,6,6,FALSE
0428915,2,1,1,24243,24243,FALSE,TRUE,3,3,FALSE
0428916,12,2,2,24240,24243,FALSE,TRUE,6,6,FALSE
0428919,12,2,2,24240,24243,FALSE,TRUE,6,6,FALSE
0428921,3,1,1,24240,24240,FALSE,TRUE,3,3,FALSE
0428923,34,2,2,24240,24243,FALSE,TRUE,6,6,FALSE
0428924,12,2,2,24240,24243,FALSE,TRUE,6,6,FALSE
0428926,12,2,2,24240,24243,FALSE,TRUE,6,6,FALSE
0428927,12,2,2,24240,24243,FALSE,TRUE,6,6,FALSE
0428929,2,1,1,24243,24243,FALSE,TRUE,3,3,FALSE
0428930,12,2,2,24240,24243,FALSE,TRUE,6,6,FALSE
0428936,1,1,1,24240,24240,FALSE,TRUE,3,3,FALSE
0428938,12,2,2,24240,24243,FALSE,TRUE,6,6,FALSE
0428941,2,1,1,24243,24243,FALSE,TRUE,3,3,FALSE
0428942,12,2,2,24240,24243,FALSE,TRUE,6,6,FALSE
0428944,2,1,1,24243,24243,FALSE,TRUE,3,3,FALSE
0428945,12,2,2,24240,24243,FALSE,TRUE,6,6,FALSE
0428947,12,2,2,24240,24243,FALSE,TRUE,6,6,FALSE
0428948,12,2,2,24240,24243,FALSE,TRUE,6,6,FALSE
0428949,1,1,1,24240,24240,FALSE,TRUE,3,3,FALSE
0428950,12,2,2,24240,24243,FALSE,TRUE,6,6,FALSE
0428951,1,1,1,24240,24240,FALSE,TRUE,3,3,FALSE
0428952,12,2,2,24240,24243,FALSE,TRUE,6,6,FALSE
0428953,12,2,2,24240,24243,FALSE,TRUE,6,6,FALSE
0428955,2,1,1,24243,24243,FALSE,TRUE,3,3,FALSE
0428958,12,2,2,24240,24243,FALSE,TRUE,6,6,FALSE
0428960,12,2,2,24240,24243,FALSE,TRUE,6,6,FALSE
0428963,12,2,2,24240,24243,FALSE,TRUE,6,6,FALSE
0428966,12,2,2,24240,24243,FALSE,TRUE,6,6,FALSE
0428969,2,1,1,24243,24243,FALSE,TRUE,3,3,FALSE
0428970,12,2,2,24240,24243,FALSE,TRUE,6,6,FALSE
0428974,12,2,2,24240,24243,FALSE,TRUE,6,6,FALSE
0428978,2,1,1,24243,24243,FALSE,TRUE,3,3,FALSE
0428980,12,2,2,24240,24243,FALSE,TRUE,6,6,FALSE
0428984,12,2,2,24240,24243,FALSE,TRUE,6,6,FALSE
0428985,2,1,1,24243,24243,FALSE,TRUE,3,3,FALSE
0428987,12,2,2,24240,24243,FALSE,TRUE,6,6,FALSE
0428989,12,2,2,24240,24243,FALSE,TRUE,6,6,FALSE
0428991,12,2,2,24240,24243,FALSE,TRUE,6,6,FALSE
0428992,2,1,1,24243,24243,FALSE,TRUE,3,3,FALSE
0428996,12,2,2,24240,24243,FALSE,TRUE,6,6,FALSE
0428999,12,2,2,24240,24243,FALSE,TRUE,6,6,FALSE
0429000,2,1,1,24243,24243,FALSE,TRUE,3,3,FALSE
0429001,1,1,1,24240,24240,FALSE,TRUE,3,3,FALSE
0429002,12,2,2,24240,24243,FALSE,TRUE,6,6,FALSE
0429003,12,2,2,24240,24243,FALSE,TRUE,6,6,FALSE
0429005,1,1,1,24240,24240,FALSE,TRUE,3,3,FALSE
0429006,2,1,1,24243,24243,FALSE,TRUE,3,3,FALSE
0429007,12,2,2,24240,24243,FALSE,TRUE,6,6,FALSE
0429008,1,1,1,24240,24240,FALSE,TRUE,3,3,FALSE
0429010,12,2,2,24240,24243,FALSE,TRUE,6,6,FALSE
0429011,12,2,2,24240,24243,FALSE,TRUE,6,6,FALSE
0429012,1,1,1,24240,24240,FALSE,TRUE,3,3,FALSE
0429013,12,2,2,24240,24243,FALSE,TRUE,6,6,FALSE
0429014,12,2,2,24240,24243,FALSE,TRUE,6,6,FALSE
0429015,12,2,2,24240,24243,FALSE,TRUE,6,6,FALSE
0429016,12,2,2,24240,24243,FALSE,TRUE,6,6,FALSE
0429017,12,2,2,24240,24243,FALSE,TRUE,6,6,FALSE
0429018,2,1,1,24243,24243,FALSE,TRUE,3,3,FALSE
0429020,2,1,1,24243,24243,FALSE,TRUE,3,3,FALSE
0429023,1,1,1,24240,24240,FALSE,TRUE,3,3,FALSE
0429024,3,1,1,24240,24240,FALSE,TRUE,3,3,FALSE
0429028,2,1,1,24243,24243,FALSE,TRUE,3,3,FALSE
0429030,2,1,1,24243,24243,FALSE,TRUE,3,3,FALSE
0429031,23,2,2,24240,24243,FALSE,TRUE,6,6,FALSE
0429034,1,1,1,24240,24240,FALSE,TRUE,3,3,FALSE
0429035,12,2,2,24240,24243,FALSE,TRUE,6,6,FALSE
0429037,12,2,2,24240,24243,FALSE,TRUE,6,6,FALSE
0429038,12,2,2,24240,24243,FALSE,TRUE,6,6,FALSE
0429039,2,1,1,24243,24243,FALSE,TRUE,3,3,FALSE
0429040,1,1,1,24240,24240,FALSE,TRUE,3,3,FALSE
0429042,12,2,2,24240,24243,FALSE,TRUE,6,6,FALSE
0429044,1,1,1,24240,24240,FALSE,TRUE,3,3,FALSE
0429046,12,2,2,24240,24243,FALSE,TRUE,6,6,FALSE
0429050,12,2,2,24240,24243,FALSE,TRUE,6,6,FALSE
0429053,2,1,1,24243,24243,FALSE,TRUE,3,3,FALSE
0429056,2,1,1,24243,24243,FALSE,TRUE,3,3,FALSE
0429062,12,2,2,24240,24243,FALSE,TRUE,6,6,FALSE
0429065,3,1,1,24243,24243,FALSE,TRUE,3,3,FALSE
0429067,2,1,1,24243,24243,FALSE,TRUE,3,3,FALSE
0429070,12,2,2,24240,24243,FALSE,TRUE,6,6,FALSE
0429071,12,2,2,24240,24243,FALSE,TRUE,6,6,FALSE
0429073,12,2,2,24240,24243,FALSE,TRUE,6,6,FALSE
0429075,12,2,2,24240,24243,FALSE,TRUE,6,6,FALSE
0429081,34,2,2,24240,24243,FALSE,TRUE,6,6,FALSE
0429083,1,1,1,24240,24240,FALSE,TRUE,3,3,FALSE
0429085,1,1,1,24240,24240,FALSE,TRUE,3,3,FALSE
0429086,2,1,1,24243,24243,FALSE,TRUE,3,3,FALSE
0429087,2,1,1,24243,24243,FALSE,TRUE,3,3,FALSE
0429090,12,2,2,24240,24243,FALSE,TRUE,6,6,FALSE
0429099,12,2,2,24240,24243,FALSE,TRUE,6,6,FALSE
0429100,2,1,1,24243,24243,FALSE,TRUE,3,3,FALSE
0429101,12,2,2,24240,24243,FALSE,TRUE,6,6,FALSE
0429102,2,1,1,24243,24243,FALSE,TRUE,3,3,FALSE
0429106,12,2,2,24240,24243,FALSE,TRUE,6,6,FALSE
0429108,1,1,1,24240,24240,FALSE,TRUE,3,3,FALSE
0429109,12,2,2,24240,24243,FALSE,TRUE,6,6,FALSE
0429110,2,1,1,24243,24243,FALSE,TRUE,3,3,FALSE
0429111,12,2,2,24240,24243,FALSE,TRUE,6,6,FALSE
0429112,12,2,2,24240,24243,FALSE,TRUE,6,6,FALSE
0429113,12,2,2,24240,24243,FALSE,TRUE,6,6,FALSE
0429117,12,2,2,24240,24243,FALSE,TRUE,6,6,FALSE
0429118,1,1,1,24240,24240,FALSE,TRUE,3,3,FALSE
0429123,4,1,1,24240,24240,FALSE,TRUE,3,3,FALSE
0429127,1,1,1,24240,24240,FALSE,TRUE,3,3,FALSE
0429129,2,1,1,24243,24243,FALSE,TRUE,3,3,FALSE
0429131,34,2,2,24240,24243,FALSE,TRUE,6,6,FALSE
0429134,1,1,1,24240,24240,FALSE,TRUE,3,3,FALSE
0429135,12,2,2,24240,24243,FALSE,TRUE,6,6,FALSE
0429140,34,2,2,24240,24243,FALSE,TRUE,6,6,FALSE
0429143,12,2,2,24240,24243,FALSE,TRUE,6,6,FALSE
0429148,12,2,2,24240,24243,FALSE,TRUE,6,6,FALSE
0429151,2,1,1,24243,24243,FALSE,TRUE,3,3,FALSE
0429152,12,2,2,24240,24243,FALSE,TRUE,6,6,FALSE
0429154,1,1,1,24240,24240,FALSE,TRUE,3,3,FALSE
0429155,2,1,1,24243,24243,FALSE,TRUE,3,3,FALSE
0429157,1,1,1,24240,24240,FALSE,TRUE,3,3,FALSE
0429158,12,2,2,24240,24243,FALSE,TRUE,6,6,FALSE
0429161,12,2,2,24240,24243,FALSE,TRUE,6,6,FALSE
0429164,12,2,2,24240,24243,FALSE,TRUE,6,6,FALSE
0429165,12,2,2,24240,24243,FALSE,TRUE,6,6,FALSE
0429166,1,1,1,24240,24240,FALSE,TRUE,3,3,FALSE
0429169,12,2,2,24240,24243,FALSE,TRUE,6,6,FALSE
0429170,1,1,1,24240,24240,FALSE,TRUE,3,3,FALSE
0429171,12,2,2,24240,24243,FALSE,TRUE,6,6,FALSE
0429172,12,2,2,24240,24243,FALSE,TRUE,6,6,FALSE
0429174,12,2,2,24240,24243,FALSE,TRUE,6,6,FALSE
0429175,12,2,2,24240,24243,FALSE,TRUE,6,6,FALSE
0429176,1,1,1,24240,24240,FALSE,TRUE,3,3,FALSE
0429177,12,2,2,24240,24243,FALSE,TRUE,6,6,FALSE
0429187,2,1,1,24243,24243,FALSE,TRUE,3,3,FALSE
0429188,1,1,1,24240,24240,FALSE,TRUE,3,3,FALSE
0429189,1,1,1,24240,24240,FALSE,TRUE,3,3,FALSE
0429191,12,2,2,24240,24243,FALSE,TRUE,6,6,FALSE
0429192,12,2,2,24240,24243,FALSE,TRUE,6,6,FALSE
0429197,12,2,2,24240,24243,FALSE,TRUE,6,6,FALSE
0429201,12,2,2,24240,24243,FALSE,TRUE,6,6,FALSE
0429203,12,2,2,24240,24243,FALSE,TRUE,6,6,FALSE
0429204,12,2,2,24240,24243,FALSE,TRUE,6,6,FALSE
0429206,2,1,1,24243,24243,FALSE,TRUE,3,3,FALSE
0429207,2,1,1,24243,24243,FALSE,TRUE,3,3,FALSE
0429208,12,2,2,24240,24243,FALSE,TRUE,6,6,FALSE
0429211,1,1,1,24240,24240,FALSE,TRUE,3,3,FALSE
0429213,1,1,1,24240,24240,FALSE,TRUE,3,3,FALSE
0429216,2,1,1,24243,24243,FALSE,TRUE,3,3,FALSE
0429219,1,1,1,24240,24240,FALSE,TRUE,3,3,FALSE
0429221,12,2,2,24240,24243,FALSE,TRUE,6,6,FALSE
0429222,1,1,1,24240,24240,FALSE,TRUE,3,3,FALSE
0429224,12,2,2,24240,24243,FALSE,TRUE,6,6,FALSE
0429225,12,2,2,24240,24243,FALSE,TRUE,6,6,FALSE
0429226,1,1,1,24240,24240,FALSE,TRUE,3,3,FALSE
0429230,2,1,1,24243,24243,FALSE,TRUE,3,3,FALSE
0429231,1,1,1,24240,24240,FALSE,TRUE,3,3,FALSE
0429233,1,1,1,24240,24240,FALSE,TRUE,3,3,FALSE
0429239,12,2,2,24240,24243,FALSE,TRUE,6,6,FALSE
0429240,12,2,2,24240,24243,FALSE,TRUE,6,6,FALSE
0429242,12,2,2,24240,24243,FALSE,TRUE,6,6,FALSE
0429244,1,1,1,24240,24240,FALSE,TRUE,3,0,FALSE
0429246,12,2,2,24240,24243,FALSE,TRUE,6,6,FALSE
0429248,2,1,1,24243,24243,FALSE,TRUE,3,3,FALSE
0429250,12,2,2,24240,24243,FALSE,TRUE,6,6,FALSE
0429252,12,2,2,24240,24243,FALSE,TRUE,6,6,FALSE
0429253,2,1,1,24243,24243,FALSE,TRUE,3,3,FALSE
0429256,12,2,2,24240,24243,FALSE,TRUE,6,6,FALSE
0429257,1,1,1,24240,24240,FALSE,TRUE,3,3,FALSE
0429261,12,2,2,24240,24243,FALSE,TRUE,6,6,FALSE
0429273,2,1,1,24243,24243,FALSE,TRUE,3,3,FALSE
0429274,12,2,2,24240,24243,FALSE,TRUE,6,6,FALSE
0429275,2,1,1,24243,24243,FALSE,TRUE,3,3,FALSE
0429276,1,1,1,24240,24240,FALSE,TRUE,3,3,FALSE
0429277,34,2,2,24240,24243,FALSE,TRUE,6,6,FALSE
0429278,12,2,2,24240,24243,FALSE,TRUE,6,6,FALSE
0429280,12,2,2,24240,24243,FALSE,TRUE,6,6,FALSE
0429282,12,2,2,24240,24243,FALSE,TRUE,6,6,FALSE
0429283,2,1,1,24243,24243,FALSE,TRUE,3,3,FALSE
0429284,4,1,1,24240,24240,FALSE,TRUE,3,3,FALSE
0429290,3,1,1,24243,24243,FALSE,TRUE,3,3,FALSE
0429291,1,1,1,24240,24240,FALSE,TRUE,3,3,FALSE
0429294,23,2,2,24240,24243,FALSE,TRUE,6,6,FALSE
0429295,12,2,2,24240,24243,FALSE,TRUE,6,6,FALSE
0429298,34,2,2,24240,24243,FALSE,TRUE,6,6,FALSE
0429299,12,2,2,24240,24243,FALSE,TRUE,6,6,FALSE
0429301,12,2,2,24240,24243,FALSE,TRUE,6,6,FALSE
0429303,12,2,2,24240,24243,FALSE,TRUE,6,6,FALSE
0429304,1,1,1,24240,24240,FALSE,TRUE,3,3,FALSE
0429306,1,1,1,24240,24240,FALSE,TRUE,3,3,FALSE
0429307,2,1,1,24243,24243,FALSE,TRUE,3,3,FALSE
0429308,1,1,1,24240,24240,FALSE,TRUE,3,3,FALSE
0429311,12,2,2,24240,24243,FALSE,TRUE,6,6,FALSE
0429317,12,2,2,24240,24243,FALSE,TRUE,6,6,FALSE
0429318,12,2,2,24240,24243,FALSE,TRUE,6,6,FALSE
0429320,12,2,2,24240,24243,FALSE,TRUE,6,6,FALSE
0429322,1,1,1,24240,24240,FALSE,TRUE,3,3,FALSE
0429324,2,1,1,24240,24240,FALSE,TRUE,3,3,FALSE
0429325,1,1,1,24240,24240,FALSE,TRUE,3,3,FALSE
0429326,2,1,1,24243,24243,FALSE,TRUE,3,3,FALSE
0429328,12,2,2,24240,24243,FALSE,TRUE,6,6,FALSE
0429329,12,2,2,24240,24243,FALSE,TRUE,6,6,FALSE
0429330,12,2,2,24240,24243,FALSE,TRUE,6,6,FALSE
0429332,12,2,2,24240,24243,FALSE,TRUE,6,6,FALSE
0429333,2,1,1,24243,24243,FALSE,TRUE,3,3,FALSE
0429340,12,2,2,24240,24243,FALSE,TRUE,6,6,FALSE
0429341,34,2,2,24240,24243,FALSE,TRUE,6,6,FALSE
0429347,4,1,1,24240,24240,FALSE,TRUE,3,3,FALSE
0429349,12,2,2,24240,24243,FALSE,TRUE,6,6,FALSE
0429350,12,2,2,24240,24243,FALSE,TRUE,6,6,FALSE
0429352,12,2,2,24240,24243,FALSE,TRUE,6,6,FALSE
0429353,1,1,1,24240,24240,FALSE,TRUE,3,3,FALSE
0429359,2,1,1,24243,24243,FALSE,TRUE,3,3,FALSE
0429362,12,2,2,24240,24243,FALSE,TRUE,6,6,FALSE
0429363,2,1,1,24243,24243,FALSE,TRUE,3,3,FALSE
0429365,12,2,2,24240,24243,FALSE,TRUE,6,6,FALSE
0429366,12,2,2,24240,24243,FALSE,TRUE,6,6,FALSE
0429368,2,1,1,24243,24243,FALSE,TRUE,3,3,FALSE
0429372,1,1,1,24240,24240,FALSE,TRUE,3,3,FALSE
0429373,12,2,2,24240,24243,FALSE,TRUE,6,6,FALSE
0429374,12,2,2,24240,24243,FALSE,TRUE,6,6,FALSE
0429376,12,2,2,24240,24243,FALSE,TRUE,6,6,FALSE
0429378,12,2,2,24240,24243,FALSE,TRUE,6,6,FALSE
0429379,12,2,2,24240,24243,FALSE,TRUE,6,6,FALSE
0429380,1,1,1,24240,24240,FALSE,TRUE,3,3,FALSE
0429383,12,2,2,24240,24243,FALSE,TRUE,6,6,FALSE
0429385,1,1,1,24240,24240,FALSE,TRUE,3,3,FALSE
0429386,1,1,1,24240,24240,FALSE,TRUE,3,3,FALSE
0429391,12,2,2,24240,24243,FALSE,TRUE,6,6,FALSE
0429392,2,1,1,24243,24243,FALSE,TRUE,3,3,FALSE
0429394,12,2,2,24240,24243,FALSE,TRUE,6,6,FALSE
0429395,12,2,2,24240,24243,FALSE,TRUE,6,6,FALSE
0429396,12,2,2,24240,24243,FALSE,TRUE,6,6,FALSE
0429398,1,1,1,24240,24240,FALSE,TRUE,3,3,FALSE
0429400,1,1,1,24240,24240,FALSE,TRUE,3,3,FALSE
0429402,2,1,1,24243,24243,FALSE,TRUE,3,3,FALSE
0429403,12,2,2,24240,24243,FALSE,TRUE,6,6,FALSE
0429404,12,2,2,24240,24243,FALSE,TRUE,6,6,FALSE
0429405,2,1,1,24243,24243,FALSE,TRUE,3,3,FALSE
0429407,2,1,1,24243,24243,FALSE,TRUE,3,3,FALSE
0429410,12,2,2,24240,24243,FALSE,TRUE,6,6,FALSE
0429412,12,2,2,24240,24243,FALSE,TRUE,6,6,FALSE
0429414,1,1,1,24240,24240,FALSE,TRUE,3,3,FALSE
0429417,1,1,1,24240,24240,FALSE,TRUE,3,3,FALSE
0429418,12,2,2,24240,24243,FALSE,TRUE,6,6,FALSE
0429419,12,2,2,24240,24243,FALSE,TRUE,6,6,FALSE
0429420,2,1,1,24243,24243,FALSE,TRUE,3,3,FALSE
0429421,4,1,1,24240,24240,FALSE,TRUE,3,3,FALSE
0429422,12,2,2,24240,24243,FALSE,TRUE,6,6,FALSE
0429423,12,2,2,24240,24243,FALSE,TRUE,6,6,FALSE
0429424,12,2,2,24240,24243,FALSE,TRUE,6,6,FALSE
0429426,12,2,2,24240,24243,FALSE,TRUE,6,6,FALSE
0429429,1,1,1,24240,24240,FALSE,TRUE,3,3,FALSE
0429430,1,1,1,24240,24240,FALSE,TRUE,3,3,FALSE
0429431,2,1,1,24243,24243,FALSE,TRUE,3,3,FALSE
0429437,2,1,1,24243,24243,FALSE,TRUE,3,3,FALSE
0429439,12,2,2,24240,24243,FALSE,TRUE,6,6,FALSE
0429440,12,2,2,24240,24243,FALSE,TRUE,6,6,FALSE
0429443,2,1,1,24243,24243,FALSE,TRUE,3,3,FALSE
0429444,12,2,2,24240,24243,FALSE,TRUE,6,6,FALSE
0429446,12,2,2,24240,24243,FALSE,TRUE,6,6,FALSE
0429451,2,1,1,24243,24243,FALSE,TRUE,3,3,FALSE
0429452,1,1,1,24240,24240,FALSE,TRUE,3,3,FALSE
0429453,12,2,2,24240,24243,FALSE,TRUE,6,6,FALSE
0429455,2,1,1,24243,24243,FALSE,TRUE,3,3,FALSE
0429458,12,2,2,24240,24243,FALSE,TRUE,6,6,FALSE
0429460,1,1,1,24240,24240,FALSE,TRUE,3,3,FALSE
0429464,12,2,2,24240,24243,FALSE,TRUE,6,6,FALSE
0429465,1,1,1,24240,24240,FALSE,TRUE,3,3,FALSE
0429468,12,2,2,24240,24243,FALSE,TRUE,6,6,FALSE
0429469,12,2,2,24240,24243,FALSE,TRUE,6,6,FALSE
0429471,1,1,1,24240,24240,FALSE,TRUE,3,3,FALSE
0429473,12,2,2,24240,24243,FALSE,TRUE,6,6,FALSE
0429474,1,1,1,24240,24240,FALSE,TRUE,3,3,FALSE
0429475,12,2,2,24240,24243,FALSE,TRUE,6,6,FALSE
0429476,12,2,2,24240,24243,FALSE,TRUE,6,6,FALSE
0429477,1,1,1,24240,24240,FALSE,TRUE,3,3,FALSE
0429478,23,2,2,24240,24243,FALSE,TRUE,6,6,FALSE
0429479,12,2,2,24240,24243,FALSE,TRUE,6,6,FALSE
0429482,1,1,1,24240,24240,FALSE,TRUE,3,3,FALSE
0429484,1,1,1,24240,24240,FALSE,TRUE,3,3,FALSE
0429486,12,2,2,24240,24243,FALSE,TRUE,6,6,FALSE
0429488,12,2,2,24240,24243,FALSE,TRUE,6,6,FALSE
0429489,12,2,2,24240,24243,FALSE,TRUE,6,6,FALSE
0429490,12,2,2,24240,24243,FALSE,TRUE,6,6,FALSE
0429491,2,1,1,24243,24243,FALSE,TRUE,3,3,FALSE
0429494,2,1,1,24243,24243,FALSE,TRUE,3,3,FALSE
0429497,2,1,1,24243,24243,FALSE,TRUE,3,3,FALSE
0429503,2,1,1,24243,24243,FALSE,TRUE,3,3,FALSE
0429504,1,1,1,24240,24240,FALSE,TRUE,3,3,FALSE
0429506,12,2,2,24240,24243,FALSE,TRUE,6,6,FALSE
0429508,2,1,1,24243,24243,FALSE,TRUE,3,3,FALSE
0429509,12,2,2,24240,24243,FALSE,TRUE,6,6,FALSE
0429513,12,2,2,24240,24243,FALSE,TRUE,6,6,FALSE
0429514,3,1,1,24240,24240,FALSE,TRUE,3,3,FALSE
0429515,12,2,2,24240,24243,FALSE,TRUE,6,6,FALSE
0429518,12,2,2,24240,24243,FALSE,TRUE,6,6,FALSE
0429519,4,1,1,24243,24243,FALSE,TRUE,3,3,FALSE
0429520,1,1,1,24240,24240,FALSE,TRUE,3,3,FALSE
0429521,12,2,2,24240,24243,FALSE,TRUE,6,6,FALSE
0429522,12,2,2,24240,24243,FALSE,TRUE,6,6,FALSE
0429524,12,2,2,24240,24243,FALSE,TRUE,6,6,FALSE
0429527,12,2,2,24240,24243,FALSE,TRUE,6,6,FALSE
0429528,12,2,2,24240,24243,FALSE,TRUE,6,6,FALSE
0429529,1,1,1,24240,24240,FALSE,TRUE,3,3,FALSE
0429531,2,1,1,24240,24240,FALSE,TRUE,3,3,FALSE
0429532,2,1,1,24243,24243,FALSE,TRUE,3,3,FALSE
0429533,12,2,2,24240,24243,FALSE,TRUE,6,6,FALSE
0429534,1,1,1,24240,24240,FALSE,TRUE,3,3,FALSE
0429535,1,1,1,24240,24240,FALSE,TRUE,3,3,FALSE
0429537,12,2,2,24240,24243,FALSE,TRUE,6,6,FALSE
0429538,3,1,1,24240,24240,FALSE,TRUE,3,3,FALSE
0429539,12,2,2,24240,24243,FALSE,TRUE,6,6,FALSE
0429542,12,2,2,24240,24243,FALSE,TRUE,6,6,FALSE
0429545,1,1,1,24240,24240,FALSE,TRUE,3,3,FALSE
0429548,1,1,1,24240,24240,FALSE,TRUE,3,3,FALSE
0429550,4,1,1,24240,24240,FALSE,TRUE,3,3,FALSE
0429552,1,1,1,24240,24240,FALSE,TRUE,3,3,FALSE
0429553,1,1,1,24240,24240,FALSE,TRUE,3,3,FALSE
0429554,12,2,2,24240,24243,FALSE,TRUE,6,6,FALSE
0429555,12,2,2,24240,24243,FALSE,TRUE,6,6,FALSE
0429556,2,1,1,24243,24243,FALSE,TRUE,3,3,FALSE
0429557,12,2,2,24240,24243,FALSE,TRUE,6,6,FALSE
0429559,1,1,1,24240,24240,FALSE,TRUE,3,3,FALSE
0429560,12,2,2,24240,24243,FALSE,TRUE,6,6,FALSE
0429562,2,1,1,24243,24243,FALSE,TRUE,3,3,FALSE
0429564,12,2,2,24240,24243,FALSE,TRUE,6,6,FALSE
0429565,12,2,2,24240,24243,FALSE,TRUE,6,6,FALSE
0429566,12,2,2,24240,24243,FALSE,TRUE,6,6,FALSE
0429567,12,2,2,24240,24243,FALSE,TRUE,6,6,FALSE
0429569,12,2,2,24240,24243,FALSE,TRUE,6,6,FALSE
0429570,12,2,2,24240,24243,FALSE,TRUE,6,6,FALSE
0429571,12,2,2,24240,24243,FALSE,TRUE,6,6,FALSE
0429572,12,2,2,24240,24243,FALSE,TRUE,6,6,FALSE
0429574,1,1,1,24240,24240,FALSE,TRUE,3,3,FALSE
0429575,12,2,2,24240,24243,FALSE,TRUE,6,6,FALSE
0429576,12,2,2,24240,24243,FALSE,TRUE,6,6,FALSE
0429577,12,2,2,24240,24243,FALSE,TRUE,6,6,FALSE
0429578,12,2,2,24240,24243,FALSE,TRUE,6,6,FALSE
0429579,1,1,1,24240,24240,FALSE,TRUE,3,3,FALSE
0429582,2,1,1,24243,24243,FALSE,TRUE,3,3,FALSE
0429583,12,2,2,24240,24243,FALSE,TRUE,6,6,FALSE
0429584,12,2,2,24240,24243,FALSE,TRUE,6,6,FALSE
0429585,2,1,1,24243,24243,FALSE,TRUE,3,3,FALSE
0429586,1,1,1,24240,24240,FALSE,TRUE,3,3,FALSE
0429587,3,1,1,24240,24240,FALSE,TRUE,3,3,FALSE
0429588,1,1,1,24240,24240,FALSE,TRUE,3,3,FALSE
0429589,12,2,2,24240,24243,FALSE,TRUE,6,6,FALSE
0429593,12,2,2,24240,24243,FALSE,TRUE,6,6,FALSE
0429594,12,2,2,24240,24243,FALSE,TRUE,6,6,FALSE
0429598,12,2,2,24240,24243,FALSE,TRUE,6,6,FALSE
0429599,1,1,1,24240,24240,FALSE,TRUE,3,3,FALSE
0429600,1,1,1,24240,24240,FALSE,TRUE,3,3,FALSE
0429601,12,2,2,24240,24243,FALSE,TRUE,6,6,FALSE
0429602,1,1,1,24240,24240,FALSE,TRUE,3,3,FALSE
0429604,1,1,1,24240,24240,FALSE,TRUE,3,3,FALSE
0429605,1,1,1,24240,24240,FALSE,TRUE,3,3,FALSE
0429606,12,2,2,24240,24243,FALSE,TRUE,6,6,FALSE
0429607,12,2,2,24240,24243,FALSE,TRUE,6,6,FALSE
0429608,12,2,2,24240,24243,FALSE,TRUE,6,6,FALSE
0429609,1,1,1,24240,24240,FALSE,TRUE,3,3,FALSE
0429610,1,1,1,24240,24240,FALSE,TRUE,3,3,FALSE
0429613,1,1,1,24240,24240,FALSE,TRUE,3,3,FALSE
0429614,12,2,2,24240,24243,FALSE,TRUE,6,6,FALSE
0429615,12,2,2,24240,24243,FALSE,TRUE,6,6,FALSE
0429617,1,1,1,24240,24240,FALSE,TRUE,3,3,FALSE
0429620,12,2,2,24240,24243,FALSE,TRUE,6,6,FALSE
0429621,2,1,1,24243,24243,FALSE,TRUE,3,3,FALSE
0429625,4,1,1,24240,24240,FALSE,TRUE,3,3,FALSE
0429627,1,1,1,24240,24240,FALSE,TRUE,3,3,FALSE
0429628,2,1,1,24243,24243,FALSE,TRUE,3,3,FALSE
0429629,12,2,2,24240,24243,FALSE,TRUE,6,6,FALSE
0429630,12,2,2,24240,24243,FALSE,TRUE,6,6,FALSE
0429633,1,1,1,24240,24240,FALSE,TRUE,3,3,FALSE
0429636,12,2,2,24240,24243,FALSE,TRUE,6,6,FALSE
0429637,12,2,2,24240,24243,FALSE,TRUE,6,6,FALSE
0429638,12,2,2,24240,24243,FALSE,TRUE,6,6,FALSE
0429640,12,2,2,24240,24243,FALSE,TRUE,6,6,FALSE
0429641,12,2,2,24240,24243,FALSE,TRUE,6,6,FALSE
0429644,12,2,2,24240,24243,FALSE,TRUE,6,6,FALSE
0429648,1,1,1,24240,24240,FALSE,TRUE,3,3,FALSE
0429649,2,1,1,24243,24243,FALSE,TRUE,3,3,FALSE
0429650,12,2,2,24240,24243,FALSE,TRUE,6,6,FALSE
0429652,12,2,2,24240,24243,FALSE,TRUE,6,6,FALSE
0429653,12,2,2,24240,24243,FALSE,TRUE,6,6,FALSE
0429654,12,2,2,24240,24243,FALSE,TRUE,6,6,FALSE
0429655,12,2,2,24240,24243,FALSE,TRUE,6,6,FALSE
0429656,1,1,1,24240,24240,FALSE,TRUE,3,3,FALSE
0429657,12,2,2,24240,24243,FALSE,TRUE,6,6,FALSE
0429660,1,1,1,24240,24240,FALSE,TRUE,3,3,FALSE
0429661,3,1,1,24243,24243,FALSE,TRUE,3,3,FALSE
0429662,2,1,1,24243,24243,FALSE,TRUE,3,3,FALSE
0429665,12,2,2,24240,24243,FALSE,TRUE,6,6,FALSE
0429667,12,2,2,24240,24243,FALSE,TRUE,6,6,FALSE
0429673,12,2,2,24240,24243,FALSE,TRUE,6,6,FALSE
0429676,12,2,2,24240,24243,FALSE,TRUE,6,6,FALSE
0429677,2,1,1,24243,24243,FALSE,TRUE,3,3,FALSE
0429678,12,2,2,24240,24243,FALSE,TRUE,6,6,FALSE
0429681,12,2,2,24240,24243,FALSE,TRUE,6,6,FALSE
0429682,12,2,2,24240,24243,FALSE,TRUE,6,6,FALSE
0429683,34,2,2,24240,24243,FALSE,TRUE,6,6,FALSE
0429684,12,2,2,24240,24243,FALSE,TRUE,6,6,FALSE
0429685,1,1,1,24240,24240,FALSE,TRUE,3,3,FALSE
0429688,2,1,1,24243,24243,FALSE,TRUE,3,3,FALSE
0429689,12,2,2,24240,24243,FALSE,TRUE,6,6,FALSE
0429691,12,2,2,24240,24243,FALSE,TRUE,6,6,FALSE
0429692,12,2,2,24240,24243,FALSE,TRUE,6,6,FALSE
0429694,12,2,2,24240,24243,FALSE,TRUE,6,6,FALSE
0429695,12,2,2,24240,24243,FALSE,TRUE,6,6,FALSE
0429697,4,1,1,24240,24240,FALSE,TRUE,3,3,FALSE
0429699,12,2,2,24240,24243,FALSE,TRUE,6,6,FALSE
0429700,12,2,2,24240,24243,FALSE,TRUE,6,6,FALSE
0429702,12,2,2,24240,24243,FALSE,TRUE,6,6,FALSE
0429703,34,2,2,24240,24243,FALSE,TRUE,6,6,FALSE
0429705,2,1,1,24243,24243,FALSE,TRUE,3,3,FALSE
0429709,12,2,2,24240,24243,FALSE,TRUE,6,6,FALSE
0429711,2,1,1,24243,24243,FALSE,TRUE,3,3,FALSE
0429712,1,1,1,24240,24240,FALSE,TRUE,3,3,FALSE
0429713,2,1,1,24243,24243,FALSE,TRUE,3,3,FALSE
0429715,12,2,2,24240,24243,FALSE,TRUE,6,6,FALSE
0429717,12,2,2,24240,24243,FALSE,TRUE,6,6,FALSE
0429719,1,1,1,24240,24240,FALSE,TRUE,3,3,FALSE
0429720,2,1,1,24243,24243,FALSE,TRUE,3,3,FALSE
0429722,2,1,1,24243,24243,FALSE,TRUE,3,3,FALSE
0429723,12,2,2,24240,24243,FALSE,TRUE,6,6,FALSE
0429726,12,2,2,24240,24243,FALSE,TRUE,6,6,FALSE
0429728,34,2,2,24240,24243,FALSE,TRUE,6,6,FALSE
0429729,1,1,1,24240,24240,FALSE,TRUE,3,3,FALSE
0429731,1,1,1,24240,24240,FALSE,TRUE,3,3,FALSE
0429734,12,2,2,24240,24243,FALSE,TRUE,6,6,FALSE
0429735,2,1,1,24243,24243,FALSE,TRUE,3,3,FALSE
0429740,1,1,1,24240,24240,FALSE,TRUE,3,3,FALSE
0429743,12,2,2,24240,24243,FALSE,TRUE,6,6,FALSE
0429744,12,2,2,24240,24243,FALSE,TRUE,6,6,FALSE
0429745,12,2,2,24240,24243,FALSE,TRUE,6,6,FALSE
0429747,2,1,1,24243,24243,FALSE,TRUE,3,3,FALSE
0429748,12,2,2,24240,24243,FALSE,TRUE,6,6,FALSE
0429750,12,2,2,24240,24243,FALSE,TRUE,6,6,FALSE
0429752,12,2,2,24240,24243,FALSE,TRUE,6,6,FALSE
0429756,12,2,2,24240,24243,FALSE,TRUE,6,6,FALSE
0429758,2,1,1,24243,24243,FALSE,TRUE,3,3,FALSE
0429760,12,2,2,24240,24243,FALSE,TRUE,6,6,FALSE
0429762,12,2,2,24240,24243,FALSE,TRUE,6,6,FALSE
0429763,12,2,2,24240,24243,FALSE,TRUE,6,6,FALSE
0429764,12,2,2,24240,24243,FALSE,TRUE,6,6,FALSE
0429765,1,1,1,24240,24240,FALSE,TRUE,3,3,FALSE
0429768,12,2,2,24240,24243,FALSE,TRUE,6,6,FALSE
0429769,12,2,2,24240,24243,FALSE,TRUE,6,6,FALSE
0429770,2,1,1,24243,24243,FALSE,TRUE,3,3,FALSE
0429772,12,2,2,24240,24243,FALSE,TRUE,6,6,FALSE
0429773,12,2,2,24240,24243,FALSE,TRUE,6,6,FALSE
0429776,12,2,2,24240,24243,FALSE,TRUE,6,6,FALSE
0429778,34,2,2,24240,24243,FALSE,TRUE,6,6,FALSE
0429780,12,2,2,24240,24243,FALSE,TRUE,6,6,FALSE
0429782,2,1,1,24243,24243,FALSE,TRUE,3,3,FALSE
0429783,12,2,2,24240,24243,FALSE,TRUE,6,6,FALSE
0429785,12,2,2,24240,24243,FALSE,TRUE,6,6,FALSE
0429788,12,2,2,24240,24243,FALSE,TRUE,6,6,FALSE
0429790,12,2,2,24240,24243,FALSE,TRUE,6,6,FALSE
0429793,1,1,1,24240,24240,FALSE,TRUE,3,3,FALSE
0429794,12,2,2,24240,24243,FALSE,TRUE,6,6,FALSE
0429796,1,1,1,24240,24240,FALSE,TRUE,3,3,FALSE
0429797,3,1,1,24240,24240,FALSE,TRUE,3,3,FALSE
0429799,12,2,2,24240,24243,FALSE,TRUE,6,6,FALSE
0429800,34,2,2,24240,24243,FALSE,TRUE,6,6,FALSE
0429802,2,1,1,24243,24243,FALSE,TRUE,3,3,FALSE
0429804,12,2,2,24240,24243,FALSE,TRUE,6,6,FALSE
0429805,2,1,1,24243,24243,FALSE,TRUE,3,3,FALSE
0429806,1,1,1,24240,24240,FALSE,TRUE,3,3,FALSE
0429807,1,1,1,24240,24240,FALSE,TRUE,3,3,FALSE
0429810,2,1,1,24243,24243,FALSE,TRUE,3,3,FALSE
0429811,2,1,1,24243,24243,FALSE,TRUE,3,3,FALSE
0429816,12,2,2,24240,24243,FALSE,TRUE,6,6,FALSE
0429819,12,2,2,24240,24243,FALSE,TRUE,6,6,FALSE
0429820,2,1,1,24243,24243,FALSE,TRUE,3,3,FALSE
0429821,12,2,2,24240,24243,FALSE,TRUE,6,6,FALSE
0429822,2,1,1,24243,24243,FALSE,TRUE,3,3,FALSE
0429823,1,1,1,24240,24240,FALSE,TRUE,3,3,FALSE
0429825,12,2,2,24240,24243,FALSE,TRUE,6,6,FALSE
0429826,12,2,2,24240,24243,FALSE,TRUE,6,6,FALSE
0429828,1,1,1,24240,24240,FALSE,TRUE,3,3,FALSE
0429829,12,2,2,24240,24243,FALSE,TRUE,6,6,FALSE
0429830,12,2,2,24240,24243,FALSE,TRUE,6,6,FALSE
0429832,12,2,2,24240,24243,FALSE,TRUE,6,6,FALSE
0429833,12,2,2,24240,24243,FALSE,TRUE,6,6,FALSE
0429834,1,1,1,24240,24240,FALSE,TRUE,3,3,FALSE
0429837,12,2,2,24240,24243,FALSE,TRUE,6,6,FALSE
0429838,2,1,1,24243,24243,FALSE,TRUE,3,3,FALSE
0429840,12,2,2,24240,24243,FALSE,TRUE,6,6,FALSE
0429842,12,2,2,24240,24243,FALSE,TRUE,6,6,FALSE
0429845,2,1,1,24243,24243,FALSE,TRUE,3,3,FALSE
0429847,1,1,1,24240,24240,FALSE,TRUE,3,3,FALSE
0429848,1,1,1,24240,24240,FALSE,TRUE,3,3,FALSE
0429849,12,2,2,24240,24243,FALSE,TRUE,6,6,FALSE
0429851,12,2,2,24240,24243,FALSE,TRUE,6,6,FALSE
0429854,12,2,2,24240,24243,FALSE,TRUE,6,6,FALSE
0429855,2,1,1,24243,24243,FALSE,TRUE,3,3,FALSE
0429859,2,1,1,24243,24243,FALSE,TRUE,3,3,FALSE
0429860,1,1,1,24240,24240,FALSE,TRUE,3,3,FALSE
0429865,12,2,2,24240,24243,FALSE,TRUE,6,6,FALSE
0429869,12,2,2,24240,24243,FALSE,TRUE,6,6,FALSE
0429870,12,2,2,24240,24243,FALSE,TRUE,6,6,FALSE
0429871,12,2,2,24240,24243,FALSE,TRUE,6,6,FALSE
0429872,12,2,2,24240,24243,FALSE,TRUE,6,6,FALSE
0429874,12,2,2,24240,24243,FALSE,TRUE,6,6,FALSE
0429875,2,1,1,24243,24243,FALSE,TRUE,3,3,FALSE
0429877,3,1,1,24240,24240,FALSE,TRUE,3,3,FALSE
0429878,12,2,2,24240,24243,FALSE,TRUE,6,6,FALSE
0429879,12,2,2,24240,24243,FALSE,TRUE,6,6,FALSE
0429881,2,1,1,24243,24243,FALSE,TRUE,3,3,FALSE
0429882,2,1,1,24243,24243,FALSE,TRUE,3,3,FALSE
0429883,12,2,2,24240,24243,FALSE,TRUE,6,6,FALSE
0429885,2,1,1,24243,24243,FALSE,TRUE,3,3,FALSE
0429892,1,1,1,24240,24240,FALSE,TRUE,3,3,FALSE
0429894,1,1,1,24240,24240,FALSE,TRUE,3,3,FALSE
0429899,12,2,2,24240,24243,FALSE,TRUE,6,6,FALSE
0429900,12,2,2,24240,24243,FALSE,TRUE,6,6,FALSE
0429901,12,2,2,24240,24243,FALSE,TRUE,6,6,FALSE
0429902,12,2,2,24240,24243,FALSE,TRUE,6,6,FALSE
0429903,34,2,2,24240,24243,FALSE,TRUE,6,6,FALSE
0429904,12,2,2,24240,24243,FALSE,TRUE,6,6,FALSE
0429905,12,2,2,24240,24243,FALSE,TRUE,6,6,FALSE
0429912,12,2,2,24240,24243,FALSE,TRUE,6,6,FALSE
0429914,2,1,1,24243,24243,FALSE,TRUE,3,3,FALSE
0429915,12,2,2,24240,24243,FALSE,TRUE,6,6,FALSE
0429916,12,2,2,24240,24243,FALSE,TRUE,6,6,FALSE
0429917,12,2,2,24240,24243,FALSE,TRUE,6,6,FALSE
0429918,1,1,1,24240,24240,FALSE,TRUE,3,3,FALSE
0429920,12,2,2,24240,24243,FALSE,TRUE,6,6,FALSE
0429921,12,2,2,24240,24243,FALSE,TRUE,6,6,FALSE
0429923,2,1,1,24243,24243,FALSE,TRUE,3,3,FALSE
0429924,12,2,2,24240,24243,FALSE,TRUE,6,6,FALSE
0429926,12,2,2,24240,24243,FALSE,TRUE,6,6,FALSE
0429927,2,1,1,24243,24243,FALSE,TRUE,3,3,FALSE
0429930,2,1,1,24243,24243,FALSE,TRUE,3,3,FALSE
0429931,12,2,2,24240,24243,FALSE,TRUE,6,6,FALSE
0429932,12,2,2,24240,24243,FALSE,TRUE,6,6,FALSE
0429935,12,2,2,24240,24243,FALSE,TRUE,6,6,FALSE
0429936,12,2,2,24240,24243,FALSE,TRUE,6,6,FALSE
0429937,12,2,2,24240,24243,FALSE,TRUE,6,6,FALSE
0429938,12,2,2,24240,24243,FALSE,TRUE,6,6,FALSE
0429939,1,1,1,24240,24240,FALSE,TRUE,3,3,FALSE
0429945,12,2,2,24240,24243,FALSE,TRUE,6,6,FALSE
0429946,12,2,2,24240,24243,FALSE,TRUE,6,6,FALSE
0429947,23,2,2,24240,24243,FALSE,TRUE,6,6,FALSE
0429952,12,2,2,24240,24243,FALSE,TRUE,6,6,FALSE
0429953,12,2,2,24240,24243,FALSE,TRUE,6,6,FALSE
0429958,1,1,1,24240,24240,FALSE,TRUE,3,3,FALSE
0429959,12,2,2,24240,24243,FALSE,TRUE,6,6,FALSE
0431008,1,1,1,24241,24241,FALSE,TRUE,3,3,FALSE
0431016,1,1,1,24241,24241,FALSE,TRUE,3,3,FALSE
0431018,1,1,1,24241,24241,FALSE,TRUE,3,3,FALSE
0431020,1,1,1,24241,24241,FALSE,TRUE,3,3,FALSE
0431024,1,1,1,24241,24241,FALSE,TRUE,3,3,FALSE
0431025,1,1,1,24241,24241,FALSE,TRUE,3,3,FALSE
0431027,4,1,1,24241,24241,FALSE,TRUE,3,3,FALSE
0431029,1,1,1,24241,24241,FALSE,TRUE,3,3,FALSE
0431030,1,1,1,24241,24241,FALSE,TRUE,3,3,FALSE
0431032,1,1,1,24241,24241,FALSE,TRUE,3,3,FALSE
0431033,1,1,1,24241,24241,FALSE,TRUE,3,3,FALSE
0431037,1,1,1,24241,24241,FALSE,TRUE,3,3,FALSE
0431041,1,1,1,24241,24241,FALSE,TRUE,3,3,FALSE
0431042,1,1,1,24241,24241,FALSE,TRUE,3,3,FALSE
0431043,1,1,1,24241,24241,FALSE,TRUE,3,3,FALSE
0431046,1,1,1,24241,24241,FALSE,TRUE,3,3,FALSE
0431047,1,1,1,24241,24241,FALSE,TRUE,3,3,FALSE
0431049,1,1,1,24241,24241,FALSE,TRUE,3,3,FALSE
0431051,3,1,1,24241,24241,FALSE,TRUE,3,3,FALSE
0431052,1,1,1,24241,24241,FALSE,TRUE,3,3,FALSE
0431057,1,1,1,24241,24241,FALSE,TRUE,3,3,FALSE
0431059,1,1,1,24241,24241,FALSE,TRUE,3,3,FALSE
0431060,1,1,1,24241,24241,FALSE,TRUE,3,3,FALSE
0431062,1,1,1,24241,24241,FALSE,TRUE,3,3,FALSE
0431064,1,1,1,24241,24241,FALSE,TRUE,3,3,FALSE
0431065,1,1,1,24241,24241,FALSE,TRUE,3,3,FALSE
0431066,1,1,1,24241,24241,FALSE,TRUE,3,3,FALSE
0431075,3,1,1,24241,24241,FALSE,TRUE,3,3,FALSE
0431076,1,1,1,24241,24241,FALSE,TRUE,3,3,FALSE
0431078,1,1,1,24241,24241,FALSE,TRUE,3,3,FALSE
0431083,1,1,1,24241,24241,FALSE,TRUE,3,3,FALSE
0431084,1,1,1,24241,24241,FALSE,TRUE,3,3,FALSE
0431086,1,1,1,24241,24241,FALSE,TRUE,3,3,FALSE
0431087,1,1,1,24241,24241,FALSE,TRUE,3,3,FALSE
0431091,1,1,1,24241,24241,FALSE,TRUE,3,3,FALSE
0431095,1,1,1,24241,24241,FALSE,TRUE,3,3,FALSE
0431097,1,1,1,24241,24241,FALSE,TRUE,3,3,FALSE
0431098,1,1,1,24241,24241,FALSE,TRUE,3,3,FALSE
0431099,1,1,1,24241,24241,FALSE,TRUE,3,3,FALSE
0431101,1,1,1,24241,24241,FALSE,TRUE,3,3,FALSE
0431106,1,1,1,24241,24241,FALSE,TRUE,3,3,FALSE
0431108,1,1,1,24241,24241,FALSE,TRUE,3,3,FALSE
0431109,1,1,1,24241,24241,FALSE,TRUE,3,3,FALSE
0431111,1,1,1,24241,24241,FALSE,TRUE,3,3,FALSE
0431112,1,1,1,24241,24241,FALSE,TRUE,3,3,FALSE
0431113,1,1,1,24241,24241,FALSE,TRUE,3,3,FALSE
0431116,1,1,1,24241,24241,FALSE,TRUE,3,3,FALSE
0431117,1,1,1,24241,24241,FALSE,TRUE,3,3,FALSE
0431119,1,1,1,24241,24241,FALSE,TRUE,3,3,FALSE
0431120,1,1,1,24241,24241,FALSE,TRUE,3,3,FALSE
0431122,1,1,1,24241,24241,FALSE,TRUE,3,3,FALSE
0431124,1,1,1,24241,24241,FALSE,TRUE,3,3,FALSE
0431128,1,1,1,24241,24241,FALSE,TRUE,3,3,FALSE
0431130,1,1,1,24241,24241,FALSE,TRUE,3,3,FALSE
0431131,1,1,1,24241,24241,FALSE,TRUE,3,3,FALSE
0431132,1,1,1,24241,24241,FALSE,TRUE,3,3,FALSE
0431139,1,1,1,24241,24241,FALSE,TRUE,3,3,FALSE
0431142,1,1,1,24241,24241,FALSE,TRUE,3,3,FALSE
0431143,1,1,1,24241,24241,FALSE,TRUE,3,3,FALSE
0431147,1,1,1,24241,24241,FALSE,TRUE,3,3,FALSE
0431149,1,1,1,24241,24241,FALSE,TRUE,3,3,FALSE
0431151,1,1,1,24241,24241,FALSE,TRUE,3,3,FALSE
0431152,1,1,1,24241,24241,FALSE,TRUE,3,3,FALSE
0431156,1,1,1,24241,24241,FALSE,TRUE,3,3,FALSE
0431162,1,1,1,24241,24241,FALSE,TRUE,3,3,FALSE
0431163,1,1,1,24241,24241,FALSE,TRUE,3,3,FALSE
0431164,1,1,1,24241,24241,FALSE,TRUE,3,3,FALSE
0431168,1,1,1,24241,24241,FALSE,TRUE,3,3,FALSE
0431174,4,1,1,24241,24241,FALSE,TRUE,3,3,FALSE
0431178,1,1,1,24241,24241,FALSE,TRUE,3,3,FALSE
0431179,1,1,1,24241,24241,FALSE,TRUE,3,3,FALSE
0431180,1,1,1,24241,24241,FALSE,TRUE,3,3,FALSE
0431181,1,1,1,24241,24241,FALSE,TRUE,3,3,FALSE
0431183,1,1,1,24241,24241,FALSE,TRUE,3,3,FALSE
0431184,1,1,1,24241,24241,FALSE,TRUE,3,3,FALSE
0431185,1,1,1,24241,24241,FALSE,TRUE,3,3,FALSE
0431187,1,1,1,24241,24241,FALSE,TRUE,3,3,FALSE
0431193,1,1,1,24241,24241,FALSE,TRUE,3,3,FALSE
0431195,1,1,1,24241,24241,FALSE,TRUE,3,3,FALSE
0431196,1,1,1,24241,24241,FALSE,TRUE,3,3,FALSE
0431198,4,1,1,24241,24241,FALSE,TRUE,3,3,FALSE
0431199,4,1,1,24241,24241,FALSE,TRUE,3,3,FALSE
0431201,1,1,1,24241,24241,FALSE,TRUE,3,3,FALSE
0431204,1,1,1,24241,24241,FALSE,TRUE,3,3,FALSE
0431207,4,1,1,24241,24241,FALSE,TRUE,3,3,FALSE
0431208,1,1,1,24241,24241,FALSE,TRUE,3,3,FALSE
0431209,1,1,1,24241,24241,FALSE,TRUE,3,3,FALSE
0431211,1,1,1,24241,24241,FALSE,TRUE,3,3,FALSE
0431214,1,1,1,24241,24241,FALSE,TRUE,3,3,FALSE
0431218,1,1,1,24241,24241,FALSE,TRUE,3,3,FALSE
0431221,1,1,1,24241,24241,FALSE,TRUE,3,3,FALSE
0431224,1,1,1,24241,24241,FALSE,TRUE,3,3,FALSE
0431225,1,1,1,24241,24241,FALSE,TRUE,3,3,FALSE
0431226,1,1,1,24241,24241,FALSE,TRUE,3,3,FALSE
0431227,1,1,1,24241,24241,FALSE,TRUE,3,3,FALSE
0431228,1,1,1,24241,24241,FALSE,TRUE,3,3,FALSE
0431229,3,1,1,24241,24241,FALSE,TRUE,3,3,FALSE
0431231,1,1,1,24241,24241,FALSE,TRUE,3,3,FALSE
0431232,1,1,1,24241,24241,FALSE,TRUE,3,3,FALSE
0431234,1,1,1,24241,24241,FALSE,TRUE,3,3,FALSE
0431237,1,1,1,24241,24241,FALSE,TRUE,3,3,FALSE
0431238,3,1,1,24241,24241,FALSE,TRUE,3,3,FALSE
0431240,1,1,1,24241,24241,FALSE,TRUE,3,3,FALSE
0431242,1,1,1,24241,24241,FALSE,TRUE,3,3,FALSE
0431247,1,1,1,24241,24241,FALSE,TRUE,3,3,FALSE
0431250,1,1,1,24241,24241,FALSE,TRUE,3,3,FALSE
0431252,1,1,1,24241,24241,FALSE,TRUE,3,3,FALSE
0431256,1,1,1,24241,24241,FALSE,TRUE,3,3,FALSE
0431262,1,1,1,24241,24241,FALSE,TRUE,3,3,FALSE
0431263,1,1,1,24241,24241,FALSE,TRUE,3,3,FALSE
0431264,1,1,1,24241,24241,FALSE,TRUE,3,3,FALSE
0431272,1,1,1,24241,24241,FALSE,TRUE,3,3,FALSE
0431273,1,1,1,24241,24241,FALSE,TRUE,3,3,FALSE
0431274,1,1,1,24241,24241,FALSE,TRUE,3,3,FALSE
0431278,1,1,1,24241,24241,FALSE,TRUE,3,3,FALSE
0431279,1,1,1,24241,24241,FALSE,TRUE,3,3,FALSE
0431284,3,1,1,24241,24241,FALSE,TRUE,3,3,FALSE
0431285,1,1,1,24241,24241,FALSE,TRUE,3,3,FALSE
0431288,1,1,1,24241,24241,FALSE,TRUE,3,3,FALSE
0431295,1,1,1,24241,24241,FALSE,TRUE,3,3,FALSE
0431296,1,1,1,24241,24241,FALSE,TRUE,3,3,FALSE
0431298,1,1,1,24241,24241,FALSE,TRUE,3,3,FALSE
0431299,1,1,1,24241,24241,FALSE,TRUE,3,3,FALSE
0431301,1,1,1,24241,24241,FALSE,TRUE,3,3,FALSE
0431302,1,1,1,24241,24241,FALSE,TRUE,3,3,FALSE
0431306,1,1,1,24241,24241,FALSE,TRUE,3,3,FALSE
0431307,1,1,1,24241,24241,FALSE,TRUE,3,3,FALSE
0431310,1,1,1,24241,24241,FALSE,TRUE,3,3,FALSE
0431311,1,1,1,24241,24241,FALSE,TRUE,3,3,FALSE
0431316,1,1,1,24241,24241,FALSE,TRUE,3,3,FALSE
0431318,1,1,1,24241,24241,FALSE,TRUE,3,3,FALSE
0431319,1,1,1,24241,24241,FALSE,TRUE,3,3,FALSE
0431320,1,1,1,24241,24241,FALSE,TRUE,3,3,FALSE
0431321,1,1,1,24241,24241,FALSE,TRUE,3,3,FALSE
0431326,1,1,1,24241,24241,FALSE,TRUE,3,3,FALSE
0431327,1,1,1,24241,24241,FALSE,TRUE,3,3,FALSE
0431329,1,1,1,24241,24241,FALSE,TRUE,3,3,FALSE
0431330,1,1,1,24241,24241,FALSE,TRUE,3,3,FALSE
0431337,1,1,1,24241,24241,FALSE,TRUE,3,3,FALSE
0431338,4,1,1,24241,24241,FALSE,TRUE,3,3,FALSE
0431339,1,1,1,24241,24241,FALSE,TRUE,3,3,FALSE
0431340,1,1,1,24241,24241,FALSE,TRUE,3,3,FALSE
0431346,1,1,1,24241,24241,FALSE,TRUE,3,3,FALSE
0431347,1,1,1,24241,24241,FALSE,TRUE,3,3,FALSE
0431348,1,1,1,24241,24241,FALSE,TRUE,3,3,FALSE
0431349,2,1,1,24241,24241,FALSE,TRUE,3,3,FALSE
0431353,1,1,1,24241,24241,FALSE,TRUE,3,3,FALSE
0431358,1,1,1,24241,24241,FALSE,TRUE,3,3,FALSE
0431359,1,1,1,24241,24241,FALSE,TRUE,3,3,FALSE
0431361,1,1,1,24241,24241,FALSE,TRUE,3,3,FALSE
0431362,1,1,1,24241,24241,FALSE,TRUE,3,3,FALSE
0431364,1,1,1,24241,24241,FALSE,TRUE,3,3,FALSE
0431366,1,1,1,24241,24241,FALSE,TRUE,3,3,FALSE
0431369,2,1,1,24241,24241,FALSE,TRUE,3,3,FALSE
0431372,1,1,1,24241,24241,FALSE,TRUE,3,3,FALSE
0431377,1,1,1,24241,24241,FALSE,TRUE,3,3,FALSE
0431382,1,1,1,24241,24241,FALSE,TRUE,3,3,FALSE
0431383,1,1,1,24241,24241,FALSE,TRUE,3,3,FALSE
0431384,1,1,1,24241,24241,FALSE,TRUE,3,3,FALSE
0431392,2,1,1,24241,24241,FALSE,TRUE,3,3,FALSE
0431393,1,1,1,24241,24241,FALSE,TRUE,3,3,FALSE
0431394,1,1,1,24241,24241,FALSE,TRUE,3,3,FALSE
0431397,1,1,1,24241,24241,FALSE,TRUE,3,3,FALSE
0431399,1,1,1,24241,24241,FALSE,TRUE,3,3,FALSE
0431400,1,1,1,24241,24241,FALSE,TRUE,3,3,FALSE
0431401,1,1,1,24241,24241,FALSE,TRUE,3,3,FALSE
0431405,1,1,1,24241,24241,FALSE,TRUE,3,3,FALSE
0431406,1,1,1,24241,24241,FALSE,TRUE,3,3,FALSE
0431408,1,1,1,24241,24241,FALSE,TRUE,3,3,FALSE
0431409,1,1,1,24241,24241,FALSE,TRUE,3,3,FALSE
0431410,1,1,1,24241,24241,FALSE,TRUE,3,3,FALSE
0431411,4,1,1,24241,24241,FALSE,TRUE,3,3,FALSE
0431414,1,1,1,24241,24241,FALSE,TRUE,3,3,FALSE
0431416,1,1,1,24241,24241,FALSE,TRUE,3,3,FALSE
0431417,1,1,1,24241,24241,FALSE,TRUE,3,3,FALSE
0431423,1,1,1,24241,24241,FALSE,TRUE,3,3,FALSE
0431429,1,1,1,24241,24241,FALSE,TRUE,3,3,FALSE
0431432,1,1,1,24241,24241,FALSE,TRUE,3,3,FALSE
0431436,1,1,1,24241,24241,FALSE,TRUE,3,3,FALSE
0431438,1,1,1,24241,24241,FALSE,TRUE,3,3,FALSE
0431439,1,1,1,24241,24241,FALSE,TRUE,3,3,FALSE
0431440,1,1,1,24241,24241,FALSE,TRUE,3,3,FALSE
0431442,1,1,1,24241,24241,FALSE,TRUE,3,3,FALSE
0431443,1,1,1,24241,24241,FALSE,TRUE,3,3,FALSE
0431444,1,1,1,24241,24241,FALSE,TRUE,3,3,FALSE
0431445,1,1,1,24241,24241,FALSE,TRUE,3,3,FALSE
0431446,1,1,1,24241,24241,FALSE,TRUE,3,3,FALSE
0431447,1,1,1,24241,24241,FALSE,TRUE,3,3,FALSE
0431458,1,1,1,24241,24241,FALSE,TRUE,3,3,FALSE
0431460,1,1,1,24241,24241,FALSE,TRUE,3,3,FALSE
0431461,1,1,1,24241,24241,FALSE,TRUE,3,3,FALSE
0431462,1,1,1,24241,24241,FALSE,TRUE,3,3,FALSE
0431465,1,1,1,24241,24241,FALSE,TRUE,3,3,FALSE
0431466,1,1,1,24241,24241,FALSE,TRUE,3,3,FALSE
0431469,1,1,1,24241,24241,FALSE,TRUE,3,3,FALSE
0431470,1,1,1,24241,24241,FALSE,TRUE,3,3,FALSE
0431472,1,1,1,24241,24241,FALSE,TRUE,3,3,FALSE
0431473,1,1,1,24241,24241,FALSE,TRUE,3,3,FALSE
0431474,1,1,1,24241,24241,FALSE,TRUE,3,3,FALSE
0431475,4,1,1,24241,24241,FALSE,TRUE,3,3,FALSE
0431476,1,1,1,24241,24241,FALSE,TRUE,3,3,FALSE
0431479,1,1,1,24241,24241,FALSE,TRUE,3,3,FALSE
0431480,1,1,1,24241,24241,FALSE,TRUE,3,3,FALSE
0431482,1,1,1,24241,24241,FALSE,TRUE,3,3,FALSE
0431488,1,1,1,24241,24241,FALSE,TRUE,3,3,FALSE
0431492,1,1,1,24241,24241,FALSE,TRUE,3,3,FALSE
0431495,1,1,1,24241,24241,FALSE,TRUE,3,3,FALSE
0431496,1,1,1,24241,24241,FALSE,TRUE,3,3,FALSE
0431497,1,1,1,24241,24241,FALSE,TRUE,3,3,FALSE
0431498,1,1,1,24241,24241,FALSE,TRUE,3,3,FALSE
0431502,1,1,1,24241,24241,FALSE,TRUE,3,3,FALSE
0431503,1,1,1,24241,24241,FALSE,TRUE,3,3,FALSE
0431505,1,1,1,24241,24241,FALSE,TRUE,3,3,FALSE
0431508,1,1,1,24241,24241,FALSE,TRUE,3,3,FALSE
0431509,1,1,1,24241,24241,FALSE,TRUE,3,3,FALSE
0431513,4,1,1,24241,24241,FALSE,TRUE,3,3,FALSE
0431514,1,1,1,24241,24241,FALSE,TRUE,3,3,FALSE
0431515,1,1,1,24241,24241,FALSE,TRUE,3,3,FALSE
0431519,4,1,1,24241,24241,FALSE,TRUE,3,3,FALSE
0431520,2,1,1,24241,24241,FALSE,TRUE,3,3,FALSE
0431521,1,1,1,24241,24241,FALSE,TRUE,3,3,FALSE
0431522,1,1,1,24241,24241,FALSE,TRUE,3,3,FALSE
0431523,1,1,1,24241,24241,FALSE,TRUE,3,3,FALSE
0431524,1,1,1,24241,24241,FALSE,TRUE,3,3,FALSE
0431525,1,1,1,24241,24241,FALSE,TRUE,3,3,FALSE
0431527,1,1,1,24241,24241,FALSE,TRUE,3,3,FALSE
0431529,1,1,1,24241,24241,FALSE,TRUE,3,3,FALSE
0431530,1,1,1,24241,24241,FALSE,TRUE,3,3,FALSE
0431531,1,1,1,24241,24241,FALSE,TRUE,3,3,FALSE
0431533,3,1,1,24241,24241,FALSE,TRUE,3,3,FALSE
0431535,1,1,1,24241,24241,FALSE,TRUE,3,3,FALSE
0431537,1,1,1,24241,24241,FALSE,TRUE,3,3,FALSE
0431541,1,1,1,24241,24241,FALSE,TRUE,3,3,FALSE
0431542,1,1,1,24241,24241,FALSE,TRUE,3,3,FALSE
0431549,1,1,1,24241,24241,FALSE,TRUE,3,3,FALSE
0431550,1,1,1,24241,24241,FALSE,TRUE,3,3,FALSE
0431554,1,1,1,24241,24241,FALSE,TRUE,3,3,FALSE
0431555,1,1,1,24241,24241,FALSE,TRUE,3,3,FALSE
0431559,1,1,1,24241,24241,FALSE,TRUE,3,3,FALSE
0431561,1,1,1,24241,24241,FALSE,TRUE,3,3,FALSE
0431562,1,1,1,24241,24241,FALSE,TRUE,3,3,FALSE
0431564,1,1,1,24241,24241,FALSE,TRUE,3,3,FALSE
0431569,1,1,1,24241,24241,FALSE,TRUE,3,3,FALSE
0431571,1,1,1,24241,24241,FALSE,TRUE,3,3,FALSE
0431576,1,1,1,24241,24241,FALSE,TRUE,3,3,FALSE
0431577,1,1,1,24241,24241,FALSE,TRUE,3,3,FALSE
0431578,1,1,1,24241,24241,FALSE,TRUE,3,3,FALSE
0431579,1,1,1,24241,24241,FALSE,TRUE,3,3,FALSE
0431580,1,1,1,24241,24241,FALSE,TRUE,3,3,FALSE
0431584,1,1,1,24241,24241,FALSE,TRUE,3,3,FALSE
0431586,1,1,1,24241,24241,FALSE,TRUE,3,3,FALSE
0431587,4,1,1,24241,24241,FALSE,TRUE,3,3,FALSE
0431588,1,1,1,24241,24241,FALSE,TRUE,3,3,FALSE
0431589,1,1,1,24241,24241,FALSE,TRUE,3,3,FALSE
0431590,1,1,1,24241,24241,FALSE,TRUE,3,3,FALSE
0431591,1,1,1,24241,24241,FALSE,TRUE,3,3,FALSE
0431597,1,1,1,24241,24241,FALSE,TRUE,3,3,FALSE
0431599,1,1,1,24241,24241,FALSE,TRUE,3,3,FALSE
0431603,1,1,1,24241,24241,FALSE,TRUE,3,3,FALSE
0431606,1,1,1,24241,24241,FALSE,TRUE,3,3,FALSE
0431611,1,1,1,24241,24241,FALSE,TRUE,3,3,FALSE
0431613,1,1,1,24241,24241,FALSE,TRUE,3,3,FALSE
0431614,1,1,1,24241,24241,FALSE,TRUE,3,3,FALSE
0431615,1,1,1,24241,24241,FALSE,TRUE,3,3,FALSE
0431616,1,1,1,24241,24241,FALSE,TRUE,3,0,FALSE
0431617,1,1,1,24241,24241,FALSE,TRUE,3,3,FALSE
0431618,1,1,1,24241,24241,FALSE,TRUE,3,3,FALSE
0431619,1,1,1,24241,24241,FALSE,TRUE,3,3,FALSE
0431620,3,1,1,24241,24241,FALSE,TRUE,3,3,FALSE
0431621,1,1,1,24241,24241,FALSE,TRUE,3,3,FALSE
0431622,1,1,1,24241,24241,FALSE,TRUE,3,3,FALSE
0431623,1,1,1,24241,24241,FALSE,TRUE,3,3,FALSE
0431627,1,1,1,24241,24241,FALSE,TRUE,3,3,FALSE
0431629,1,1,1,24241,24241,FALSE,TRUE,3,3,FALSE
0431632,1,1,1,24241,24241,FALSE,TRUE,3,3,FALSE
0431633,1,1,1,24241,24241,FALSE,TRUE,3,3,FALSE
0431635,1,1,1,24241,24241,FALSE,TRUE,3,3,FALSE
0431636,1,1,1,24241,24241,FALSE,TRUE,3,3,FALSE
0431638,1,1,1,24241,24241,FALSE,TRUE,3,3,FALSE
0431639,1,1,1,24241,24241,FALSE,TRUE,3,3,FALSE
0431641,1,1,1,24241,24241,FALSE,TRUE,3,3,FALSE
0431642,1,1,1,24241,24241,FALSE,TRUE,3,3,FALSE
0431643,2,1,1,24241,24241,FALSE,TRUE,3,3,FALSE
0431644,1,1,1,24241,24241,FALSE,TRUE,3,3,FALSE
0431648,3,1,1,24241,24241,FALSE,TRUE,3,3,FALSE
0431652,1,1,1,24241,24241,FALSE,TRUE,3,3,FALSE
0431653,1,1,1,24241,24241,FALSE,TRUE,3,3,FALSE
0431656,1,1,1,24241,24241,FALSE,TRUE,3,3,FALSE
0431658,1,1,1,24241,24241,FALSE,TRUE,3,3,FALSE
0431665,1,1,1,24241,24241,FALSE,TRUE,3,3,FALSE
0431666,1,1,1,24241,24241,FALSE,TRUE,3,3,FALSE
0431671,1,1,1,24241,24241,FALSE,TRUE,3,3,FALSE
0431672,4,1,1,24241,24241,FALSE,TRUE,3,3,FALSE
0431675,2,1,1,24241,24241,FALSE,TRUE,3,3,FALSE
0431677,1,1,1,24241,24241,FALSE,TRUE,3,3,FALSE
0431681,1,1,1,24241,24241,FALSE,TRUE,3,3,FALSE
0431682,1,1,1,24241,24241,FALSE,TRUE,3,3,FALSE
0431688,1,1,1,24241,24241,FALSE,TRUE,3,3,FALSE
0431689,1,1,1,24241,24241,FALSE,TRUE,3,3,FALSE
0431698,1,1,1,24241,24241,FALSE,TRUE,3,3,FALSE
0431702,1,1,1,24241,24241,FALSE,TRUE,3,3,FALSE
0431704,1,1,1,24241,24241,FALSE,TRUE,3,3,FALSE
0431705,1,1,1,24241,24241,FALSE,TRUE,3,3,FALSE
0431706,1,1,1,24241,24241,FALSE,TRUE,3,3,FALSE
0431708,1,1,1,24241,24241,FALSE,TRUE,3,3,FALSE
0431709,1,1,1,24241,24241,FALSE,TRUE,3,3,FALSE
0431711,1,1,1,24241,24241,FALSE,TRUE,3,3,FALSE
0431714,1,1,1,24241,24241,FALSE,TRUE,3,0,FALSE
0431715,1,1,1,24241,24241,FALSE,TRUE,3,3,FALSE
0431716,1,1,1,24241,24241,FALSE,TRUE,3,3,FALSE
0431719,1,1,1,24241,24241,FALSE,TRUE,3,3,FALSE
0431723,1,1,1,24241,24241,FALSE,TRUE,3,3,FALSE
0431724,1,1,1,24241,24241,FALSE,TRUE,3,3,FALSE
0431726,1,1,1,24241,24241,FALSE,TRUE,3,3,FALSE
0431728,1,1,1,24241,24241,FALSE,TRUE,3,3,FALSE
0431730,1,1,1,24241,24241,FALSE,TRUE,3,3,FALSE
0431732,1,1,1,24241,24241,FALSE,TRUE,3,3,FALSE
0431733,1,1,1,24241,24241,FALSE,TRUE,3,3,FALSE
0431736,2,1,1,24241,24241,FALSE,TRUE,3,3,FALSE
0431737,1,1,1,24241,24241,FALSE,TRUE,3,3,FALSE
0431738,1,1,1,24241,24241,FALSE,TRUE,3,3,FALSE
0431740,1,1,1,24241,24241,FALSE,TRUE,3,3,FALSE
0431742,1,1,1,24241,24241,FALSE,TRUE,3,3,FALSE
0431747,1,1,1,24241,24241,FALSE,TRUE,3,3,FALSE
0431748,1,1,1,24241,24241,FALSE,TRUE,3,3,FALSE
0431753,1,1,1,24241,24241,FALSE,TRUE,3,3,FALSE
0431754,1,1,1,24241,24241,FALSE,TRUE,3,3,FALSE
0431756,1,1,1,24241,24241,FALSE,TRUE,3,3,FALSE
0431761,1,1,1,24241,24241,FALSE,TRUE,3,3,FALSE
0431765,1,1,1,24241,24241,FALSE,TRUE,3,3,FALSE
0431768,2,1,1,24241,24241,FALSE,TRUE,3,3,FALSE
0431770,1,1,1,24241,24241,FALSE,TRUE,3,3,FALSE
0431776,1,1,1,24241,24241,FALSE,TRUE,3,3,FALSE
0431777,1,1,1,24241,24241,FALSE,TRUE,3,3,FALSE
0431780,1,1,1,24241,24241,FALSE,TRUE,3,3,FALSE
0431790,1,1,1,24241,24241,FALSE,TRUE,3,3,FALSE
0431792,1,1,1,24241,24241,FALSE,TRUE,3,3,FALSE
0431795,1,1,1,24241,24241,FALSE,TRUE,3,3,FALSE
0431796,1,1,1,24241,24241,FALSE,TRUE,3,3,FALSE
0431798,1,1,1,24241,24241,FALSE,TRUE,3,3,FALSE
0431799,1,1,1,24241,24241,FALSE,TRUE,3,3,FALSE
0431803,1,1,1,24241,24241,FALSE,TRUE,3,3,FALSE
0431805,1,1,1,24241,24241,FALSE,TRUE,3,3,FALSE
0431807,1,1,1,24241,24241,FALSE,TRUE,3,3,FALSE
0431809,1,1,1,24241,24241,FALSE,TRUE,3,3,FALSE
0431810,1,1,1,24241,24241,FALSE,TRUE,3,3,FALSE
0431811,1,1,1,24241,24241,FALSE,TRUE,3,3,FALSE
0431815,1,1,1,24241,24241,FALSE,TRUE,3,3,FALSE
0431816,1,1,1,24241,24241,FALSE,TRUE,3,3,FALSE
0431820,1,1,1,24241,24241,FALSE,TRUE,3,3,FALSE
0431821,1,1,1,24241,24241,FALSE,TRUE,3,3,FALSE
0431822,1,1,1,24241,24241,FALSE,TRUE,3,3,FALSE
0431824,1,1,1,24241,24241,FALSE,TRUE,3,3,FALSE
0431825,1,1,1,24241,24241,FALSE,TRUE,3,3,FALSE
0431830,1,1,1,24241,24241,FALSE,TRUE,3,3,FALSE
0431832,1,1,1,24241,24241,FALSE,TRUE,3,3,FALSE
0431834,1,1,1,24241,24241,FALSE,TRUE,3,3,FALSE
0431835,1,1,1,24241,24241,FALSE,TRUE,3,3,FALSE
0431838,1,1,1,24241,24241,FALSE,TRUE,3,3,FALSE
0431840,1,1,1,24241,24241,FALSE,TRUE,3,3,FALSE
0431843,1,1,1,24241,24241,FALSE,TRUE,3,3,FALSE
0431845,1,1,1,24241,24241,FALSE,TRUE,3,3,FALSE
0431851,1,1,1,24241,24241,FALSE,TRUE,3,3,FALSE
0431859,1,1,1,24241,24241,FALSE,TRUE,3,3,FALSE
0431861,1,1,1,24241,24241,FALSE,TRUE,3,3,FALSE
0431863,1,1,1,24241,24241,FALSE,TRUE,3,3,FALSE
0431864,1,1,1,24241,24241,FALSE,TRUE,3,3,FALSE
0431868,1,1,1,24241,24241,FALSE,TRUE,3,3,FALSE
0431869,1,1,1,24241,24241,FALSE,TRUE,3,3,FALSE
0431870,2,1,1,24241,24241,FALSE,TRUE,3,3,FALSE
0431871,1,1,1,24241,24241,FALSE,TRUE,3,3,FALSE
0431873,1,1,1,24241,24241,FALSE,TRUE,3,3,FALSE
0431874,1,1,1,24241,24241,FALSE,TRUE,3,3,FALSE
0431877,1,1,1,24241,24241,FALSE,TRUE,3,3,FALSE
0431878,1,1,1,24241,24241,FALSE,TRUE,3,3,FALSE
0431880,1,1,1,24241,24241,FALSE,TRUE,3,3,FALSE
0431883,1,1,1,24241,24241,FALSE,TRUE,3,3,FALSE
0431888,1,1,1,24241,24241,FALSE,TRUE,3,3,FALSE
0431892,1,1,1,24241,24241,FALSE,TRUE,3,3,FALSE
0431894,1,1,1,24241,24241,FALSE,TRUE,3,3,FALSE
0431896,1,1,1,24241,24241,FALSE,TRUE,3,3,FALSE
0431899,1,1,1,24241,24241,FALSE,TRUE,3,3,FALSE
0431902,1,1,1,24241,24241,FALSE,TRUE,3,3,FALSE
0431904,1,1,1,24241,24241,FALSE,TRUE,3,3,FALSE
0431906,1,1,1,24241,24241,FALSE,TRUE,3,3,FALSE
0431910,1,1,1,24241,24241,FALSE,TRUE,3,3,FALSE
0431912,1,1,1,24241,24241,FALSE,TRUE,3,3,FALSE
0431921,1,1,1,24241,24241,FALSE,TRUE,3,3,FALSE
0431925,1,1,1,24241,24241,FALSE,TRUE,3,3,FALSE
0431927,1,1,1,24241,24241,FALSE,TRUE,3,3,FALSE
0431928,1,1,1,24241,24241,FALSE,TRUE,3,3,FALSE
0431931,1,1,1,24241,24241,FALSE,TRUE,3,3,FALSE
0431934,1,1,1,24241,24241,FALSE,TRUE,3,3,FALSE
0431937,1,1,1,24241,24241,FALSE,TRUE,3,3,FALSE
0431939,1,1,1,24241,24241,FALSE,TRUE,3,3,FALSE
0431940,1,1,1,24241,24241,FALSE,TRUE,3,3,FALSE
0431943,1,1,1,24241,24241,FALSE,TRUE,3,3,FALSE
0431945,1,1,1,24241,24241,FALSE,TRUE,3,3,FALSE
0431950,1,1,1,24241,24241,FALSE,TRUE,3,3,FALSE
0431953,3,1,1,24241,24241,FALSE,TRUE,3,3,FALSE
0431954,1,1,1,24241,24241,FALSE,TRUE,3,3,FALSE
0431956,1,1,1,24241,24241,FALSE,TRUE,3,3,FALSE
0431957,1,1,1,24241,24241,FALSE,TRUE,3,3,FALSE
0431958,1,1,1,24241,24241,FALSE,TRUE,3,3,FALSE
0431960,1,1,1,24241,24241,FALSE,TRUE,3,3,FALSE
0431963,1,1,1,24241,24241,FALSE,TRUE,3,3,FALSE
0431967,1,1,1,24241,24241,FALSE,TRUE,3,3,FALSE
0431972,1,1,1,24241,24241,FALSE,TRUE,3,3,FALSE
0431973,1,1,1,24241,24241,FALSE,TRUE,3,3,FALSE
0431974,1,1,1,24241,24241,FALSE,TRUE,3,3,FALSE
0431975,1,1,1,24241,24241,FALSE,TRUE,3,3,FALSE
0431976,1,1,1,24241,24241,FALSE,TRUE,3,3,FALSE
0431977,1,1,1,24241,24241,FALSE,TRUE,3,3,FALSE
0431978,1,1,1,24241,24241,FALSE,TRUE,3,3,FALSE
0431979,1,1,1,24241,24241,FALSE,TRUE,3,3,FALSE
0431980,1,1,1,24241,24241,FALSE,TRUE,3,3,FALSE
0431981,1,1,1,24241,24241,FALSE,TRUE,3,3,FALSE
0431984,1,1,1,24241,24241,FALSE,TRUE,3,3,FALSE
0431990,1,1,1,24241,24241,FALSE,TRUE,3,3,FALSE
0431994,1,1,1,24241,24241,FALSE,TRUE,3,3,FALSE
0431996,1,1,1,24241,24241,FALSE,TRUE,3,3,FALSE
0431997,1,1,1,24241,24241,FALSE,TRUE,3,3,FALSE
0431998,1,1,1,24241,24241,FALSE,TRUE,3,3,FALSE
0431999,1,1,1,24241,24241,FALSE,TRUE,3,3,FALSE
0432001,1,1,1,24241,24241,FALSE,TRUE,3,3,FALSE
0432002,1,1,1,24241,24241,FALSE,TRUE,3,3,FALSE
0432003,1,1,1,24241,24241,FALSE,TRUE,3,3,FALSE
0432004,1,1,1,24241,24241,FALSE,TRUE,3,3,FALSE
0432006,1,1,1,24241,24241,FALSE,TRUE,3,3,FALSE
0432011,3,1,1,24241,24241,FALSE,TRUE,3,3,FALSE
0432014,1,1,1,24241,24241,FALSE,TRUE,3,3,FALSE
0432017,1,1,1,24241,24241,FALSE,TRUE,3,3,FALSE
0432018,1,1,1,24241,24241,FALSE,TRUE,3,3,FALSE
0432022,1,1,1,24241,24241,FALSE,TRUE,3,3,FALSE
0432025,1,1,1,24241,24241,FALSE,TRUE,3,3,FALSE
0432029,1,1,1,24241,24241,FALSE,TRUE,3,3,FALSE
0432030,1,1,1,24241,24241,FALSE,TRUE,3,3,FALSE
0432031,1,1,1,24241,24241,FALSE,TRUE,3,3,FALSE
0432033,4,1,1,24241,24241,FALSE,TRUE,3,3,FALSE
0432034,1,1,1,24241,24241,FALSE,TRUE,3,3,FALSE
0432037,1,1,1,24241,24241,FALSE,TRUE,3,3,FALSE
0432040,1,1,1,24241,24241,FALSE,TRUE,3,3,FALSE
0432045,1,1,1,24241,24241,FALSE,TRUE,3,3,FALSE
0432048,4,1,1,24241,24241,FALSE,TRUE,3,3,FALSE
0432053,1,1,1,24241,24241,FALSE,TRUE,3,3,FALSE
0432055,1,1,1,24241,24241,FALSE,TRUE,3,3,FALSE
0432058,1,1,1,24241,24241,FALSE,TRUE,3,3,FALSE
0432059,1,1,1,24241,24241,FALSE,TRUE,3,3,FALSE
0432061,1,1,1,24241,24241,FALSE,TRUE,3,3,FALSE
0432062,1,1,1,24241,24241,FALSE,TRUE,3,3,FALSE
0432063,1,1,1,24241,24241,FALSE,TRUE,3,3,FALSE
0432064,1,1,1,24241,24241,FALSE,TRUE,3,3,FALSE
0432066,1,1,1,24241,24241,FALSE,TRUE,3,3,FALSE
0432069,1,1,1,24241,24241,FALSE,TRUE,3,3,FALSE
0432072,1,1,1,24241,24241,FALSE,TRUE,3,3,FALSE
0432073,4,1,1,24241,24241,FALSE,TRUE,3,3,FALSE
0432074,2,1,1,24241,24241,FALSE,TRUE,3,3,FALSE
0432075,3,1,1,24241,24241,FALSE,TRUE,3,3,FALSE
0432076,1,1,1,24241,24241,FALSE,TRUE,3,3,FALSE
0432078,1,1,1,24242,24242,FALSE,TRUE,3,3,FALSE
0432081,4,1,1,24242,24242,FALSE,TRUE,3,3,FALSE
0432082,1,1,1,24242,24242,FALSE,TRUE,3,3,FALSE
0432084,1,1,1,24242,24242,FALSE,TRUE,3,3,FALSE
0432086,1,1,1,24242,24242,FALSE,TRUE,3,3,FALSE
0432091,1,1,1,24242,24242,FALSE,TRUE,3,3,FALSE
0432092,1,1,1,24242,24242,FALSE,TRUE,3,3,FALSE
0432093,1,1,1,24242,24242,FALSE,TRUE,3,3,FALSE
0432095,1,1,1,24242,24242,FALSE,TRUE,3,3,FALSE
0432097,1,1,1,24242,24242,FALSE,TRUE,3,3,FALSE
0432099,1,1,1,24242,24242,FALSE,TRUE,3,3,FALSE
0432100,1,1,1,24242,24242,FALSE,TRUE,3,3,FALSE
0432102,1,1,1,24242,24242,FALSE,TRUE,3,3,FALSE
0432108,1,1,1,24242,24242,FALSE,TRUE,3,3,FALSE
0432109,1,1,1,24242,24242,FALSE,TRUE,3,3,FALSE
0432112,1,1,1,24242,24242,FALSE,TRUE,3,3,FALSE
0432114,1,1,1,24242,24242,FALSE,TRUE,3,3,FALSE
0432115,1,1,1,24242,24242,FALSE,TRUE,3,3,FALSE
0432117,1,1,1,24242,24242,FALSE,TRUE,3,3,FALSE
0432121,1,1,1,24242,24242,FALSE,TRUE,3,3,FALSE
0432123,1,1,1,24242,24242,FALSE,TRUE,3,3,FALSE
0432125,1,1,1,24242,24242,FALSE,TRUE,3,3,FALSE
0432128,1,1,1,24242,24242,FALSE,TRUE,3,3,FALSE
0432129,1,1,1,24242,24242,FALSE,TRUE,3,3,FALSE
0432132,1,1,1,24242,24242,FALSE,TRUE,3,3,FALSE
0432133,1,1,1,24242,24242,FALSE,TRUE,3,3,FALSE
0432134,1,1,1,24242,24242,FALSE,TRUE,3,3,FALSE
0432139,1,1,1,24242,24242,FALSE,TRUE,3,3,FALSE
0432140,1,1,1,24242,24242,FALSE,TRUE,3,3,FALSE
0432141,1,1,1,24242,24242,FALSE,TRUE,3,3,FALSE
0432142,1,1,1,24242,24242,FALSE,TRUE,3,3,FALSE
0432143,1,1,1,24242,24242,FALSE,TRUE,3,3,FALSE
0432145,1,1,1,24242,24242,FALSE,TRUE,3,3,FALSE
0432149,1,1,1,24242,24242,FALSE,TRUE,3,3,FALSE
0432150,1,1,1,24242,24242,FALSE,TRUE,3,3,FALSE
0432151,1,1,1,24242,24242,FALSE,TRUE,3,3,FALSE
0432152,1,1,1,24242,24242,FALSE,TRUE,3,3,FALSE
0432156,1,1,1,24242,24242,FALSE,TRUE,3,3,FALSE
0432157,1,1,1,24242,24242,FALSE,TRUE,3,3,FALSE
0432167,1,1,1,24242,24242,FALSE,TRUE,3,3,FALSE
0432169,1,1,1,24242,24242,FALSE,TRUE,3,3,FALSE
0432172,1,1,1,24242,24242,FALSE,TRUE,3,3,FALSE
0432176,1,1,1,24242,24242,FALSE,TRUE,3,3,FALSE
0432177,1,1,1,24242,24242,FALSE,TRUE,3,3,FALSE
0432178,1,1,1,24242,24242,FALSE,TRUE,3,3,FALSE
0432180,1,1,1,24242,24242,FALSE,TRUE,3,3,FALSE
0432181,1,1,1,24242,24242,FALSE,TRUE,3,3,FALSE
0432182,1,1,1,24242,24242,FALSE,TRUE,3,3,FALSE
0432183,1,1,1,24242,24242,FALSE,TRUE,3,3,FALSE
0432189,1,1,1,24242,24242,FALSE,TRUE,3,3,FALSE
0432194,1,1,1,24242,24242,FALSE,TRUE,3,3,FALSE
0432196,1,1,1,24242,24242,FALSE,TRUE,3,3,FALSE
0432197,1,1,1,24242,24242,FALSE,TRUE,3,3,FALSE
0432198,1,1,1,24242,24242,FALSE,TRUE,3,3,FALSE
0432200,1,1,1,24242,24242,FALSE,TRUE,3,3,FALSE
0432201,1,1,1,24242,24242,FALSE,TRUE,3,3,FALSE
0432203,1,1,1,24242,24242,FALSE,TRUE,3,3,FALSE
0432207,1,1,1,24242,24242,FALSE,TRUE,3,3,FALSE
0432209,1,1,1,24242,24242,FALSE,TRUE,3,3,FALSE
0432210,1,1,1,24242,24242,FALSE,TRUE,3,3,FALSE
0432211,1,1,1,24242,24242,FALSE,TRUE,3,3,FALSE
0432212,1,1,1,24242,24242,FALSE,TRUE,3,3,FALSE
0432215,1,1,1,24242,24242,FALSE,TRUE,3,3,FALSE
0432216,1,1,1,24242,24242,FALSE,TRUE,3,3,FALSE
0432217,1,1,1,24242,24242,FALSE,TRUE,3,3,FALSE
0432219,3,1,1,24242,24242,FALSE,TRUE,3,3,FALSE
0432220,4,1,1,24242,24242,FALSE,TRUE,3,3,FALSE
0432221,1,1,1,24242,24242,FALSE,TRUE,3,3,FALSE
0432226,1,1,1,24242,24242,FALSE,TRUE,3,3,FALSE
0432228,1,1,1,24242,24242,FALSE,TRUE,3,3,FALSE
0432230,1,1,1,24242,24242,FALSE,TRUE,3,3,FALSE
0432231,1,1,1,24242,24242,FALSE,TRUE,3,3,FALSE
0432233,1,1,1,24242,24242,FALSE,TRUE,3,3,FALSE
0432234,1,1,1,24242,24242,FALSE,TRUE,3,3,FALSE
0432241,1,1,1,24242,24242,FALSE,TRUE,3,3,FALSE
0432243,1,1,1,24242,24242,FALSE,TRUE,3,3,FALSE
0432244,1,1,1,24242,24242,FALSE,TRUE,3,3,FALSE
0432246,1,1,1,24242,24242,FALSE,TRUE,3,3,FALSE
0432250,1,1,1,24242,24242,FALSE,TRUE,3,3,FALSE
0432254,1,1,1,24242,24242,FALSE,TRUE,3,3,FALSE
0432255,1,1,1,24242,24242,FALSE,TRUE,3,3,FALSE
0432256,1,1,1,24242,24242,FALSE,TRUE,3,3,FALSE
0432259,1,1,1,24242,24242,FALSE,TRUE,3,3,FALSE
0432260,1,1,1,24242,24242,FALSE,TRUE,3,3,FALSE
0432263,1,1,1,24242,24242,FALSE,TRUE,3,3,FALSE
0432266,1,1,1,24242,24242,FALSE,TRUE,3,3,FALSE
0432268,1,1,1,24242,24242,FALSE,TRUE,3,3,FALSE
0432271,1,1,1,24242,24242,FALSE,TRUE,3,3,FALSE
0432273,1,1,1,24242,24242,FALSE,TRUE,3,3,FALSE
0432274,1,1,1,24242,24242,FALSE,TRUE,3,3,FALSE
0432275,1,1,1,24242,24242,FALSE,TRUE,3,3,FALSE
0432276,1,1,1,24242,24242,FALSE,TRUE,3,3,FALSE
0432277,1,1,1,24242,24242,FALSE,TRUE,3,3,FALSE
0432279,1,1,1,24242,24242,FALSE,TRUE,3,3,FALSE
0432282,1,1,1,24242,24242,FALSE,TRUE,3,3,FALSE
0432284,1,1,1,24242,24242,FALSE,TRUE,3,3,FALSE
0432287,1,1,1,24242,24242,FALSE,TRUE,3,3,FALSE
0432289,1,1,1,24242,24242,FALSE,TRUE,3,3,FALSE
0432290,1,1,1,24242,24242,FALSE,TRUE,3,3,FALSE
0432292,1,1,1,24242,24242,FALSE,TRUE,3,3,FALSE
0432295,1,1,1,24242,24242,FALSE,TRUE,3,3,FALSE
0432296,1,1,1,24242,24242,FALSE,TRUE,3,3,FALSE
0432302,1,1,1,24242,24242,FALSE,TRUE,3,3,FALSE
0432304,1,1,1,24242,24242,FALSE,TRUE,3,3,FALSE
0432308,1,1,1,24242,24242,FALSE,TRUE,3,3,FALSE
0432311,1,1,1,24242,24242,FALSE,TRUE,3,3,FALSE
0432318,1,1,1,24242,24242,FALSE,TRUE,3,3,FALSE
0432320,1,1,1,24242,24242,FALSE,TRUE,3,3,FALSE
0432323,1,1,1,24242,24242,FALSE,TRUE,3,3,FALSE
0432327,1,1,1,24242,24242,FALSE,TRUE,3,3,FALSE
0432328,1,1,1,24242,24242,FALSE,TRUE,3,3,FALSE
0432331,1,1,1,24242,24242,FALSE,TRUE,3,3,FALSE
0432332,1,1,1,24242,24242,FALSE,TRUE,3,3,FALSE
0432335,1,1,1,24242,24242,FALSE,TRUE,3,3,FALSE
0432342,1,1,1,24242,24242,FALSE,TRUE,3,3,FALSE
0432346,1,1,1,24242,24242,FALSE,TRUE,3,3,FALSE
0432348,4,1,1,24242,24242,FALSE,TRUE,3,3,FALSE
0432350,1,1,1,24242,24242,FALSE,TRUE,3,3,FALSE
0432352,1,1,1,24242,24242,FALSE,TRUE,3,3,FALSE
0432353,1,1,1,24242,24242,FALSE,TRUE,3,3,FALSE
0432355,1,1,1,24242,24242,FALSE,TRUE,3,3,FALSE
0432358,1,1,1,24242,24242,FALSE,TRUE,3,3,FALSE
0432359,1,1,1,24242,24242,FALSE,TRUE,3,3,FALSE
0432360,1,1,1,24242,24242,FALSE,TRUE,3,3,FALSE
0432361,1,1,1,24242,24242,FALSE,TRUE,3,3,FALSE
0432364,1,1,1,24242,24242,FALSE,TRUE,3,3,FALSE
0432367,1,1,1,24242,24242,FALSE,TRUE,3,3,FALSE
0432369,1,1,1,24242,24242,FALSE,TRUE,3,3,FALSE
0432370,1,1,1,24242,24242,FALSE,TRUE,3,3,FALSE
0432373,1,1,1,24242,24242,FALSE,TRUE,3,3,FALSE
0432378,1,1,1,24242,24242,FALSE,TRUE,3,3,FALSE
0432379,1,1,1,24242,24242,FALSE,TRUE,3,3,FALSE
0432381,1,1,1,24242,24242,FALSE,TRUE,3,3,FALSE
0432384,1,1,1,24242,24242,FALSE,TRUE,3,3,FALSE
0432386,1,1,1,24242,24242,FALSE,TRUE,3,3,FALSE
0432387,1,1,1,24242,24242,FALSE,TRUE,3,3,FALSE
0432390,1,1,1,24242,24242,FALSE,TRUE,3,3,FALSE
0432391,1,1,1,24242,24242,FALSE,TRUE,3,3,FALSE
0432393,1,1,1,24242,24242,FALSE,TRUE,3,3,FALSE
0432394,1,1,1,24242,24242,FALSE,TRUE,3,3,FALSE
0432395,1,1,1,24242,24242,FALSE,TRUE,3,3,FALSE
0432396,1,1,1,24242,24242,FALSE,TRUE,3,3,FALSE
0432397,1,1,1,24242,24242,FALSE,TRUE,3,3,FALSE
0432399,1,1,1,24242,24242,FALSE,TRUE,3,3,FALSE
0432401,1,1,1,24242,24242,FALSE,TRUE,3,3,FALSE
0432402,1,1,1,24242,24242,FALSE,TRUE,3,3,FALSE
0432403,1,1,1,24242,24242,FALSE,TRUE,3,3,FALSE
0432404,1,1,1,24242,24242,FALSE,TRUE,3,3,FALSE
0432406,1,1,1,24242,24242,FALSE,TRUE,3,3,FALSE
0432410,1,1,1,24242,24242,FALSE,TRUE,3,3,FALSE
0432413,1,1,1,24242,24242,FALSE,TRUE,3,3,FALSE
0432415,1,1,1,24242,24242,FALSE,TRUE,3,3,FALSE
0432421,1,1,1,24242,24242,FALSE,TRUE,3,3,FALSE
0432422,1,1,1,24242,24242,FALSE,TRUE,3,3,FALSE
0432423,1,1,1,24242,24242,FALSE,TRUE,3,3,FALSE
0432426,1,1,1,24242,24242,FALSE,TRUE,3,3,FALSE
0432429,1,1,1,24242,24242,FALSE,TRUE,3,3,FALSE
0432430,1,1,1,24242,24242,FALSE,TRUE,3,3,FALSE
0432432,1,1,1,24242,24242,FALSE,TRUE,3,3,FALSE
0432433,1,1,1,24242,24242,FALSE,TRUE,3,3,FALSE
0432434,1,1,1,24242,24242,FALSE,TRUE,3,3,FALSE
0432435,1,1,1,24242,24242,FALSE,TRUE,3,3,FALSE
0432436,1,1,1,24242,24242,FALSE,TRUE,3,3,FALSE
0432438,1,1,1,24242,24242,FALSE,TRUE,3,3,FALSE
0432440,1,1,1,24242,24242,FALSE,TRUE,3,3,FALSE
0432446,1,1,1,24242,24242,FALSE,TRUE,3,3,FALSE
0432447,3,1,1,24242,24242,FALSE,TRUE,3,3,FALSE
0432450,3,1,1,24242,24242,FALSE,TRUE,3,3,FALSE
0432451,1,1,1,24242,24242,FALSE,TRUE,3,3,FALSE
0432452,1,1,1,24242,24242,FALSE,TRUE,3,3,FALSE
0432453,1,1,1,24242,24242,FALSE,TRUE,3,3,FALSE
0432456,1,1,1,24242,24242,FALSE,TRUE,3,3,FALSE
0432457,1,1,1,24242,24242,FALSE,TRUE,3,3,FALSE
0432459,1,1,1,24242,24242,FALSE,TRUE,3,3,FALSE
0432461,1,1,1,24242,24242,FALSE,TRUE,3,3,FALSE
0432463,1,1,1,24242,24242,FALSE,TRUE,3,3,FALSE
0432468,1,1,1,24242,24242,FALSE,TRUE,3,3,FALSE
0432471,2,1,1,24242,24242,FALSE,TRUE,3,3,FALSE
0432472,1,1,1,24242,24242,FALSE,TRUE,3,3,FALSE
0432473,4,1,1,24242,24242,FALSE,TRUE,3,3,FALSE
0432476,1,1,1,24242,24242,FALSE,TRUE,3,3,FALSE
0432479,1,1,1,24242,24242,FALSE,TRUE,3,3,FALSE
0432482,2,1,1,24242,24242,FALSE,TRUE,3,3,FALSE
0432484,1,1,1,24242,24242,FALSE,TRUE,3,3,FALSE
0432486,1,1,1,24242,24242,FALSE,TRUE,3,3,FALSE
0432488,1,1,1,24242,24242,FALSE,TRUE,3,3,FALSE
0432489,1,1,1,24242,24242,FALSE,TRUE,3,3,FALSE
0432490,1,1,1,24242,24242,FALSE,TRUE,3,3,FALSE
0432492,1,1,1,24242,24242,FALSE,TRUE,3,3,FALSE
0432495,2,1,1,24242,24242,FALSE,TRUE,3,3,FALSE
0432498,1,1,1,24242,24242,FALSE,TRUE,3,3,FALSE
0432501,1,1,1,24242,24242,FALSE,TRUE,3,3,FALSE
0432506,1,1,1,24242,24242,FALSE,TRUE,3,3,FALSE
0432507,1,1,1,24242,24242,FALSE,TRUE,3,3,FALSE
0432509,1,1,1,24242,24242,FALSE,TRUE,3,3,FALSE
0432510,1,1,1,24242,24242,FALSE,TRUE,3,3,FALSE
0432512,1,1,1,24242,24242,FALSE,TRUE,3,3,FALSE
0432513,1,1,1,24242,24242,FALSE,TRUE,3,3,FALSE
0432515,1,1,1,24242,24242,FALSE,TRUE,3,3,FALSE
0432519,1,1,1,24242,24242,FALSE,TRUE,3,3,FALSE
0432523,1,1,1,24242,24242,FALSE,TRUE,3,3,FALSE
0432527,1,1,1,24242,24242,FALSE,TRUE,3,3,FALSE
0432532,1,1,1,24242,24242,FALSE,TRUE,3,3,FALSE
0432533,1,1,1,24242,24242,FALSE,TRUE,3,3,FALSE
0432536,1,1,1,24242,24242,FALSE,TRUE,3,3,FALSE
0432541,4,1,1,24242,24242,FALSE,TRUE,3,3,FALSE
0432542,1,1,1,24242,24242,FALSE,TRUE,3,3,FALSE
0432543,1,1,1,24242,24242,FALSE,TRUE,3,3,FALSE
0432547,1,1,1,24242,24242,FALSE,TRUE,3,3,FALSE
0432553,1,1,1,24242,24242,FALSE,TRUE,3,3,FALSE
0432554,1,1,1,24242,24242,FALSE,TRUE,3,3,FALSE
0432555,1,1,1,24242,24242,FALSE,TRUE,3,3,FALSE
0432559,1,1,1,24242,24242,FALSE,TRUE,3,3,FALSE
0432560,1,1,1,24242,24242,FALSE,TRUE,3,3,FALSE
0432563,1,1,1,24242,24242,FALSE,TRUE,3,3,FALSE
0432568,1,1,1,24242,24242,FALSE,TRUE,3,3,FALSE
0432569,1,1,1,24242,24242,FALSE,TRUE,3,3,FALSE
0432571,1,1,1,24242,24242,FALSE,TRUE,3,3,FALSE
0432575,1,1,1,24242,24242,FALSE,TRUE,3,3,FALSE
0432577,1,1,1,24242,24242,FALSE,TRUE,3,3,FALSE
0432579,1,1,1,24242,24242,FALSE,TRUE,3,3,FALSE
0432580,1,1,1,24242,24242,FALSE,TRUE,3,3,FALSE
0432583,1,1,1,24242,24242,FALSE,TRUE,3,3,FALSE
0432590,1,1,1,24242,24242,FALSE,TRUE,3,3,FALSE
0432591,1,1,1,24242,24242,FALSE,TRUE,3,3,FALSE
0432593,4,1,1,24242,24242,FALSE,TRUE,3,3,FALSE
0432595,1,1,1,24242,24242,FALSE,TRUE,3,3,FALSE
0432597,1,1,1,24242,24242,FALSE,TRUE,3,3,FALSE
0432598,1,1,1,24242,24242,FALSE,TRUE,3,3,FALSE
0432599,1,1,1,24242,24242,FALSE,TRUE,3,3,FALSE
0432602,1,1,1,24242,24242,FALSE,TRUE,3,3,FALSE
0432603,1,1,1,24242,24242,FALSE,TRUE,3,3,FALSE
0432604,1,1,1,24242,24242,FALSE,TRUE,3,3,FALSE
0432611,1,1,1,24242,24242,FALSE,TRUE,3,3,FALSE
0432613,1,1,1,24242,24242,FALSE,TRUE,3,3,FALSE
0432614,1,1,1,24242,24242,FALSE,TRUE,3,3,FALSE
0432615,1,1,1,24242,24242,FALSE,TRUE,3,3,FALSE
0432616,1,1,1,24242,24242,FALSE,TRUE,3,3,FALSE
0432619,1,1,1,24242,24242,FALSE,TRUE,3,3,FALSE
0432621,2,1,1,24242,24242,FALSE,TRUE,3,3,FALSE
0432627,1,1,1,24242,24242,FALSE,TRUE,3,3,FALSE
0432628,1,1,1,24242,24242,FALSE,TRUE,3,3,FALSE
0432629,2,1,1,24242,24242,FALSE,TRUE,3,3,FALSE
0432631,1,1,1,24242,24242,FALSE,TRUE,3,3,FALSE
0432632,3,1,1,24242,24242,FALSE,TRUE,3,3,FALSE
0432633,1,1,1,24242,24242,FALSE,TRUE,3,3,FALSE
0432634,1,1,1,24242,24242,FALSE,TRUE,3,3,FALSE
0432638,4,1,1,24242,24242,FALSE,TRUE,3,3,FALSE
0432639,1,1,1,24242,24242,FALSE,TRUE,3,3,FALSE
0432641,1,1,1,24242,24242,FALSE,TRUE,3,3,FALSE
0432642,1,1,1,24242,24242,FALSE,TRUE,3,3,FALSE
0432645,1,1,1,24242,24242,FALSE,TRUE,3,3,FALSE
0432650,1,1,1,24242,24242,FALSE,TRUE,3,3,FALSE
0432654,1,1,1,24242,24242,FALSE,TRUE,3,3,FALSE
0432658,1,1,1,24242,24242,FALSE,TRUE,3,3,FALSE
0432660,1,1,1,24242,24242,FALSE,TRUE,3,3,FALSE
0432663,1,1,1,24242,24242,FALSE,TRUE,3,3,FALSE
0432666,1,1,1,24242,24242,FALSE,TRUE,3,3,FALSE
0432668,1,1,1,24242,24242,FALSE,TRUE,3,3,FALSE
0432669,1,1,1,24242,24242,FALSE,TRUE,3,3,FALSE
0432671,1,1,1,24242,24242,FALSE,TRUE,3,3,FALSE
0432674,1,1,1,24242,24242,FALSE,TRUE,3,3,FALSE
0432675,1,1,1,24242,24242,FALSE,TRUE,3,3,FALSE
0432677,1,1,1,24242,24242,FALSE,TRUE,3,3,FALSE
0432678,1,1,1,24242,24242,FALSE,TRUE,3,3,FALSE
0432679,4,1,1,24242,24242,FALSE,TRUE,3,3,FALSE
0432685,1,1,1,24242,24242,FALSE,TRUE,3,3,FALSE
0432686,1,1,1,24242,24242,FALSE,TRUE,3,3,FALSE
0432690,1,1,1,24242,24242,FALSE,TRUE,3,3,FALSE
0432700,1,1,1,24242,24242,FALSE,TRUE,3,3,FALSE
0432702,1,1,1,24242,24242,FALSE,TRUE,3,3,FALSE
0432704,1,1,1,24242,24242,FALSE,TRUE,3,3,FALSE
0432705,1,1,1,24242,24242,FALSE,TRUE,3,3,FALSE
0432706,1,1,1,24242,24242,FALSE,TRUE,3,3,FALSE
0432707,1,1,1,24242,24242,FALSE,TRUE,3,3,FALSE
0432712,3,1,1,24242,24242,FALSE,TRUE,3,3,FALSE
0432713,1,1,1,24242,24242,FALSE,TRUE,3,3,FALSE
0432714,1,1,1,24242,24242,FALSE,TRUE,3,3,FALSE
0432717,1,1,1,24242,24242,FALSE,TRUE,3,3,FALSE
0432718,1,1,1,24242,24242,FALSE,TRUE,3,3,FALSE
0432721,1,1,1,24242,24242,FALSE,TRUE,3,3,FALSE
0432725,1,1,1,24242,24242,FALSE,TRUE,3,3,FALSE
0432729,1,1,1,24242,24242,FALSE,TRUE,3,3,FALSE
0432734,1,1,1,24242,24242,FALSE,TRUE,3,3,FALSE
0432735,1,1,1,24242,24242,FALSE,TRUE,3,3,FALSE
0432736,1,1,1,24242,24242,FALSE,TRUE,3,3,FALSE
0432738,1,1,1,24242,24242,FALSE,TRUE,3,3,FALSE
0432740,4,1,1,24242,24242,FALSE,TRUE,3,3,FALSE
0432741,3,1,1,24242,24242,FALSE,TRUE,3,3,FALSE
0432743,1,1,1,24242,24242,FALSE,TRUE,3,3,FALSE
0432745,1,1,1,24242,24242,FALSE,TRUE,3,3,FALSE
0432749,1,1,1,24242,24242,FALSE,TRUE,3,3,FALSE
0432754,1,1,1,24242,24242,FALSE,TRUE,3,3,FALSE
0432755,1,1,1,24242,24242,FALSE,TRUE,3,3,FALSE
0432756,4,1,1,24242,24242,FALSE,TRUE,3,3,FALSE
0432759,1,1,1,24242,24242,FALSE,TRUE,3,3,FALSE
0432760,1,1,1,24242,24242,FALSE,TRUE,3,3,FALSE
0432761,1,1,1,24242,24242,FALSE,TRUE,3,3,FALSE
0432762,1,1,1,24242,24242,FALSE,TRUE,3,3,FALSE
0432763,1,1,1,24242,24242,FALSE,TRUE,3,3,FALSE
0432764,1,1,1,24242,24242,FALSE,TRUE,3,3,FALSE
0432765,1,1,1,24242,24242,FALSE,TRUE,3,3,FALSE
0432767,1,1,1,24242,24242,FALSE,TRUE,3,3,FALSE
0432771,1,1,1,24242,24242,FALSE,TRUE,3,3,FALSE
0432772,1,1,1,24242,24242,FALSE,TRUE,3,3,FALSE
0432776,1,1,1,24242,24242,FALSE,TRUE,3,3,FALSE
0432780,1,1,1,24242,24242,FALSE,TRUE,3,3,FALSE
0432785,1,1,1,24242,24242,FALSE,TRUE,3,3,FALSE
0432788,1,1,1,24242,24242,FALSE,TRUE,3,3,FALSE
0432790,1,1,1,24242,24242,FALSE,TRUE,3,3,FALSE
0432793,4,1,1,24242,24242,FALSE,TRUE,3,3,FALSE
0432794,1,1,1,24242,24242,FALSE,TRUE,3,3,FALSE
0432797,1,1,1,24242,24242,FALSE,TRUE,3,3,FALSE
0432798,1,1,1,24242,24242,FALSE,TRUE,3,3,FALSE
0432800,1,1,1,24242,24242,FALSE,TRUE,3,3,FALSE
0432801,1,1,1,24242,24242,FALSE,TRUE,3,3,FALSE
0432803,1,1,1,24242,24242,FALSE,TRUE,3,3,FALSE
0432806,1,1,1,24242,24242,FALSE,TRUE,3,3,FALSE
0432807,1,1,1,24242,24242,FALSE,TRUE,3,3,FALSE
0432808,1,1,1,24242,24242,FALSE,TRUE,3,3,FALSE
0432809,3,1,1,24242,24242,FALSE,TRUE,3,3,FALSE
0432812,1,1,1,24242,24242,FALSE,TRUE,3,3,FALSE
0432813,1,1,1,24242,24242,FALSE,TRUE,3,3,FALSE
0432814,1,1,1,24242,24242,FALSE,TRUE,3,3,FALSE
0432815,1,1,1,24242,24242,FALSE,TRUE,3,3,FALSE
0432818,1,1,1,24242,24242,FALSE,TRUE,3,3,FALSE
0432819,1,1,1,24242,24242,FALSE,TRUE,3,3,FALSE
0432820,1,1,1,24242,24242,FALSE,TRUE,3,3,FALSE
0432824,1,1,1,24242,24242,FALSE,TRUE,3,3,FALSE
0432828,1,1,1,24242,24242,FALSE,TRUE,3,3,FALSE
0432830,1,1,1,24242,24242,FALSE,TRUE,3,3,FALSE
0432832,1,1,1,24242,24242,FALSE,TRUE,3,3,FALSE
0432834,1,1,1,24242,24242,FALSE,TRUE,3,3,FALSE
0432835,1,1,1,24242,24242,FALSE,TRUE,3,3,FALSE
0432837,1,1,1,24242,24242,FALSE,TRUE,3,3,FALSE
0432840,1,1,1,24242,24242,FALSE,TRUE,3,3,FALSE
0432842,1,1,1,24242,24242,FALSE,TRUE,3,3,FALSE
0432843,1,1,1,24242,24242,FALSE,TRUE,3,3,FALSE
0432847,4,1,1,24242,24242,FALSE,TRUE,3,3,FALSE
0432848,1,1,1,24242,24242,FALSE,TRUE,3,3,FALSE
0432849,1,1,1,24242,24242,FALSE,TRUE,3,3,FALSE
0432852,1,1,1,24242,24242,FALSE,TRUE,3,3,FALSE
0432854,1,1,1,24242,24242,FALSE,TRUE,3,3,FALSE
0432862,1,1,1,24242,24242,FALSE,TRUE,3,3,FALSE
0432864,1,1,1,24242,24242,FALSE,TRUE,3,3,FALSE
0432865,1,1,1,24242,24242,FALSE,TRUE,3,3,FALSE
0432868,1,1,1,24242,24242,FALSE,TRUE,3,3,FALSE
0432869,1,1,1,24242,24242,FALSE,TRUE,3,3,FALSE
0432870,1,1,1,24242,24242,FALSE,TRUE,3,3,FALSE
0432872,1,1,1,24242,24242,FALSE,TRUE,3,3,FALSE
0432873,3,1,1,24242,24242,FALSE,TRUE,3,3,FALSE
0432879,1,1,1,24242,24242,FALSE,TRUE,3,3,FALSE
0432882,1,1,1,24242,24242,FALSE,TRUE,3,3,FALSE
0432886,1,1,1,24242,24242,FALSE,TRUE,3,3,FALSE
0432890,1,1,1,24242,24242,FALSE,TRUE,3,3,FALSE
0432892,1,1,1,24242,24242,FALSE,TRUE,3,3,FALSE
0432893,1,1,1,24242,24242,FALSE,TRUE,3,3,FALSE
0432896,1,1,1,24242,24242,FALSE,TRUE,3,3,FALSE
0432897,1,1,1,24242,24242,FALSE,TRUE,3,3,FALSE
0432904,1,1,1,24242,24242,FALSE,TRUE,3,3,FALSE
0432905,1,1,1,24242,24242,FALSE,TRUE,3,3,FALSE
0432906,1,1,1,24242,24242,FALSE,TRUE,3,3,FALSE
0432912,1,1,1,24242,24242,FALSE,TRUE,3,3,FALSE
0432916,1,1,1,24242,24242,FALSE,TRUE,3,3,FALSE
0432917,1,1,1,24242,24242,FALSE,TRUE,3,3,FALSE
0432918,1,1,1,24242,24242,FALSE,TRUE,3,3,FALSE
0432919,1,1,1,24242,24242,FALSE,TRUE,3,3,FALSE
0432920,1,1,1,24242,24242,FALSE,TRUE,3,3,FALSE
0432921,1,1,1,24242,24242,FALSE,TRUE,3,3,FALSE
0432922,1,1,1,24242,24242,FALSE,TRUE,3,3,FALSE
0432927,1,1,1,24242,24242,FALSE,TRUE,3,3,FALSE
0432929,1,1,1,24242,24242,FALSE,TRUE,3,3,FALSE
0432932,1,1,1,24242,24242,FALSE,TRUE,3,3,FALSE
0432933,3,1,1,24242,24242,FALSE,TRUE,3,3,FALSE
0432937,1,1,1,24242,24242,FALSE,TRUE,3,3,FALSE
0432941,1,1,1,24242,24242,FALSE,TRUE,3,3,FALSE
0432942,1,1,1,24242,24242,FALSE,TRUE,3,3,FALSE
0432943,1,1,1,24242,24242,FALSE,TRUE,3,3,FALSE
0432947,1,1,1,24242,24242,FALSE,TRUE,3,3,FALSE
0432948,1,1,1,24242,24242,FALSE,TRUE,3,3,FALSE
0432949,1,1,1,24242,24242,FALSE,TRUE,3,3,FALSE
0432951,1,1,1,24242,24242,FALSE,TRUE,3,3,FALSE
0432952,1,1,1,24242,24242,FALSE,TRUE,3,3,FALSE
0432953,4,1,1,24242,24242,FALSE,TRUE,3,3,FALSE
0432954,2,1,1,24242,24242,FALSE,TRUE,3,3,FALSE
0432957,1,1,1,24242,24242,FALSE,TRUE,3,3,FALSE
0432962,1,1,1,24242,24242,FALSE,TRUE,3,3,FALSE
0432963,1,1,1,24242,24242,FALSE,TRUE,3,3,FALSE
0432965,1,1,1,24242,24242,FALSE,TRUE,3,3,FALSE
0432967,1,1,1,24242,24242,FALSE,TRUE,3,3,FALSE
0432974,1,1,1,24242,24242,FALSE,TRUE,3,3,FALSE
0432975,1,1,1,24242,24242,FALSE,TRUE,3,3,FALSE
0432976,1,1,1,24242,24242,FALSE,TRUE,3,3,FALSE
0432978,1,1,1,24242,24242,FALSE,TRUE,3,3,FALSE
0432979,1,1,1,24242,24242,FALSE,TRUE,3,3,FALSE
0432982,1,1,1,24242,24242,FALSE,TRUE,3,3,FALSE
0432983,1,1,1,24242,24242,FALSE,TRUE,3,3,FALSE
0432991,1,1,1,24242,24242,FALSE,TRUE,3,3,FALSE
0432992,1,1,1,24242,24242,FALSE,TRUE,3,3,FALSE
0432994,1,1,1,24242,24242,FALSE,TRUE,3,3,FALSE
0432995,1,1,1,24242,24242,FALSE,TRUE,3,3,FALSE
0432996,1,1,1,24242,24242,FALSE,TRUE,3,3,FALSE
0433002,1,1,1,24242,24242,FALSE,TRUE,3,3,FALSE
0433003,1,1,1,24242,24242,FALSE,TRUE,3,3,FALSE
0433005,1,1,1,24242,24242,FALSE,TRUE,3,3,FALSE
0433006,1,1,1,24242,24242,FALSE,TRUE,3,3,FALSE
0433008,1,1,1,24242,24242,FALSE,TRUE,3,3,FALSE
0433011,1,1,1,24242,24242,FALSE,TRUE,3,3,FALSE
0433014,1,1,1,24242,24242,FALSE,TRUE,3,3,FALSE
0433017,1,1,1,24242,24242,FALSE,TRUE,3,3,FALSE
0433019,1,1,1,24242,24242,FALSE,TRUE,3,3,FALSE
0433025,1,1,1,24242,24242,FALSE,TRUE,3,3,FALSE
0433026,2,1,1,24242,24242,FALSE,TRUE,3,3,FALSE
0433028,1,1,1,24242,24242,FALSE,TRUE,3,3,FALSE
0433030,1,1,1,24242,24242,FALSE,TRUE,3,3,FALSE
0433038,1,1,1,24242,24242,FALSE,TRUE,3,3,FALSE
0433041,1,1,1,24242,24242,FALSE,TRUE,3,3,FALSE
0433044,1,1,1,24242,24242,FALSE,TRUE,3,3,FALSE
0433045,1,1,1,24242,24242,FALSE,TRUE,3,3,FALSE
0433046,1,1,1,24242,24242,FALSE,TRUE,3,3,FALSE
0433047,1,1,1,24242,24242,FALSE,TRUE,3,3,FALSE
0433050,1,1,1,24242,24242,FALSE,TRUE,3,3,FALSE
0433053,2,1,1,24242,24242,FALSE,TRUE,3,3,FALSE
0433054,4,1,1,24242,24242,FALSE,TRUE,3,3,FALSE
0433055,1,1,1,24242,24242,FALSE,TRUE,3,3,FALSE
0433059,1,1,1,24242,24242,FALSE,TRUE,3,3,FALSE
0433060,1,1,1,24242,24242,FALSE,TRUE,3,3,FALSE
0433061,1,1,1,24242,24242,FALSE,TRUE,3,3,FALSE
0433067,1,1,1,24242,24242,FALSE,TRUE,3,3,FALSE
0433071,1,1,1,24242,24242,FALSE,TRUE,3,3,FALSE
0433074,4,1,1,24242,24242,FALSE,TRUE,3,3,FALSE
0433075,1,1,1,24242,24242,FALSE,TRUE,3,3,FALSE
0433078,1,1,1,24242,24242,FALSE,TRUE,3,3,FALSE
0433080,1,1,1,24242,24242,FALSE,TRUE,3,3,FALSE
0433081,1,1,1,24242,24242,FALSE,TRUE,3,3,FALSE
0433083,1,1,1,24242,24242,FALSE,TRUE,3,3,FALSE
0433085,1,1,1,24242,24242,FALSE,TRUE,3,3,FALSE
0433090,1,1,1,24242,24242,FALSE,TRUE,3,3,FALSE
0433091,1,1,1,24242,24242,FALSE,TRUE,3,3,FALSE
0433093,1,1,1,24242,24242,FALSE,TRUE,3,3,FALSE
0433095,1,1,1,24242,24242,FALSE,TRUE,3,3,FALSE
0433098,1,1,1,24242,24242,FALSE,TRUE,3,3,FALSE
0433101,4,1,1,24242,24242,FALSE,TRUE,3,3,FALSE
0433105,1,1,1,24242,24242,FALSE,TRUE,3,3,FALSE
0433107,1,1,1,24242,24242,FALSE,TRUE,3,3,FALSE
0433111,4,1,1,24242,24242,FALSE,TRUE,3,3,FALSE
0433113,1,1,1,24242,24242,FALSE,TRUE,3,3,FALSE
0433114,1,1,1,24242,24242,FALSE,TRUE,3,3,FALSE
0433116,1,1,1,24242,24242,FALSE,TRUE,3,3,FALSE
0433117,4,1,1,24242,24242,FALSE,TRUE,3,3,FALSE
0433121,1,1,1,24242,24242,FALSE,TRUE,3,3,FALSE
0433122,3,1,1,24242,24242,FALSE,TRUE,3,3,FALSE
0433123,1,1,1,24242,24242,FALSE,TRUE,3,3,FALSE
0433126,1,1,1,24242,24242,FALSE,TRUE,3,3,FALSE
0433127,1,1,1,24242,24242,FALSE,TRUE,3,3,FALSE
0433128,4,1,1,24242,24242,FALSE,TRUE,3,3,FALSE
0433130,1,1,1,24242,24242,FALSE,TRUE,3,3,FALSE
0433131,1,1,1,24242,24242,FALSE,TRUE,3,3,FALSE
0434148,1,1,1,24243,24243,FALSE,TRUE,3,3,FALSE
0434149,1,1,1,24243,24243,FALSE,TRUE,3,3,FALSE
0434161,1,1,1,24243,24243,FALSE,TRUE,3,3,FALSE
0434165,1,1,1,24243,24243,FALSE,TRUE,3,3,FALSE
0434167,1,1,1,24243,24243,FALSE,TRUE,3,3,FALSE
0434181,1,1,1,24243,24243,FALSE,TRUE,3,3,FALSE
0434183,1,1,1,24243,24243,FALSE,TRUE,3,3,FALSE
0434186,1,1,1,24243,24243,FALSE,TRUE,3,3,FALSE
0434188,1,1,1,24243,24243,FALSE,TRUE,3,3,FALSE
0434189,1,1,1,24243,24243,FALSE,TRUE,3,3,FALSE
0434190,1,1,1,24243,24243,FALSE,TRUE,3,3,FALSE
0434191,1,1,1,24243,24243,FALSE,TRUE,3,3,FALSE
0434192,1,1,1,24243,24243,FALSE,TRUE,3,3,FALSE
0434193,3,1,1,24243,24243,FALSE,TRUE,3,3,FALSE
0434197,1,1,1,24243,24243,FALSE,TRUE,3,3,FALSE
0434198,1,1,1,24243,24243,FALSE,TRUE,3,3,FALSE
0434204,1,1,1,24243,24243,FALSE,TRUE,3,3,FALSE
0434207,1,1,1,24243,24243,FALSE,TRUE,3,3,FALSE
0434208,1,1,1,24243,24243,FALSE,TRUE,3,3,FALSE
0434211,1,1,1,24243,24243,FALSE,TRUE,3,3,FALSE
0434215,3,1,1,24243,24243,FALSE,TRUE,3,3,FALSE
0434222,1,1,1,24243,24243,FALSE,TRUE,3,3,FALSE
0434226,1,1,1,24243,24243,FALSE,TRUE,3,3,FALSE
0434227,1,1,1,24243,24243,FALSE,TRUE,3,3,FALSE
0434230,1,1,1,24243,24243,FALSE,TRUE,3,3,FALSE
0434234,1,1,1,24243,24243,FALSE,TRUE,3,3,FALSE
0434238,1,1,1,24243,24243,FALSE,TRUE,3,3,FALSE
0434239,1,1,1,24243,24243,FALSE,TRUE,3,3,FALSE
0434242,1,1,1,24243,24243,FALSE,TRUE,3,3,FALSE
0434246,1,1,1,24243,24243,FALSE,TRUE,3,3,FALSE
0434248,1,1,1,24243,24243,FALSE,TRUE,3,3,FALSE
0434249,1,1,1,24243,24243,FALSE,TRUE,3,3,FALSE
0434251,1,1,1,24243,24243,FALSE,TRUE,3,3,FALSE
0434254,1,1,1,24243,24243,FALSE,TRUE,3,3,FALSE
0434260,1,1,1,24243,24243,FALSE,TRUE,3,3,FALSE
0434261,1,1,1,24243,24243,FALSE,TRUE,3,3,FALSE
0434262,1,1,1,24243,24243,FALSE,TRUE,3,3,FALSE
0434263,1,1,1,24243,24243,FALSE,TRUE,3,3,FALSE
0434264,1,1,1,24243,24243,FALSE,TRUE,3,3,FALSE
0434268,1,1,1,24243,24243,FALSE,TRUE,3,3,FALSE
0434269,1,1,1,24243,24243,FALSE,TRUE,3,3,FALSE
0434274,1,1,1,24243,24243,FALSE,TRUE,3,3,FALSE
0434275,1,1,1,24243,24243,FALSE,TRUE,3,3,FALSE
0434276,1,1,1,24243,24243,FALSE,TRUE,3,3,FALSE
0434277,1,1,1,24243,24243,FALSE,TRUE,3,3,FALSE
0434279,1,1,1,24243,24243,FALSE,TRUE,3,3,FALSE
0434280,1,1,1,24243,24243,FALSE,TRUE,3,3,FALSE
0434281,1,1,1,24243,24243,FALSE,TRUE,3,3,FALSE
0434282,1,1,1,24243,24243,FALSE,TRUE,3,3,FALSE
0434289,3,1,1,24243,24243,FALSE,TRUE,3,3,FALSE
0434290,1,1,1,24243,24243,FALSE,TRUE,3,3,FALSE
0434292,1,1,1,24243,24243,FALSE,TRUE,3,3,FALSE
0434297,1,1,1,24243,24243,FALSE,TRUE,3,3,FALSE
0434298,1,1,1,24243,24243,FALSE,TRUE,3,3,FALSE
0434302,1,1,1,24243,24243,FALSE,TRUE,3,3,FALSE
0434308,1,1,1,24243,24243,FALSE,TRUE,3,3,FALSE
0434310,1,1,1,24243,24243,FALSE,TRUE,3,3,FALSE
0434318,1,1,1,24243,24243,FALSE,TRUE,3,3,FALSE
0434320,1,1,1,24243,24243,FALSE,TRUE,3,3,FALSE
0434323,1,1,1,24243,24243,FALSE,TRUE,3,3,FALSE
0434324,1,1,1,24243,24243,FALSE,TRUE,3,3,FALSE
0434326,1,1,1,24243,24243,FALSE,TRUE,3,3,FALSE
0434328,1,1,1,24243,24243,FALSE,TRUE,3,3,FALSE
0434329,1,1,1,24243,24243,FALSE,TRUE,3,3,FALSE
0434332,1,1,1,24243,24243,FALSE,TRUE,3,3,FALSE
0434334,1,1,1,24243,24243,FALSE,TRUE,3,3,FALSE
0434335,1,1,1,24243,24243,FALSE,TRUE,3,3,FALSE
0434336,1,1,1,24243,24243,FALSE,TRUE,3,3,FALSE
0434337,3,1,1,24243,24243,FALSE,TRUE,3,3,FALSE
0434338,1,1,1,24243,24243,FALSE,TRUE,3,3,FALSE
0434342,1,1,1,24243,24243,FALSE,TRUE,3,3,FALSE
0434344,1,1,1,24243,24243,FALSE,TRUE,3,3,FALSE
0434346,1,1,1,24243,24243,FALSE,TRUE,3,3,FALSE
0434348,1,1,1,24243,24243,FALSE,TRUE,3,3,FALSE
0434351,1,1,1,24243,24243,FALSE,TRUE,3,3,FALSE
0434353,4,1,1,24243,24243,FALSE,TRUE,3,3,FALSE
0434357,1,1,1,24243,24243,FALSE,TRUE,3,3,FALSE
0434358,1,1,1,24243,24243,FALSE,TRUE,3,3,FALSE
0434360,1,1,1,24243,24243,FALSE,TRUE,3,3,FALSE
0434363,4,1,1,24243,24243,FALSE,TRUE,3,3,FALSE
0434366,1,1,1,24243,24243,FALSE,TRUE,3,3,FALSE
0434368,1,1,1,24243,24243,FALSE,TRUE,3,3,FALSE
0434371,1,1,1,24243,24243,FALSE,TRUE,3,3,FALSE
0434383,1,1,1,24243,24243,FALSE,TRUE,3,3,FALSE
0434384,1,1,1,24243,24243,FALSE,TRUE,3,3,FALSE
0434385,1,1,1,24243,24243,FALSE,TRUE,3,3,FALSE
0434390,1,1,1,24243,24243,FALSE,TRUE,3,3,FALSE
0434391,1,1,1,24243,24243,FALSE,TRUE,3,3,FALSE
0434392,1,1,1,24243,24243,FALSE,TRUE,3,3,FALSE
0434394,3,1,1,24243,24243,FALSE,TRUE,3,3,FALSE
0434396,1,1,1,24243,24243,FALSE,TRUE,3,3,FALSE
0434400,1,1,1,24243,24243,FALSE,TRUE,3,3,FALSE
0434402,1,1,1,24243,24243,FALSE,TRUE,3,3,FALSE
0434404,1,1,1,24243,24243,FALSE,TRUE,3,3,FALSE
0434408,1,1,1,24243,24243,FALSE,TRUE,3,3,FALSE
0434411,1,1,1,24243,24243,FALSE,TRUE,3,3,FALSE
0434412,1,1,1,24243,24243,FALSE,TRUE,3,3,FALSE
0434416,1,1,1,24243,24243,FALSE,TRUE,3,3,FALSE
0434417,1,1,1,24243,24243,FALSE,TRUE,3,3,FALSE
0434421,1,1,1,24243,24243,FALSE,TRUE,3,3,FALSE
0434422,1,1,1,24243,24243,FALSE,TRUE,3,3,FALSE
0434424,1,1,1,24243,24243,FALSE,TRUE,3,3,FALSE
0434425,1,1,1,24243,24243,FALSE,TRUE,3,3,FALSE
0434427,1,1,1,24243,24243,FALSE,TRUE,3,3,FALSE
0434437,1,1,1,24243,24243,FALSE,TRUE,3,3,FALSE
0434439,1,1,1,24243,24243,FALSE,TRUE,3,3,FALSE
0434442,1,1,1,24243,24243,FALSE,TRUE,3,3,FALSE
0434443,1,1,1,24243,24243,FALSE,TRUE,3,3,FALSE
0434444,1,1,1,24243,24243,FALSE,TRUE,3,3,FALSE
0434445,1,1,1,24243,24243,FALSE,TRUE,3,3,FALSE
0434449,2,1,1,24243,24243,FALSE,TRUE,3,3,FALSE
0434450,1,1,1,24243,24243,FALSE,TRUE,3,3,FALSE
0434452,1,1,1,24243,24243,FALSE,TRUE,3,3,FALSE
0434454,1,1,1,24243,24243,FALSE,TRUE,3,3,FALSE
0434455,1,1,1,24243,24243,FALSE,TRUE,3,3,FALSE
0434458,1,1,1,24243,24243,FALSE,TRUE,3,3,FALSE
0434463,1,1,1,24243,24243,FALSE,TRUE,3,3,FALSE
0434467,1,1,1,24243,24243,FALSE,TRUE,3,3,FALSE
0434469,1,1,1,24243,24243,FALSE,TRUE,3,3,FALSE
0434474,1,1,1,24243,24243,FALSE,TRUE,3,3,FALSE
0434475,1,1,1,24243,24243,FALSE,TRUE,3,3,FALSE
0434476,1,1,1,24243,24243,FALSE,TRUE,3,3,FALSE
0434479,1,1,1,24243,24243,FALSE,TRUE,3,3,FALSE
0434480,1,1,1,24243,24243,FALSE,TRUE,3,3,FALSE
0434484,1,1,1,24243,24243,FALSE,TRUE,3,3,FALSE
0434485,1,1,1,24243,24243,FALSE,TRUE,3,3,FALSE
0434487,1,1,1,24243,24243,FALSE,TRUE,3,3,FALSE
0434489,1,1,1,24243,24243,FALSE,TRUE,3,3,FALSE
0434491,1,1,1,24243,24243,FALSE,TRUE,3,3,FALSE
0434495,1,1,1,24243,24243,FALSE,TRUE,3,3,FALSE
0434496,1,1,1,24243,24243,FALSE,TRUE,3,3,FALSE
0434500,1,1,1,24243,24243,FALSE,TRUE,3,3,FALSE
0434508,1,1,1,24243,24243,FALSE,TRUE,3,3,FALSE
0434509,1,1,1,24243,24243,FALSE,TRUE,3,3,FALSE
0434516,1,1,1,24243,24243,FALSE,TRUE,3,3,FALSE
0434519,1,1,1,24243,24243,FALSE,TRUE,3,3,FALSE
0434520,1,1,1,24243,24243,FALSE,TRUE,3,3,FALSE
0434521,1,1,1,24243,24243,FALSE,TRUE,3,3,FALSE
0434524,1,1,1,24243,24243,FALSE,TRUE,3,3,FALSE
0434527,1,1,1,24243,24243,FALSE,TRUE,3,3,FALSE
0434530,1,1,1,24243,24243,FALSE,TRUE,3,3,FALSE
0434531,1,1,1,24243,24243,FALSE,TRUE,3,3,FALSE
0434536,1,1,1,24243,24243,FALSE,TRUE,3,3,FALSE
0434539,1,1,1,24243,24243,FALSE,TRUE,3,3,FALSE
0434540,4,1,1,24243,24243,FALSE,TRUE,3,3,FALSE
0434541,1,1,1,24243,24243,FALSE,TRUE,3,3,FALSE
0434546,1,1,1,24243,24243,FALSE,TRUE,3,3,FALSE
0434547,1,1,1,24243,24243,FALSE,TRUE,3,3,FALSE
0434548,1,1,1,24243,24243,FALSE,TRUE,3,3,FALSE
0434550,1,1,1,24243,24243,FALSE,TRUE,3,3,FALSE
0434555,1,1,1,24243,24243,FALSE,TRUE,3,3,FALSE
0434556,1,1,1,24243,24243,FALSE,TRUE,3,3,FALSE
0434559,1,1,1,24243,24243,FALSE,TRUE,3,3,FALSE
0434560,1,1,1,24243,24243,FALSE,TRUE,3,3,FALSE
0434561,1,1,1,24243,24243,FALSE,TRUE,3,3,FALSE
0434565,1,1,1,24243,24243,FALSE,TRUE,3,3,FALSE
0434569,1,1,1,24243,24243,FALSE,TRUE,3,3,FALSE
0434573,1,1,1,24243,24243,FALSE,TRUE,3,3,FALSE
0434574,1,1,1,24243,24243,FALSE,TRUE,3,3,FALSE
0434575,1,1,1,24243,24243,FALSE,TRUE,3,3,FALSE
0434577,1,1,1,24243,24243,FALSE,TRUE,3,3,FALSE
0434578,1,1,1,24243,24243,FALSE,TRUE,3,3,FALSE
0434581,1,1,1,24243,24243,FALSE,TRUE,3,3,FALSE
0434585,1,1,1,24243,24243,FALSE,TRUE,3,3,FALSE
0434589,1,1,1,24243,24243,FALSE,TRUE,3,3,FALSE
0434593,1,1,1,24243,24243,FALSE,TRUE,3,3,FALSE
0434596,1,1,1,24243,24243,FALSE,TRUE,3,3,FALSE
0434601,1,1,1,24243,24243,FALSE,TRUE,3,3,FALSE
0434606,1,1,1,24243,24243,FALSE,TRUE,3,3,FALSE
0434607,1,1,1,24243,24243,FALSE,TRUE,3,3,FALSE
0434608,3,1,1,24243,24243,FALSE,TRUE,3,3,FALSE
0434609,1,1,1,24243,24243,FALSE,TRUE,3,3,FALSE
0434610,1,1,1,24243,24243,FALSE,TRUE,3,3,FALSE
0434613,1,1,1,24243,24243,FALSE,TRUE,3,3,FALSE
0434617,1,1,1,24243,24243,FALSE,TRUE,3,3,FALSE
0434620,1,1,1,24243,24243,FALSE,TRUE,3,3,FALSE
0434621,1,1,1,24243,24243,FALSE,TRUE,3,3,FALSE
0434624,1,1,1,24243,24243,FALSE,TRUE,3,3,FALSE
0434625,3,1,1,24243,24243,FALSE,TRUE,3,3,FALSE
0434626,1,1,1,24243,24243,FALSE,TRUE,3,3,FALSE
0434628,1,1,1,24243,24243,FALSE,TRUE,3,3,FALSE
0434632,1,1,1,24243,24243,FALSE,TRUE,3,3,FALSE
0434634,2,1,1,24243,24243,FALSE,TRUE,3,3,FALSE
0434636,1,1,1,24243,24243,FALSE,TRUE,3,3,FALSE
0434637,1,1,1,24243,24243,FALSE,TRUE,3,3,FALSE
0434638,1,1,1,24243,24243,FALSE,TRUE,3,3,FALSE
0434639,1,1,1,24243,24243,FALSE,TRUE,3,3,FALSE
0434641,1,1,1,24243,24243,FALSE,TRUE,3,3,FALSE
0434646,3,1,1,24243,24243,FALSE,TRUE,3,3,FALSE
0434648,1,1,1,24243,24243,FALSE,TRUE,3,3,FALSE
0434650,1,1,1,24243,24243,FALSE,TRUE,3,3,FALSE
0434652,1,1,1,24243,24243,FALSE,TRUE,3,3,FALSE
0434656,1,1,1,24243,24243,FALSE,TRUE,3,3,FALSE
0434658,1,1,1,24243,24243,FALSE,TRUE,3,3,FALSE
0434659,1,1,1,24243,24243,FALSE,TRUE,3,3,FALSE
0434661,1,1,1,24243,24243,FALSE,TRUE,3,3,FALSE
0434665,1,1,1,24243,24243,FALSE,TRUE,3,3,FALSE
0434669,1,1,1,24243,24243,FALSE,TRUE,3,3,FALSE
0434671,1,1,1,24243,24243,FALSE,TRUE,3,3,FALSE
0434676,1,1,1,24243,24243,FALSE,TRUE,3,3,FALSE
0434678,1,1,1,24243,24243,FALSE,TRUE,3,3,FALSE
0434679,3,1,1,24243,24243,FALSE,TRUE,3,3,FALSE
0434680,1,1,1,24243,24243,FALSE,TRUE,3,3,FALSE
0434682,1,1,1,24243,24243,FALSE,TRUE,3,3,FALSE
0434684,1,1,1,24243,24243,FALSE,TRUE,3,3,FALSE
0434686,1,1,1,24243,24243,FALSE,TRUE,3,3,FALSE
0434688,1,1,1,24243,24243,FALSE,TRUE,3,3,FALSE
0434692,1,1,1,24243,24243,FALSE,TRUE,3,3,FALSE
0434693,1,1,1,24243,24243,FALSE,TRUE,3,3,FALSE
0434696,1,1,1,24243,24243,FALSE,TRUE,3,3,FALSE
0434698,1,1,1,24243,24243,FALSE,TRUE,3,3,FALSE
0434699,1,1,1,24243,24243,FALSE,TRUE,3,3,FALSE
0434700,1,1,1,24243,24243,FALSE,TRUE,3,3,FALSE
0434701,1,1,1,24243,24243,FALSE,TRUE,3,3,FALSE
0434703,1,1,1,24243,24243,FALSE,TRUE,3,3,FALSE
0434707,1,1,1,24243,24243,FALSE,TRUE,3,3,FALSE
0434708,1,1,1,24243,24243,FALSE,TRUE,3,3,FALSE
0434713,1,1,1,24243,24243,FALSE,TRUE,3,3,FALSE
0434716,1,1,1,24243,24243,FALSE,TRUE,3,3,FALSE
0434718,1,1,1,24243,24243,FALSE,TRUE,3,3,FALSE
0434719,1,1,1,24243,24243,FALSE,TRUE,3,3,FALSE
0434722,1,1,1,24243,24243,FALSE,TRUE,3,3,FALSE
0434724,1,1,1,24243,24243,FALSE,TRUE,3,3,FALSE
0434727,1,1,1,24243,24243,FALSE,TRUE,3,3,FALSE
0434729,1,1,1,24243,24243,FALSE,TRUE,3,3,FALSE
0434731,1,1,1,24243,24243,FALSE,TRUE,3,3,FALSE
0434732,1,1,1,24243,24243,FALSE,TRUE,3,3,FALSE
0434735,1,1,1,24243,24243,FALSE,TRUE,3,3,FALSE
0434737,1,1,1,24243,24243,FALSE,TRUE,3,3,FALSE
0434746,1,1,1,24243,24243,FALSE,TRUE,3,3,FALSE
0434747,1,1,1,24243,24243,FALSE,TRUE,3,3,FALSE
0434748,1,1,1,24243,24243,FALSE,TRUE,3,3,FALSE
0434749,1,1,1,24243,24243,FALSE,TRUE,3,3,FALSE
0434755,1,1,1,24243,24243,FALSE,TRUE,3,3,FALSE
0434756,1,1,1,24243,24243,FALSE,TRUE,3,3,FALSE
0434760,1,1,1,24243,24243,FALSE,TRUE,3,3,FALSE
0434761,1,1,1,24243,24243,FALSE,TRUE,3,3,FALSE
0434763,1,1,1,24243,24243,FALSE,TRUE,3,3,FALSE
0434765,1,1,1,24243,24243,FALSE,TRUE,3,3,FALSE
0434769,1,1,1,24243,24243,FALSE,TRUE,3,3,FALSE
0434771,1,1,1,24243,24243,FALSE,TRUE,3,3,FALSE
0434774,1,1,1,24243,24243,FALSE,TRUE,3,3,FALSE
0434776,1,1,1,24243,24243,FALSE,TRUE,3,3,FALSE
0434777,1,1,1,24243,24243,FALSE,TRUE,3,3,FALSE
0434779,1,1,1,24243,24243,FALSE,TRUE,3,3,FALSE
0434783,1,1,1,24243,24243,FALSE,TRUE,3,3,FALSE
0434786,3,1,1,24243,24243,FALSE,TRUE,3,3,FALSE
0434788,1,1,1,24243,24243,FALSE,TRUE,3,3,FALSE
0434790,1,1,1,24243,24243,FALSE,TRUE,3,3,FALSE
0434791,1,1,1,24243,24243,FALSE,TRUE,3,3,FALSE
0434795,1,1,1,24243,24243,FALSE,TRUE,3,3,FALSE
0434796,1,1,1,24243,24243,FALSE,TRUE,3,3,FALSE
0434800,1,1,1,24243,24243,FALSE,TRUE,3,3,FALSE
0434804,1,1,1,24243,24243,FALSE,TRUE,3,3,FALSE
0434805,1,1,1,24243,24243,FALSE,TRUE,3,3,FALSE
0434814,1,1,1,24243,24243,FALSE,TRUE,3,3,FALSE
0434817,1,1,1,24243,24243,FALSE,TRUE,3,3,FALSE
0434819,1,1,1,24243,24243,FALSE,TRUE,3,3,FALSE
0434821,1,1,1,24243,24243,FALSE,TRUE,3,3,FALSE
0434822,1,1,1,24243,24243,FALSE,TRUE,3,3,FALSE
0434823,1,1,1,24243,24243,FALSE,TRUE,3,3,FALSE
0434825,1,1,1,24243,24243,FALSE,TRUE,3,3,FALSE
0434829,1,1,1,24243,24243,FALSE,TRUE,3,3,FALSE
0434830,4,1,1,24243,24243,FALSE,TRUE,3,3,FALSE
0434837,1,1,1,24243,24243,FALSE,TRUE,3,3,FALSE
0434839,1,1,1,24243,24243,FALSE,TRUE,3,3,FALSE
0434840,1,1,1,24243,24243,FALSE,TRUE,3,3,FALSE
0434842,1,1,1,24243,24243,FALSE,TRUE,3,3,FALSE
0434844,1,1,1,24243,24243,FALSE,TRUE,3,3,FALSE
0434849,1,1,1,24243,24243,FALSE,TRUE,3,3,FALSE
0434851,1,1,1,24243,24243,FALSE,TRUE,3,3,FALSE
0434853,1,1,1,24243,24243,FALSE,TRUE,3,3,FALSE
0434854,1,1,1,24243,24243,FALSE,TRUE,3,3,FALSE
0434855,1,1,1,24243,24243,FALSE,TRUE,3,3,FALSE
0434856,1,1,1,24243,24243,FALSE,TRUE,3,3,FALSE
0434861,1,1,1,24243,24243,FALSE,TRUE,3,3,FALSE
0434863,1,1,1,24243,24243,FALSE,TRUE,3,3,FALSE
0434865,1,1,1,24243,24243,FALSE,TRUE,3,3,FALSE
0434866,1,1,1,24243,24243,FALSE,TRUE,3,3,FALSE
0434868,1,1,1,24243,24243,FALSE,TRUE,3,3,FALSE
0434869,1,1,1,24243,24243,FALSE,TRUE,3,3,FALSE
0434871,1,1,1,24243,24243,FALSE,TRUE,3,3,FALSE
0434876,1,1,1,24243,24243,FALSE,TRUE,3,3,FALSE
0434879,1,1,1,24243,24243,FALSE,TRUE,3,3,FALSE
0434881,1,1,1,24243,24243,FALSE,TRUE,3,3,FALSE
0434882,1,1,1,24243,24243,FALSE,TRUE,3,3,FALSE
0434889,1,1,1,24243,24243,FALSE,TRUE,3,3,FALSE
0434891,1,1,1,24243,24243,FALSE,TRUE,3,3,FALSE
0434892,1,1,1,24243,24243,FALSE,TRUE,3,3,FALSE
0434894,1,1,1,24243,24243,FALSE,TRUE,3,3,FALSE
0434895,1,1,1,24243,24243,FALSE,TRUE,3,3,FALSE
0434901,1,1,1,24243,24243,FALSE,TRUE,3,3,FALSE
0434903,1,1,1,24243,24243,FALSE,TRUE,3,3,FALSE
0434906,1,1,1,24243,24243,FALSE,TRUE,3,3,FALSE
0434915,1,1,1,24243,24243,FALSE,TRUE,3,3,FALSE
0434916,1,1,1,24243,24243,FALSE,TRUE,3,3,FALSE
0434918,1,1,1,24243,24243,FALSE,TRUE,3,3,FALSE
0434921,1,1,1,24243,24243,FALSE,TRUE,3,3,FALSE
0434922,2,1,1,24243,24243,FALSE,TRUE,3,3,FALSE
0434926,1,1,1,24243,24243,FALSE,TRUE,3,3,FALSE
0434928,1,1,1,24243,24243,FALSE,TRUE,3,3,FALSE
0434929,1,1,1,24243,24243,FALSE,TRUE,3,3,FALSE
0434930,1,1,1,24243,24243,FALSE,TRUE,3,3,FALSE
0434951,1,1,1,24243,24243,FALSE,TRUE,3,3,FALSE
0434952,1,1,1,24243,24243,FALSE,TRUE,3,3,FALSE
0434954,1,1,1,24243,24243,FALSE,TRUE,3,3,FALSE
0434958,1,1,1,24243,24243,FALSE,TRUE,3,3,FALSE
0434961,1,1,1,24243,24243,FALSE,TRUE,3,3,FALSE
0434963,4,1,1,24243,24243,FALSE,TRUE,3,3,FALSE
0434964,1,1,1,24243,24243,FALSE,TRUE,3,3,FALSE
0434965,1,1,1,24243,24243,FALSE,TRUE,3,3,FALSE
0434969,1,1,1,24243,24243,FALSE,TRUE,3,3,FALSE
0434970,1,1,1,24243,24243,FALSE,TRUE,3,3,FALSE
0434975,1,1,1,24243,24243,FALSE,TRUE,3,3,FALSE
0434976,1,1,1,24243,24243,FALSE,TRUE,3,3,FALSE
0434977,1,1,1,24243,24243,FALSE,TRUE,3,3,FALSE
0434979,1,1,1,24243,24243,FALSE,TRUE,3,3,FALSE
0434981,1,1,1,24243,24243,FALSE,TRUE,3,3,FALSE
0434984,1,1,1,24243,24243,FALSE,TRUE,3,3,FALSE
0434985,1,1,1,24243,24243,FALSE,TRUE,3,3,FALSE
0434987,4,1,1,24243,24243,FALSE,TRUE,3,3,FALSE
0434988,1,1,1,24243,24243,FALSE,TRUE,3,3,FALSE
0434989,1,1,1,24243,24243,FALSE,TRUE,3,3,FALSE
0434992,1,1,1,24243,24243,FALSE,TRUE,3,3,FALSE
0434993,1,1,1,24243,24243,FALSE,TRUE,3,3,FALSE
0434994,1,1,1,24243,24243,FALSE,TRUE,3,3,FALSE
0434995,1,1,1,24243,24243,FALSE,TRUE,3,3,FALSE
0434996,1,1,1,24243,24243,FALSE,TRUE,3,3,FALSE
0435000,1,1,1,24243,24243,FALSE,TRUE,3,3,FALSE
0435001,1,1,1,24243,24243,FALSE,TRUE,3,3,FALSE
0435003,1,1,1,24243,24243,FALSE,TRUE,3,3,FALSE
0435004,1,1,1,24243,24243,FALSE,TRUE,3,3,FALSE
0435006,1,1,1,24243,24243,FALSE,TRUE,3,3,FALSE
0435007,1,1,1,24243,24243,FALSE,TRUE,3,3,FALSE
0435008,1,1,1,24243,24243,FALSE,TRUE,3,3,FALSE
0435012,1,1,1,24243,24243,FALSE,TRUE,3,3,FALSE
0435014,1,1,1,24243,24243,FALSE,TRUE,3,3,FALSE
0435015,1,1,1,24243,24243,FALSE,TRUE,3,3,FALSE
0435017,1,1,1,24243,24243,FALSE,TRUE,3,3,FALSE
0435018,1,1,1,24243,24243,FALSE,TRUE,3,3,FALSE
0435020,1,1,1,24243,24243,FALSE,TRUE,3,3,FALSE
0435022,1,1,1,24243,24243,FALSE,TRUE,3,3,FALSE
0435024,1,1,1,24243,24243,FALSE,TRUE,3,3,FALSE
0435025,1,1,1,24243,24243,FALSE,TRUE,3,3,FALSE
0435027,1,1,1,24243,24243,FALSE,TRUE,3,3,FALSE
0435030,1,1,1,24243,24243,FALSE,TRUE,3,3,FALSE
0435033,1,1,1,24243,24243,FALSE,TRUE,3,3,FALSE
0435034,1,1,1,24243,24243,FALSE,TRUE,3,3,FALSE
0435041,1,1,1,24243,24243,FALSE,TRUE,3,3,FALSE
0435042,4,1,1,24243,24243,FALSE,TRUE,3,3,FALSE
0435044,1,1,1,24243,24243,FALSE,TRUE,3,3,FALSE
0435048,1,1,1,24243,24243,FALSE,TRUE,3,3,FALSE
0435050,1,1,1,24243,24243,FALSE,TRUE,3,3,FALSE
0435051,1,1,1,24243,24243,FALSE,TRUE,3,3,FALSE
0435052,1,1,1,24243,24243,FALSE,TRUE,3,3,FALSE
0435054,1,1,1,24243,24243,FALSE,TRUE,3,3,FALSE
0435055,1,1,1,24243,24243,FALSE,TRUE,3,3,FALSE
0435059,1,1,1,24243,24243,FALSE,TRUE,3,3,FALSE
0435060,1,1,1,24243,24243,FALSE,TRUE,3,3,FALSE
0435061,1,1,1,24243,24243,FALSE,TRUE,3,3,FALSE
0435071,1,1,1,24243,24243,FALSE,TRUE,3,3,FALSE
0435072,1,1,1,24243,24243,FALSE,TRUE,3,3,FALSE
0435073,1,1,1,24243,24243,FALSE,TRUE,3,3,FALSE
0435074,1,1,1,24243,24243,FALSE,TRUE,3,3,FALSE
0435076,1,1,1,24243,24243,FALSE,TRUE,3,3,FALSE
0435078,1,1,1,24243,24243,FALSE,TRUE,3,3,FALSE
0435079,1,1,1,24243,24243,FALSE,TRUE,3,3,FALSE
0435084,1,1,1,24243,24243,FALSE,TRUE,3,3,FALSE
0435086,1,1,1,24243,24243,FALSE,TRUE,3,3,FALSE
0435088,1,1,1,24243,24243,FALSE,TRUE,3,3,FALSE
0435089,4,1,1,24243,24243,FALSE,TRUE,3,3,FALSE
0435090,1,1,1,24243,24243,FALSE,TRUE,3,3,FALSE
0435093,1,1,1,24243,24243,FALSE,TRUE,3,3,FALSE
0435097,1,1,1,24243,24243,FALSE,TRUE,3,3,FALSE
0435099,1,1,1,24243,24243,FALSE,TRUE,3,3,FALSE
0435102,1,1,1,24243,24243,FALSE,TRUE,3,3,FALSE
0435107,1,1,1,24243,24243,FALSE,TRUE,3,3,FALSE
0435108,1,1,1,24243,24243,FALSE,TRUE,3,3,FALSE
0435110,1,1,1,24243,24243,FALSE,TRUE,3,3,FALSE
0435111,1,1,1,24243,24243,FALSE,TRUE,3,3,FALSE
0435114,1,1,1,24243,24243,FALSE,TRUE,3,3,FALSE
0435115,1,1,1,24243,24243,FALSE,TRUE,3,3,FALSE
0435117,1,1,1,24243,24243,FALSE,TRUE,3,3,FALSE
0435119,1,1,1,24243,24243,FALSE,TRUE,3,3,FALSE
0435125,1,1,1,24243,24243,FALSE,TRUE,3,3,FALSE
0435126,1,1,1,24243,24243,FALSE,TRUE,3,3,FALSE
0435128,1,1,1,24243,24243,FALSE,TRUE,3,3,FALSE
0435129,1,1,1,24243,24243,FALSE,TRUE,3,3,FALSE
0435130,1,1,1,24243,24243,FALSE,TRUE,3,3,FALSE
0435140,1,1,1,24243,24243,FALSE,TRUE,3,3,FALSE
0435141,1,1,1,24243,24243,FALSE,TRUE,3,3,FALSE
0435142,1,1,1,24243,24243,FALSE,TRUE,3,3,FALSE
0435143,1,1,1,24243,24243,FALSE,TRUE,3,3,FALSE
0435146,1,1,1,24243,24243,FALSE,TRUE,3,3,FALSE
0435147,1,1,1,24243,24243,FALSE,TRUE,3,3,FALSE
0435148,1,1,1,24243,24243,FALSE,TRUE,3,3,FALSE
0435149,1,1,1,24243,24243,FALSE,TRUE,3,3,FALSE
0435152,1,1,1,24243,24243,FALSE,TRUE,3,3,FALSE
0435161,1,1,1,24243,24243,FALSE,TRUE,3,3,FALSE
0435164,1,1,1,24243,24243,FALSE,TRUE,3,3,FALSE
0435167,1,1,1,24243,24243,FALSE,TRUE,3,3,FALSE
0435169,1,1,1,24243,24243,FALSE,TRUE,3,3,FALSE
0435171,1,1,1,24243,24243,FALSE,TRUE,3,3,FALSE
0435172,1,1,1,24243,24243,FALSE,TRUE,3,3,FALSE
0435175,1,1,1,24243,24243,FALSE,TRUE,3,3,FALSE
0435180,1,1,1,24243,24243,FALSE,TRUE,3,3,FALSE
0435182,1,1,1,24243,24243,FALSE,TRUE,3,3,FALSE
0435189,2,1,1,24243,24243,FALSE,TRUE,3,3,FALSE
0435191,1,1,1,24243,24243,FALSE,TRUE,3,3,FALSE
0435193,1,1,1,24243,24243,FALSE,TRUE,3,3,FALSE
0435197,1,1,1,24243,24243,FALSE,TRUE,3,3,FALSE
0435200,1,1,1,24243,24243,FALSE,TRUE,3,3,FALSE
0435202,1,1,1,24243,24243,FALSE,TRUE,3,3,FALSE
0435203,1,1,1,24243,24243,FALSE,TRUE,3,3,FALSE
0435208,1,1,1,24243,24243,FALSE,TRUE,3,3,FALSE
0435212,1,1,1,24243,24243,FALSE,TRUE,3,3,FALSE
0435217,4,1,1,24243,24243,FALSE,TRUE,3,3,FALSE
0435218,1,1,1,24243,24243,FALSE,TRUE,3,3,FALSE
