case_id,keep_age_only,keep_after_income_floor,keep_after_income_complete,keep_final,present_full_12_months
108366,TRUE,FALSE,FALSE,FALSE,TRUE
108367,TRUE,TRUE,TRUE,TRUE,TRUE
108368,TRUE,TRUE,TRUE,FALSE,TRUE
108369,FALSE,FALSE,FALSE,FALSE,TRUE
108370,TRUE,FALSE,FALSE,FALSE,TRUE
108371,FALSE,FALSE,FALSE,FALSE,TRUE
108372,TRUE,TRUE,TRUE,TRUE,TRUE
108374,TRUE,TRUE,TRUE,TRUE,TRUE
108376,TRUE,TRUE,TRUE,FALSE,TRUE
108378,FALSE,FALSE,FALSE,FALSE,TRUE
108379,TRUE,TRUE,TRUE,TRUE,TRUE
108380,FALSE,FALSE,FALSE,FALSE,TRUE
108381,TRUE,TRUE,TRUE,FALSE,TRUE
108382,TRUE,TRUE,TRUE,TRUE,TRUE
108383,TRUE,TRUE,TRUE,FALSE,FALSE
108384,FALSE,FALSE,FALSE,FALSE,TRUE
108385,FALSE,FALSE,FALSE,FALSE,TRUE
108386,TRUE,TRUE,TRUE,TRUE,TRUE
108388,TRUE,FALSE,FALSE,FALSE,TRUE
108390,TRUE,TRUE,TRUE,TRUE,TRUE
108391,TRUE,TRUE,TRUE,TRUE,TRUE
108392,TRUE,TRUE,TRUE,FALSE,TRUE
108394,FALSE,FALSE,FALSE,FALSE,TRUE
108395,FALSE,FALSE,FALSE,FALSE,TRUE
108396,TRUE,TRUE,TRUE,TRUE,TRUE
108397,TRUE,TRUE,TRUE,TRUE,TRUE
108398,TRUE,TRUE,TRUE,TRUE,TRUE
108399,TRUE,TRUE,TRUE,TRUE,TRUE
108401,TRUE,FALSE,FALSE,FALSE,TRUE
108402,FALSE,FALSE,FALSE,FALSE,TRUE
108403,TRUE,TRUE,TRUE,TRUE,TRUE
108405,TRUE,TRUE,TRUE,TRUE,TRUE
108408,TRUE,TRUE,TRUE,FALSE,TRUE
108411,TRUE,TRUE,TRUE,TRUE,TRUE
108412,TRUE,TRUE,TRUE,TRUE,TRUE
108413,TRUE,TRUE,TRUE,TRUE,TRUE
108414,TRUE,TRUE,TRUE,FALSE,TRUE
108415,FALSE,FALSE,FALSE,FALSE,TRUE
108421,TRUE,TRUE,TRUE,TRUE,TRUE
108423,TRUE,TRUE,TRUE,FALSE,TRUE
108426,TRUE,FALSE,FALSE,FALSE,TRUE
108429,FALSE,FALSE,FALSE,FALSE,FALSE
108430,TRUE,FALSE,FALSE,FALSE,TRUE
108431,TRUE,TRUE,TRUE,TRUE,TRUE
108432,FALSE,FALSE,FALSE,FALSE,TRUE
108433,FALSE,FALSE,FALSE,FALSE,TRUE
108434,TRUE,TRUE,TRUE,TRUE,TRUE
108437,TRUE,TRUE,TRUE,TRUE,TRUE
108438,FALSE,FALSE,FALSE,FALSE,TRUE
108441,TRUE,TRUE,TRUE,TRUE,TRUE
108442,TRUE,TRUE,TRUE,FALSE,TRUE
108444,TRUE,TRUE,TRUE,TRUE,TRUE
108445,TRUE,FALSE,FALSE,FALSE,TRUE
108446,TRUE,FALSE,FALSE,FALSE,TRUE
108447,TRUE,TRUE,TRUE,TRUE,TRUE
108448,TRUE,TRUE,TRUE,TRUE,TRUE
108450,TRUE,TRUE,TRUE,FALSE,TRUE
108451,TRUE,TRUE,TRUE,TRUE,TRUE
108453,TRUE,TRUE,TRUE,TRUE,TRUE
108454,TRUE,FALSE,FALSE,FALSE,FALSE
108455,TRUE,TRUE,TRUE,TRUE,TRUE
108456,TRUE,TRUE,TRUE,FALSE,TRUE
108457,TRUE,FALSE,FALSE,FALSE,TRUE
108460,TRUE,TRUE,TRUE,TRUE,TRUE
108461,FALSE,FALSE,FALSE,FALSE,TRUE
108463,TRUE,TRUE,TRUE,TRUE,TRUE
108467,FALSE,FALSE,FALSE,FALSE,FALSE
108470,TRUE,FALSE,FALSE,FALSE,FALSE
108471,TRUE,TRUE,TRUE,TRUE,TRUE
108472,TRUE,TRUE,TRUE,TRUE,TRUE
108473,TRUE,FALSE,FALSE,FALSE,TRUE
108474,TRUE,FALSE,FALSE,FALSE,TRUE
108475,TRUE,TRUE,TRUE,TRUE,TRUE
108479,TRUE,TRUE,TRUE,TRUE,TRUE
108480,TRUE,TRUE,TRUE,FALSE,TRUE
108481,TRUE,TRUE,TRUE,TRUE,TRUE
108482,TRUE,TRUE,TRUE,TRUE,TRUE
108487,TRUE,FALSE,FALSE,FALSE,FALSE
108488,TRUE,TRUE,TRUE,FALSE,TRUE
108490,FALSE,FALSE,FALSE,FALSE,TRUE
108491,TRUE,FALSE,FALSE,FALSE,TRUE
108493,TRUE,TRUE,FALSE,FALSE,TRUE
108494,TRUE,TRUE,TRUE,TRUE,TRUE
108496,TRUE,TRUE,TRUE,TRUE,TRUE
108499,FALSE,FALSE,FALSE,FALSE,TRUE
108500,TRUE,TRUE,TRUE,TRUE,TRUE
108501,TRUE,TRUE,TRUE,TRUE,TRUE
108502,TRUE,TRUE,TRUE,TRUE,TRUE
108508,FALSE,FALSE,FALSE,FALSE,TRUE
108509,TRUE,TRUE,TRUE,TRUE,TRUE
108513,FALSE,FALSE,FALSE,FALSE,TRUE
108516,TRUE,TRUE,TRUE,FALSE,FALSE
108517,TRUE,TRUE,TRUE,FALSE,TRUE
108519,TRUE,TRUE,TRUE,TRUE,TRUE
108520,FALSE,FALSE,FALSE,FALSE,TRUE
108521,TRUE,FALSE,FALSE,FALSE,TRUE
108525,TRUE,FALSE,FALSE,FALSE,TRUE
108526,TRUE,TRUE,TRUE,TRUE,TRUE
108527,TRUE,TRUE,TRUE,TRUE,TRUE
108528,TRUE,TRUE,TRUE,FALSE,TRUE
108530,TRUE,TRUE,TRUE,FALSE,TRUE
108531,FALSE,FALSE,FALSE,FALSE,TRUE
108532,TRUE,TRUE,TRUE,TRUE,TRUE
108533,TRUE,TRUE,TRUE,TRUE,TRUE
108534,TRUE,TRUE,TRUE,TRUE,TRUE
108535,TRUE,TRUE,TRUE,TRUE,TRUE
108537,TRUE,TRUE,TRUE,TRUE,TRUE
108539,TRUE,TRUE,TRUE,FALSE,TRUE
108541,TRUE,TRUE,TRUE,FALSE,TRUE
108543,TRUE,TRUE,TRUE,TRUE,TRUE
108545,TRUE,TRUE,TRUE,TRUE,TRUE
108546,TRUE,TRUE,TRUE,TRUE,TRUE
108547,TRUE,FALSE,FALSE,FALSE,TRUE
108549,TRUE,TRUE,TRUE,FALSE,TRUE
108550,TRUE,TRUE,TRUE,TRUE,TRUE
108552,TRUE,TRUE,TRUE,TRUE,TRUE
108554,TRUE,FALSE,FALSE,FALSE,TRUE
108555,TRUE,FALSE,FALSE,FALSE,FALSE
108556,FALSE,FALSE,FALSE,FALSE,TRUE
108558,TRUE,FALSE,FALSE,FALSE,TRUE
108561,TRUE,TRUE,TRUE,FALSE,TRUE
108562,TRUE,TRUE,TRUE,TRUE,TRUE
108563,FALSE,FALSE,FALSE,FALSE,TRUE
108564,FALSE,FALSE,FALSE,FALSE,TRUE
108565,FALSE,FALSE,FALSE,FALSE,TRUE
108567,TRUE,TRUE,TRUE,TRUE,TRUE
108569,TRUE,TRUE,TRUE,FALSE,TRUE
108570,TRUE,TRUE,TRUE,TRUE,TRUE
108571,TRUE,TRUE,TRUE,TRUE,TRUE
108576,FALSE,FALSE,FALSE,FALSE,TRUE
108577,TRUE,FALSE,FALSE,FALSE,TRUE
108579,TRUE,TRUE,TRUE,TRUE,TRUE
108581,TRUE,TRUE,TRUE,TRUE,TRUE
108583,TRUE,FALSE,FALSE,FALSE,TRUE
108584,TRUE,TRUE,TRUE,TRUE,TRUE
108587,TRUE,TRUE,TRUE,TRUE,TRUE
108588,TRUE,TRUE,TRUE,TRUE,TRUE
108589,TRUE,TRUE,TRUE,TRUE,TRUE
108592,FALSE,FALSE,FALSE,FALSE,TRUE
108593,TRUE,TRUE,TRUE,TRUE,TRUE
108594,TRUE,TRUE,TRUE,TRUE,TRUE
108596,FALSE,FALSE,FALSE,FALSE,TRUE
108597,TRUE,FALSE,FALSE,FALSE,TRUE
108598,TRUE,TRUE,TRUE,TRUE,TRUE
108600,TRUE,TRUE,TRUE,TRUE,TRUE
108601,TRUE,TRUE,TRUE,TRUE,TRUE
108602,TRUE,TRUE,TRUE,TRUE,TRUE
108603,FALSE,FALSE,FALSE,FALSE,TRUE
108604,FALSE,FALSE,FALSE,FALSE,TRUE
108605,TRUE,TRUE,TRUE,TRUE,TRUE
108606,FALSE,FALSE,FALSE,FALSE,TRUE
108607,TRUE,FALSE,FALSE,FALSE,FALSE
108608,TRUE,TRUE,TRUE,TRUE,TRUE
108610,TRUE,TRUE,TRUE,TRUE,TRUE
108611,FALSE,FALSE,FALSE,FALSE,TRUE
108612,TRUE,TRUE,TRUE,TRUE,TRUE
108613,TRUE,TRUE,TRUE,TRUE,TRUE
108615,TRUE,FALSE,FALSE,FALSE,TRUE
108616,TRUE,FALSE,FALSE,FALSE,FALSE
108617,FALSE,FALSE,FALSE,FALSE,TRUE
108618,TRUE,TRUE,TRUE,FALSE,FALSE
108619,TRUE,TRUE,TRUE,TRUE,TRUE
108622,TRUE,TRUE,TRUE,TRUE,TRUE
108625,TRUE,TRUE,TRUE,TRUE,TRUE
108626,TRUE,TRUE,TRUE,TRUE,TRUE
108627,TRUE,TRUE,TRUE,TRUE,TRUE
108628,FALSE,FALSE,FALSE,FALSE,TRUE
108629,FALSE,FALSE,FALSE,FALSE,TRUE
108630,TRUE,TRUE,TRUE,TRUE,TRUE
108632,TRUE,TRUE,TRUE,TRUE,TRUE
108633,TRUE,TRUE,TRUE,TRUE,TRUE
108634,TRUE,TRUE,TRUE,FALSE,TRUE
108636,TRUE,TRUE,TRUE,TRUE,TRUE
108637,TRUE,TRUE,TRUE,FALSE,TRUE
108641,FALSE,FALSE,FALSE,FALSE,TRUE
108645,TRUE,FALSE,FALSE,FALSE,FALSE
108647,TRUE,TRUE,TRUE,TRUE,TRUE
108648,TRUE,FALSE,FALSE,FALSE,TRUE
108650,FALSE,FALSE,FALSE,FALSE,TRUE
108651,TRUE,TRUE,TRUE,TRUE,TRUE
108654,TRUE,FALSE,FALSE,FALSE,TRUE
108656,FALSE,FALSE,FALSE,FALSE,TRUE
108657,TRUE,TRUE,TRUE,TRUE,TRUE
108658,TRUE,TRUE,TRUE,TRUE,TRUE
108659,FALSE,FALSE,FALSE,FALSE,TRUE
108662,TRUE,FALSE,FALSE,FALSE,TRUE
108664,TRUE,TRUE,TRUE,TRUE,TRUE
108665,FALSE,FALSE,FALSE,FALSE,TRUE
108667,TRUE,FALSE,FALSE,FALSE,TRUE
108668,FALSE,FALSE,FALSE,FALSE,TRUE
108669,TRUE,TRUE,TRUE,TRUE,TRUE
108671,TRUE,TRUE,TRUE,FALSE,TRUE
108672,FALSE,FALSE,FALSE,FALSE,TRUE
108673,TRUE,TRUE,TRUE,TRUE,TRUE
108675,TRUE,TRUE,TRUE,TRUE,TRUE
108677,TRUE,TRUE,TRUE,FALSE,TRUE
108682,FALSE,FALSE,FALSE,FALSE,TRUE
108686,TRUE,FALSE,FALSE,FALSE,TRUE
108687,TRUE,TRUE,TRUE,FALSE,TRUE
108688,FALSE,FALSE,FALSE,FALSE,TRUE
108689,TRUE,FALSE,FALSE,FALSE,TRUE
108690,TRUE,FALSE,FALSE,FALSE,TRUE
108691,TRUE,FALSE,FALSE,FALSE,TRUE
108692,TRUE,FALSE,FALSE,FALSE,TRUE
108694,FALSE,FALSE,FALSE,FALSE,TRUE
108695,FALSE,FALSE,FALSE,FALSE,TRUE
108698,FALSE,FALSE,FALSE,FALSE,TRUE
108699,TRUE,TRUE,TRUE,TRUE,TRUE
108700,FALSE,FALSE,FALSE,FALSE,TRUE
108701,FALSE,FALSE,FALSE,FALSE,TRUE
108703,TRUE,TRUE,TRUE,FALSE,TRUE
108708,TRUE,TRUE,TRUE,TRUE,FALSE
108709,TRUE,TRUE,TRUE,TRUE,TRUE
108712,TRUE,FALSE,FALSE,FALSE,TRUE
108713,TRUE,TRUE,TRUE,TRUE,TRUE
108714,TRUE,TRUE,TRUE,TRUE,TRUE
108715,TRUE,TRUE,TRUE,TRUE,TRUE
108716,TRUE,TRUE,TRUE,TRUE,TRUE
108719,TRUE,TRUE,TRUE,TRUE,TRUE
108720,TRUE,TRUE,TRUE,FALSE,TRUE
108721,TRUE,TRUE,TRUE,TRUE,TRUE
108722,TRUE,TRUE,TRUE,FALSE,TRUE
108724,TRUE,TRUE,TRUE,TRUE,TRUE
108726,FALSE,FALSE,FALSE,FALSE,TRUE
108727,FALSE,FALSE,FALSE,FALSE,TRUE
108729,TRUE,TRUE,TRUE,TRUE,TRUE
108730,FALSE,FALSE,FALSE,FALSE,TRUE
108732,TRUE,TRUE,TRUE,TRUE,TRUE
108733,TRUE,TRUE,TRUE,TRUE,TRUE
108734,TRUE,TRUE,TRUE,TRUE,TRUE
108735,TRUE,TRUE,TRUE,FALSE,TRUE
108736,FALSE,FALSE,FALSE,FALSE,TRUE
108737,TRUE,FALSE,FALSE,FALSE,TRUE
108738,TRUE,TRUE,TRUE,FALSE,TRUE
108739,TRUE,TRUE,TRUE,TRUE,TRUE
108742,TRUE,TRUE,TRUE,TRUE,TRUE
108744,TRUE,TRUE,TRUE,TRUE,TRUE
108745,TRUE,FALSE,FALSE,FALSE,TRUE
108746,TRUE,TRUE,TRUE,TRUE,TRUE
108748,TRUE,FALSE,FALSE,FALSE,TRUE
108749,TRUE,TRUE,FALSE,FALSE,TRUE
108757,TRUE,TRUE,TRUE,TRUE,TRUE
108759,FALSE,FALSE,FALSE,FALSE,TRUE
108761,TRUE,TRUE,TRUE,TRUE,TRUE
108763,TRUE,TRUE,TRUE,FALSE,TRUE
108764,TRUE,TRUE,FALSE,FALSE,TRUE
108765,TRUE,TRUE,TRUE,TRUE,TRUE
108766,TRUE,TRUE,TRUE,TRUE,TRUE
108768,TRUE,TRUE,TRUE,TRUE,FALSE
108769,TRUE,TRUE,TRUE,TRUE,TRUE
108770,FALSE,FALSE,FALSE,FALSE,TRUE
108774,TRUE,TRUE,FALSE,FALSE,TRUE
108775,TRUE,TRUE,TRUE,TRUE,TRUE
108780,TRUE,TRUE,TRUE,TRUE,TRUE
108782,FALSE,FALSE,FALSE,FALSE,TRUE
108783,TRUE,TRUE,TRUE,TRUE,TRUE
108784,TRUE,TRUE,TRUE,FALSE,TRUE
108785,TRUE,TRUE,TRUE,TRUE,TRUE
108786,FALSE,FALSE,FALSE,FALSE,TRUE
108788,FALSE,FALSE,FALSE,FALSE,TRUE
108790,TRUE,TRUE,TRUE,TRUE,TRUE
108791,TRUE,TRUE,TRUE,FALSE,TRUE
108793,TRUE,FALSE,FALSE,FALSE,TRUE
108795,TRUE,TRUE,TRUE,TRUE,TRUE
108796,TRUE,TRUE,TRUE,TRUE,TRUE
108798,TRUE,TRUE,TRUE,TRUE,TRUE
108799,TRUE,TRUE,TRUE,TRUE,TRUE
108800,FALSE,FALSE,FALSE,FALSE,TRUE
108801,TRUE,TRUE,TRUE,TRUE,TRUE
108804,TRUE,TRUE,TRUE,FALSE,TRUE
108805,TRUE,TRUE,TRUE,TRUE,TRUE
108806,FALSE,FALSE,FALSE,FALSE,TRUE
108807,TRUE,TRUE,TRUE,FALSE,TRUE
108808,TRUE,TRUE,TRUE,TRUE,TRUE
108809,TRUE,TRUE,TRUE,TRUE,TRUE
108810,TRUE,TRUE,TRUE,TRUE,TRUE
108812,FALSE,FALSE,FALSE,FALSE,TRUE
108814,TRUE,TRUE,FALSE,FALSE,TRUE
108815,TRUE,TRUE,TRUE,TRUE,TRUE
108819,TRUE,TRUE,TRUE,FALSE,TRUE
108823,TRUE,FALSE,FALSE,FALSE,FALSE
108825,TRUE,TRUE,TRUE,TRUE,TRUE
108827,TRUE,TRUE,TRUE,TRUE,TRUE
108828,FALSE,FALSE,FALSE,FALSE,TRUE
108829,FALSE,FALSE,FALSE,FALSE,TRUE
108830,TRUE,TRUE,TRUE,TRUE,TRUE
108832,TRUE,TRUE,TRUE,FALSE,TRUE
108833,TRUE,TRUE,TRUE,TRUE,TRUE
108834,TRUE,TRUE,TRUE,FALSE,TRUE
108837,FALSE,FALSE,FALSE,FALSE,TRUE
108838,TRUE,TRUE,TRUE,TRUE,TRUE
108840,TRUE,TRUE,TRUE,FALSE,TRUE
108843,FALSE,FALSE,FALSE,FALSE,TRUE
108844,TRUE,TRUE,TRUE,TRUE,TRUE
108845,TRUE,TRUE,TRUE,TRUE,TRUE
108846,TRUE,TRUE,TRUE,TRUE,TRUE
108849,FALSE,FALSE,FALSE,FALSE,TRUE
108850,TRUE,FALSE,FALSE,FALSE,TRUE
108851,TRUE,FALSE,FALSE,FALSE,TRUE
108852,FALSE,FALSE,FALSE,FALSE,TRUE
108853,TRUE,TRUE,TRUE,TRUE,TRUE
108855,FALSE,FALSE,FALSE,FALSE,TRUE
108857,TRUE,TRUE,TRUE,TRUE,TRUE
108858,TRUE,TRUE,TRUE,TRUE,TRUE
108860,TRUE,TRUE,TRUE,FALSE,FALSE
108862,FALSE,FALSE,FALSE,FALSE,TRUE
108863,TRUE,TRUE,TRUE,TRUE,TRUE
108867,TRUE,TRUE,TRUE,FALSE,TRUE
108869,TRUE,FALSE,FALSE,FALSE,TRUE
108871,TRUE,TRUE,TRUE,TRUE,TRUE
108872,TRUE,TRUE,TRUE,FALSE,TRUE
108873,TRUE,FALSE,FALSE,FALSE,TRUE
108876,TRUE,TRUE,TRUE,TRUE,TRUE
108877,FALSE,FALSE,FALSE,FALSE,TRUE
108880,TRUE,TRUE,TRUE,TRUE,TRUE
108881,TRUE,TRUE,TRUE,TRUE,FALSE
108882,TRUE,TRUE,TRUE,FALSE,FALSE
108887,TRUE,TRUE,TRUE,TRUE,TRUE
108888,TRUE,TRUE,TRUE,FALSE,TRUE
108889,TRUE,TRUE,TRUE,FALSE,TRUE
108891,TRUE,TRUE,TRUE,TRUE,TRUE
108892,TRUE,TRUE,TRUE,TRUE,TRUE
108894,TRUE,TRUE,TRUE,TRUE,TRUE
108895,TRUE,FALSE,FALSE,FALSE,TRUE
108896,TRUE,TRUE,TRUE,TRUE,TRUE
108897,TRUE,FALSE,FALSE,FALSE,TRUE
108898,TRUE,TRUE,TRUE,FALSE,TRUE
108899,TRUE,FALSE,FALSE,FALSE,TRUE
108900,TRUE,FALSE,FALSE,FALSE,TRUE
108901,TRUE,TRUE,TRUE,TRUE,TRUE
108902,TRUE,FALSE,FALSE,FALSE,TRUE
108903,TRUE,TRUE,TRUE,TRUE,TRUE
108905,TRUE,TRUE,TRUE,FALSE,TRUE
108906,TRUE,TRUE,TRUE,FALSE,TRUE
108907,TRUE,TRUE,TRUE,TRUE,TRUE
108908,TRUE,TRUE,TRUE,FALSE,FALSE
108909,TRUE,TRUE,TRUE,TRUE,TRUE
108911,TRUE,FALSE,FALSE,FALSE,TRUE
108912,FALSE,FALSE,FALSE,FALSE,TRUE
108914,FALSE,FALSE,FALSE,FALSE,TRUE
108915,TRUE,TRUE,TRUE,TRUE,TRUE
108916,TRUE,TRUE,TRUE,FALSE,TRUE
108918,TRUE,FALSE,FALSE,FALSE,TRUE
108922,FALSE,FALSE,FALSE,FALSE,TRUE
108924,TRUE,TRUE,TRUE,TRUE,TRUE
108925,FALSE,FALSE,FALSE,FALSE,TRUE
108927,FALSE,FALSE,FALSE,FALSE,TRUE
108930,TRUE,TRUE,FALSE,FALSE,TRUE
108931,FALSE,FALSE,FALSE,FALSE,TRUE
108932,TRUE,TRUE,TRUE,TRUE,TRUE
108934,TRUE,TRUE,TRUE,TRUE,TRUE
108935,TRUE,TRUE,TRUE,FALSE,TRUE
108940,TRUE,FALSE,FALSE,FALSE,TRUE
108941,TRUE,TRUE,TRUE,FALSE,TRUE
108943,TRUE,TRUE,TRUE,TRUE,TRUE
108944,TRUE,FALSE,FALSE,FALSE,TRUE
108945,TRUE,TRUE,TRUE,FALSE,TRUE
108947,FALSE,FALSE,FALSE,FALSE,TRUE
108948,TRUE,TRUE,FALSE,FALSE,FALSE
108951,FALSE,FALSE,FALSE,FALSE,TRUE
108952,FALSE,FALSE,FALSE,FALSE,TRUE
108953,TRUE,TRUE,TRUE,FALSE,TRUE
108954,TRUE,TRUE,TRUE,FALSE,TRUE
108955,TRUE,FALSE,FALSE,FALSE,FALSE
108956,TRUE,FALSE,FALSE,FALSE,TRUE
108957,TRUE,TRUE,FALSE,FALSE,TRUE
108959,TRUE,TRUE,TRUE,FALSE,TRUE
108961,TRUE,TRUE,TRUE,FALSE,TRUE
108962,TRUE,TRUE,TRUE,TRUE,TRUE
108964,TRUE,TRUE,TRUE,TRUE,TRUE
108966,TRUE,FALSE,FALSE,FALSE,TRUE
108967,FALSE,FALSE,FALSE,FALSE,TRUE
108968,TRUE,TRUE,TRUE,TRUE,TRUE
108969,TRUE,TRUE,TRUE,FALSE,TRUE
108971,TRUE,TRUE,TRUE,TRUE,TRUE
108972,TRUE,TRUE,TRUE,FALSE,TRUE
108973,TRUE,TRUE,TRUE,TRUE,TRUE
108975,TRUE,TRUE,TRUE,FALSE,TRUE
108976,TRUE,TRUE,TRUE,FALSE,TRUE
108982,TRUE,TRUE,TRUE,FALSE,TRUE
108983,TRUE,FALSE,FALSE,FALSE,TRUE
108984,TRUE,TRUE,TRUE,TRUE,TRUE
108985,TRUE,TRUE,TRUE,TRUE,TRUE
108986,TRUE,TRUE,FALSE,FALSE,TRUE
108987,TRUE,TRUE,TRUE,TRUE,TRUE
108989,TRUE,TRUE,TRUE,FALSE,TRUE
108990,TRUE,TRUE,TRUE,FALSE,TRUE
108991,TRUE,FALSE,FALSE,FALSE,TRUE
108992,TRUE,TRUE,TRUE,TRUE,TRUE
108993,TRUE,FALSE,FALSE,FALSE,TRUE
108994,FALSE,FALSE,FALSE,FALSE,TRUE
108996,TRUE,TRUE,TRUE,FALSE,TRUE
108997,FALSE,FALSE,FALSE,FALSE,TRUE
109001,TRUE,TRUE,TRUE,FALSE,TRUE
109004,TRUE,TRUE,FALSE,FALSE,FALSE
109005,TRUE,TRUE,TRUE,TRUE,TRUE
109006,FALSE,FALSE,FALSE,FALSE,TRUE
109009,TRUE,TRUE,TRUE,TRUE,TRUE
109011,TRUE,TRUE,TRUE,TRUE,TRUE
109012,TRUE,FALSE,FALSE,FALSE,TRUE
109014,TRUE,TRUE,TRUE,TRUE,TRUE
109015,TRUE,TRUE,TRUE,TRUE,TRUE
109016,TRUE,TRUE,FALSE,FALSE,TRUE
109017,TRUE,TRUE,TRUE,FALSE,TRUE
109018,TRUE,TRUE,TRUE,TRUE,TRUE
109019,FALSE,FALSE,FALSE,FALSE,TRUE
109021,FALSE,FALSE,FALSE,FALSE,TRUE
109023,TRUE,FALSE,FALSE,FALSE,TRUE
109024,FALSE,FALSE,FALSE,FALSE,TRUE
109025,TRUE,FALSE,FALSE,FALSE,TRUE
109028,FALSE,FALSE,FALSE,FALSE,TRUE
109029,TRUE,TRUE,TRUE,FALSE,TRUE
109032,TRUE,FALSE,FALSE,FALSE,TRUE
109033,FALSE,FALSE,FALSE,FALSE,TRUE
109036,TRUE,TRUE,TRUE,TRUE,TRUE
109037,TRUE,TRUE,TRUE,TRUE,TRUE
109039,TRUE,TRUE,TRUE,FALSE,TRUE
109042,FALSE,FALSE,FALSE,FALSE,TRUE
109043,FALSE,FALSE,FALSE,FALSE,TRUE
109044,TRUE,FALSE,FALSE,FALSE,TRUE
109045,FALSE,FALSE,FALSE,FALSE,TRUE
109047,TRUE,TRUE,TRUE,FALSE,TRUE
109050,TRUE,TRUE,TRUE,TRUE,TRUE
109051,FALSE,FALSE,FALSE,FALSE,TRUE
109052,TRUE,FALSE,FALSE,FALSE,TRUE
109054,TRUE,TRUE,TRUE,FALSE,TRUE
109056,TRUE,TRUE,TRUE,TRUE,TRUE
109057,FALSE,FALSE,FALSE,FALSE,TRUE
109058,TRUE,TRUE,TRUE,TRUE,TRUE
109059,FALSE,FALSE,FALSE,FALSE,TRUE
109061,TRUE,TRUE,TRUE,TRUE,TRUE
109064,TRUE,TRUE,TRUE,TRUE,TRUE
109065,TRUE,FALSE,FALSE,FALSE,TRUE
109070,TRUE,TRUE,TRUE,TRUE,TRUE
109071,TRUE,FALSE,FALSE,FALSE,TRUE
109072,TRUE,TRUE,TRUE,FALSE,TRUE
109074,TRUE,TRUE,TRUE,FALSE,TRUE
109075,TRUE,TRUE,TRUE,FALSE,FALSE
109078,TRUE,FALSE,FALSE,FALSE,TRUE
109079,FALSE,FALSE,FALSE,FALSE,TRUE
109082,TRUE,FALSE,FALSE,FALSE,TRUE
109085,TRUE,FALSE,FALSE,FALSE,TRUE
109087,TRUE,TRUE,TRUE,FALSE,TRUE
109088,FALSE,FALSE,FALSE,FALSE,TRUE
109091,TRUE,TRUE,TRUE,TRUE,TRUE
109092,TRUE,TRUE,TRUE,FALSE,TRUE
109095,TRUE,TRUE,FALSE,FALSE,TRUE
109096,FALSE,FALSE,FALSE,FALSE,TRUE
109098,FALSE,FALSE,FALSE,FALSE,TRUE
109099,TRUE,TRUE,TRUE,TRUE,TRUE
109100,TRUE,TRUE,TRUE,FALSE,TRUE
109101,TRUE,TRUE,FALSE,FALSE,TRUE
109102,TRUE,TRUE,TRUE,FALSE,TRUE
109103,TRUE,FALSE,FALSE,FALSE,TRUE
109104,TRUE,TRUE,TRUE,TRUE,TRUE
109106,TRUE,TRUE,TRUE,TRUE,TRUE
109108,TRUE,TRUE,TRUE,TRUE,TRUE
109109,TRUE,TRUE,TRUE,TRUE,TRUE
109112,TRUE,FALSE,FALSE,FALSE,TRUE
109113,TRUE,FALSE,FALSE,FALSE,TRUE
109115,TRUE,TRUE,TRUE,TRUE,TRUE
109116,FALSE,FALSE,FALSE,FALSE,TRUE
109117,FALSE,FALSE,FALSE,FALSE,TRUE
109118,TRUE,TRUE,TRUE,TRUE,TRUE
109120,TRUE,FALSE,FALSE,FALSE,TRUE
109121,FALSE,FALSE,FALSE,FALSE,TRUE
109125,FALSE,FALSE,FALSE,FALSE,TRUE
109126,TRUE,TRUE,TRUE,TRUE,TRUE
109127,FALSE,FALSE,FALSE,FALSE,TRUE
109130,TRUE,TRUE,TRUE,TRUE,TRUE
109131,TRUE,FALSE,FALSE,FALSE,TRUE
109133,FALSE,FALSE,FALSE,FALSE,TRUE
109134,TRUE,TRUE,TRUE,TRUE,TRUE
109135,FALSE,FALSE,FALSE,FALSE,FALSE
109136,FALSE,FALSE,FALSE,FALSE,TRUE
109138,TRUE,FALSE,FALSE,FALSE,TRUE
109139,TRUE,FALSE,FALSE,FALSE,TRUE
109142,FALSE,FALSE,FALSE,FALSE,TRUE
109144,TRUE,TRUE,TRUE,FALSE,TRUE
109146,FALSE,FALSE,FALSE,FALSE,TRUE
109148,TRUE,TRUE,TRUE,TRUE,TRUE
109149,FALSE,FALSE,FALSE,FALSE,TRUE
109150,TRUE,FALSE,FALSE,FALSE,TRUE
109153,TRUE,TRUE,TRUE,TRUE,TRUE
109154,TRUE,TRUE,TRUE,TRUE,TRUE
109156,TRUE,TRUE,FALSE,FALSE,TRUE
109159,TRUE,TRUE,TRUE,TRUE,TRUE
109163,FALSE,FALSE,FALSE,FALSE,TRUE
109165,TRUE,TRUE,TRUE,TRUE,TRUE
109166,TRUE,TRUE,TRUE,TRUE,TRUE
109167,FALSE,FALSE,FALSE,FALSE,TRUE
109168,FALSE,FALSE,FALSE,FALSE,FALSE
109170,FALSE,FALSE,FALSE,FALSE,TRUE
109172,FALSE,FALSE,FALSE,FALSE,TRUE
109173,TRUE,TRUE,TRUE,TRUE,TRUE
109174,TRUE,TRUE,TRUE,FALSE,TRUE
109176,FALSE,FALSE,FALSE,FALSE,TRUE
109177,TRUE,TRUE,TRUE,FALSE,TRUE
109178,FALSE,FALSE,FALSE,FALSE,TRUE
109179,FALSE,FALSE,FALSE,FALSE,TRUE
109182,TRUE,TRUE,TRUE,TRUE,TRUE
109183,TRUE,TRUE,TRUE,FALSE,TRUE
109184,FALSE,FALSE,FALSE,FALSE,TRUE
109186,FALSE,FALSE,FALSE,FALSE,TRUE
109187,TRUE,TRUE,TRUE,TRUE,TRUE
109188,TRUE,TRUE,TRUE,TRUE,TRUE
109189,FALSE,FALSE,FALSE,FALSE,FALSE
109190,TRUE,FALSE,FALSE,FALSE,TRUE
109191,FALSE,FALSE,FALSE,FALSE,TRUE
109192,FALSE,FALSE,FALSE,FALSE,TRUE
109193,TRUE,TRUE,TRUE,FALSE,TRUE
109194,TRUE,FALSE,FALSE,FALSE,TRUE
109195,TRUE,TRUE,TRUE,TRUE,TRUE
109196,FALSE,FALSE,FALSE,FALSE,TRUE
109197,TRUE,TRUE,TRUE,FALSE,TRUE
109198,TRUE,TRUE,TRUE,FALSE,TRUE
109199,TRUE,TRUE,TRUE,TRUE,TRUE
109200,TRUE,TRUE,TRUE,TRUE,TRUE
109202,TRUE,TRUE,TRUE,FALSE,TRUE
109205,TRUE,FALSE,FALSE,FALSE,TRUE
109206,TRUE,TRUE,TRUE,TRUE,FALSE
109207,TRUE,FALSE,FALSE,FALSE,TRUE
109208,TRUE,FALSE,FALSE,FALSE,TRUE
109210,FALSE,FALSE,FALSE,FALSE,TRUE
109212,FALSE,FALSE,FALSE,FALSE,TRUE
109214,TRUE,TRUE,TRUE,TRUE,TRUE
109216,TRUE,FALSE,FALSE,FALSE,FALSE
109217,TRUE,TRUE,FALSE,FALSE,TRUE
109219,FALSE,FALSE,FALSE,FALSE,TRUE
109221,TRUE,TRUE,TRUE,TRUE,FALSE
109225,TRUE,FALSE,FALSE,FALSE,TRUE
109227,TRUE,TRUE,TRUE,TRUE,TRUE
109228,TRUE,TRUE,TRUE,TRUE,TRUE
109230,TRUE,TRUE,TRUE,TRUE,TRUE
109232,TRUE,TRUE,TRUE,TRUE,TRUE
109234,TRUE,TRUE,TRUE,TRUE,TRUE
109239,TRUE,TRUE,TRUE,TRUE,TRUE
109242,TRUE,TRUE,TRUE,FALSE,TRUE
109243,TRUE,TRUE,TRUE,TRUE,TRUE
109244,TRUE,TRUE,TRUE,TRUE,TRUE
109249,TRUE,TRUE,TRUE,TRUE,TRUE
109250,TRUE,TRUE,TRUE,TRUE,TRUE
109251,FALSE,FALSE,FALSE,FALSE,TRUE
109252,FALSE,FALSE,FALSE,FALSE,TRUE
109254,TRUE,TRUE,TRUE,TRUE,TRUE
109263,TRUE,FALSE,FALSE,FALSE,FALSE
109264,TRUE,TRUE,TRUE,TRUE,TRUE
109265,TRUE,TRUE,TRUE,TRUE,TRUE
109266,TRUE,TRUE,TRUE,TRUE,TRUE
109268,TRUE,TRUE,TRUE,TRUE,TRUE
109269,FALSE,FALSE,FALSE,FALSE,TRUE
109270,FALSE,FALSE,FALSE,FALSE,TRUE
109271,TRUE,TRUE,TRUE,TRUE,TRUE
109273,TRUE,TRUE,TRUE,TRUE,TRUE
109274,TRUE,TRUE,TRUE,TRUE,TRUE
109276,TRUE,TRUE,TRUE,FALSE,TRUE
109278,TRUE,FALSE,FALSE,FALSE,TRUE
109279,FALSE,FALSE,FALSE,FALSE,TRUE
109280,TRUE,TRUE,TRUE,FALSE,TRUE
109282,TRUE,TRUE,TRUE,TRUE,TRUE
109283,TRUE,FALSE,FALSE,FALSE,TRUE
109284,FALSE,FALSE,FALSE,FALSE,TRUE
109285,TRUE,FALSE,FALSE,FALSE,TRUE
109286,TRUE,TRUE,TRUE,TRUE,TRUE
109287,TRUE,TRUE,TRUE,FALSE,TRUE
109289,TRUE,TRUE,TRUE,TRUE,TRUE
109291,TRUE,TRUE,TRUE,TRUE,TRUE
109292,TRUE,TRUE,TRUE,TRUE,TRUE
109294,TRUE,FALSE,FALSE,FALSE,TRUE
109296,TRUE,FALSE,FALSE,FALSE,TRUE
109300,FALSE,FALSE,FALSE,FALSE,TRUE
109301,FALSE,FALSE,FALSE,FALSE,TRUE
109305,FALSE,FALSE,FALSE,FALSE,TRUE
109306,TRUE,TRUE,TRUE,TRUE,TRUE
109307,TRUE,TRUE,TRUE,TRUE,TRUE
109310,TRUE,FALSE,FALSE,FALSE,TRUE
109311,TRUE,TRUE,TRUE,TRUE,TRUE
109313,TRUE,TRUE,TRUE,FALSE,TRUE
109314,FALSE,FALSE,FALSE,FALSE,TRUE
109315,TRUE,TRUE,TRUE,TRUE,TRUE
109316,TRUE,FALSE,FALSE,FALSE,TRUE
109318,TRUE,TRUE,TRUE,FALSE,TRUE
109319,TRUE,FALSE,FALSE,FALSE,FALSE
109321,TRUE,TRUE,TRUE,TRUE,TRUE
109322,FALSE,FALSE,FALSE,FALSE,TRUE
109323,TRUE,FALSE,FALSE,FALSE,TRUE
109324,TRUE,TRUE,TRUE,FALSE,TRUE
109325,TRUE,TRUE,TRUE,FALSE,TRUE
109327,TRUE,TRUE,TRUE,TRUE,TRUE
109329,FALSE,FALSE,FALSE,FALSE,TRUE
109332,TRUE,TRUE,TRUE,TRUE,TRUE
109333,FALSE,FALSE,FALSE,FALSE,TRUE
109335,TRUE,TRUE,TRUE,FALSE,TRUE
109337,TRUE,TRUE,TRUE,TRUE,TRUE
109339,TRUE,FALSE,FALSE,FALSE,FALSE
109340,TRUE,TRUE,TRUE,FALSE,TRUE
109341,TRUE,FALSE,FALSE,FALSE,TRUE
109343,TRUE,TRUE,TRUE,TRUE,TRUE
109345,FALSE,FALSE,FALSE,FALSE,FALSE
109346,TRUE,TRUE,TRUE,FALSE,TRUE
109347,TRUE,TRUE,TRUE,TRUE,TRUE
109348,TRUE,TRUE,TRUE,TRUE,FALSE
109349,TRUE,TRUE,TRUE,TRUE,TRUE
109350,TRUE,TRUE,FALSE,FALSE,TRUE
109351,FALSE,FALSE,FALSE,FALSE,TRUE
109353,TRUE,TRUE,TRUE,TRUE,TRUE
109354,FALSE,FALSE,FALSE,FALSE,TRUE
109355,FALSE,FALSE,FALSE,FALSE,TRUE
109356,FALSE,FALSE,FALSE,FALSE,TRUE
109357,TRUE,TRUE,TRUE,TRUE,FALSE
109358,TRUE,TRUE,TRUE,TRUE,TRUE
109361,TRUE,TRUE,TRUE,TRUE,TRUE
109366,FALSE,FALSE,FALSE,FALSE,TRUE
109368,TRUE,TRUE,FALSE,FALSE,TRUE
109370,TRUE,FALSE,FALSE,FALSE,TRUE
109371,TRUE,FALSE,FALSE,FALSE,FALSE
109374,FALSE,FALSE,FALSE,FALSE,TRUE
109375,TRUE,TRUE,TRUE,TRUE,FALSE
109376,TRUE,TRUE,TRUE,TRUE,TRUE
109377,TRUE,TRUE,TRUE,TRUE,TRUE
109379,FALSE,FALSE,FALSE,FALSE,TRUE
109380,TRUE,TRUE,TRUE,TRUE,TRUE
109382,TRUE,TRUE,TRUE,TRUE,TRUE
109384,TRUE,FALSE,FALSE,FALSE,TRUE
109387,FALSE,FALSE,FALSE,FALSE,TRUE
109388,FALSE,FALSE,FALSE,FALSE,TRUE
109389,TRUE,TRUE,TRUE,TRUE,FALSE
109390,TRUE,TRUE,TRUE,TRUE,TRUE
109391,FALSE,FALSE,FALSE,FALSE,TRUE
109393,TRUE,TRUE,TRUE,FALSE,TRUE
109395,TRUE,TRUE,TRUE,TRUE,TRUE
109396,TRUE,TRUE,TRUE,TRUE,TRUE
109397,TRUE,TRUE,FALSE,FALSE,TRUE
109398,TRUE,TRUE,TRUE,TRUE,TRUE
109399,TRUE,TRUE,TRUE,TRUE,TRUE
109401,TRUE,TRUE,TRUE,TRUE,TRUE
109403,FALSE,FALSE,FALSE,FALSE,TRUE
109404,TRUE,TRUE,TRUE,TRUE,TRUE
109405,TRUE,TRUE,FALSE,FALSE,TRUE
109406,TRUE,FALSE,FALSE,FALSE,TRUE
109407,TRUE,TRUE,FALSE,FALSE,TRUE
109408,FALSE,FALSE,FALSE,FALSE,TRUE
109409,TRUE,TRUE,TRUE,TRUE,FALSE
109411,TRUE,TRUE,FALSE,FALSE,TRUE
109414,TRUE,TRUE,TRUE,TRUE,TRUE
109415,TRUE,TRUE,TRUE,FALSE,TRUE
109416,TRUE,TRUE,TRUE,TRUE,TRUE
109418,TRUE,FALSE,FALSE,FALSE,TRUE
109419,TRUE,TRUE,TRUE,FALSE,TRUE
109422,FALSE,FALSE,FALSE,FALSE,TRUE
109423,TRUE,TRUE,TRUE,TRUE,TRUE
109429,FALSE,FALSE,FALSE,FALSE,TRUE
109434,TRUE,TRUE,TRUE,FALSE,TRUE
109435,TRUE,TRUE,TRUE,TRUE,TRUE
109438,TRUE,TRUE,TRUE,TRUE,TRUE
109439,TRUE,TRUE,TRUE,TRUE,TRUE
109440,TRUE,TRUE,TRUE,FALSE,TRUE
109442,TRUE,TRUE,TRUE,TRUE,TRUE
109443,TRUE,FALSE,FALSE,FALSE,TRUE
109444,TRUE,FALSE,FALSE,FALSE,FALSE
109445,TRUE,TRUE,TRUE,TRUE,TRUE
109446,TRUE,TRUE,TRUE,TRUE,TRUE
109447,TRUE,TRUE,TRUE,FALSE,TRUE
109448,TRUE,FALSE,FALSE,FALSE,TRUE
109449,TRUE,TRUE,TRUE,TRUE,TRUE
109450,FALSE,FALSE,FALSE,FALSE,TRUE
109451,TRUE,TRUE,TRUE,TRUE,TRUE
109452,TRUE,TRUE,TRUE,TRUE,TRUE
109453,TRUE,TRUE,TRUE,FALSE,FALSE
109456,FALSE,FALSE,FALSE,FALSE,TRUE
109458,TRUE,TRUE,TRUE,TRUE,TRUE
109459,TRUE,TRUE,TRUE,TRUE,TRUE
109460,TRUE,TRUE,TRUE,FALSE,TRUE
109461,TRUE,FALSE,FALSE,FALSE,TRUE
109464,FALSE,FALSE,FALSE,FALSE,TRUE
109465,TRUE,TRUE,TRUE,FALSE,TRUE
109466,FALSE,FALSE,FALSE,FALSE,TRUE
109467,TRUE,FALSE,FALSE,FALSE,TRUE
109468,TRUE,TRUE,TRUE,TRUE,TRUE
109472,TRUE,TRUE,TRUE,TRUE,TRUE
109476,TRUE,TRUE,TRUE,TRUE,TRUE
109477,FALSE,FALSE,FALSE,FALSE,TRUE
109480,FALSE,FALSE,FALSE,FALSE,TRUE
109486,FALSE,FALSE,FALSE,FALSE,TRUE
109487,FALSE,FALSE,FALSE,FALSE,TRUE
109488,TRUE,TRUE,TRUE,TRUE,TRUE
109490,TRUE,TRUE,TRUE,TRUE,FALSE
109491,TRUE,TRUE,TRUE,FALSE,TRUE
109493,TRUE,TRUE,FALSE,FALSE,TRUE
109494,FALSE,FALSE,FALSE,FALSE,TRUE
109495,FALSE,FALSE,FALSE,FALSE,FALSE
109496,TRUE,FALSE,FALSE,FALSE,TRUE
109499,TRUE,TRUE,TRUE,FALSE,TRUE
109501,TRUE,TRUE,TRUE,TRUE,TRUE
109502,TRUE,TRUE,TRUE,TRUE,TRUE
109503,TRUE,FALSE,FALSE,FALSE,TRUE
109504,TRUE,TRUE,TRUE,TRUE,TRUE
109506,TRUE,TRUE,TRUE,TRUE,TRUE
109507,TRUE,TRUE,TRUE,TRUE,TRUE
109508,TRUE,TRUE,TRUE,FALSE,TRUE
109509,TRUE,FALSE,FALSE,FALSE,TRUE
109511,TRUE,TRUE,TRUE,FALSE,FALSE
109512,TRUE,TRUE,TRUE,TRUE,TRUE
109513,TRUE,TRUE,TRUE,TRUE,TRUE
109514,TRUE,TRUE,TRUE,TRUE,TRUE
109515,FALSE,FALSE,FALSE,FALSE,TRUE
109516,FALSE,FALSE,FALSE,FALSE,TRUE
109517,TRUE,TRUE,TRUE,TRUE,TRUE
109518,TRUE,TRUE,TRUE,TRUE,TRUE
109519,FALSE,FALSE,FALSE,FALSE,TRUE
109520,TRUE,TRUE,TRUE,TRUE,TRUE
109522,TRUE,TRUE,TRUE,FALSE,TRUE
109525,FALSE,FALSE,FALSE,FALSE,TRUE
109526,TRUE,TRUE,TRUE,TRUE,TRUE
109527,TRUE,TRUE,TRUE,TRUE,TRUE
109529,TRUE,FALSE,FALSE,FALSE,TRUE
109530,TRUE,TRUE,TRUE,TRUE,TRUE
109531,TRUE,FALSE,FALSE,FALSE,TRUE
109533,FALSE,FALSE,FALSE,FALSE,TRUE
109535,TRUE,TRUE,FALSE,FALSE,FALSE
109537,FALSE,FALSE,FALSE,FALSE,TRUE
109540,TRUE,TRUE,TRUE,TRUE,TRUE
109541,TRUE,TRUE,TRUE,FALSE,TRUE
109542,FALSE,FALSE,FALSE,FALSE,TRUE
109543,TRUE,TRUE,FALSE,FALSE,FALSE
109544,TRUE,TRUE,FALSE,FALSE,FALSE
109546,TRUE,FALSE,FALSE,FALSE,FALSE
109547,TRUE,TRUE,TRUE,TRUE,TRUE
109548,TRUE,FALSE,FALSE,FALSE,TRUE
109549,TRUE,FALSE,FALSE,FALSE,FALSE
109551,TRUE,TRUE,TRUE,TRUE,TRUE
109555,TRUE,TRUE,TRUE,FALSE,TRUE
109556,FALSE,FALSE,FALSE,FALSE,TRUE
109557,TRUE,TRUE,TRUE,FALSE,TRUE
109559,TRUE,TRUE,TRUE,TRUE,TRUE
109562,TRUE,TRUE,FALSE,FALSE,TRUE
109563,TRUE,TRUE,TRUE,TRUE,TRUE
109566,TRUE,FALSE,FALSE,FALSE,FALSE
109570,TRUE,FALSE,FALSE,FALSE,TRUE
109571,FALSE,FALSE,FALSE,FALSE,TRUE
109573,FALSE,FALSE,FALSE,FALSE,TRUE
109574,TRUE,TRUE,TRUE,FALSE,TRUE
109575,TRUE,TRUE,TRUE,TRUE,TRUE
109576,FALSE,FALSE,FALSE,FALSE,TRUE
109577,TRUE,TRUE,TRUE,TRUE,TRUE
109579,TRUE,TRUE,TRUE,TRUE,TRUE
109580,TRUE,FALSE,FALSE,FALSE,TRUE
109581,TRUE,TRUE,TRUE,TRUE,TRUE
109582,TRUE,TRUE,FALSE,FALSE,TRUE
109585,TRUE,TRUE,TRUE,TRUE,TRUE
109589,TRUE,TRUE,FALSE,FALSE,TRUE
109590,TRUE,TRUE,TRUE,FALSE,TRUE
109591,TRUE,TRUE,TRUE,FALSE,TRUE
109593,FALSE,FALSE,FALSE,FALSE,TRUE
109594,TRUE,TRUE,TRUE,TRUE,TRUE
109595,TRUE,TRUE,TRUE,TRUE,TRUE
109597,TRUE,TRUE,TRUE,TRUE,TRUE
109598,TRUE,TRUE,TRUE,TRUE,TRUE
109599,TRUE,FALSE,FALSE,FALSE,TRUE
109600,TRUE,TRUE,TRUE,TRUE,TRUE
109605,FALSE,FALSE,FALSE,FALSE,TRUE
109607,TRUE,TRUE,TRUE,FALSE,TRUE
109609,TRUE,TRUE,TRUE,TRUE,TRUE
109610,TRUE,TRUE,TRUE,TRUE,TRUE
109611,TRUE,TRUE,TRUE,TRUE,TRUE
109613,TRUE,TRUE,TRUE,TRUE,TRUE
109618,TRUE,FALSE,FALSE,FALSE,TRUE
109619,TRUE,TRUE,TRUE,TRUE,TRUE
109621,FALSE,FALSE,FALSE,FALSE,TRUE
109622,TRUE,TRUE,TRUE,TRUE,TRUE
109623,TRUE,TRUE,TRUE,TRUE,TRUE
109625,TRUE,TRUE,TRUE,FALSE,TRUE
109626,TRUE,TRUE,FALSE,FALSE,TRUE
109627,TRUE,TRUE,TRUE,TRUE,TRUE
109628,FALSE,FALSE,FALSE,FALSE,TRUE
109629,TRUE,TRUE,TRUE,FALSE,TRUE
109630,TRUE,TRUE,TRUE,TRUE,TRUE
109631,TRUE,FALSE,FALSE,FALSE,TRUE
109632,TRUE,TRUE,TRUE,FALSE,TRUE
109633,TRUE,FALSE,FALSE,FALSE,TRUE
109634,TRUE,TRUE,TRUE,TRUE,FALSE
109635,TRUE,TRUE,TRUE,TRUE,TRUE
109637,TRUE,TRUE,TRUE,FALSE,TRUE
109641,TRUE,TRUE,TRUE,FALSE,TRUE
109644,FALSE,FALSE,FALSE,FALSE,TRUE
109645,TRUE,TRUE,TRUE,FALSE,TRUE
109646,TRUE,TRUE,TRUE,TRUE,FALSE
109647,FALSE,FALSE,FALSE,FALSE,TRUE
109649,TRUE,TRUE,TRUE,FALSE,FALSE
109653,FALSE,FALSE,FALSE,FALSE,TRUE
109655,TRUE,FALSE,FALSE,FALSE,FALSE
109656,TRUE,TRUE,TRUE,TRUE,TRUE
109657,TRUE,TRUE,TRUE,TRUE,TRUE
109658,TRUE,TRUE,TRUE,FALSE,TRUE
109659,FALSE,FALSE,FALSE,FALSE,TRUE
109661,TRUE,TRUE,TRUE,TRUE,TRUE
109663,TRUE,TRUE,TRUE,TRUE,TRUE
109668,FALSE,FALSE,FALSE,FALSE,TRUE
109669,TRUE,TRUE,TRUE,FALSE,TRUE
109671,TRUE,TRUE,TRUE,TRUE,TRUE
109672,TRUE,TRUE,TRUE,FALSE,TRUE
109673,TRUE,TRUE,TRUE,FALSE,TRUE
109675,FALSE,FALSE,FALSE,FALSE,TRUE
109676,TRUE,FALSE,FALSE,FALSE,TRUE
109680,TRUE,FALSE,FALSE,FALSE,FALSE
109681,TRUE,FALSE,FALSE,FALSE,TRUE
109683,FALSE,FALSE,FALSE,FALSE,TRUE
109684,TRUE,FALSE,FALSE,FALSE,TRUE
109685,TRUE,FALSE,FALSE,FALSE,TRUE
109688,TRUE,FALSE,FALSE,FALSE,TRUE
109693,TRUE,TRUE,TRUE,TRUE,TRUE
109695,TRUE,TRUE,TRUE,TRUE,TRUE
109697,TRUE,TRUE,TRUE,TRUE,TRUE
109699,TRUE,TRUE,TRUE,FALSE,FALSE
109701,TRUE,TRUE,TRUE,TRUE,TRUE
109702,TRUE,TRUE,TRUE,TRUE,TRUE
109703,FALSE,FALSE,FALSE,FALSE,TRUE
109705,TRUE,TRUE,TRUE,FALSE,TRUE
109707,FALSE,FALSE,FALSE,FALSE,TRUE
109709,TRUE,FALSE,FALSE,FALSE,TRUE
109712,FALSE,FALSE,FALSE,FALSE,TRUE
109713,TRUE,FALSE,FALSE,FALSE,TRUE
109715,TRUE,TRUE,TRUE,TRUE,TRUE
109717,FALSE,FALSE,FALSE,FALSE,TRUE
109718,TRUE,TRUE,TRUE,TRUE,TRUE
109721,TRUE,TRUE,TRUE,TRUE,TRUE
109722,TRUE,FALSE,FALSE,FALSE,TRUE
109723,TRUE,FALSE,FALSE,FALSE,TRUE
109724,TRUE,TRUE,TRUE,FALSE,TRUE
109725,TRUE,TRUE,TRUE,FALSE,TRUE
109726,TRUE,TRUE,TRUE,TRUE,TRUE
109728,FALSE,FALSE,FALSE,FALSE,TRUE
109730,FALSE,FALSE,FALSE,FALSE,TRUE
109735,TRUE,TRUE,TRUE,FALSE,TRUE
109736,TRUE,FALSE,FALSE,FALSE,TRUE
109737,FALSE,FALSE,FALSE,FALSE,TRUE
109738,FALSE,FALSE,FALSE,FALSE,FALSE
109741,FALSE,FALSE,FALSE,FALSE,TRUE
109742,TRUE,TRUE,TRUE,FALSE,TRUE
109745,FALSE,FALSE,FALSE,FALSE,TRUE
109746,TRUE,TRUE,TRUE,TRUE,TRUE
109747,TRUE,TRUE,TRUE,TRUE,TRUE
109748,TRUE,TRUE,TRUE,FALSE,TRUE
109751,FALSE,FALSE,FALSE,FALSE,FALSE
109752,TRUE,TRUE,TRUE,FALSE,TRUE
109754,TRUE,TRUE,TRUE,FALSE,TRUE
109755,FALSE,FALSE,FALSE,FALSE,TRUE
109756,TRUE,TRUE,TRUE,TRUE,TRUE
109757,FALSE,FALSE,FALSE,FALSE,TRUE
109758,TRUE,TRUE,TRUE,FALSE,TRUE
109761,TRUE,FALSE,FALSE,FALSE,TRUE
109762,TRUE,TRUE,TRUE,TRUE,TRUE
109765,TRUE,FALSE,FALSE,FALSE,TRUE
109766,TRUE,FALSE,FALSE,FALSE,TRUE
109768,TRUE,TRUE,TRUE,TRUE,TRUE
109770,TRUE,TRUE,TRUE,TRUE,TRUE
109772,TRUE,TRUE,FALSE,FALSE,TRUE
109776,FALSE,FALSE,FALSE,FALSE,TRUE
109777,TRUE,TRUE,TRUE,TRUE,TRUE
109778,TRUE,TRUE,TRUE,TRUE,TRUE
109779,TRUE,TRUE,TRUE,TRUE,TRUE
109780,TRUE,TRUE,TRUE,TRUE,TRUE
109781,TRUE,TRUE,TRUE,TRUE,TRUE
109783,TRUE,TRUE,TRUE,TRUE,TRUE
109784,TRUE,TRUE,TRUE,TRUE,TRUE
109785,FALSE,FALSE,FALSE,FALSE,TRUE
109786,TRUE,FALSE,FALSE,FALSE,TRUE
109788,FALSE,FALSE,FALSE,FALSE,TRUE
109789,FALSE,FALSE,FALSE,FALSE,TRUE
109791,TRUE,TRUE,TRUE,FALSE,TRUE
109792,FALSE,FALSE,FALSE,FALSE,FALSE
109794,TRUE,TRUE,TRUE,TRUE,TRUE
109795,FALSE,FALSE,FALSE,FALSE,TRUE
109798,TRUE,FALSE,FALSE,FALSE,TRUE
109799,TRUE,TRUE,TRUE,FALSE,FALSE
109800,TRUE,TRUE,TRUE,TRUE,TRUE
109801,TRUE,FALSE,FALSE,FALSE,TRUE
109802,TRUE,TRUE,TRUE,TRUE,TRUE
109804,TRUE,TRUE,TRUE,TRUE,TRUE
109806,FALSE,FALSE,FALSE,FALSE,TRUE
109807,FALSE,FALSE,FALSE,FALSE,TRUE
109810,FALSE,FALSE,FALSE,FALSE,TRUE
109811,TRUE,TRUE,TRUE,TRUE,TRUE
109812,TRUE,TRUE,TRUE,FALSE,FALSE
109813,TRUE,TRUE,TRUE,TRUE,TRUE
109814,TRUE,TRUE,TRUE,TRUE,TRUE
109816,TRUE,TRUE,TRUE,TRUE,TRUE
109818,TRUE,TRUE,TRUE,FALSE,TRUE
109819,FALSE,FALSE,FALSE,FALSE,TRUE
109820,TRUE,TRUE,TRUE,TRUE,TRUE
109821,TRUE,TRUE,FALSE,FALSE,TRUE
109822,TRUE,TRUE,TRUE,TRUE,TRUE
109823,TRUE,TRUE,TRUE,TRUE,FALSE
109824,TRUE,TRUE,TRUE,FALSE,TRUE
109827,TRUE,TRUE,TRUE,TRUE,TRUE
109829,TRUE,TRUE,TRUE,TRUE,TRUE
109832,TRUE,TRUE,TRUE,TRUE,TRUE
109833,TRUE,FALSE,FALSE,FALSE,TRUE
109837,TRUE,TRUE,TRUE,FALSE,TRUE
109838,FALSE,FALSE,FALSE,FALSE,TRUE
109839,FALSE,FALSE,FALSE,FALSE,TRUE
109840,FALSE,FALSE,FALSE,FALSE,TRUE
109842,TRUE,TRUE,TRUE,FALSE,TRUE
109844,FALSE,FALSE,FALSE,FALSE,TRUE
109847,FALSE,FALSE,FALSE,FALSE,FALSE
109849,TRUE,TRUE,TRUE,TRUE,TRUE
109850,TRUE,TRUE,TRUE,TRUE,FALSE
109852,TRUE,TRUE,TRUE,FALSE,TRUE
109853,TRUE,TRUE,TRUE,TRUE,TRUE
109854,TRUE,TRUE,TRUE,FALSE,TRUE
109855,TRUE,TRUE,TRUE,TRUE,TRUE
109856,TRUE,TRUE,FALSE,FALSE,TRUE
109857,TRUE,TRUE,FALSE,FALSE,FALSE
109858,TRUE,TRUE,TRUE,TRUE,TRUE
109859,TRUE,TRUE,TRUE,TRUE,TRUE
109860,TRUE,FALSE,FALSE,FALSE,TRUE
109861,TRUE,TRUE,TRUE,TRUE,TRUE
109862,TRUE,TRUE,TRUE,TRUE,TRUE
109865,TRUE,TRUE,TRUE,TRUE,TRUE
109866,TRUE,FALSE,FALSE,FALSE,TRUE
109867,TRUE,FALSE,FALSE,FALSE,TRUE
109868,TRUE,TRUE,TRUE,TRUE,TRUE
109869,TRUE,TRUE,TRUE,FALSE,TRUE
109870,TRUE,FALSE,FALSE,FALSE,TRUE
109874,TRUE,TRUE,TRUE,FALSE,TRUE
109876,TRUE,TRUE,TRUE,TRUE,TRUE
109877,TRUE,TRUE,TRUE,TRUE,TRUE
109878,TRUE,FALSE,FALSE,FALSE,FALSE
109880,FALSE,FALSE,FALSE,FALSE,TRUE
109881,FALSE,FALSE,FALSE,FALSE,TRUE
109883,FALSE,FALSE,FALSE,FALSE,TRUE
109884,TRUE,FALSE,FALSE,FALSE,FALSE
109885,TRUE,TRUE,TRUE,TRUE,TRUE
109887,TRUE,TRUE,TRUE,TRUE,TRUE
109889,TRUE,TRUE,TRUE,TRUE,TRUE
109890,TRUE,TRUE,FALSE,FALSE,TRUE
109892,FALSE,FALSE,FALSE,FALSE,TRUE
109893,TRUE,TRUE,TRUE,TRUE,TRUE
109894,TRUE,TRUE,TRUE,TRUE,TRUE
109895,TRUE,TRUE,TRUE,TRUE,TRUE
109896,FALSE,FALSE,FALSE,FALSE,TRUE
109897,FALSE,FALSE,FALSE,FALSE,TRUE
109899,FALSE,FALSE,FALSE,FALSE,TRUE
109901,FALSE,FALSE,FALSE,FALSE,TRUE
109902,TRUE,TRUE,TRUE,FALSE,TRUE
109904,FALSE,FALSE,FALSE,FALSE,TRUE
109905,TRUE,TRUE,TRUE,FALSE,TRUE
109906,TRUE,TRUE,FALSE,FALSE,TRUE
109907,TRUE,TRUE,TRUE,TRUE,FALSE
109909,TRUE,FALSE,FALSE,FALSE,TRUE
109910,TRUE,FALSE,FALSE,FALSE,TRUE
109911,TRUE,TRUE,TRUE,TRUE,TRUE
109912,TRUE,FALSE,FALSE,FALSE,TRUE
109913,TRUE,TRUE,TRUE,TRUE,TRUE
109914,FALSE,FALSE,FALSE,FALSE,TRUE
109915,TRUE,TRUE,TRUE,TRUE,TRUE
109918,TRUE,FALSE,FALSE,FALSE,TRUE
109919,FALSE,FALSE,FALSE,FALSE,TRUE
109921,TRUE,TRUE,TRUE,TRUE,TRUE
109922,TRUE,FALSE,FALSE,FALSE,TRUE
109923,TRUE,TRUE,TRUE,TRUE,TRUE
109924,TRUE,TRUE,TRUE,TRUE,TRUE
109925,TRUE,TRUE,TRUE,TRUE,FALSE
109929,TRUE,TRUE,TRUE,FALSE,TRUE
109931,TRUE,TRUE,TRUE,TRUE,TRUE
109932,FALSE,FALSE,FALSE,FALSE,TRUE
109933,TRUE,TRUE,TRUE,TRUE,TRUE
109934,TRUE,FALSE,FALSE,FALSE,TRUE
109935,TRUE,TRUE,TRUE,TRUE,TRUE
109936,TRUE,TRUE,TRUE,FALSE,TRUE
109937,FALSE,FALSE,FALSE,FALSE,TRUE
109939,TRUE,TRUE,TRUE,TRUE,TRUE
109940,FALSE,FALSE,FALSE,FALSE,TRUE
109941,TRUE,TRUE,TRUE,TRUE,TRUE
109942,TRUE,FALSE,FALSE,FALSE,TRUE
109945,FALSE,FALSE,FALSE,FALSE,TRUE
109947,TRUE,TRUE,TRUE,TRUE,TRUE
109949,TRUE,TRUE,TRUE,FALSE,TRUE
109950,FALSE,FALSE,FALSE,FALSE,TRUE
109952,TRUE,TRUE,TRUE,TRUE,TRUE
109953,TRUE,FALSE,FALSE,FALSE,TRUE
109956,TRUE,TRUE,TRUE,FALSE,TRUE
109958,FALSE,FALSE,FALSE,FALSE,TRUE
109959,TRUE,TRUE,TRUE,TRUE,FALSE
109960,TRUE,FALSE,FALSE,FALSE,TRUE
109962,TRUE,FALSE,FALSE,FALSE,TRUE
109966,TRUE,TRUE,TRUE,TRUE,TRUE
109967,TRUE,TRUE,TRUE,TRUE,TRUE
109968,FALSE,FALSE,FALSE,FALSE,TRUE
109969,TRUE,TRUE,TRUE,TRUE,TRUE
109970,TRUE,TRUE,TRUE,TRUE,TRUE
109974,FALSE,FALSE,FALSE,FALSE,TRUE
109975,TRUE,TRUE,TRUE,TRUE,TRUE
109977,FALSE,FALSE,FALSE,FALSE,TRUE
109978,TRUE,TRUE,TRUE,TRUE,TRUE
109979,TRUE,TRUE,TRUE,TRUE,TRUE
109980,FALSE,FALSE,FALSE,FALSE,TRUE
109982,TRUE,FALSE,FALSE,FALSE,TRUE
109983,TRUE,FALSE,FALSE,FALSE,TRUE
109986,TRUE,TRUE,TRUE,FALSE,FALSE
109989,TRUE,FALSE,FALSE,FALSE,TRUE
109990,FALSE,FALSE,FALSE,FALSE,TRUE
109993,TRUE,TRUE,TRUE,TRUE,TRUE
109994,TRUE,TRUE,TRUE,TRUE,TRUE
109995,FALSE,FALSE,FALSE,FALSE,TRUE
109996,TRUE,TRUE,TRUE,FALSE,TRUE
109997,TRUE,TRUE,TRUE,TRUE,TRUE
110000,TRUE,TRUE,TRUE,TRUE,TRUE
110003,TRUE,TRUE,TRUE,TRUE,TRUE
110004,FALSE,FALSE,FALSE,FALSE,TRUE
110007,TRUE,TRUE,TRUE,FALSE,TRUE
110008,TRUE,TRUE,TRUE,TRUE,TRUE
110009,TRUE,TRUE,TRUE,TRUE,TRUE
110010,TRUE,TRUE,TRUE,FALSE,TRUE
110011,TRUE,TRUE,TRUE,TRUE,TRUE
110012,TRUE,FALSE,FALSE,FALSE,TRUE
110014,TRUE,FALSE,FALSE,FALSE,TRUE
110016,TRUE,TRUE,TRUE,TRUE,TRUE
110019,TRUE,TRUE,TRUE,TRUE,TRUE
110020,FALSE,FALSE,FALSE,FALSE,TRUE
110022,FALSE,FALSE,FALSE,FALSE,TRUE
110023,FALSE,FALSE,FALSE,FALSE,TRUE
110024,TRUE,FALSE,FALSE,FALSE,TRUE
110026,TRUE,TRUE,TRUE,FALSE,TRUE
110028,TRUE,FALSE,FALSE,FALSE,TRUE
110029,TRUE,FALSE,FALSE,FALSE,TRUE
110030,TRUE,TRUE,FALSE,FALSE,TRUE
110031,TRUE,TRUE,FALSE,FALSE,TRUE
110032,TRUE,TRUE,TRUE,TRUE,TRUE
110033,TRUE,TRUE,TRUE,TRUE,TRUE
110034,TRUE,TRUE,TRUE,TRUE,TRUE
110035,TRUE,TRUE,TRUE,TRUE,TRUE
110039,TRUE,TRUE,TRUE,FALSE,TRUE
110041,FALSE,FALSE,FALSE,FALSE,TRUE
110042,FALSE,FALSE,FALSE,FALSE,TRUE
110043,TRUE,TRUE,TRUE,TRUE,TRUE
110044,TRUE,TRUE,TRUE,FALSE,FALSE
110045,FALSE,FALSE,FALSE,FALSE,TRUE
110046,FALSE,FALSE,FALSE,FALSE,TRUE
110048,TRUE,TRUE,TRUE,FALSE,TRUE
110049,FALSE,FALSE,FALSE,FALSE,TRUE
110050,TRUE,TRUE,TRUE,TRUE,TRUE
110051,TRUE,TRUE,TRUE,TRUE,TRUE
110053,TRUE,TRUE,TRUE,TRUE,TRUE
110054,FALSE,FALSE,FALSE,FALSE,FALSE
110056,FALSE,FALSE,FALSE,FALSE,FALSE
110057,TRUE,TRUE,TRUE,TRUE,TRUE
110059,TRUE,FALSE,FALSE,FALSE,FALSE
110060,TRUE,TRUE,TRUE,FALSE,TRUE
110062,FALSE,FALSE,FALSE,FALSE,TRUE
110065,FALSE,FALSE,FALSE,FALSE,FALSE
110066,TRUE,TRUE,TRUE,TRUE,TRUE
110067,TRUE,FALSE,FALSE,FALSE,TRUE
110068,TRUE,TRUE,TRUE,FALSE,TRUE
110069,FALSE,FALSE,FALSE,FALSE,TRUE
110070,TRUE,TRUE,FALSE,FALSE,TRUE
110072,TRUE,TRUE,TRUE,TRUE,TRUE
110073,TRUE,TRUE,TRUE,FALSE,FALSE
110077,FALSE,FALSE,FALSE,FALSE,TRUE
110078,TRUE,TRUE,TRUE,TRUE,TRUE
110080,TRUE,TRUE,TRUE,TRUE,TRUE
110081,FALSE,FALSE,FALSE,FALSE,TRUE
110082,TRUE,TRUE,TRUE,TRUE,TRUE
110085,TRUE,TRUE,TRUE,TRUE,TRUE
110087,TRUE,TRUE,TRUE,TRUE,TRUE
110088,TRUE,TRUE,TRUE,TRUE,TRUE
110090,TRUE,FALSE,FALSE,FALSE,TRUE
110091,FALSE,FALSE,FALSE,FALSE,TRUE
110094,TRUE,TRUE,TRUE,TRUE,TRUE
110095,FALSE,FALSE,FALSE,FALSE,TRUE
110096,FALSE,FALSE,FALSE,FALSE,TRUE
110098,TRUE,TRUE,TRUE,FALSE,TRUE
110099,FALSE,FALSE,FALSE,FALSE,TRUE
110101,FALSE,FALSE,FALSE,FALSE,TRUE
110102,TRUE,TRUE,TRUE,TRUE,TRUE
110105,TRUE,TRUE,TRUE,TRUE,TRUE
110106,TRUE,FALSE,FALSE,FALSE,TRUE
110108,TRUE,FALSE,FALSE,FALSE,TRUE
110109,TRUE,TRUE,TRUE,TRUE,TRUE
110110,FALSE,FALSE,FALSE,FALSE,TRUE
110111,FALSE,FALSE,FALSE,FALSE,TRUE
110112,TRUE,TRUE,TRUE,TRUE,TRUE
110114,TRUE,FALSE,FALSE,FALSE,TRUE
110116,TRUE,TRUE,TRUE,TRUE,TRUE
110118,TRUE,FALSE,FALSE,FALSE,TRUE
110119,TRUE,TRUE,TRUE,FALSE,TRUE
110120,TRUE,FALSE,FALSE,FALSE,TRUE
110121,FALSE,FALSE,FALSE,FALSE,TRUE
110122,TRUE,TRUE,TRUE,FALSE,TRUE
110123,FALSE,FALSE,FALSE,FALSE,TRUE
110124,TRUE,FALSE,FALSE,FALSE,TRUE
110125,TRUE,TRUE,TRUE,TRUE,TRUE
110127,FALSE,FALSE,FALSE,FALSE,TRUE
110128,FALSE,FALSE,FALSE,FALSE,TRUE
110129,TRUE,FALSE,FALSE,FALSE,TRUE
110130,FALSE,FALSE,FALSE,FALSE,TRUE
110132,TRUE,TRUE,TRUE,FALSE,TRUE
110134,TRUE,TRUE,TRUE,TRUE,TRUE
110135,TRUE,TRUE,TRUE,TRUE,TRUE
110136,TRUE,TRUE,TRUE,TRUE,TRUE
110137,TRUE,TRUE,TRUE,FALSE,TRUE
110140,TRUE,FALSE,FALSE,FALSE,TRUE
110141,TRUE,TRUE,TRUE,TRUE,TRUE
110142,FALSE,FALSE,FALSE,FALSE,TRUE
110143,TRUE,FALSE,FALSE,FALSE,TRUE
110144,TRUE,TRUE,TRUE,TRUE,TRUE
110146,TRUE,TRUE,TRUE,FALSE,TRUE
110147,FALSE,FALSE,FALSE,FALSE,FALSE
110148,TRUE,TRUE,TRUE,TRUE,TRUE
110151,TRUE,FALSE,FALSE,FALSE,TRUE
110152,TRUE,TRUE,TRUE,TRUE,TRUE
110154,FALSE,FALSE,FALSE,FALSE,TRUE
110155,FALSE,FALSE,FALSE,FALSE,TRUE
110156,TRUE,TRUE,TRUE,FALSE,TRUE
110157,TRUE,TRUE,TRUE,TRUE,TRUE
110159,FALSE,FALSE,FALSE,FALSE,TRUE
110161,TRUE,FALSE,FALSE,FALSE,TRUE
110164,FALSE,FALSE,FALSE,FALSE,TRUE
110166,TRUE,FALSE,FALSE,FALSE,TRUE
110169,TRUE,TRUE,TRUE,TRUE,TRUE
110170,TRUE,FALSE,FALSE,FALSE,TRUE
110171,FALSE,FALSE,FALSE,FALSE,TRUE
110173,TRUE,TRUE,TRUE,TRUE,TRUE
110178,TRUE,FALSE,FALSE,FALSE,TRUE
110179,TRUE,TRUE,TRUE,TRUE,TRUE
110181,TRUE,TRUE,TRUE,TRUE,TRUE
110183,TRUE,FALSE,FALSE,FALSE,TRUE
110187,TRUE,FALSE,FALSE,FALSE,TRUE
110188,FALSE,FALSE,FALSE,FALSE,TRUE
110189,TRUE,TRUE,TRUE,TRUE,TRUE
110191,TRUE,TRUE,TRUE,TRUE,FALSE
110193,FALSE,FALSE,FALSE,FALSE,TRUE
110194,TRUE,FALSE,FALSE,FALSE,TRUE
110195,TRUE,TRUE,TRUE,TRUE,TRUE
110196,FALSE,FALSE,FALSE,FALSE,TRUE
110198,TRUE,TRUE,TRUE,TRUE,TRUE
110199,FALSE,FALSE,FALSE,FALSE,TRUE
110201,TRUE,TRUE,TRUE,TRUE,TRUE
110203,TRUE,FALSE,FALSE,FALSE,TRUE
110205,FALSE,FALSE,FALSE,FALSE,TRUE
110206,TRUE,TRUE,TRUE,TRUE,TRUE
110207,FALSE,FALSE,FALSE,FALSE,TRUE
110208,TRUE,TRUE,TRUE,FALSE,TRUE
110210,FALSE,FALSE,FALSE,FALSE,TRUE
110211,TRUE,TRUE,FALSE,FALSE,TRUE
110212,FALSE,FALSE,FALSE,FALSE,TRUE
110213,TRUE,TRUE,TRUE,TRUE,FALSE
110215,FALSE,FALSE,FALSE,FALSE,FALSE
110216,TRUE,TRUE,TRUE,TRUE,TRUE
110217,TRUE,TRUE,TRUE,TRUE,TRUE
110218,TRUE,FALSE,FALSE,FALSE,TRUE
110219,TRUE,TRUE,TRUE,TRUE,TRUE
110222,TRUE,FALSE,FALSE,FALSE,TRUE
110224,TRUE,TRUE,TRUE,TRUE,TRUE
110228,TRUE,TRUE,TRUE,TRUE,TRUE
110231,TRUE,TRUE,TRUE,TRUE,TRUE
110233,TRUE,TRUE,TRUE,TRUE,TRUE
110234,FALSE,FALSE,FALSE,FALSE,TRUE
110235,TRUE,FALSE,FALSE,FALSE,TRUE
110236,FALSE,FALSE,FALSE,FALSE,FALSE
110238,TRUE,TRUE,TRUE,TRUE,TRUE
110239,FALSE,FALSE,FALSE,FALSE,TRUE
110241,FALSE,FALSE,FALSE,FALSE,FALSE
110242,TRUE,TRUE,TRUE,TRUE,TRUE
110243,FALSE,FALSE,FALSE,FALSE,TRUE
110245,TRUE,TRUE,TRUE,TRUE,TRUE
110247,TRUE,TRUE,TRUE,FALSE,TRUE
110248,TRUE,TRUE,TRUE,FALSE,TRUE
110249,TRUE,TRUE,TRUE,FALSE,TRUE
110253,TRUE,TRUE,TRUE,TRUE,TRUE
110254,TRUE,TRUE,TRUE,TRUE,TRUE
110255,TRUE,TRUE,TRUE,TRUE,TRUE
110257,FALSE,FALSE,FALSE,FALSE,TRUE
110258,TRUE,FALSE,FALSE,FALSE,TRUE
110259,TRUE,TRUE,TRUE,TRUE,TRUE
110261,FALSE,FALSE,FALSE,FALSE,TRUE
110262,TRUE,TRUE,TRUE,FALSE,TRUE
110263,TRUE,TRUE,TRUE,TRUE,TRUE
110264,TRUE,TRUE,TRUE,FALSE,TRUE
110265,FALSE,FALSE,FALSE,FALSE,TRUE
110266,FALSE,FALSE,FALSE,FALSE,TRUE
110267,TRUE,FALSE,FALSE,FALSE,TRUE
110268,FALSE,FALSE,FALSE,FALSE,TRUE
110270,TRUE,FALSE,FALSE,FALSE,TRUE
110272,TRUE,TRUE,TRUE,TRUE,TRUE
110273,FALSE,FALSE,FALSE,FALSE,TRUE
110274,FALSE,FALSE,FALSE,FALSE,TRUE
110276,FALSE,FALSE,FALSE,FALSE,TRUE
110277,TRUE,TRUE,TRUE,TRUE,TRUE
110278,TRUE,TRUE,TRUE,TRUE,TRUE
110280,TRUE,TRUE,TRUE,TRUE,TRUE
110281,TRUE,FALSE,FALSE,FALSE,TRUE
110282,TRUE,FALSE,FALSE,FALSE,TRUE
110284,TRUE,TRUE,TRUE,FALSE,TRUE
110285,TRUE,FALSE,FALSE,FALSE,TRUE
110290,FALSE,FALSE,FALSE,FALSE,FALSE
110292,TRUE,TRUE,TRUE,FALSE,TRUE
110293,TRUE,TRUE,TRUE,FALSE,TRUE
110297,FALSE,FALSE,FALSE,FALSE,TRUE
110298,TRUE,TRUE,TRUE,TRUE,TRUE
110299,TRUE,TRUE,TRUE,FALSE,TRUE
110301,FALSE,FALSE,FALSE,FALSE,TRUE
110302,TRUE,TRUE,TRUE,TRUE,TRUE
110304,TRUE,FALSE,FALSE,FALSE,TRUE
110306,TRUE,TRUE,TRUE,TRUE,TRUE
110308,TRUE,TRUE,TRUE,FALSE,TRUE
110309,FALSE,FALSE,FALSE,FALSE,TRUE
110311,TRUE,TRUE,TRUE,TRUE,TRUE
110312,TRUE,TRUE,TRUE,TRUE,TRUE
110313,TRUE,FALSE,FALSE,FALSE,TRUE
110314,TRUE,TRUE,TRUE,TRUE,TRUE
110318,TRUE,TRUE,TRUE,TRUE,TRUE
110319,TRUE,FALSE,FALSE,FALSE,TRUE
110320,FALSE,FALSE,FALSE,FALSE,TRUE
110321,FALSE,FALSE,FALSE,FALSE,TRUE
110323,TRUE,TRUE,TRUE,FALSE,FALSE
110328,TRUE,FALSE,FALSE,FALSE,TRUE
110330,TRUE,TRUE,TRUE,TRUE,TRUE
110332,TRUE,TRUE,TRUE,TRUE,TRUE
110333,TRUE,TRUE,TRUE,TRUE,TRUE
110334,FALSE,FALSE,FALSE,FALSE,TRUE
110337,TRUE,TRUE,TRUE,TRUE,TRUE
110339,TRUE,FALSE,FALSE,FALSE,TRUE
110340,TRUE,FALSE,FALSE,FALSE,TRUE
110341,TRUE,TRUE,TRUE,FALSE,TRUE
110342,FALSE,FALSE,FALSE,FALSE,TRUE
110343,FALSE,FALSE,FALSE,FALSE,TRUE
110344,FALSE,FALSE,FALSE,FALSE,TRUE
110346,TRUE,TRUE,FALSE,FALSE,TRUE
110347,FALSE,FALSE,FALSE,FALSE,TRUE
110348,TRUE,TRUE,FALSE,FALSE,TRUE
110349,FALSE,FALSE,FALSE,FALSE,TRUE
110350,TRUE,TRUE,TRUE,TRUE,TRUE
110354,TRUE,TRUE,FALSE,FALSE,TRUE
110357,TRUE,TRUE,TRUE,TRUE,TRUE
110358,TRUE,TRUE,FALSE,FALSE,TRUE
110359,TRUE,FALSE,FALSE,FALSE,TRUE
110361,TRUE,TRUE,TRUE,TRUE,TRUE
110364,FALSE,FALSE,FALSE,FALSE,TRUE
110365,FALSE,FALSE,FALSE,FALSE,FALSE
110366,TRUE,FALSE,FALSE,FALSE,TRUE
110367,TRUE,TRUE,TRUE,TRUE,TRUE
110372,FALSE,FALSE,FALSE,FALSE,TRUE
110373,FALSE,FALSE,FALSE,FALSE,TRUE
110377,TRUE,TRUE,TRUE,TRUE,TRUE
110380,TRUE,TRUE,TRUE,TRUE,TRUE
110381,TRUE,TRUE,TRUE,TRUE,TRUE
110382,FALSE,FALSE,FALSE,FALSE,TRUE
110383,TRUE,TRUE,TRUE,FALSE,TRUE
110384,TRUE,TRUE,TRUE,TRUE,TRUE
110385,TRUE,TRUE,TRUE,TRUE,TRUE
110386,FALSE,FALSE,FALSE,FALSE,FALSE
110387,TRUE,TRUE,TRUE,FALSE,TRUE
110390,TRUE,TRUE,TRUE,TRUE,TRUE
110391,TRUE,TRUE,TRUE,FALSE,TRUE
110393,TRUE,TRUE,TRUE,TRUE,TRUE
110394,FALSE,FALSE,FALSE,FALSE,TRUE
110397,TRUE,TRUE,TRUE,TRUE,TRUE
110400,FALSE,FALSE,FALSE,FALSE,TRUE
110401,TRUE,TRUE,TRUE,FALSE,FALSE
110403,TRUE,TRUE,TRUE,TRUE,TRUE
110406,TRUE,TRUE,TRUE,FALSE,TRUE
110409,TRUE,FALSE,FALSE,FALSE,FALSE
110412,TRUE,TRUE,TRUE,FALSE,TRUE
110413,TRUE,TRUE,TRUE,FALSE,TRUE
110414,FALSE,FALSE,FALSE,FALSE,TRUE
110415,TRUE,FALSE,FALSE,FALSE,TRUE
110416,TRUE,TRUE,TRUE,TRUE,TRUE
110417,TRUE,TRUE,TRUE,TRUE,TRUE
110418,TRUE,TRUE,TRUE,FALSE,TRUE
110419,TRUE,TRUE,TRUE,TRUE,TRUE
110421,TRUE,TRUE,TRUE,FALSE,TRUE
110422,TRUE,FALSE,FALSE,FALSE,TRUE
110423,TRUE,TRUE,TRUE,TRUE,FALSE
110426,FALSE,FALSE,FALSE,FALSE,TRUE
110427,TRUE,TRUE,TRUE,FALSE,TRUE
110429,FALSE,FALSE,FALSE,FALSE,TRUE
110430,TRUE,TRUE,TRUE,FALSE,TRUE
110431,FALSE,FALSE,FALSE,FALSE,TRUE
110432,TRUE,TRUE,TRUE,FALSE,TRUE
110433,TRUE,TRUE,TRUE,TRUE,TRUE
110434,TRUE,TRUE,TRUE,TRUE,TRUE
110437,TRUE,TRUE,TRUE,TRUE,TRUE
110438,TRUE,TRUE,TRUE,TRUE,TRUE
110439,TRUE,TRUE,TRUE,FALSE,TRUE
110440,FALSE,FALSE,FALSE,FALSE,TRUE
110443,TRUE,TRUE,FALSE,FALSE,TRUE
110444,TRUE,FALSE,FALSE,FALSE,TRUE
110446,TRUE,TRUE,TRUE,TRUE,TRUE
110447,TRUE,TRUE,TRUE,TRUE,TRUE
110448,TRUE,TRUE,TRUE,FALSE,TRUE
110450,TRUE,TRUE,TRUE,TRUE,TRUE
110451,FALSE,FALSE,FALSE,FALSE,TRUE
110452,TRUE,FALSE,FALSE,FALSE,TRUE
110454,TRUE,TRUE,TRUE,FALSE,TRUE
110456,TRUE,TRUE,TRUE,TRUE,TRUE
110458,TRUE,TRUE,TRUE,TRUE,TRUE
110460,FALSE,FALSE,FALSE,FALSE,TRUE
110462,TRUE,TRUE,TRUE,TRUE,TRUE
110463,TRUE,TRUE,TRUE,FALSE,TRUE
110464,TRUE,TRUE,TRUE,FALSE,TRUE
110467,FALSE,FALSE,FALSE,FALSE,FALSE
110468,FALSE,FALSE,FALSE,FALSE,TRUE
110471,TRUE,FALSE,FALSE,FALSE,TRUE
110472,TRUE,TRUE,TRUE,FALSE,TRUE
110473,FALSE,FALSE,FALSE,FALSE,TRUE
110477,TRUE,TRUE,TRUE,TRUE,TRUE
110478,TRUE,TRUE,TRUE,FALSE,TRUE
110479,FALSE,FALSE,FALSE,FALSE,TRUE
110480,TRUE,TRUE,TRUE,TRUE,TRUE
110481,TRUE,TRUE,TRUE,TRUE,TRUE
110483,FALSE,FALSE,FALSE,FALSE,TRUE
110486,FALSE,FALSE,FALSE,FALSE,TRUE
110487,TRUE,TRUE,TRUE,TRUE,TRUE
110488,TRUE,TRUE,TRUE,TRUE,TRUE
110490,TRUE,TRUE,TRUE,FALSE,TRUE
110494,FALSE,FALSE,FALSE,FALSE,TRUE
110495,TRUE,FALSE,FALSE,FALSE,TRUE
110497,FALSE,FALSE,FALSE,FALSE,TRUE
110498,FALSE,FALSE,FALSE,FALSE,TRUE
110499,TRUE,FALSE,FALSE,FALSE,TRUE
110500,FALSE,FALSE,FALSE,FALSE,TRUE
110501,TRUE,FALSE,FALSE,FALSE,TRUE
110502,TRUE,FALSE,FALSE,FALSE,TRUE
110503,TRUE,TRUE,TRUE,TRUE,TRUE
110504,TRUE,TRUE,TRUE,FALSE,TRUE
110505,FALSE,FALSE,FALSE,FALSE,TRUE
110509,TRUE,TRUE,TRUE,TRUE,TRUE
110510,FALSE,FALSE,FALSE,FALSE,TRUE
110512,TRUE,TRUE,TRUE,TRUE,TRUE
110516,TRUE,TRUE,TRUE,TRUE,TRUE
110517,TRUE,TRUE,TRUE,TRUE,TRUE
110523,TRUE,TRUE,TRUE,TRUE,TRUE
110524,FALSE,FALSE,FALSE,FALSE,TRUE
110525,TRUE,TRUE,TRUE,TRUE,TRUE
110529,FALSE,FALSE,FALSE,FALSE,TRUE
110530,TRUE,TRUE,TRUE,TRUE,TRUE
110532,TRUE,TRUE,TRUE,FALSE,TRUE
110535,TRUE,TRUE,TRUE,TRUE,TRUE
110536,TRUE,TRUE,FALSE,FALSE,TRUE
110537,TRUE,TRUE,TRUE,FALSE,TRUE
110538,TRUE,TRUE,TRUE,TRUE,TRUE
110540,TRUE,TRUE,TRUE,FALSE,TRUE
110541,FALSE,FALSE,FALSE,FALSE,TRUE
110542,TRUE,TRUE,TRUE,FALSE,FALSE
110544,TRUE,FALSE,FALSE,FALSE,TRUE
110545,FALSE,FALSE,FALSE,FALSE,TRUE
110547,TRUE,FALSE,FALSE,FALSE,TRUE
110550,FALSE,FALSE,FALSE,FALSE,TRUE
110551,TRUE,TRUE,TRUE,TRUE,TRUE
110552,TRUE,TRUE,TRUE,TRUE,TRUE
110553,TRUE,TRUE,TRUE,FALSE,TRUE
110554,TRUE,TRUE,TRUE,TRUE,TRUE
110555,TRUE,TRUE,TRUE,TRUE,TRUE
110556,FALSE,FALSE,FALSE,FALSE,TRUE
110557,TRUE,TRUE,TRUE,TRUE,TRUE
110558,TRUE,FALSE,FALSE,FALSE,TRUE
110559,TRUE,TRUE,TRUE,TRUE,TRUE
110563,TRUE,TRUE,TRUE,TRUE,TRUE
110566,FALSE,FALSE,FALSE,FALSE,TRUE
110567,TRUE,TRUE,TRUE,FALSE,TRUE
110568,TRUE,TRUE,TRUE,TRUE,TRUE
110569,TRUE,TRUE,TRUE,TRUE,TRUE
110570,TRUE,TRUE,TRUE,TRUE,TRUE
110571,FALSE,FALSE,FALSE,FALSE,TRUE
110572,TRUE,TRUE,TRUE,TRUE,TRUE
110577,TRUE,TRUE,TRUE,FALSE,TRUE
110578,TRUE,TRUE,TRUE,TRUE,TRUE
110579,FALSE,FALSE,FALSE,FALSE,TRUE
110580,TRUE,TRUE,TRUE,TRUE,TRUE
110582,TRUE,TRUE,TRUE,FALSE,TRUE
110583,TRUE,TRUE,TRUE,TRUE,TRUE
110584,TRUE,TRUE,TRUE,TRUE,TRUE
110585,TRUE,TRUE,TRUE,FALSE,TRUE
110586,TRUE,TRUE,TRUE,TRUE,TRUE
110587,TRUE,FALSE,FALSE,FALSE,TRUE
110588,FALSE,FALSE,FALSE,FALSE,TRUE
110589,TRUE,TRUE,TRUE,TRUE,FALSE
110590,FALSE,FALSE,FALSE,FALSE,TRUE
110591,TRUE,TRUE,TRUE,FALSE,TRUE
110592,TRUE,TRUE,TRUE,FALSE,TRUE
110593,TRUE,TRUE,TRUE,TRUE,TRUE
110595,TRUE,TRUE,TRUE,TRUE,FALSE
110596,FALSE,FALSE,FALSE,FALSE,TRUE
110598,TRUE,TRUE,TRUE,TRUE,TRUE
110599,TRUE,TRUE,TRUE,TRUE,TRUE
110601,FALSE,FALSE,FALSE,FALSE,TRUE
110602,FALSE,FALSE,FALSE,FALSE,TRUE
110604,FALSE,FALSE,FALSE,FALSE,TRUE
110606,TRUE,TRUE,TRUE,FALSE,TRUE
110607,TRUE,TRUE,TRUE,TRUE,TRUE
110609,FALSE,FALSE,FALSE,FALSE,TRUE
110613,TRUE,TRUE,TRUE,TRUE,TRUE
110614,TRUE,TRUE,TRUE,TRUE,TRUE
110616,TRUE,TRUE,TRUE,TRUE,TRUE
110621,FALSE,FALSE,FALSE,FALSE,TRUE
110623,FALSE,FALSE,FALSE,FALSE,FALSE
110624,FALSE,FALSE,FALSE,FALSE,TRUE
110625,TRUE,TRUE,TRUE,TRUE,TRUE
110626,TRUE,FALSE,FALSE,FALSE,TRUE
110628,TRUE,FALSE,FALSE,FALSE,TRUE
110631,TRUE,TRUE,TRUE,TRUE,TRUE
110632,TRUE,FALSE,FALSE,FALSE,TRUE
110633,TRUE,TRUE,TRUE,FALSE,TRUE
110634,FALSE,FALSE,FALSE,FALSE,TRUE
110635,TRUE,TRUE,TRUE,FALSE,TRUE
110636,TRUE,TRUE,TRUE,TRUE,TRUE
110639,FALSE,FALSE,FALSE,FALSE,TRUE
110641,TRUE,TRUE,TRUE,TRUE,TRUE
110642,TRUE,TRUE,TRUE,FALSE,TRUE
110645,FALSE,FALSE,FALSE,FALSE,TRUE
110646,TRUE,TRUE,TRUE,TRUE,TRUE
110647,TRUE,FALSE,FALSE,FALSE,TRUE
110648,TRUE,TRUE,TRUE,TRUE,TRUE
110649,TRUE,TRUE,TRUE,TRUE,TRUE
110650,TRUE,TRUE,TRUE,TRUE,TRUE
110651,TRUE,TRUE,TRUE,TRUE,TRUE
110652,TRUE,TRUE,TRUE,TRUE,TRUE
110654,TRUE,TRUE,TRUE,FALSE,TRUE
110656,TRUE,TRUE,TRUE,FALSE,TRUE
110657,FALSE,FALSE,FALSE,FALSE,TRUE
110659,TRUE,TRUE,TRUE,TRUE,TRUE
110664,FALSE,FALSE,FALSE,FALSE,TRUE
110665,TRUE,TRUE,TRUE,FALSE,TRUE
110666,FALSE,FALSE,FALSE,FALSE,TRUE
110668,TRUE,TRUE,TRUE,TRUE,TRUE
110670,FALSE,FALSE,FALSE,FALSE,TRUE
110671,FALSE,FALSE,FALSE,FALSE,FALSE
110673,TRUE,TRUE,TRUE,TRUE,TRUE
110674,TRUE,FALSE,FALSE,FALSE,FALSE
110675,FALSE,FALSE,FALSE,FALSE,TRUE
110676,FALSE,FALSE,FALSE,FALSE,TRUE
110677,TRUE,TRUE,TRUE,TRUE,TRUE
110678,TRUE,FALSE,FALSE,FALSE,TRUE
110683,FALSE,FALSE,FALSE,FALSE,TRUE
110685,TRUE,TRUE,TRUE,TRUE,TRUE
110686,TRUE,TRUE,TRUE,TRUE,TRUE
110688,TRUE,FALSE,FALSE,FALSE,TRUE
110689,TRUE,TRUE,TRUE,TRUE,TRUE
110690,FALSE,FALSE,FALSE,FALSE,TRUE
110691,FALSE,FALSE,FALSE,FALSE,TRUE
110692,FALSE,FALSE,FALSE,FALSE,FALSE
110699,TRUE,FALSE,FALSE,FALSE,TRUE
110700,TRUE,FALSE,FALSE,FALSE,TRUE
110701,FALSE,FALSE,FALSE,FALSE,TRUE
110702,TRUE,TRUE,TRUE,TRUE,TRUE
110703,TRUE,TRUE,TRUE,FALSE,TRUE
110704,TRUE,TRUE,FALSE,FALSE,TRUE
110707,TRUE,TRUE,TRUE,TRUE,TRUE
110709,FALSE,FALSE,FALSE,FALSE,TRUE
110710,FALSE,FALSE,FALSE,FALSE,TRUE
110712,FALSE,FALSE,FALSE,FALSE,FALSE
110714,TRUE,TRUE,TRUE,FALSE,TRUE
110715,TRUE,TRUE,TRUE,TRUE,TRUE
110716,TRUE,TRUE,TRUE,TRUE,TRUE
110717,TRUE,TRUE,TRUE,TRUE,TRUE
110719,TRUE,TRUE,TRUE,TRUE,TRUE
110720,TRUE,TRUE,TRUE,TRUE,TRUE
110722,TRUE,FALSE,FALSE,FALSE,TRUE
110723,FALSE,FALSE,FALSE,FALSE,TRUE
110725,TRUE,TRUE,TRUE,FALSE,TRUE
110727,TRUE,TRUE,TRUE,TRUE,FALSE
110729,TRUE,FALSE,FALSE,FALSE,TRUE
110731,TRUE,TRUE,TRUE,TRUE,TRUE
110734,TRUE,FALSE,FALSE,FALSE,TRUE
110736,TRUE,TRUE,TRUE,TRUE,TRUE
110738,TRUE,TRUE,TRUE,TRUE,TRUE
110739,TRUE,TRUE,TRUE,TRUE,TRUE
110740,TRUE,TRUE,TRUE,TRUE,TRUE
110741,TRUE,FALSE,FALSE,FALSE,TRUE
110742,FALSE,FALSE,FALSE,FALSE,TRUE
110744,TRUE,TRUE,TRUE,TRUE,TRUE
110745,TRUE,FALSE,FALSE,FALSE,TRUE
110749,TRUE,TRUE,TRUE,TRUE,TRUE
110751,FALSE,FALSE,FALSE,FALSE,TRUE
110753,FALSE,FALSE,FALSE,FALSE,TRUE
110756,TRUE,TRUE,TRUE,TRUE,TRUE
110757,TRUE,FALSE,FALSE,FALSE,TRUE
110765,TRUE,FALSE,FALSE,FALSE,FALSE
110766,FALSE,FALSE,FALSE,FALSE,TRUE
110768,FALSE,FALSE,FALSE,FALSE,TRUE
110770,TRUE,TRUE,TRUE,FALSE,TRUE
110771,TRUE,TRUE,TRUE,TRUE,TRUE
110775,TRUE,FALSE,FALSE,FALSE,TRUE
110776,TRUE,TRUE,TRUE,TRUE,TRUE
110777,TRUE,TRUE,TRUE,TRUE,TRUE
110778,TRUE,TRUE,TRUE,FALSE,TRUE
110779,TRUE,TRUE,TRUE,TRUE,TRUE
110780,FALSE,FALSE,FALSE,FALSE,TRUE
110781,FALSE,FALSE,FALSE,FALSE,TRUE
110782,TRUE,TRUE,TRUE,TRUE,TRUE
110785,TRUE,FALSE,FALSE,FALSE,TRUE
110786,TRUE,TRUE,TRUE,TRUE,TRUE
110788,TRUE,TRUE,TRUE,TRUE,TRUE
110790,TRUE,TRUE,TRUE,TRUE,TRUE
110791,TRUE,TRUE,FALSE,FALSE,TRUE
110793,FALSE,FALSE,FALSE,FALSE,TRUE
110794,FALSE,FALSE,FALSE,FALSE,TRUE
110795,TRUE,TRUE,TRUE,FALSE,TRUE
110796,TRUE,TRUE,TRUE,FALSE,TRUE
110797,FALSE,FALSE,FALSE,FALSE,TRUE
110798,FALSE,FALSE,FALSE,FALSE,TRUE
110800,TRUE,TRUE,TRUE,TRUE,TRUE
110801,TRUE,TRUE,TRUE,FALSE,TRUE
110802,FALSE,FALSE,FALSE,FALSE,TRUE
110804,FALSE,FALSE,FALSE,FALSE,TRUE
110806,TRUE,TRUE,TRUE,TRUE,FALSE
110807,TRUE,TRUE,TRUE,FALSE,TRUE
110810,TRUE,TRUE,TRUE,FALSE,TRUE
110814,TRUE,TRUE,TRUE,TRUE,TRUE
110815,TRUE,TRUE,TRUE,TRUE,TRUE
110816,TRUE,TRUE,TRUE,TRUE,TRUE
110817,TRUE,TRUE,FALSE,FALSE,TRUE
110819,TRUE,FALSE,FALSE,FALSE,TRUE
110820,TRUE,TRUE,TRUE,TRUE,TRUE
110822,TRUE,TRUE,TRUE,TRUE,TRUE
110824,TRUE,TRUE,TRUE,TRUE,TRUE
110825,TRUE,FALSE,FALSE,FALSE,TRUE
110826,TRUE,TRUE,TRUE,TRUE,TRUE
110827,TRUE,FALSE,FALSE,FALSE,TRUE
110828,FALSE,FALSE,FALSE,FALSE,TRUE
110831,TRUE,FALSE,FALSE,FALSE,TRUE
110832,TRUE,TRUE,TRUE,FALSE,TRUE
110833,TRUE,TRUE,TRUE,TRUE,TRUE
110834,TRUE,TRUE,TRUE,TRUE,TRUE
110835,TRUE,TRUE,TRUE,TRUE,TRUE
110837,TRUE,TRUE,TRUE,TRUE,TRUE
110841,TRUE,TRUE,TRUE,TRUE,TRUE
110842,TRUE,TRUE,TRUE,TRUE,TRUE
110843,TRUE,TRUE,TRUE,FALSE,TRUE
110844,FALSE,FALSE,FALSE,FALSE,TRUE
110848,TRUE,TRUE,FALSE,FALSE,TRUE
110849,FALSE,FALSE,FALSE,FALSE,TRUE
110852,TRUE,TRUE,TRUE,TRUE,TRUE
110855,TRUE,TRUE,TRUE,TRUE,TRUE
110857,TRUE,TRUE,TRUE,TRUE,TRUE
110859,FALSE,FALSE,FALSE,FALSE,TRUE
110861,TRUE,TRUE,TRUE,TRUE,TRUE
110862,TRUE,TRUE,TRUE,TRUE,TRUE
110863,TRUE,FALSE,FALSE,FALSE,TRUE
110864,TRUE,FALSE,FALSE,FALSE,TRUE
110868,TRUE,FALSE,FALSE,FALSE,TRUE
110869,TRUE,TRUE,TRUE,TRUE,TRUE
110870,TRUE,TRUE,TRUE,TRUE,TRUE
110872,TRUE,TRUE,TRUE,FALSE,TRUE
110875,TRUE,TRUE,TRUE,TRUE,FALSE
110889,FALSE,FALSE,FALSE,FALSE,FALSE
110903,TRUE,TRUE,TRUE,TRUE,FALSE
110907,FALSE,FALSE,FALSE,FALSE,FALSE
110912,TRUE,TRUE,TRUE,TRUE,FALSE
110926,FALSE,FALSE,FALSE,FALSE,FALSE
110932,TRUE,TRUE,TRUE,TRUE,FALSE
110937,TRUE,TRUE,TRUE,TRUE,FALSE
110947,TRUE,TRUE,TRUE,TRUE,FALSE
110954,TRUE,TRUE,TRUE,FALSE,FALSE
110959,TRUE,FALSE,FALSE,FALSE,FALSE
110965,TRUE,TRUE,TRUE,FALSE,FALSE
110976,TRUE,FALSE,FALSE,FALSE,FALSE
110982,TRUE,TRUE,TRUE,TRUE,FALSE
111037,TRUE,TRUE,TRUE,FALSE,FALSE
111050,FALSE,FALSE,FALSE,FALSE,FALSE
111104,TRUE,FALSE,FALSE,FALSE,FALSE
111108,TRUE,TRUE,TRUE,TRUE,FALSE
111110,FALSE,FALSE,FALSE,FALSE,FALSE
111127,TRUE,TRUE,TRUE,TRUE,FALSE
111131,TRUE,TRUE,TRUE,FALSE,FALSE
111143,TRUE,TRUE,TRUE,TRUE,FALSE
111160,TRUE,TRUE,TRUE,TRUE,FALSE
111171,TRUE,FALSE,FALSE,FALSE,FALSE
111220,TRUE,FALSE,FALSE,FALSE,FALSE
111222,TRUE,TRUE,TRUE,TRUE,FALSE
111224,TRUE,FALSE,FALSE,FALSE,FALSE
111230,TRUE,TRUE,TRUE,TRUE,FALSE
111252,FALSE,FALSE,FALSE,FALSE,FALSE
111258,TRUE,TRUE,TRUE,TRUE,FALSE
111274,TRUE,FALSE,FALSE,FALSE,FALSE
111276,TRUE,TRUE,TRUE,TRUE,FALSE
111285,TRUE,TRUE,TRUE,FALSE,FALSE
111287,FALSE,FALSE,FALSE,FALSE,FALSE
111301,TRUE,FALSE,FALSE,FALSE,FALSE
111360,TRUE,TRUE,TRUE,TRUE,FALSE
111373,FALSE,FALSE,FALSE,FALSE,FALSE
111418,FALSE,FALSE,FALSE,FALSE,FALSE
111425,FALSE,FALSE,FALSE,FALSE,FALSE
111430,TRUE,FALSE,FALSE,FALSE,FALSE
111434,FALSE,FALSE,FALSE,FALSE,FALSE
111459,TRUE,FALSE,FALSE,FALSE,FALSE
111468,TRUE,TRUE,TRUE,FALSE,FALSE
111479,TRUE,TRUE,TRUE,FALSE,FALSE
111480,TRUE,TRUE,TRUE,TRUE,FALSE
111487,TRUE,TRUE,TRUE,TRUE,FALSE
111492,TRUE,FALSE,FALSE,FALSE,FALSE
111510,FALSE,FALSE,FALSE,FALSE,FALSE
111551,TRUE,FALSE,FALSE,FALSE,FALSE
111556,FALSE,FALSE,FALSE,FALSE,FALSE
111562,TRUE,TRUE,TRUE,TRUE,FALSE
111609,FALSE,FALSE,FALSE,FALSE,FALSE
111627,TRUE,TRUE,TRUE,FALSE,FALSE
111673,FALSE,FALSE,FALSE,FALSE,FALSE
111684,FALSE,FALSE,FALSE,FALSE,FALSE
111733,TRUE,TRUE,TRUE,TRUE,FALSE
111736,FALSE,FALSE,FALSE,FALSE,FALSE
111741,TRUE,TRUE,TRUE,FALSE,FALSE
111742,TRUE,FALSE,FALSE,FALSE,FALSE
111745,TRUE,TRUE,TRUE,TRUE,FALSE
111773,TRUE,TRUE,TRUE,TRUE,FALSE
111784,TRUE,TRUE,TRUE,TRUE,FALSE
111788,FALSE,FALSE,FALSE,FALSE,FALSE
111801,TRUE,TRUE,TRUE,TRUE,FALSE
111850,TRUE,TRUE,TRUE,TRUE,FALSE
111894,FALSE,FALSE,FALSE,FALSE,FALSE
111905,TRUE,TRUE,FALSE,FALSE,FALSE
111938,TRUE,FALSE,FALSE,FALSE,FALSE
111951,FALSE,FALSE,FALSE,FALSE,FALSE
111952,FALSE,FALSE,FALSE,FALSE,FALSE
111961,FALSE,FALSE,FALSE,FALSE,FALSE
111972,TRUE,TRUE,TRUE,TRUE,FALSE
111983,FALSE,FALSE,FALSE,FALSE,FALSE
112003,TRUE,TRUE,TRUE,TRUE,FALSE
112008,TRUE,TRUE,TRUE,TRUE,FALSE
112020,TRUE,TRUE,TRUE,FALSE,FALSE
112048,FALSE,FALSE,FALSE,FALSE,FALSE
112059,FALSE,FALSE,FALSE,FALSE,FALSE
112062,TRUE,FALSE,FALSE,FALSE,FALSE
112075,TRUE,TRUE,TRUE,TRUE,FALSE
112080,TRUE,TRUE,TRUE,TRUE,FALSE
112154,TRUE,FALSE,FALSE,FALSE,FALSE
112176,FALSE,FALSE,FALSE,FALSE,FALSE
112191,TRUE,TRUE,TRUE,FALSE,FALSE
112209,TRUE,FALSE,FALSE,FALSE,FALSE
112213,TRUE,TRUE,TRUE,FALSE,FALSE
112234,FALSE,FALSE,FALSE,FALSE,FALSE
112256,TRUE,TRUE,TRUE,TRUE,FALSE
112260,TRUE,TRUE,TRUE,TRUE,FALSE
112270,FALSE,FALSE,FALSE,FALSE,FALSE
112274,TRUE,TRUE,TRUE,TRUE,FALSE
112277,TRUE,TRUE,TRUE,TRUE,FALSE
112278,TRUE,TRUE,TRUE,TRUE,FALSE
112281,FALSE,FALSE,FALSE,FALSE,FALSE
112302,TRUE,TRUE,FALSE,FALSE,FALSE
112307,FALSE,FALSE,FALSE,FALSE,FALSE
112312,TRUE,FALSE,FALSE,FALSE,FALSE
112327,TRUE,FALSE,FALSE,FALSE,FALSE
112330,TRUE,TRUE,TRUE,FALSE,FALSE
112331,TRUE,FALSE,FALSE,FALSE,FALSE
112353,TRUE,TRUE,TRUE,FALSE,FALSE
112376,TRUE,TRUE,TRUE,TRUE,FALSE
112390,TRUE,TRUE,TRUE,TRUE,FALSE
112402,TRUE,TRUE,TRUE,TRUE,FALSE
112408,TRUE,TRUE,TRUE,TRUE,FALSE
112409,TRUE,TRUE,TRUE,TRUE,FALSE
112426,FALSE,FALSE,FALSE,FALSE,FALSE
112435,TRUE,TRUE,TRUE,TRUE,FALSE
112480,FALSE,FALSE,FALSE,FALSE,FALSE
112488,FALSE,FALSE,FALSE,FALSE,FALSE
112491,FALSE,FALSE,FALSE,FALSE,FALSE
112511,FALSE,FALSE,FALSE,FALSE,FALSE
112514,TRUE,TRUE,TRUE,FALSE,FALSE
112517,FALSE,FALSE,FALSE,FALSE,FALSE
112519,TRUE,TRUE,TRUE,FALSE,FALSE
112555,FALSE,FALSE,FALSE,FALSE,FALSE
112567,FALSE,FALSE,FALSE,FALSE,FALSE
112611,TRUE,TRUE,TRUE,FALSE,FALSE
112615,FALSE,FALSE,FALSE,FALSE,FALSE
112616,FALSE,FALSE,FALSE,FALSE,FALSE
112623,TRUE,TRUE,TRUE,FALSE,FALSE
112625,FALSE,FALSE,FALSE,FALSE,FALSE
112628,FALSE,FALSE,FALSE,FALSE,FALSE
112629,FALSE,FALSE,FALSE,FALSE,FALSE
112647,FALSE,FALSE,FALSE,FALSE,FALSE
112649,TRUE,TRUE,TRUE,FALSE,FALSE
112672,FALSE,FALSE,FALSE,FALSE,FALSE
112673,FALSE,FALSE,FALSE,FALSE,FALSE
112680,TRUE,FALSE,FALSE,FALSE,FALSE
112705,TRUE,TRUE,TRUE,TRUE,FALSE
112744,TRUE,FALSE,FALSE,FALSE,FALSE
112755,FALSE,FALSE,FALSE,FALSE,FALSE
112802,TRUE,TRUE,TRUE,FALSE,FALSE
112806,TRUE,TRUE,TRUE,TRUE,FALSE
112810,TRUE,TRUE,TRUE,TRUE,FALSE
112813,TRUE,TRUE,TRUE,FALSE,FALSE
112823,TRUE,FALSE,FALSE,FALSE,FALSE
112828,TRUE,TRUE,TRUE,TRUE,FALSE
112842,TRUE,FALSE,FALSE,FALSE,FALSE
112843,FALSE,FALSE,FALSE,FALSE,FALSE
112856,TRUE,FALSE,FALSE,FALSE,FALSE
112905,TRUE,TRUE,TRUE,FALSE,FALSE
112948,FALSE,FALSE,FALSE,FALSE,FALSE
112959,TRUE,FALSE,FALSE,FALSE,FALSE
112969,TRUE,TRUE,TRUE,FALSE,FALSE
112980,FALSE,FALSE,FALSE,FALSE,FALSE
112990,FALSE,FALSE,FALSE,FALSE,FALSE
112992,TRUE,FALSE,FALSE,FALSE,FALSE
112998,TRUE,TRUE,TRUE,FALSE,FALSE
113003,FALSE,FALSE,FALSE,FALSE,FALSE
113012,TRUE,FALSE,FALSE,FALSE,FALSE
113024,TRUE,FALSE,FALSE,FALSE,FALSE
113065,TRUE,TRUE,TRUE,TRUE,FALSE
113071,TRUE,TRUE,TRUE,FALSE,FALSE
113081,TRUE,TRUE,TRUE,TRUE,FALSE
113100,TRUE,FALSE,FALSE,FALSE,FALSE
113103,FALSE,FALSE,FALSE,FALSE,FALSE
113124,TRUE,TRUE,TRUE,TRUE,FALSE
113161,TRUE,TRUE,TRUE,TRUE,FALSE
113179,TRUE,FALSE,FALSE,FALSE,FALSE
113181,TRUE,FALSE,FALSE,FALSE,FALSE
113185,TRUE,TRUE,TRUE,TRUE,FALSE
113196,FALSE,FALSE,FALSE,FALSE,FALSE
113244,FALSE,FALSE,FALSE,FALSE,FALSE
113277,TRUE,TRUE,TRUE,TRUE,FALSE
113295,FALSE,FALSE,FALSE,FALSE,FALSE
113354,TRUE,TRUE,TRUE,FALSE,FALSE
113355,FALSE,FALSE,FALSE,FALSE,FALSE
113357,TRUE,TRUE,TRUE,TRUE,FALSE
113368,TRUE,TRUE,TRUE,TRUE,FALSE
113375,FALSE,FALSE,FALSE,FALSE,FALSE
113378,TRUE,TRUE,TRUE,TRUE,FALSE
113389,TRUE,TRUE,TRUE,TRUE,FALSE
113391,FALSE,FALSE,FALSE,FALSE,FALSE
113408,TRUE,FALSE,FALSE,FALSE,FALSE
113416,FALSE,FALSE,FALSE,FALSE,FALSE
113465,FALSE,FALSE,FALSE,FALSE,FALSE
113471,TRUE,TRUE,TRUE,TRUE,FALSE
113482,TRUE,FALSE,FALSE,FALSE,FALSE
113515,TRUE,TRUE,TRUE,TRUE,FALSE
113536,FALSE,FALSE,FALSE,FALSE,FALSE
113547,FALSE,FALSE,FALSE,FALSE,FALSE
113549,TRUE,FALSE,FALSE,FALSE,FALSE
113581,TRUE,FALSE,FALSE,FALSE,FALSE
113596,FALSE,FALSE,FALSE,FALSE,FALSE
113599,TRUE,TRUE,TRUE,TRUE,FALSE
113603,TRUE,TRUE,TRUE,TRUE,FALSE
113612,TRUE,TRUE,TRUE,TRUE,FALSE
113634,TRUE,TRUE,TRUE,TRUE,FALSE
113638,FALSE,FALSE,FALSE,FALSE,FALSE
113641,TRUE,TRUE,TRUE,TRUE,FALSE
113646,TRUE,FALSE,FALSE,FALSE,FALSE
113660,TRUE,FALSE,FALSE,FALSE,FALSE
113664,TRUE,FALSE,FALSE,FALSE,FALSE
113667,TRUE,TRUE,TRUE,FALSE,FALSE
113722,FALSE,FALSE,FALSE,FALSE,FALSE
113729,FALSE,FALSE,FALSE,FALSE,FALSE
113731,FALSE,FALSE,FALSE,FALSE,FALSE
113751,TRUE,TRUE,TRUE,FALSE,FALSE
113756,TRUE,TRUE,TRUE,FALSE,FALSE
113763,TRUE,TRUE,TRUE,TRUE,FALSE
113769,TRUE,FALSE,FALSE,FALSE,FALSE
113812,TRUE,TRUE,TRUE,TRUE,FALSE
113825,FALSE,FALSE,FALSE,FALSE,FALSE
113827,TRUE,FALSE,FALSE,FALSE,FALSE
113831,FALSE,FALSE,FALSE,FALSE,FALSE
113837,TRUE,TRUE,TRUE,FALSE,FALSE
113869,FALSE,FALSE,FALSE,FALSE,FALSE
113877,TRUE,FALSE,FALSE,FALSE,FALSE
113893,TRUE,TRUE,TRUE,FALSE,FALSE
113929,FALSE,FALSE,FALSE,FALSE,FALSE
113968,TRUE,TRUE,TRUE,TRUE,FALSE
113980,TRUE,TRUE,TRUE,TRUE,FALSE
113985,TRUE,FALSE,FALSE,FALSE,FALSE
113990,FALSE,FALSE,FALSE,FALSE,FALSE
113998,FALSE,FALSE,FALSE,FALSE,FALSE
114007,TRUE,TRUE,TRUE,TRUE,FALSE
114051,TRUE,TRUE,TRUE,TRUE,FALSE
114067,FALSE,FALSE,FALSE,FALSE,FALSE
114073,FALSE,FALSE,FALSE,FALSE,FALSE
114091,FALSE,FALSE,FALSE,FALSE,FALSE
114115,TRUE,FALSE,FALSE,FALSE,FALSE
114128,TRUE,TRUE,TRUE,TRUE,FALSE
114156,TRUE,FALSE,FALSE,FALSE,FALSE
114173,TRUE,TRUE,TRUE,TRUE,FALSE
114175,TRUE,TRUE,TRUE,FALSE,FALSE
114233,FALSE,FALSE,FALSE,FALSE,FALSE
114243,TRUE,FALSE,FALSE,FALSE,FALSE
114245,FALSE,FALSE,FALSE,FALSE,FALSE
114287,TRUE,TRUE,TRUE,TRUE,FALSE
114303,TRUE,TRUE,TRUE,FALSE,FALSE
114317,FALSE,FALSE,FALSE,FALSE,FALSE
114321,FALSE,FALSE,FALSE,FALSE,FALSE
114329,FALSE,FALSE,FALSE,FALSE,FALSE
114337,FALSE,FALSE,FALSE,FALSE,FALSE
114348,TRUE,FALSE,FALSE,FALSE,FALSE
114421,FALSE,FALSE,FALSE,FALSE,FALSE
114423,FALSE,FALSE,FALSE,FALSE,FALSE
114446,FALSE,FALSE,FALSE,FALSE,FALSE
114496,TRUE,TRUE,TRUE,TRUE,FALSE
114545,FALSE,FALSE,FALSE,FALSE,FALSE
114555,TRUE,TRUE,TRUE,TRUE,FALSE
114596,TRUE,FALSE,FALSE,FALSE,FALSE
114601,FALSE,FALSE,FALSE,FALSE,FALSE
114603,FALSE,FALSE,FALSE,FALSE,FALSE
114605,TRUE,TRUE,TRUE,TRUE,FALSE
114612,FALSE,FALSE,FALSE,FALSE,FALSE
114657,TRUE,TRUE,TRUE,TRUE,FALSE
114677,FALSE,FALSE,FALSE,FALSE,FALSE
114718,TRUE,TRUE,TRUE,TRUE,FALSE
114740,TRUE,TRUE,TRUE,TRUE,FALSE
114800,TRUE,FALSE,FALSE,FALSE,FALSE
114830,TRUE,TRUE,TRUE,TRUE,FALSE
114856,TRUE,TRUE,TRUE,TRUE,FALSE
114857,TRUE,TRUE,TRUE,TRUE,FALSE
114888,TRUE,TRUE,TRUE,TRUE,FALSE
114908,TRUE,TRUE,TRUE,TRUE,FALSE
114910,TRUE,FALSE,FALSE,FALSE,FALSE
114927,TRUE,TRUE,TRUE,TRUE,FALSE
114949,FALSE,FALSE,FALSE,FALSE,FALSE
114958,TRUE,TRUE,TRUE,TRUE,FALSE
114988,FALSE,FALSE,FALSE,FALSE,FALSE
114997,FALSE,FALSE,FALSE,FALSE,FALSE
115008,FALSE,FALSE,FALSE,FALSE,FALSE
115047,FALSE,FALSE,FALSE,FALSE,FALSE
115058,FALSE,FALSE,FALSE,FALSE,FALSE
115060,TRUE,FALSE,FALSE,FALSE,FALSE
115061,TRUE,TRUE,TRUE,FALSE,FALSE
115124,FALSE,FALSE,FALSE,FALSE,FALSE
115139,FALSE,FALSE,FALSE,FALSE,FALSE
115140,TRUE,FALSE,FALSE,FALSE,FALSE
115223,TRUE,TRUE,TRUE,TRUE,FALSE
115228,TRUE,TRUE,TRUE,TRUE,FALSE
115251,FALSE,FALSE,FALSE,FALSE,FALSE
115253,FALSE,FALSE,FALSE,FALSE,FALSE
115261,TRUE,FALSE,FALSE,FALSE,FALSE
115293,FALSE,FALSE,FALSE,FALSE,FALSE
115302,TRUE,TRUE,FALSE,FALSE,FALSE
115321,TRUE,FALSE,FALSE,FALSE,FALSE
115338,TRUE,FALSE,FALSE,FALSE,FALSE
115339,TRUE,FALSE,FALSE,FALSE,FALSE
115352,FALSE,FALSE,FALSE,FALSE,FALSE
115357,FALSE,FALSE,FALSE,FALSE,FALSE
115363,TRUE,FALSE,FALSE,FALSE,FALSE
115388,TRUE,TRUE,TRUE,TRUE,FALSE
115391,FALSE,FALSE,FALSE,FALSE,FALSE
115395,FALSE,FALSE,FALSE,FALSE,FALSE
115400,TRUE,TRUE,TRUE,TRUE,FALSE
115424,TRUE,FALSE,FALSE,FALSE,FALSE
115432,TRUE,TRUE,TRUE,TRUE,FALSE
115433,TRUE,TRUE,TRUE,TRUE,FALSE
115446,TRUE,TRUE,TRUE,TRUE,FALSE
115453,FALSE,FALSE,FALSE,FALSE,FALSE
115478,TRUE,TRUE,TRUE,TRUE,FALSE
115484,TRUE,FALSE,FALSE,FALSE,FALSE
115486,TRUE,TRUE,TRUE,FALSE,FALSE
115509,FALSE,FALSE,FALSE,FALSE,FALSE
115538,TRUE,TRUE,TRUE,TRUE,FALSE
115545,TRUE,TRUE,TRUE,TRUE,FALSE
115565,TRUE,TRUE,TRUE,FALSE,FALSE
115573,TRUE,TRUE,TRUE,TRUE,FALSE
115579,TRUE,TRUE,TRUE,TRUE,FALSE
115591,FALSE,FALSE,FALSE,FALSE,FALSE
115611,FALSE,FALSE,FALSE,FALSE,FALSE
115636,FALSE,FALSE,FALSE,FALSE,FALSE
115646,TRUE,TRUE,TRUE,TRUE,FALSE
115656,FALSE,FALSE,FALSE,FALSE,FALSE
115680,TRUE,FALSE,FALSE,FALSE,FALSE
115690,FALSE,FALSE,FALSE,FALSE,FALSE
115698,TRUE,TRUE,TRUE,TRUE,FALSE
115699,TRUE,FALSE,FALSE,FALSE,FALSE
115715,FALSE,FALSE,FALSE,FALSE,FALSE
115729,TRUE,TRUE,TRUE,FALSE,FALSE
115735,TRUE,TRUE,TRUE,FALSE,FALSE
115737,TRUE,TRUE,TRUE,FALSE,FALSE
115739,FALSE,FALSE,FALSE,FALSE,FALSE
115757,TRUE,TRUE,TRUE,TRUE,FALSE
115771,FALSE,FALSE,FALSE,FALSE,FALSE
115809,TRUE,FALSE,FALSE,FALSE,FALSE
115815,TRUE,TRUE,TRUE,TRUE,FALSE
115839,TRUE,FALSE,FALSE,FALSE,FALSE
115840,FALSE,FALSE,FALSE,FALSE,FALSE
115866,FALSE,FALSE,FALSE,FALSE,FALSE
115879,TRUE,TRUE,TRUE,TRUE,FALSE
115926,TRUE,TRUE,TRUE,FALSE,FALSE
115960,TRUE,TRUE,TRUE,TRUE,FALSE
115975,TRUE,FALSE,FALSE,FALSE,FALSE
115982,FALSE,FALSE,FALSE,FALSE,FALSE
116001,TRUE,TRUE,TRUE,TRUE,FALSE
116018,TRUE,TRUE,TRUE,TRUE,FALSE
116044,TRUE,FALSE,FALSE,FALSE,FALSE
116064,TRUE,FALSE,FALSE,FALSE,FALSE
116087,TRUE,TRUE,TRUE,TRUE,FALSE
116156,TRUE,TRUE,TRUE,FALSE,FALSE
116163,TRUE,FALSE,FALSE,FALSE,FALSE
116172,FALSE,FALSE,FALSE,FALSE,FALSE
116194,TRUE,TRUE,TRUE,TRUE,FALSE
116200,TRUE,TRUE,TRUE,TRUE,FALSE
116205,TRUE,TRUE,TRUE,TRUE,FALSE
116214,TRUE,FALSE,FALSE,FALSE,FALSE
116234,TRUE,TRUE,TRUE,TRUE,FALSE
116248,TRUE,FALSE,FALSE,FALSE,FALSE
116253,TRUE,TRUE,FALSE,FALSE,FALSE
116263,TRUE,TRUE,TRUE,TRUE,FALSE
116284,TRUE,TRUE,TRUE,FALSE,FALSE
116291,TRUE,TRUE,TRUE,TRUE,FALSE
116294,TRUE,FALSE,FALSE,FALSE,FALSE
116308,FALSE,FALSE,FALSE,FALSE,FALSE
116330,TRUE,FALSE,FALSE,FALSE,FALSE
116357,FALSE,FALSE,FALSE,FALSE,FALSE
116365,FALSE,FALSE,FALSE,FALSE,FALSE
116371,TRUE,TRUE,TRUE,TRUE,FALSE
116377,TRUE,TRUE,TRUE,TRUE,FALSE
116395,TRUE,TRUE,TRUE,FALSE,FALSE
116399,TRUE,FALSE,FALSE,FALSE,FALSE
116455,TRUE,FALSE,FALSE,FALSE,FALSE
116456,FALSE,FALSE,FALSE,FALSE,FALSE
116474,TRUE,FALSE,FALSE,FALSE,FALSE
116481,TRUE,TRUE,TRUE,TRUE,FALSE
116499,TRUE,TRUE,TRUE,TRUE,FALSE
116511,TRUE,FALSE,FALSE,FALSE,FALSE
116512,FALSE,FALSE,FALSE,FALSE,FALSE
116560,FALSE,FALSE,FALSE,FALSE,FALSE
116565,FALSE,FALSE,FALSE,FALSE,FALSE
116586,FALSE,FALSE,FALSE,FALSE,FALSE
116603,FALSE,FALSE,FALSE,FALSE,FALSE
116617,TRUE,TRUE,TRUE,TRUE,FALSE
116624,FALSE,FALSE,FALSE,FALSE,FALSE
116630,FALSE,FALSE,FALSE,FALSE,FALSE
116697,TRUE,FALSE,FALSE,FALSE,FALSE
116700,TRUE,FALSE,FALSE,FALSE,FALSE
116780,TRUE,TRUE,TRUE,TRUE,FALSE
116801,TRUE,FALSE,FALSE,FALSE,FALSE
116808,FALSE,FALSE,FALSE,FALSE,FALSE
116810,TRUE,FALSE,FALSE,FALSE,FALSE
116817,FALSE,FALSE,FALSE,FALSE,FALSE
116868,TRUE,TRUE,TRUE,TRUE,FALSE
116878,TRUE,FALSE,FALSE,FALSE,FALSE
116932,TRUE,TRUE,TRUE,TRUE,FALSE
116959,FALSE,FALSE,FALSE,FALSE,FALSE
116965,FALSE,FALSE,FALSE,FALSE,FALSE
116978,TRUE,TRUE,TRUE,TRUE,FALSE
116989,TRUE,TRUE,TRUE,FALSE,FALSE
116992,TRUE,FALSE,FALSE,FALSE,FALSE
117011,FALSE,FALSE,FALSE,FALSE,FALSE
117022,TRUE,FALSE,FALSE,FALSE,FALSE
117062,TRUE,TRUE,FALSE,FALSE,FALSE
117064,TRUE,TRUE,TRUE,TRUE,FALSE
117068,TRUE,TRUE,TRUE,FALSE,FALSE
117100,FALSE,FALSE,FALSE,FALSE,FALSE
117108,TRUE,FALSE,FALSE,FALSE,FALSE
117126,TRUE,TRUE,TRUE,FALSE,FALSE
117131,FALSE,FALSE,FALSE,FALSE,FALSE
117133,TRUE,TRUE,TRUE,TRUE,FALSE
117140,TRUE,TRUE,TRUE,TRUE,FALSE
117149,FALSE,FALSE,FALSE,FALSE,FALSE
117150,TRUE,FALSE,FALSE,FALSE,FALSE
117152,TRUE,TRUE,TRUE,TRUE,FALSE
117161,TRUE,TRUE,TRUE,TRUE,FALSE
117181,TRUE,FALSE,FALSE,FALSE,FALSE
117182,FALSE,FALSE,FALSE,FALSE,FALSE
117193,TRUE,FALSE,FALSE,FALSE,FALSE
117210,TRUE,FALSE,FALSE,FALSE,FALSE
117217,FALSE,FALSE,FALSE,FALSE,FALSE
117254,FALSE,FALSE,FALSE,FALSE,FALSE
117270,TRUE,TRUE,TRUE,TRUE,FALSE
117318,FALSE,FALSE,FALSE,FALSE,FALSE
117332,TRUE,TRUE,TRUE,TRUE,FALSE
117337,TRUE,TRUE,TRUE,TRUE,FALSE
117366,TRUE,TRUE,FALSE,FALSE,FALSE
117384,TRUE,FALSE,FALSE,FALSE,FALSE
117409,TRUE,TRUE,TRUE,TRUE,FALSE
117459,FALSE,FALSE,FALSE,FALSE,FALSE
117489,TRUE,TRUE,TRUE,TRUE,FALSE
117510,TRUE,FALSE,FALSE,FALSE,FALSE
117513,FALSE,FALSE,FALSE,FALSE,FALSE
117514,TRUE,TRUE,TRUE,TRUE,FALSE
117523,FALSE,FALSE,FALSE,FALSE,FALSE
117526,TRUE,TRUE,TRUE,FALSE,FALSE
117601,TRUE,TRUE,TRUE,TRUE,FALSE
117605,TRUE,TRUE,TRUE,FALSE,FALSE
117606,TRUE,TRUE,TRUE,FALSE,FALSE
117637,TRUE,TRUE,TRUE,FALSE,FALSE
117645,TRUE,TRUE,TRUE,TRUE,FALSE
117675,TRUE,TRUE,TRUE,FALSE,FALSE
117744,FALSE,FALSE,FALSE,FALSE,FALSE
117758,TRUE,TRUE,TRUE,TRUE,FALSE
117762,TRUE,TRUE,TRUE,TRUE,FALSE
117789,FALSE,FALSE,FALSE,FALSE,FALSE
117796,TRUE,TRUE,TRUE,TRUE,FALSE
117825,TRUE,TRUE,TRUE,FALSE,FALSE
117831,FALSE,FALSE,FALSE,FALSE,FALSE
117857,TRUE,TRUE,TRUE,FALSE,FALSE
117861,TRUE,FALSE,FALSE,FALSE,FALSE
117875,TRUE,TRUE,TRUE,FALSE,FALSE
117885,TRUE,TRUE,TRUE,TRUE,FALSE
117912,TRUE,FALSE,FALSE,FALSE,FALSE
117937,TRUE,TRUE,TRUE,FALSE,FALSE
117967,TRUE,TRUE,TRUE,TRUE,FALSE
117978,TRUE,FALSE,FALSE,FALSE,FALSE
117984,TRUE,TRUE,TRUE,TRUE,FALSE
117997,TRUE,FALSE,FALSE,FALSE,FALSE
118067,TRUE,TRUE,TRUE,TRUE,FALSE
118073,FALSE,FALSE,FALSE,FALSE,FALSE
118086,FALSE,FALSE,FALSE,FALSE,FALSE
118103,FALSE,FALSE,FALSE,FALSE,FALSE
118125,FALSE,FALSE,FALSE,FALSE,FALSE
118136,TRUE,TRUE,TRUE,TRUE,FALSE
118140,TRUE,FALSE,FALSE,FALSE,FALSE
118177,TRUE,TRUE,TRUE,TRUE,FALSE
118179,TRUE,TRUE,TRUE,TRUE,FALSE
118184,TRUE,FALSE,FALSE,FALSE,FALSE
118185,TRUE,TRUE,TRUE,TRUE,FALSE
118192,FALSE,FALSE,FALSE,FALSE,FALSE
110876,TRUE,TRUE,TRUE,TRUE,TRUE
110877,TRUE,TRUE,TRUE,TRUE,TRUE
110878,TRUE,TRUE,TRUE,TRUE,TRUE
110880,TRUE,TRUE,TRUE,TRUE,TRUE
110881,TRUE,TRUE,TRUE,FALSE,TRUE
110882,FALSE,FALSE,FALSE,FALSE,TRUE
110883,TRUE,TRUE,TRUE,FALSE,TRUE
110890,TRUE,TRUE,TRUE,FALSE,FALSE
110892,FALSE,FALSE,FALSE,FALSE,TRUE
110895,FALSE,FALSE,FALSE,FALSE,TRUE
110896,TRUE,TRUE,TRUE,TRUE,TRUE
110899,TRUE,TRUE,TRUE,FALSE,TRUE
110901,FALSE,FALSE,FALSE,FALSE,TRUE
110902,TRUE,FALSE,FALSE,FALSE,TRUE
110904,TRUE,TRUE,TRUE,FALSE,FALSE
110905,TRUE,TRUE,FALSE,FALSE,TRUE
110906,TRUE,TRUE,TRUE,FALSE,TRUE
110908,FALSE,FALSE,FALSE,FALSE,TRUE
110909,FALSE,FALSE,FALSE,FALSE,TRUE
110910,TRUE,TRUE,TRUE,TRUE,TRUE
110916,TRUE,TRUE,TRUE,TRUE,TRUE
110917,TRUE,TRUE,TRUE,FALSE,TRUE
110919,FALSE,FALSE,FALSE,FALSE,TRUE
110920,TRUE,TRUE,TRUE,TRUE,TRUE
110921,TRUE,TRUE,TRUE,FALSE,TRUE
110923,TRUE,TRUE,TRUE,TRUE,TRUE
110924,TRUE,TRUE,TRUE,TRUE,TRUE
110925,TRUE,TRUE,TRUE,TRUE,TRUE
110927,TRUE,TRUE,TRUE,TRUE,TRUE
110928,TRUE,TRUE,FALSE,FALSE,TRUE
110930,FALSE,FALSE,FALSE,FALSE,TRUE
110931,TRUE,TRUE,TRUE,TRUE,TRUE
110934,FALSE,FALSE,FALSE,FALSE,TRUE
110936,TRUE,TRUE,TRUE,FALSE,TRUE
110938,FALSE,FALSE,FALSE,FALSE,TRUE
110939,TRUE,TRUE,TRUE,FALSE,TRUE
110940,TRUE,FALSE,FALSE,FALSE,TRUE
110941,FALSE,FALSE,FALSE,FALSE,TRUE
110942,FALSE,FALSE,FALSE,FALSE,TRUE
110945,TRUE,TRUE,TRUE,TRUE,FALSE
110948,TRUE,TRUE,TRUE,FALSE,TRUE
110951,TRUE,TRUE,TRUE,TRUE,TRUE
110952,TRUE,TRUE,TRUE,TRUE,FALSE
110956,TRUE,TRUE,TRUE,TRUE,TRUE
110957,TRUE,TRUE,TRUE,TRUE,TRUE
110960,TRUE,TRUE,TRUE,FALSE,TRUE
110962,TRUE,TRUE,TRUE,TRUE,TRUE
110963,TRUE,TRUE,TRUE,TRUE,TRUE
110966,TRUE,TRUE,TRUE,TRUE,TRUE
110968,TRUE,FALSE,FALSE,FALSE,TRUE
110969,TRUE,FALSE,FALSE,FALSE,TRUE
110971,TRUE,FALSE,FALSE,FALSE,TRUE
110972,TRUE,TRUE,TRUE,TRUE,TRUE
110973,TRUE,TRUE,TRUE,TRUE,TRUE
110974,TRUE,TRUE,TRUE,FALSE,FALSE
110977,FALSE,FALSE,FALSE,FALSE,TRUE
110978,TRUE,TRUE,TRUE,TRUE,TRUE
110979,TRUE,TRUE,TRUE,FALSE,FALSE
110981,FALSE,FALSE,FALSE,FALSE,TRUE
110983,TRUE,TRUE,TRUE,TRUE,TRUE
110985,FALSE,FALSE,FALSE,FALSE,TRUE
110986,TRUE,TRUE,TRUE,FALSE,FALSE
110987,TRUE,TRUE,TRUE,TRUE,TRUE
110989,TRUE,TRUE,TRUE,FALSE,TRUE
110991,TRUE,TRUE,TRUE,TRUE,TRUE
110992,TRUE,FALSE,FALSE,FALSE,TRUE
110993,TRUE,TRUE,TRUE,TRUE,TRUE
110995,TRUE,TRUE,TRUE,TRUE,TRUE
110996,FALSE,FALSE,FALSE,FALSE,TRUE
110998,FALSE,FALSE,FALSE,FALSE,TRUE
110999,TRUE,TRUE,TRUE,TRUE,TRUE
111000,TRUE,TRUE,TRUE,FALSE,TRUE
111002,TRUE,TRUE,TRUE,TRUE,TRUE
111003,FALSE,FALSE,FALSE,FALSE,TRUE
111004,TRUE,TRUE,TRUE,TRUE,TRUE
111005,TRUE,TRUE,TRUE,FALSE,TRUE
111006,TRUE,TRUE,TRUE,TRUE,TRUE
111007,TRUE,TRUE,TRUE,FALSE,TRUE
111008,TRUE,FALSE,FALSE,FALSE,TRUE
111009,TRUE,TRUE,TRUE,TRUE,FALSE
111016,TRUE,TRUE,TRUE,FALSE,TRUE
111017,TRUE,TRUE,TRUE,FALSE,TRUE
111019,TRUE,TRUE,TRUE,TRUE,TRUE
111020,FALSE,FALSE,FALSE,FALSE,TRUE
111021,FALSE,FALSE,FALSE,FALSE,TRUE
111022,TRUE,TRUE,TRUE,TRUE,TRUE
111023,TRUE,FALSE,FALSE,FALSE,TRUE
111024,TRUE,TRUE,TRUE,TRUE,TRUE
111025,TRUE,TRUE,TRUE,TRUE,TRUE
111026,TRUE,TRUE,TRUE,FALSE,TRUE
111027,TRUE,TRUE,TRUE,TRUE,TRUE
111029,TRUE,FALSE,FALSE,FALSE,TRUE
111030,TRUE,FALSE,FALSE,FALSE,TRUE
111031,TRUE,TRUE,TRUE,FALSE,TRUE
111033,TRUE,TRUE,TRUE,TRUE,TRUE
111034,TRUE,TRUE,TRUE,TRUE,TRUE
111035,FALSE,FALSE,FALSE,FALSE,TRUE
111036,FALSE,FALSE,FALSE,FALSE,TRUE
111039,TRUE,TRUE,TRUE,TRUE,TRUE
111042,TRUE,TRUE,TRUE,FALSE,TRUE
111043,TRUE,TRUE,TRUE,TRUE,TRUE
111045,FALSE,FALSE,FALSE,FALSE,TRUE
111046,TRUE,TRUE,TRUE,TRUE,TRUE
111047,TRUE,TRUE,TRUE,TRUE,TRUE
111048,TRUE,TRUE,TRUE,FALSE,TRUE
111049,FALSE,FALSE,FALSE,FALSE,TRUE
111052,TRUE,TRUE,TRUE,TRUE,TRUE
111053,FALSE,FALSE,FALSE,FALSE,TRUE
111055,FALSE,FALSE,FALSE,FALSE,FALSE
111056,TRUE,TRUE,TRUE,FALSE,TRUE
111057,TRUE,TRUE,TRUE,TRUE,TRUE
111058,FALSE,FALSE,FALSE,FALSE,TRUE
111060,FALSE,FALSE,FALSE,FALSE,TRUE
111061,FALSE,FALSE,FALSE,FALSE,TRUE
111062,TRUE,TRUE,TRUE,TRUE,TRUE
111063,TRUE,TRUE,TRUE,TRUE,TRUE
111065,TRUE,TRUE,TRUE,TRUE,TRUE
111066,FALSE,FALSE,FALSE,FALSE,FALSE
111067,TRUE,TRUE,TRUE,TRUE,TRUE
111068,TRUE,FALSE,FALSE,FALSE,TRUE
111069,TRUE,TRUE,TRUE,TRUE,TRUE
111070,TRUE,FALSE,FALSE,FALSE,TRUE
111071,TRUE,TRUE,TRUE,FALSE,FALSE
111072,FALSE,FALSE,FALSE,FALSE,TRUE
111073,TRUE,TRUE,TRUE,TRUE,TRUE
111074,TRUE,TRUE,TRUE,TRUE,TRUE
111075,TRUE,TRUE,TRUE,TRUE,TRUE
111076,TRUE,TRUE,TRUE,TRUE,TRUE
111077,TRUE,FALSE,FALSE,FALSE,TRUE
111078,FALSE,FALSE,FALSE,FALSE,TRUE
111080,TRUE,TRUE,TRUE,TRUE,TRUE
111081,FALSE,FALSE,FALSE,FALSE,FALSE
111084,FALSE,FALSE,FALSE,FALSE,TRUE
111086,TRUE,TRUE,TRUE,FALSE,TRUE
111087,TRUE,TRUE,TRUE,TRUE,TRUE
111089,TRUE,TRUE,TRUE,FALSE,TRUE
111090,TRUE,TRUE,TRUE,TRUE,TRUE
111091,FALSE,FALSE,FALSE,FALSE,TRUE
111092,TRUE,TRUE,TRUE,TRUE,TRUE
111093,TRUE,TRUE,TRUE,TRUE,TRUE
111094,FALSE,FALSE,FALSE,FALSE,FALSE
111095,TRUE,TRUE,TRUE,TRUE,TRUE
111096,TRUE,TRUE,TRUE,FALSE,TRUE
111098,TRUE,TRUE,TRUE,TRUE,TRUE
111100,FALSE,FALSE,FALSE,FALSE,FALSE
111102,TRUE,TRUE,TRUE,TRUE,TRUE
111103,TRUE,TRUE,TRUE,TRUE,TRUE
111105,FALSE,FALSE,FALSE,FALSE,TRUE
111106,FALSE,FALSE,FALSE,FALSE,TRUE
111107,TRUE,FALSE,FALSE,FALSE,TRUE
111109,TRUE,TRUE,TRUE,TRUE,TRUE
111111,TRUE,TRUE,TRUE,FALSE,FALSE
111112,FALSE,FALSE,FALSE,FALSE,TRUE
111114,TRUE,TRUE,TRUE,FALSE,TRUE
111115,TRUE,TRUE,TRUE,TRUE,TRUE
111119,TRUE,FALSE,FALSE,FALSE,TRUE
111120,TRUE,TRUE,TRUE,TRUE,TRUE
111122,TRUE,FALSE,FALSE,FALSE,TRUE
111123,FALSE,FALSE,FALSE,FALSE,TRUE
111124,TRUE,TRUE,TRUE,FALSE,TRUE
111125,FALSE,FALSE,FALSE,FALSE,TRUE
111126,FALSE,FALSE,FALSE,FALSE,TRUE
111128,TRUE,TRUE,TRUE,TRUE,TRUE
111129,TRUE,FALSE,FALSE,FALSE,TRUE
111130,TRUE,TRUE,TRUE,TRUE,TRUE
111132,FALSE,FALSE,FALSE,FALSE,TRUE
111134,TRUE,TRUE,TRUE,TRUE,TRUE
111135,FALSE,FALSE,FALSE,FALSE,TRUE
111136,TRUE,TRUE,TRUE,TRUE,TRUE
111137,TRUE,TRUE,TRUE,TRUE,TRUE
111138,TRUE,TRUE,TRUE,FALSE,FALSE
111139,TRUE,TRUE,TRUE,TRUE,TRUE
111141,TRUE,TRUE,TRUE,FALSE,TRUE
111142,FALSE,FALSE,FALSE,FALSE,TRUE
111144,TRUE,TRUE,FALSE,FALSE,TRUE
111145,FALSE,FALSE,FALSE,FALSE,TRUE
111148,TRUE,FALSE,FALSE,FALSE,TRUE
111149,FALSE,FALSE,FALSE,FALSE,TRUE
111151,TRUE,TRUE,TRUE,FALSE,TRUE
111152,FALSE,FALSE,FALSE,FALSE,TRUE
111154,FALSE,FALSE,FALSE,FALSE,TRUE
111156,TRUE,TRUE,TRUE,TRUE,TRUE
111157,TRUE,TRUE,TRUE,TRUE,TRUE
111158,TRUE,TRUE,TRUE,TRUE,TRUE
111159,TRUE,TRUE,TRUE,FALSE,FALSE
111161,FALSE,FALSE,FALSE,FALSE,TRUE
111162,TRUE,TRUE,TRUE,FALSE,TRUE
111167,TRUE,TRUE,TRUE,TRUE,TRUE
111168,TRUE,TRUE,TRUE,TRUE,TRUE
111170,TRUE,TRUE,TRUE,TRUE,TRUE
111174,TRUE,TRUE,TRUE,TRUE,FALSE
111175,TRUE,TRUE,FALSE,FALSE,TRUE
111176,FALSE,FALSE,FALSE,FALSE,TRUE
111177,FALSE,FALSE,FALSE,FALSE,TRUE
111179,FALSE,FALSE,FALSE,FALSE,TRUE
111181,TRUE,TRUE,TRUE,FALSE,TRUE
111183,TRUE,TRUE,TRUE,TRUE,TRUE
111186,FALSE,FALSE,FALSE,FALSE,TRUE
111187,TRUE,FALSE,FALSE,FALSE,TRUE
111188,FALSE,FALSE,FALSE,FALSE,TRUE
111190,FALSE,FALSE,FALSE,FALSE,TRUE
111193,FALSE,FALSE,FALSE,FALSE,TRUE
111195,TRUE,TRUE,TRUE,FALSE,TRUE
111196,TRUE,TRUE,FALSE,FALSE,TRUE
111199,TRUE,TRUE,TRUE,FALSE,TRUE
111201,TRUE,TRUE,TRUE,TRUE,TRUE
111204,FALSE,FALSE,FALSE,FALSE,TRUE
111205,TRUE,TRUE,TRUE,TRUE,TRUE
111206,FALSE,FALSE,FALSE,FALSE,TRUE
111207,TRUE,TRUE,TRUE,TRUE,TRUE
111208,TRUE,TRUE,TRUE,FALSE,TRUE
111209,TRUE,TRUE,TRUE,FALSE,TRUE
111210,FALSE,FALSE,FALSE,FALSE,TRUE
111213,TRUE,TRUE,TRUE,TRUE,TRUE
111214,TRUE,TRUE,TRUE,FALSE,TRUE
111215,FALSE,FALSE,FALSE,FALSE,TRUE
111216,FALSE,FALSE,FALSE,FALSE,TRUE
111217,TRUE,TRUE,TRUE,TRUE,TRUE
111221,TRUE,TRUE,TRUE,TRUE,TRUE
111223,TRUE,TRUE,TRUE,FALSE,TRUE
111225,TRUE,TRUE,TRUE,TRUE,TRUE
111226,FALSE,FALSE,FALSE,FALSE,TRUE
111228,TRUE,TRUE,TRUE,TRUE,TRUE
111229,TRUE,TRUE,TRUE,FALSE,TRUE
111233,FALSE,FALSE,FALSE,FALSE,TRUE
111234,TRUE,TRUE,TRUE,FALSE,TRUE
111235,TRUE,TRUE,TRUE,FALSE,TRUE
111236,TRUE,FALSE,FALSE,FALSE,TRUE
111237,TRUE,TRUE,TRUE,TRUE,TRUE
111238,FALSE,FALSE,FALSE,FALSE,TRUE
111239,FALSE,FALSE,FALSE,FALSE,TRUE
111240,TRUE,TRUE,TRUE,TRUE,TRUE
111241,TRUE,TRUE,TRUE,TRUE,TRUE
111242,FALSE,FALSE,FALSE,FALSE,TRUE
111243,TRUE,TRUE,TRUE,TRUE,TRUE
111244,TRUE,TRUE,TRUE,FALSE,FALSE
111246,TRUE,TRUE,TRUE,TRUE,TRUE
111247,TRUE,TRUE,TRUE,TRUE,FALSE
111249,FALSE,FALSE,FALSE,FALSE,TRUE
111251,TRUE,TRUE,TRUE,FALSE,TRUE
111253,FALSE,FALSE,FALSE,FALSE,TRUE
111254,FALSE,FALSE,FALSE,FALSE,TRUE
111255,FALSE,FALSE,FALSE,FALSE,TRUE
111256,FALSE,FALSE,FALSE,FALSE,TRUE
111259,TRUE,TRUE,TRUE,TRUE,FALSE
111260,TRUE,TRUE,TRUE,TRUE,FALSE
111261,TRUE,TRUE,TRUE,TRUE,TRUE
111262,TRUE,TRUE,TRUE,FALSE,TRUE
111263,FALSE,FALSE,FALSE,FALSE,TRUE
111266,TRUE,TRUE,TRUE,TRUE,TRUE
111267,TRUE,TRUE,TRUE,TRUE,TRUE
111268,TRUE,TRUE,TRUE,TRUE,TRUE
111269,TRUE,TRUE,TRUE,TRUE,TRUE
111270,TRUE,TRUE,TRUE,FALSE,TRUE
111272,TRUE,TRUE,TRUE,FALSE,TRUE
111273,TRUE,TRUE,TRUE,TRUE,TRUE
111275,TRUE,TRUE,TRUE,TRUE,TRUE
111277,TRUE,TRUE,TRUE,FALSE,TRUE
111278,TRUE,TRUE,TRUE,TRUE,TRUE
111279,FALSE,FALSE,FALSE,FALSE,TRUE
111280,TRUE,TRUE,TRUE,TRUE,TRUE
111283,TRUE,TRUE,TRUE,TRUE,TRUE
111284,TRUE,FALSE,FALSE,FALSE,TRUE
111286,TRUE,TRUE,TRUE,TRUE,TRUE
111288,TRUE,TRUE,TRUE,TRUE,TRUE
111289,TRUE,TRUE,TRUE,TRUE,TRUE
111291,TRUE,FALSE,FALSE,FALSE,TRUE
111293,TRUE,FALSE,FALSE,FALSE,TRUE
111294,TRUE,TRUE,TRUE,FALSE,TRUE
111296,TRUE,FALSE,FALSE,FALSE,TRUE
111297,FALSE,FALSE,FALSE,FALSE,TRUE
111298,TRUE,FALSE,FALSE,FALSE,TRUE
111299,TRUE,TRUE,TRUE,TRUE,TRUE
111302,TRUE,TRUE,TRUE,TRUE,TRUE
111303,TRUE,TRUE,TRUE,TRUE,FALSE
111304,TRUE,FALSE,FALSE,FALSE,TRUE
111305,TRUE,FALSE,FALSE,FALSE,FALSE
111306,TRUE,TRUE,TRUE,TRUE,TRUE
111308,TRUE,TRUE,TRUE,TRUE,TRUE
111310,TRUE,TRUE,TRUE,TRUE,TRUE
111311,TRUE,TRUE,TRUE,FALSE,TRUE
111312,TRUE,TRUE,TRUE,FALSE,TRUE
111313,FALSE,FALSE,FALSE,FALSE,TRUE
111314,TRUE,TRUE,TRUE,TRUE,TRUE
111316,TRUE,TRUE,TRUE,FALSE,TRUE
111317,TRUE,TRUE,TRUE,TRUE,TRUE
111318,TRUE,TRUE,TRUE,TRUE,TRUE
111319,TRUE,TRUE,TRUE,TRUE,TRUE
111321,FALSE,FALSE,FALSE,FALSE,TRUE
111323,TRUE,TRUE,TRUE,FALSE,TRUE
111324,TRUE,TRUE,TRUE,TRUE,TRUE
111325,TRUE,TRUE,TRUE,FALSE,TRUE
111326,FALSE,FALSE,FALSE,FALSE,TRUE
111327,TRUE,TRUE,TRUE,TRUE,TRUE
111328,FALSE,FALSE,FALSE,FALSE,TRUE
111330,FALSE,FALSE,FALSE,FALSE,TRUE
111333,TRUE,TRUE,TRUE,TRUE,TRUE
111334,FALSE,FALSE,FALSE,FALSE,TRUE
111335,FALSE,FALSE,FALSE,FALSE,TRUE
111336,TRUE,TRUE,TRUE,TRUE,TRUE
111338,TRUE,TRUE,TRUE,TRUE,TRUE
111339,TRUE,TRUE,TRUE,TRUE,TRUE
111341,FALSE,FALSE,FALSE,FALSE,TRUE
111345,TRUE,TRUE,TRUE,TRUE,TRUE
111347,TRUE,FALSE,FALSE,FALSE,TRUE
111351,FALSE,FALSE,FALSE,FALSE,TRUE
111352,TRUE,FALSE,FALSE,FALSE,TRUE
111353,TRUE,FALSE,FALSE,FALSE,TRUE
111356,TRUE,TRUE,TRUE,TRUE,TRUE
111359,FALSE,FALSE,FALSE,FALSE,TRUE
111363,FALSE,FALSE,FALSE,FALSE,TRUE
111365,TRUE,TRUE,TRUE,TRUE,TRUE
111366,FALSE,FALSE,FALSE,FALSE,TRUE
111367,TRUE,TRUE,TRUE,TRUE,TRUE
111368,FALSE,FALSE,FALSE,FALSE,TRUE
111370,TRUE,TRUE,TRUE,TRUE,TRUE
111374,FALSE,FALSE,FALSE,FALSE,TRUE
111375,FALSE,FALSE,FALSE,FALSE,TRUE
111377,TRUE,TRUE,TRUE,TRUE,TRUE
111378,TRUE,TRUE,TRUE,TRUE,TRUE
111380,FALSE,FALSE,FALSE,FALSE,TRUE
111381,TRUE,TRUE,TRUE,FALSE,TRUE
111382,TRUE,FALSE,FALSE,FALSE,TRUE
111383,TRUE,TRUE,TRUE,FALSE,FALSE
111387,TRUE,TRUE,TRUE,FALSE,TRUE
111388,TRUE,FALSE,FALSE,FALSE,TRUE
111390,TRUE,TRUE,TRUE,TRUE,TRUE
111391,TRUE,FALSE,FALSE,FALSE,TRUE
111392,FALSE,FALSE,FALSE,FALSE,TRUE
111393,TRUE,TRUE,TRUE,FALSE,TRUE
111395,TRUE,TRUE,TRUE,TRUE,TRUE
111397,TRUE,TRUE,TRUE,TRUE,TRUE
111398,TRUE,TRUE,FALSE,FALSE,TRUE
111399,TRUE,TRUE,TRUE,TRUE,TRUE
111401,FALSE,FALSE,FALSE,FALSE,TRUE
111403,TRUE,TRUE,TRUE,TRUE,TRUE
111405,TRUE,TRUE,TRUE,TRUE,TRUE
111406,TRUE,TRUE,TRUE,FALSE,TRUE
111407,TRUE,TRUE,TRUE,FALSE,TRUE
111409,TRUE,FALSE,FALSE,FALSE,TRUE
111411,TRUE,TRUE,TRUE,TRUE,TRUE
111412,TRUE,TRUE,TRUE,FALSE,TRUE
111414,TRUE,TRUE,TRUE,TRUE,TRUE
111415,TRUE,TRUE,TRUE,TRUE,TRUE
111416,TRUE,TRUE,TRUE,TRUE,TRUE
111419,TRUE,FALSE,FALSE,FALSE,TRUE
111420,FALSE,FALSE,FALSE,FALSE,TRUE
111421,TRUE,TRUE,TRUE,FALSE,TRUE
111423,TRUE,TRUE,TRUE,TRUE,TRUE
111429,FALSE,FALSE,FALSE,FALSE,TRUE
111431,FALSE,FALSE,FALSE,FALSE,TRUE
111432,TRUE,TRUE,TRUE,TRUE,TRUE
111436,TRUE,TRUE,TRUE,TRUE,TRUE
111439,FALSE,FALSE,FALSE,FALSE,TRUE
111440,TRUE,TRUE,TRUE,TRUE,TRUE
111442,FALSE,FALSE,FALSE,FALSE,TRUE
111443,FALSE,FALSE,FALSE,FALSE,TRUE
111444,FALSE,FALSE,FALSE,FALSE,TRUE
111446,TRUE,TRUE,TRUE,TRUE,TRUE
111447,TRUE,TRUE,TRUE,TRUE,TRUE
111448,TRUE,TRUE,TRUE,TRUE,TRUE
111449,FALSE,FALSE,FALSE,FALSE,TRUE
111450,TRUE,TRUE,TRUE,FALSE,TRUE
111451,TRUE,TRUE,TRUE,TRUE,TRUE
111452,TRUE,TRUE,TRUE,FALSE,TRUE
111454,TRUE,TRUE,TRUE,TRUE,TRUE
111455,TRUE,FALSE,FALSE,FALSE,FALSE
111456,FALSE,FALSE,FALSE,FALSE,TRUE
111457,TRUE,FALSE,FALSE,FALSE,TRUE
111458,FALSE,FALSE,FALSE,FALSE,TRUE
111460,TRUE,TRUE,TRUE,FALSE,FALSE
111463,TRUE,TRUE,TRUE,TRUE,TRUE
111465,TRUE,TRUE,TRUE,FALSE,TRUE
111466,TRUE,FALSE,FALSE,FALSE,FALSE
111469,FALSE,FALSE,FALSE,FALSE,TRUE
111470,TRUE,TRUE,FALSE,FALSE,TRUE
111471,TRUE,TRUE,TRUE,TRUE,TRUE
111472,TRUE,TRUE,TRUE,TRUE,TRUE
111474,TRUE,TRUE,TRUE,TRUE,TRUE
111475,FALSE,FALSE,FALSE,FALSE,TRUE
111477,TRUE,TRUE,TRUE,TRUE,TRUE
111481,FALSE,FALSE,FALSE,FALSE,TRUE
111483,TRUE,TRUE,TRUE,TRUE,TRUE
111484,FALSE,FALSE,FALSE,FALSE,TRUE
111486,FALSE,FALSE,FALSE,FALSE,FALSE
111488,FALSE,FALSE,FALSE,FALSE,TRUE
111490,TRUE,TRUE,TRUE,TRUE,TRUE
111491,TRUE,TRUE,TRUE,TRUE,TRUE
111494,FALSE,FALSE,FALSE,FALSE,TRUE
111496,FALSE,FALSE,FALSE,FALSE,TRUE
111497,TRUE,FALSE,FALSE,FALSE,FALSE
111498,TRUE,TRUE,TRUE,FALSE,TRUE
111499,FALSE,FALSE,FALSE,FALSE,TRUE
111500,TRUE,TRUE,TRUE,TRUE,TRUE
111503,TRUE,TRUE,TRUE,FALSE,TRUE
111504,TRUE,FALSE,FALSE,FALSE,TRUE
111505,FALSE,FALSE,FALSE,FALSE,TRUE
111507,FALSE,FALSE,FALSE,FALSE,TRUE
111508,TRUE,TRUE,TRUE,TRUE,TRUE
111509,TRUE,FALSE,FALSE,FALSE,FALSE
111511,TRUE,FALSE,FALSE,FALSE,TRUE
111512,TRUE,TRUE,TRUE,FALSE,TRUE
111513,TRUE,TRUE,TRUE,FALSE,TRUE
111514,FALSE,FALSE,FALSE,FALSE,TRUE
111515,TRUE,TRUE,TRUE,TRUE,TRUE
111516,FALSE,FALSE,FALSE,FALSE,TRUE
111517,TRUE,TRUE,TRUE,TRUE,TRUE
111519,TRUE,FALSE,FALSE,FALSE,TRUE
111521,TRUE,FALSE,FALSE,FALSE,TRUE
111523,TRUE,TRUE,TRUE,TRUE,TRUE
111525,FALSE,FALSE,FALSE,FALSE,TRUE
111527,TRUE,TRUE,TRUE,TRUE,TRUE
111529,TRUE,TRUE,TRUE,TRUE,TRUE
111533,TRUE,TRUE,TRUE,FALSE,TRUE
111538,TRUE,FALSE,FALSE,FALSE,TRUE
111540,FALSE,FALSE,FALSE,FALSE,TRUE
111541,TRUE,TRUE,TRUE,TRUE,TRUE
111542,TRUE,TRUE,TRUE,FALSE,TRUE
111546,TRUE,TRUE,TRUE,TRUE,TRUE
111548,TRUE,TRUE,TRUE,TRUE,TRUE
111549,TRUE,TRUE,TRUE,TRUE,TRUE
111552,TRUE,FALSE,FALSE,FALSE,TRUE
111553,TRUE,TRUE,TRUE,FALSE,TRUE
111554,TRUE,TRUE,TRUE,TRUE,TRUE
111555,TRUE,TRUE,TRUE,TRUE,TRUE
111558,TRUE,TRUE,TRUE,TRUE,TRUE
111559,TRUE,FALSE,FALSE,FALSE,TRUE
111560,TRUE,TRUE,TRUE,FALSE,TRUE
111564,TRUE,TRUE,TRUE,TRUE,TRUE
111566,TRUE,TRUE,TRUE,FALSE,TRUE
111570,TRUE,TRUE,TRUE,TRUE,FALSE
111571,TRUE,TRUE,TRUE,FALSE,TRUE
111572,FALSE,FALSE,FALSE,FALSE,TRUE
111573,TRUE,TRUE,TRUE,TRUE,TRUE
111574,TRUE,TRUE,TRUE,TRUE,TRUE
111575,TRUE,TRUE,TRUE,TRUE,FALSE
111576,TRUE,TRUE,TRUE,TRUE,TRUE
111577,TRUE,TRUE,TRUE,FALSE,TRUE
111578,TRUE,TRUE,TRUE,TRUE,TRUE
111580,FALSE,FALSE,FALSE,FALSE,TRUE
111582,TRUE,TRUE,TRUE,FALSE,TRUE
111584,TRUE,TRUE,TRUE,TRUE,TRUE
111585,FALSE,FALSE,FALSE,FALSE,TRUE
111586,TRUE,TRUE,TRUE,TRUE,TRUE
111587,TRUE,TRUE,TRUE,TRUE,TRUE
111588,TRUE,TRUE,FALSE,FALSE,TRUE
111589,TRUE,TRUE,TRUE,TRUE,TRUE
111590,TRUE,TRUE,TRUE,FALSE,TRUE
111591,TRUE,TRUE,TRUE,TRUE,TRUE
111592,TRUE,TRUE,TRUE,TRUE,TRUE
111593,TRUE,TRUE,TRUE,TRUE,TRUE
111594,FALSE,FALSE,FALSE,FALSE,TRUE
111596,TRUE,TRUE,TRUE,FALSE,TRUE
111597,TRUE,TRUE,TRUE,TRUE,TRUE
111598,TRUE,TRUE,TRUE,TRUE,TRUE
111600,TRUE,TRUE,TRUE,TRUE,TRUE
111601,TRUE,FALSE,FALSE,FALSE,TRUE
111602,FALSE,FALSE,FALSE,FALSE,TRUE
111610,TRUE,TRUE,TRUE,FALSE,TRUE
111611,TRUE,TRUE,TRUE,FALSE,TRUE
111613,TRUE,TRUE,TRUE,FALSE,TRUE
111616,TRUE,TRUE,TRUE,FALSE,TRUE
111618,FALSE,FALSE,FALSE,FALSE,TRUE
111621,TRUE,TRUE,TRUE,TRUE,TRUE
111622,TRUE,TRUE,TRUE,TRUE,TRUE
111623,TRUE,FALSE,FALSE,FALSE,TRUE
111624,TRUE,TRUE,FALSE,FALSE,TRUE
111625,TRUE,TRUE,TRUE,TRUE,TRUE
111626,TRUE,FALSE,FALSE,FALSE,TRUE
111629,TRUE,TRUE,TRUE,FALSE,TRUE
111630,TRUE,TRUE,TRUE,TRUE,TRUE
111631,FALSE,FALSE,FALSE,FALSE,TRUE
111632,TRUE,TRUE,TRUE,TRUE,TRUE
111633,TRUE,FALSE,FALSE,FALSE,FALSE
111634,TRUE,TRUE,TRUE,TRUE,TRUE
111635,TRUE,TRUE,TRUE,TRUE,TRUE
111636,FALSE,FALSE,FALSE,FALSE,TRUE
111638,FALSE,FALSE,FALSE,FALSE,TRUE
111639,TRUE,TRUE,TRUE,TRUE,TRUE
111640,TRUE,TRUE,TRUE,FALSE,TRUE
111642,TRUE,TRUE,TRUE,TRUE,TRUE
111644,TRUE,FALSE,FALSE,FALSE,TRUE
111645,TRUE,TRUE,TRUE,TRUE,TRUE
111647,FALSE,FALSE,FALSE,FALSE,TRUE
111648,TRUE,TRUE,TRUE,FALSE,TRUE
111652,TRUE,TRUE,TRUE,TRUE,TRUE
111653,TRUE,TRUE,TRUE,TRUE,TRUE
111655,FALSE,FALSE,FALSE,FALSE,TRUE
111656,TRUE,TRUE,TRUE,TRUE,TRUE
111657,FALSE,FALSE,FALSE,FALSE,TRUE
111658,TRUE,TRUE,TRUE,TRUE,TRUE
111659,FALSE,FALSE,FALSE,FALSE,TRUE
111660,TRUE,TRUE,TRUE,TRUE,TRUE
111663,TRUE,TRUE,TRUE,FALSE,TRUE
111664,TRUE,TRUE,TRUE,TRUE,TRUE
111666,FALSE,FALSE,FALSE,FALSE,TRUE
111668,TRUE,TRUE,TRUE,TRUE,TRUE
111670,TRUE,FALSE,FALSE,FALSE,TRUE
111671,TRUE,TRUE,TRUE,FALSE,TRUE
111672,FALSE,FALSE,FALSE,FALSE,FALSE
111674,TRUE,FALSE,FALSE,FALSE,TRUE
111675,TRUE,TRUE,TRUE,FALSE,TRUE
111677,TRUE,TRUE,TRUE,TRUE,FALSE
111678,TRUE,TRUE,TRUE,TRUE,TRUE
111680,TRUE,TRUE,TRUE,FALSE,TRUE
111681,TRUE,TRUE,TRUE,TRUE,TRUE
111682,FALSE,FALSE,FALSE,FALSE,TRUE
111683,FALSE,FALSE,FALSE,FALSE,TRUE
111686,FALSE,FALSE,FALSE,FALSE,TRUE
111687,TRUE,FALSE,FALSE,FALSE,TRUE
111688,TRUE,FALSE,FALSE,FALSE,TRUE
111689,TRUE,TRUE,TRUE,TRUE,TRUE
111690,FALSE,FALSE,FALSE,FALSE,TRUE
111691,TRUE,TRUE,TRUE,FALSE,TRUE
111692,TRUE,FALSE,FALSE,FALSE,TRUE
111693,FALSE,FALSE,FALSE,FALSE,FALSE
111694,FALSE,FALSE,FALSE,FALSE,TRUE
111695,FALSE,FALSE,FALSE,FALSE,TRUE
111696,TRUE,TRUE,TRUE,FALSE,TRUE
111697,TRUE,TRUE,TRUE,FALSE,TRUE
111699,TRUE,FALSE,FALSE,FALSE,TRUE
111700,TRUE,TRUE,FALSE,FALSE,TRUE
111701,TRUE,TRUE,TRUE,TRUE,FALSE
111703,TRUE,TRUE,TRUE,TRUE,TRUE
111704,TRUE,TRUE,FALSE,FALSE,TRUE
111705,FALSE,FALSE,FALSE,FALSE,TRUE
111706,TRUE,TRUE,TRUE,FALSE,TRUE
111707,FALSE,FALSE,FALSE,FALSE,TRUE
111708,FALSE,FALSE,FALSE,FALSE,TRUE
111710,TRUE,TRUE,TRUE,TRUE,TRUE
111711,TRUE,TRUE,TRUE,TRUE,TRUE
111712,TRUE,TRUE,TRUE,FALSE,TRUE
111713,FALSE,FALSE,FALSE,FALSE,TRUE
111715,TRUE,TRUE,TRUE,TRUE,TRUE
111719,FALSE,FALSE,FALSE,FALSE,TRUE
111720,TRUE,FALSE,FALSE,FALSE,TRUE
111721,TRUE,TRUE,TRUE,TRUE,TRUE
111722,FALSE,FALSE,FALSE,FALSE,TRUE
111723,FALSE,FALSE,FALSE,FALSE,TRUE
111724,TRUE,TRUE,TRUE,TRUE,TRUE
111725,TRUE,TRUE,TRUE,FALSE,TRUE
111727,FALSE,FALSE,FALSE,FALSE,TRUE
111728,TRUE,TRUE,TRUE,TRUE,TRUE
111729,TRUE,TRUE,TRUE,TRUE,TRUE
111730,FALSE,FALSE,FALSE,FALSE,TRUE
111731,TRUE,TRUE,TRUE,TRUE,TRUE
111732,FALSE,FALSE,FALSE,FALSE,TRUE
111734,FALSE,FALSE,FALSE,FALSE,TRUE
111735,FALSE,FALSE,FALSE,FALSE,TRUE
111738,FALSE,FALSE,FALSE,FALSE,TRUE
111744,TRUE,TRUE,TRUE,TRUE,TRUE
111746,TRUE,TRUE,TRUE,TRUE,TRUE
111748,FALSE,FALSE,FALSE,FALSE,TRUE
111749,TRUE,TRUE,TRUE,TRUE,TRUE
111750,TRUE,TRUE,TRUE,TRUE,TRUE
111752,FALSE,FALSE,FALSE,FALSE,TRUE
111753,TRUE,TRUE,TRUE,FALSE,TRUE
111755,TRUE,TRUE,TRUE,TRUE,TRUE
111756,TRUE,TRUE,TRUE,TRUE,TRUE
111759,FALSE,FALSE,FALSE,FALSE,FALSE
111761,TRUE,FALSE,FALSE,FALSE,TRUE
111762,TRUE,FALSE,FALSE,FALSE,TRUE
111763,TRUE,FALSE,FALSE,FALSE,FALSE
111765,TRUE,TRUE,TRUE,TRUE,TRUE
111766,TRUE,TRUE,TRUE,TRUE,TRUE
111767,FALSE,FALSE,FALSE,FALSE,TRUE
111768,TRUE,TRUE,TRUE,TRUE,TRUE
111770,FALSE,FALSE,FALSE,FALSE,TRUE
111771,TRUE,TRUE,TRUE,FALSE,TRUE
111772,TRUE,TRUE,TRUE,TRUE,TRUE
111774,FALSE,FALSE,FALSE,FALSE,TRUE
111775,FALSE,FALSE,FALSE,FALSE,TRUE
111776,TRUE,TRUE,TRUE,TRUE,TRUE
111778,TRUE,TRUE,TRUE,TRUE,TRUE
111779,FALSE,FALSE,FALSE,FALSE,TRUE
111780,TRUE,TRUE,TRUE,TRUE,TRUE
111781,FALSE,FALSE,FALSE,FALSE,TRUE
111782,FALSE,FALSE,FALSE,FALSE,TRUE
111783,FALSE,FALSE,FALSE,FALSE,TRUE
111786,FALSE,FALSE,FALSE,FALSE,TRUE
111787,TRUE,TRUE,TRUE,TRUE,TRUE
111789,TRUE,TRUE,TRUE,FALSE,TRUE
111791,TRUE,TRUE,TRUE,TRUE,TRUE
111794,TRUE,TRUE,TRUE,TRUE,FALSE
111796,TRUE,TRUE,TRUE,TRUE,TRUE
111797,FALSE,FALSE,FALSE,FALSE,TRUE
111798,TRUE,TRUE,TRUE,FALSE,TRUE
111799,TRUE,TRUE,TRUE,TRUE,TRUE
111800,TRUE,TRUE,TRUE,TRUE,TRUE
111804,TRUE,FALSE,FALSE,FALSE,TRUE
111805,TRUE,TRUE,TRUE,TRUE,TRUE
111806,TRUE,TRUE,TRUE,TRUE,TRUE
111807,TRUE,TRUE,TRUE,TRUE,TRUE
111809,TRUE,TRUE,TRUE,TRUE,TRUE
111810,TRUE,TRUE,TRUE,TRUE,TRUE
111815,TRUE,FALSE,FALSE,FALSE,TRUE
111816,TRUE,TRUE,TRUE,TRUE,TRUE
111819,TRUE,FALSE,FALSE,FALSE,TRUE
111820,FALSE,FALSE,FALSE,FALSE,TRUE
111821,TRUE,TRUE,TRUE,FALSE,TRUE
111823,TRUE,TRUE,TRUE,FALSE,TRUE
111825,FALSE,FALSE,FALSE,FALSE,TRUE
111826,FALSE,FALSE,FALSE,FALSE,TRUE
111827,TRUE,TRUE,TRUE,TRUE,TRUE
111828,TRUE,TRUE,TRUE,TRUE,TRUE
111829,TRUE,TRUE,TRUE,TRUE,TRUE
111832,TRUE,TRUE,TRUE,TRUE,TRUE
111833,TRUE,FALSE,FALSE,FALSE,TRUE
111834,TRUE,FALSE,FALSE,FALSE,TRUE
111835,TRUE,TRUE,TRUE,TRUE,FALSE
111836,TRUE,TRUE,TRUE,TRUE,TRUE
111837,TRUE,TRUE,TRUE,FALSE,TRUE
111838,TRUE,FALSE,FALSE,FALSE,TRUE
111839,TRUE,TRUE,TRUE,FALSE,TRUE
111842,TRUE,TRUE,TRUE,FALSE,TRUE
111843,TRUE,FALSE,FALSE,FALSE,TRUE
111844,TRUE,TRUE,TRUE,TRUE,TRUE
111845,TRUE,TRUE,TRUE,FALSE,TRUE
111846,TRUE,TRUE,TRUE,TRUE,TRUE
111848,FALSE,FALSE,FALSE,FALSE,TRUE
111849,TRUE,FALSE,FALSE,FALSE,TRUE
111851,FALSE,FALSE,FALSE,FALSE,TRUE
111855,TRUE,FALSE,FALSE,FALSE,TRUE
111856,TRUE,FALSE,FALSE,FALSE,TRUE
111857,TRUE,TRUE,TRUE,TRUE,TRUE
111858,TRUE,TRUE,TRUE,TRUE,TRUE
111859,TRUE,TRUE,TRUE,TRUE,TRUE
111860,TRUE,TRUE,TRUE,TRUE,TRUE
111862,FALSE,FALSE,FALSE,FALSE,TRUE
111864,TRUE,TRUE,TRUE,TRUE,TRUE
111866,FALSE,FALSE,FALSE,FALSE,TRUE
111867,TRUE,FALSE,FALSE,FALSE,FALSE
111872,TRUE,TRUE,TRUE,TRUE,TRUE
111873,FALSE,FALSE,FALSE,FALSE,TRUE
111874,TRUE,TRUE,TRUE,TRUE,TRUE
111876,TRUE,TRUE,TRUE,TRUE,FALSE
111877,TRUE,TRUE,TRUE,TRUE,TRUE
111878,FALSE,FALSE,FALSE,FALSE,TRUE
111879,FALSE,FALSE,FALSE,FALSE,TRUE
111880,TRUE,TRUE,TRUE,TRUE,TRUE
111882,TRUE,TRUE,TRUE,TRUE,TRUE
111883,FALSE,FALSE,FALSE,FALSE,TRUE
111885,FALSE,FALSE,FALSE,FALSE,TRUE
111888,TRUE,FALSE,FALSE,FALSE,TRUE
111889,FALSE,FALSE,FALSE,FALSE,TRUE
111890,TRUE,TRUE,TRUE,TRUE,TRUE
111891,TRUE,FALSE,FALSE,FALSE,TRUE
111893,TRUE,TRUE,TRUE,TRUE,TRUE
111896,FALSE,FALSE,FALSE,FALSE,TRUE
111899,FALSE,FALSE,FALSE,FALSE,TRUE
111900,TRUE,TRUE,TRUE,TRUE,TRUE
111901,TRUE,TRUE,TRUE,FALSE,TRUE
111902,TRUE,TRUE,TRUE,TRUE,FALSE
111903,TRUE,TRUE,TRUE,TRUE,TRUE
111904,TRUE,TRUE,TRUE,TRUE,TRUE
111906,FALSE,FALSE,FALSE,FALSE,TRUE
111908,TRUE,TRUE,TRUE,TRUE,TRUE
111909,TRUE,TRUE,TRUE,TRUE,TRUE
111910,FALSE,FALSE,FALSE,FALSE,TRUE
111912,FALSE,FALSE,FALSE,FALSE,TRUE
111913,FALSE,FALSE,FALSE,FALSE,TRUE
111914,TRUE,TRUE,TRUE,FALSE,FALSE
111915,TRUE,TRUE,TRUE,TRUE,TRUE
111916,TRUE,TRUE,TRUE,TRUE,TRUE
111917,TRUE,FALSE,FALSE,FALSE,TRUE
111920,TRUE,TRUE,FALSE,FALSE,TRUE
111921,TRUE,TRUE,TRUE,FALSE,TRUE
111925,FALSE,FALSE,FALSE,FALSE,TRUE
111926,TRUE,TRUE,TRUE,TRUE,TRUE
111927,TRUE,TRUE,TRUE,TRUE,TRUE
111928,TRUE,TRUE,TRUE,TRUE,TRUE
111929,TRUE,TRUE,TRUE,FALSE,TRUE
111930,FALSE,FALSE,FALSE,FALSE,TRUE
111932,TRUE,TRUE,TRUE,TRUE,TRUE
111933,TRUE,TRUE,TRUE,TRUE,TRUE
111935,FALSE,FALSE,FALSE,FALSE,TRUE
111936,TRUE,FALSE,FALSE,FALSE,TRUE
111937,TRUE,TRUE,TRUE,TRUE,TRUE
111939,TRUE,TRUE,TRUE,TRUE,TRUE
111940,TRUE,TRUE,TRUE,TRUE,TRUE
111941,FALSE,FALSE,FALSE,FALSE,TRUE
111942,TRUE,TRUE,TRUE,FALSE,FALSE
111944,TRUE,TRUE,TRUE,TRUE,TRUE
111945,TRUE,TRUE,TRUE,TRUE,TRUE
111949,TRUE,TRUE,TRUE,TRUE,TRUE
111953,TRUE,FALSE,FALSE,FALSE,TRUE
111955,TRUE,TRUE,TRUE,TRUE,FALSE
111959,FALSE,FALSE,FALSE,FALSE,TRUE
111963,TRUE,TRUE,TRUE,FALSE,FALSE
111964,FALSE,FALSE,FALSE,FALSE,TRUE
111966,FALSE,FALSE,FALSE,FALSE,TRUE
111968,TRUE,TRUE,TRUE,TRUE,TRUE
111970,FALSE,FALSE,FALSE,FALSE,TRUE
111975,TRUE,TRUE,TRUE,TRUE,TRUE
111976,FALSE,FALSE,FALSE,FALSE,TRUE
111978,TRUE,TRUE,TRUE,TRUE,TRUE
111979,TRUE,TRUE,TRUE,FALSE,TRUE
111980,TRUE,TRUE,TRUE,TRUE,TRUE
111981,TRUE,TRUE,TRUE,FALSE,TRUE
111982,FALSE,FALSE,FALSE,FALSE,TRUE
111984,FALSE,FALSE,FALSE,FALSE,TRUE
111985,TRUE,TRUE,TRUE,FALSE,TRUE
111986,TRUE,TRUE,TRUE,FALSE,TRUE
111987,FALSE,FALSE,FALSE,FALSE,TRUE
111988,TRUE,TRUE,TRUE,TRUE,TRUE
111990,FALSE,FALSE,FALSE,FALSE,TRUE
111992,TRUE,TRUE,TRUE,FALSE,TRUE
111993,TRUE,TRUE,TRUE,TRUE,TRUE
111994,TRUE,FALSE,FALSE,FALSE,FALSE
111997,TRUE,TRUE,TRUE,FALSE,TRUE
111998,TRUE,TRUE,TRUE,FALSE,TRUE
112000,FALSE,FALSE,FALSE,FALSE,TRUE
112001,TRUE,TRUE,TRUE,TRUE,TRUE
112002,TRUE,TRUE,TRUE,TRUE,TRUE
112004,TRUE,TRUE,TRUE,TRUE,TRUE
112007,FALSE,FALSE,FALSE,FALSE,TRUE
112010,FALSE,FALSE,FALSE,FALSE,TRUE
112011,TRUE,TRUE,TRUE,TRUE,TRUE
112013,FALSE,FALSE,FALSE,FALSE,TRUE
112015,TRUE,TRUE,TRUE,TRUE,TRUE
112016,TRUE,TRUE,TRUE,FALSE,TRUE
112019,TRUE,TRUE,TRUE,FALSE,TRUE
112021,TRUE,TRUE,TRUE,FALSE,TRUE
112024,TRUE,TRUE,TRUE,FALSE,TRUE
112025,TRUE,TRUE,TRUE,FALSE,TRUE
112027,TRUE,FALSE,FALSE,FALSE,TRUE
112029,TRUE,FALSE,FALSE,FALSE,FALSE
112031,TRUE,TRUE,TRUE,TRUE,TRUE
112032,FALSE,FALSE,FALSE,FALSE,TRUE
112033,TRUE,TRUE,TRUE,TRUE,TRUE
112034,TRUE,TRUE,TRUE,TRUE,TRUE
112035,FALSE,FALSE,FALSE,FALSE,FALSE
112036,TRUE,FALSE,FALSE,FALSE,TRUE
112037,FALSE,FALSE,FALSE,FALSE,TRUE
112038,TRUE,TRUE,TRUE,FALSE,TRUE
112039,FALSE,FALSE,FALSE,FALSE,TRUE
112043,FALSE,FALSE,FALSE,FALSE,FALSE
112047,TRUE,TRUE,TRUE,TRUE,TRUE
112049,TRUE,TRUE,FALSE,FALSE,FALSE
112050,TRUE,TRUE,TRUE,FALSE,TRUE
112052,TRUE,FALSE,FALSE,FALSE,TRUE
112053,TRUE,TRUE,TRUE,TRUE,TRUE
112054,TRUE,FALSE,FALSE,FALSE,FALSE
112055,TRUE,TRUE,TRUE,FALSE,TRUE
112060,FALSE,FALSE,FALSE,FALSE,TRUE
112061,TRUE,TRUE,TRUE,TRUE,TRUE
112063,FALSE,FALSE,FALSE,FALSE,TRUE
112064,TRUE,TRUE,TRUE,TRUE,TRUE
112065,FALSE,FALSE,FALSE,FALSE,TRUE
112067,TRUE,TRUE,TRUE,FALSE,TRUE
112068,TRUE,FALSE,FALSE,FALSE,TRUE
112071,TRUE,TRUE,TRUE,TRUE,TRUE
112073,TRUE,TRUE,TRUE,TRUE,TRUE
112074,FALSE,FALSE,FALSE,FALSE,TRUE
112077,FALSE,FALSE,FALSE,FALSE,TRUE
112078,TRUE,TRUE,TRUE,TRUE,TRUE
112081,FALSE,FALSE,FALSE,FALSE,TRUE
112083,TRUE,FALSE,FALSE,FALSE,TRUE
112084,TRUE,TRUE,TRUE,FALSE,TRUE
112085,TRUE,TRUE,TRUE,FALSE,FALSE
112086,TRUE,TRUE,TRUE,FALSE,TRUE
112088,TRUE,TRUE,TRUE,FALSE,TRUE
112089,TRUE,TRUE,TRUE,FALSE,TRUE
112090,TRUE,TRUE,TRUE,FALSE,TRUE
112091,TRUE,FALSE,FALSE,FALSE,TRUE
112092,TRUE,TRUE,TRUE,TRUE,TRUE
112093,TRUE,TRUE,TRUE,TRUE,TRUE
112094,FALSE,FALSE,FALSE,FALSE,TRUE
112096,TRUE,TRUE,TRUE,TRUE,TRUE
112099,TRUE,TRUE,FALSE,FALSE,TRUE
112100,TRUE,FALSE,FALSE,FALSE,TRUE
112101,TRUE,TRUE,TRUE,TRUE,TRUE
112102,TRUE,TRUE,TRUE,TRUE,TRUE
112103,TRUE,TRUE,TRUE,TRUE,TRUE
112104,FALSE,FALSE,FALSE,FALSE,TRUE
112105,TRUE,TRUE,TRUE,TRUE,TRUE
112106,TRUE,TRUE,TRUE,TRUE,TRUE
112110,TRUE,TRUE,TRUE,FALSE,TRUE
112111,FALSE,FALSE,FALSE,FALSE,TRUE
112112,TRUE,FALSE,FALSE,FALSE,TRUE
112114,FALSE,FALSE,FALSE,FALSE,TRUE
112115,TRUE,TRUE,TRUE,FALSE,TRUE
112118,TRUE,TRUE,TRUE,TRUE,TRUE
112120,TRUE,TRUE,TRUE,TRUE,TRUE
112121,TRUE,FALSE,FALSE,FALSE,TRUE
112122,TRUE,FALSE,FALSE,FALSE,TRUE
112124,TRUE,TRUE,TRUE,TRUE,TRUE
112125,TRUE,TRUE,TRUE,FALSE,TRUE
112127,TRUE,TRUE,TRUE,FALSE,TRUE
112129,FALSE,FALSE,FALSE,FALSE,FALSE
112134,TRUE,TRUE,TRUE,TRUE,TRUE
112135,TRUE,TRUE,FALSE,FALSE,TRUE
112137,FALSE,FALSE,FALSE,FALSE,TRUE
112138,TRUE,TRUE,TRUE,TRUE,TRUE
112139,TRUE,TRUE,TRUE,TRUE,TRUE
112141,TRUE,FALSE,FALSE,FALSE,TRUE
112142,TRUE,TRUE,TRUE,TRUE,TRUE
112143,TRUE,TRUE,TRUE,TRUE,TRUE
112144,TRUE,TRUE,TRUE,TRUE,TRUE
112146,TRUE,FALSE,FALSE,FALSE,TRUE
112147,TRUE,TRUE,TRUE,FALSE,TRUE
112151,TRUE,TRUE,TRUE,FALSE,TRUE
112152,TRUE,TRUE,TRUE,TRUE,TRUE
112153,TRUE,TRUE,TRUE,TRUE,TRUE
112155,TRUE,TRUE,TRUE,FALSE,FALSE
112157,TRUE,TRUE,TRUE,FALSE,TRUE
112158,FALSE,FALSE,FALSE,FALSE,TRUE
112159,TRUE,TRUE,TRUE,TRUE,TRUE
112160,TRUE,TRUE,TRUE,TRUE,TRUE
112161,TRUE,TRUE,TRUE,FALSE,TRUE
112166,FALSE,FALSE,FALSE,FALSE,TRUE
112168,FALSE,FALSE,FALSE,FALSE,TRUE
112170,TRUE,TRUE,TRUE,TRUE,TRUE
112171,TRUE,FALSE,FALSE,FALSE,TRUE
112172,FALSE,FALSE,FALSE,FALSE,TRUE
112178,TRUE,TRUE,TRUE,FALSE,TRUE
112179,TRUE,FALSE,FALSE,FALSE,TRUE
112180,TRUE,TRUE,TRUE,TRUE,TRUE
112182,FALSE,FALSE,FALSE,FALSE,TRUE
112183,TRUE,TRUE,TRUE,TRUE,TRUE
112185,TRUE,TRUE,TRUE,TRUE,TRUE
112186,TRUE,TRUE,TRUE,TRUE,TRUE
112187,FALSE,FALSE,FALSE,FALSE,TRUE
112188,TRUE,TRUE,TRUE,TRUE,TRUE
112189,TRUE,FALSE,FALSE,FALSE,TRUE
112190,TRUE,TRUE,TRUE,FALSE,TRUE
112192,TRUE,TRUE,TRUE,TRUE,TRUE
112193,FALSE,FALSE,FALSE,FALSE,TRUE
112194,TRUE,TRUE,TRUE,FALSE,TRUE
112196,FALSE,FALSE,FALSE,FALSE,TRUE
112197,TRUE,TRUE,TRUE,FALSE,TRUE
112199,TRUE,TRUE,TRUE,TRUE,TRUE
112200,TRUE,TRUE,TRUE,FALSE,TRUE
112205,FALSE,FALSE,FALSE,FALSE,TRUE
112206,TRUE,TRUE,TRUE,TRUE,FALSE
112207,FALSE,FALSE,FALSE,FALSE,TRUE
112208,TRUE,TRUE,TRUE,FALSE,TRUE
112212,TRUE,TRUE,TRUE,TRUE,TRUE
112214,TRUE,TRUE,TRUE,FALSE,TRUE
112216,TRUE,TRUE,TRUE,TRUE,TRUE
112217,TRUE,TRUE,TRUE,TRUE,TRUE
112218,FALSE,FALSE,FALSE,FALSE,TRUE
112220,FALSE,FALSE,FALSE,FALSE,TRUE
112222,TRUE,FALSE,FALSE,FALSE,TRUE
112223,TRUE,TRUE,TRUE,FALSE,TRUE
112224,TRUE,TRUE,TRUE,TRUE,TRUE
112226,FALSE,FALSE,FALSE,FALSE,TRUE
112229,TRUE,TRUE,TRUE,FALSE,TRUE
112230,FALSE,FALSE,FALSE,FALSE,TRUE
112232,TRUE,TRUE,TRUE,TRUE,TRUE
112235,TRUE,TRUE,FALSE,FALSE,TRUE
112236,FALSE,FALSE,FALSE,FALSE,TRUE
112238,FALSE,FALSE,FALSE,FALSE,TRUE
112239,TRUE,TRUE,TRUE,TRUE,TRUE
112240,TRUE,TRUE,TRUE,TRUE,TRUE
112241,TRUE,TRUE,TRUE,TRUE,TRUE
112242,FALSE,FALSE,FALSE,FALSE,TRUE
112243,TRUE,TRUE,TRUE,FALSE,TRUE
112244,TRUE,TRUE,TRUE,FALSE,TRUE
112247,FALSE,FALSE,FALSE,FALSE,TRUE
112249,TRUE,TRUE,TRUE,TRUE,TRUE
112250,TRUE,TRUE,TRUE,TRUE,TRUE
112251,TRUE,TRUE,TRUE,TRUE,TRUE
112252,TRUE,TRUE,TRUE,TRUE,TRUE
112253,TRUE,TRUE,TRUE,TRUE,FALSE
112257,FALSE,FALSE,FALSE,FALSE,TRUE
112261,TRUE,TRUE,TRUE,TRUE,TRUE
112262,FALSE,FALSE,FALSE,FALSE,TRUE
112264,FALSE,FALSE,FALSE,FALSE,FALSE
112265,TRUE,TRUE,TRUE,TRUE,TRUE
112266,TRUE,TRUE,TRUE,FALSE,TRUE
112267,TRUE,FALSE,FALSE,FALSE,TRUE
112268,TRUE,TRUE,TRUE,FALSE,TRUE
112269,TRUE,TRUE,TRUE,TRUE,TRUE
112272,TRUE,TRUE,TRUE,TRUE,TRUE
112273,FALSE,FALSE,FALSE,FALSE,TRUE
112276,FALSE,FALSE,FALSE,FALSE,TRUE
112279,TRUE,TRUE,TRUE,TRUE,TRUE
112280,TRUE,TRUE,TRUE,TRUE,TRUE
112282,TRUE,TRUE,TRUE,TRUE,TRUE
112283,FALSE,FALSE,FALSE,FALSE,TRUE
112285,TRUE,FALSE,FALSE,FALSE,TRUE
112286,TRUE,TRUE,TRUE,TRUE,TRUE
112288,TRUE,TRUE,TRUE,TRUE,TRUE
112290,TRUE,FALSE,FALSE,FALSE,TRUE
112291,TRUE,TRUE,TRUE,TRUE,TRUE
112292,FALSE,FALSE,FALSE,FALSE,TRUE
112293,TRUE,TRUE,TRUE,FALSE,TRUE
112294,TRUE,TRUE,TRUE,TRUE,TRUE
112295,FALSE,FALSE,FALSE,FALSE,FALSE
112296,TRUE,TRUE,TRUE,FALSE,TRUE
112298,FALSE,FALSE,FALSE,FALSE,TRUE
112299,TRUE,TRUE,TRUE,FALSE,TRUE
112300,TRUE,TRUE,TRUE,FALSE,TRUE
112301,TRUE,TRUE,TRUE,FALSE,TRUE
112303,TRUE,TRUE,TRUE,FALSE,TRUE
112304,FALSE,FALSE,FALSE,FALSE,TRUE
112305,FALSE,FALSE,FALSE,FALSE,TRUE
112306,FALSE,FALSE,FALSE,FALSE,TRUE
112308,FALSE,FALSE,FALSE,FALSE,TRUE
112309,TRUE,TRUE,TRUE,FALSE,TRUE
112311,TRUE,TRUE,FALSE,FALSE,TRUE
112313,TRUE,TRUE,TRUE,TRUE,TRUE
112314,TRUE,TRUE,TRUE,FALSE,TRUE
112315,TRUE,FALSE,FALSE,FALSE,TRUE
112316,TRUE,TRUE,TRUE,TRUE,TRUE
112317,FALSE,FALSE,FALSE,FALSE,TRUE
112318,TRUE,TRUE,TRUE,FALSE,TRUE
112320,TRUE,FALSE,FALSE,FALSE,TRUE
112321,TRUE,TRUE,TRUE,FALSE,TRUE
112322,FALSE,FALSE,FALSE,FALSE,TRUE
112323,TRUE,TRUE,TRUE,TRUE,TRUE
112324,TRUE,TRUE,TRUE,TRUE,TRUE
112325,TRUE,TRUE,TRUE,TRUE,TRUE
112328,TRUE,TRUE,TRUE,TRUE,FALSE
112329,TRUE,FALSE,FALSE,FALSE,TRUE
112333,TRUE,TRUE,TRUE,FALSE,TRUE
112337,TRUE,TRUE,TRUE,TRUE,TRUE
112340,TRUE,TRUE,FALSE,FALSE,TRUE
112343,TRUE,FALSE,FALSE,FALSE,TRUE
112344,FALSE,FALSE,FALSE,FALSE,TRUE
112347,TRUE,TRUE,TRUE,TRUE,TRUE
112348,FALSE,FALSE,FALSE,FALSE,TRUE
112349,TRUE,TRUE,TRUE,TRUE,TRUE
112351,TRUE,TRUE,TRUE,TRUE,TRUE
112352,TRUE,TRUE,TRUE,FALSE,TRUE
112355,TRUE,TRUE,TRUE,TRUE,TRUE
112356,FALSE,FALSE,FALSE,FALSE,TRUE
112359,TRUE,TRUE,TRUE,TRUE,TRUE
112362,FALSE,FALSE,FALSE,FALSE,TRUE
112363,TRUE,TRUE,TRUE,TRUE,TRUE
112364,TRUE,TRUE,TRUE,TRUE,FALSE
112365,TRUE,TRUE,TRUE,TRUE,TRUE
112366,TRUE,TRUE,TRUE,TRUE,TRUE
112368,TRUE,TRUE,TRUE,TRUE,TRUE
112369,FALSE,FALSE,FALSE,FALSE,TRUE
112371,TRUE,TRUE,TRUE,TRUE,TRUE
112372,TRUE,TRUE,TRUE,FALSE,TRUE
112373,FALSE,FALSE,FALSE,FALSE,TRUE
112374,FALSE,FALSE,FALSE,FALSE,TRUE
112377,TRUE,TRUE,TRUE,FALSE,TRUE
112379,TRUE,TRUE,TRUE,TRUE,FALSE
112380,TRUE,FALSE,FALSE,FALSE,TRUE
112382,TRUE,TRUE,TRUE,TRUE,TRUE
112384,TRUE,TRUE,TRUE,TRUE,TRUE
112385,FALSE,FALSE,FALSE,FALSE,TRUE
112387,FALSE,FALSE,FALSE,FALSE,TRUE
112388,TRUE,TRUE,TRUE,FALSE,FALSE
112389,FALSE,FALSE,FALSE,FALSE,TRUE
112393,TRUE,TRUE,TRUE,TRUE,TRUE
112394,FALSE,FALSE,FALSE,FALSE,TRUE
112395,FALSE,FALSE,FALSE,FALSE,TRUE
112400,TRUE,FALSE,FALSE,FALSE,TRUE
112401,TRUE,TRUE,TRUE,FALSE,TRUE
112403,TRUE,TRUE,TRUE,TRUE,TRUE
112405,TRUE,TRUE,TRUE,FALSE,TRUE
112406,TRUE,TRUE,TRUE,FALSE,TRUE
112410,TRUE,FALSE,FALSE,FALSE,TRUE
112411,FALSE,FALSE,FALSE,FALSE,TRUE
112412,TRUE,TRUE,TRUE,TRUE,TRUE
112415,TRUE,TRUE,TRUE,TRUE,TRUE
112417,FALSE,FALSE,FALSE,FALSE,TRUE
112418,FALSE,FALSE,FALSE,FALSE,TRUE
112419,TRUE,FALSE,FALSE,FALSE,TRUE
112422,TRUE,TRUE,TRUE,TRUE,TRUE
112423,FALSE,FALSE,FALSE,FALSE,TRUE
112427,TRUE,TRUE,TRUE,TRUE,TRUE
112428,TRUE,FALSE,FALSE,FALSE,TRUE
112429,FALSE,FALSE,FALSE,FALSE,TRUE
112430,FALSE,FALSE,FALSE,FALSE,TRUE
112431,FALSE,FALSE,FALSE,FALSE,TRUE
112433,TRUE,TRUE,FALSE,FALSE,TRUE
112436,TRUE,TRUE,TRUE,FALSE,TRUE
112437,TRUE,TRUE,TRUE,TRUE,TRUE
112438,FALSE,FALSE,FALSE,FALSE,TRUE
112439,TRUE,TRUE,FALSE,FALSE,FALSE
112440,FALSE,FALSE,FALSE,FALSE,TRUE
112441,FALSE,FALSE,FALSE,FALSE,TRUE
112442,FALSE,FALSE,FALSE,FALSE,TRUE
112443,TRUE,TRUE,TRUE,TRUE,TRUE
112445,TRUE,TRUE,TRUE,FALSE,FALSE
112446,TRUE,FALSE,FALSE,FALSE,TRUE
112448,FALSE,FALSE,FALSE,FALSE,TRUE
112449,TRUE,FALSE,FALSE,FALSE,TRUE
112451,FALSE,FALSE,FALSE,FALSE,TRUE
112452,TRUE,TRUE,TRUE,FALSE,TRUE
112454,TRUE,TRUE,TRUE,TRUE,TRUE
112455,TRUE,FALSE,FALSE,FALSE,TRUE
112456,TRUE,TRUE,TRUE,FALSE,TRUE
112457,TRUE,TRUE,TRUE,TRUE,TRUE
112458,TRUE,FALSE,FALSE,FALSE,TRUE
112459,TRUE,TRUE,TRUE,FALSE,TRUE
112460,TRUE,TRUE,TRUE,FALSE,TRUE
112461,TRUE,TRUE,TRUE,TRUE,TRUE
112463,TRUE,TRUE,TRUE,FALSE,TRUE
112468,TRUE,FALSE,FALSE,FALSE,FALSE
112469,TRUE,TRUE,TRUE,FALSE,TRUE
112472,TRUE,TRUE,TRUE,TRUE,TRUE
112473,TRUE,TRUE,TRUE,FALSE,TRUE
112475,FALSE,FALSE,FALSE,FALSE,TRUE
112476,FALSE,FALSE,FALSE,FALSE,TRUE
112477,TRUE,FALSE,FALSE,FALSE,TRUE
112479,TRUE,TRUE,TRUE,TRUE,TRUE
112482,FALSE,FALSE,FALSE,FALSE,TRUE
112484,TRUE,TRUE,TRUE,FALSE,TRUE
112487,TRUE,TRUE,FALSE,FALSE,TRUE
112489,FALSE,FALSE,FALSE,FALSE,TRUE
112492,TRUE,TRUE,TRUE,FALSE,TRUE
112493,TRUE,TRUE,TRUE,TRUE,TRUE
112494,TRUE,TRUE,TRUE,TRUE,TRUE
112495,FALSE,FALSE,FALSE,FALSE,TRUE
112496,TRUE,TRUE,TRUE,FALSE,TRUE
112497,TRUE,FALSE,FALSE,FALSE,TRUE
112498,FALSE,FALSE,FALSE,FALSE,TRUE
112499,FALSE,FALSE,FALSE,FALSE,TRUE
112500,TRUE,TRUE,TRUE,FALSE,TRUE
112501,TRUE,TRUE,TRUE,TRUE,TRUE
112503,TRUE,TRUE,TRUE,FALSE,TRUE
112504,TRUE,TRUE,TRUE,TRUE,TRUE
112506,FALSE,FALSE,FALSE,FALSE,FALSE
112508,TRUE,TRUE,TRUE,TRUE,TRUE
112509,TRUE,TRUE,TRUE,TRUE,TRUE
112516,TRUE,TRUE,TRUE,TRUE,TRUE
112518,TRUE,TRUE,TRUE,TRUE,TRUE
112520,TRUE,TRUE,TRUE,TRUE,TRUE
112522,FALSE,FALSE,FALSE,FALSE,TRUE
112524,FALSE,FALSE,FALSE,FALSE,TRUE
112527,TRUE,TRUE,TRUE,TRUE,TRUE
112529,FALSE,FALSE,FALSE,FALSE,TRUE
112531,FALSE,FALSE,FALSE,FALSE,TRUE
112533,FALSE,FALSE,FALSE,FALSE,TRUE
112535,TRUE,TRUE,TRUE,TRUE,TRUE
112536,TRUE,TRUE,TRUE,TRUE,TRUE
112537,FALSE,FALSE,FALSE,FALSE,TRUE
112538,TRUE,TRUE,TRUE,TRUE,FALSE
112539,TRUE,TRUE,TRUE,FALSE,TRUE
112540,FALSE,FALSE,FALSE,FALSE,TRUE
112543,FALSE,FALSE,FALSE,FALSE,TRUE
112544,TRUE,TRUE,TRUE,FALSE,TRUE
112545,TRUE,TRUE,TRUE,TRUE,TRUE
112546,TRUE,TRUE,TRUE,TRUE,TRUE
112547,FALSE,FALSE,FALSE,FALSE,TRUE
112548,TRUE,TRUE,TRUE,TRUE,TRUE
112549,TRUE,TRUE,TRUE,FALSE,TRUE
112553,TRUE,TRUE,TRUE,TRUE,TRUE
112556,FALSE,FALSE,FALSE,FALSE,TRUE
112557,TRUE,TRUE,TRUE,TRUE,TRUE
112559,TRUE,TRUE,TRUE,FALSE,TRUE
112560,TRUE,TRUE,TRUE,TRUE,TRUE
112561,TRUE,TRUE,TRUE,FALSE,TRUE
112568,TRUE,TRUE,TRUE,TRUE,TRUE
112569,FALSE,FALSE,FALSE,FALSE,TRUE
112570,TRUE,TRUE,TRUE,FALSE,TRUE
112571,FALSE,FALSE,FALSE,FALSE,TRUE
112572,TRUE,TRUE,TRUE,TRUE,TRUE
112573,FALSE,FALSE,FALSE,FALSE,TRUE
112574,TRUE,TRUE,TRUE,TRUE,TRUE
112575,TRUE,TRUE,TRUE,TRUE,TRUE
112577,TRUE,FALSE,FALSE,FALSE,TRUE
112579,TRUE,TRUE,TRUE,FALSE,TRUE
112581,TRUE,TRUE,TRUE,TRUE,TRUE
112582,TRUE,TRUE,TRUE,FALSE,TRUE
112583,FALSE,FALSE,FALSE,FALSE,TRUE
112586,TRUE,TRUE,TRUE,TRUE,TRUE
112587,TRUE,TRUE,TRUE,FALSE,TRUE
112590,TRUE,TRUE,TRUE,FALSE,TRUE
112591,TRUE,FALSE,FALSE,FALSE,TRUE
112593,TRUE,TRUE,TRUE,FALSE,TRUE
112595,TRUE,FALSE,FALSE,FALSE,TRUE
112599,FALSE,FALSE,FALSE,FALSE,TRUE
112600,TRUE,TRUE,TRUE,FALSE,TRUE
112602,TRUE,TRUE,TRUE,TRUE,TRUE
112603,TRUE,TRUE,TRUE,TRUE,TRUE
112604,TRUE,TRUE,TRUE,FALSE,FALSE
112605,TRUE,TRUE,TRUE,TRUE,TRUE
112606,TRUE,TRUE,TRUE,FALSE,TRUE
112608,TRUE,TRUE,TRUE,TRUE,TRUE
112610,TRUE,TRUE,TRUE,FALSE,TRUE
112618,FALSE,FALSE,FALSE,FALSE,TRUE
112619,TRUE,TRUE,FALSE,FALSE,TRUE
112620,TRUE,TRUE,TRUE,TRUE,TRUE
112621,TRUE,FALSE,FALSE,FALSE,TRUE
112624,TRUE,FALSE,FALSE,FALSE,TRUE
112626,FALSE,FALSE,FALSE,FALSE,TRUE
112627,TRUE,FALSE,FALSE,FALSE,TRUE
112630,TRUE,TRUE,TRUE,TRUE,TRUE
112631,TRUE,TRUE,TRUE,TRUE,TRUE
112633,TRUE,TRUE,TRUE,TRUE,TRUE
112634,TRUE,TRUE,TRUE,TRUE,TRUE
112637,TRUE,TRUE,TRUE,TRUE,TRUE
112639,TRUE,TRUE,TRUE,FALSE,TRUE
112640,TRUE,TRUE,TRUE,TRUE,FALSE
112642,TRUE,TRUE,TRUE,FALSE,TRUE
112643,TRUE,FALSE,FALSE,FALSE,TRUE
112646,FALSE,FALSE,FALSE,FALSE,TRUE
112651,TRUE,FALSE,FALSE,FALSE,TRUE
112654,FALSE,FALSE,FALSE,FALSE,TRUE
112656,TRUE,TRUE,TRUE,TRUE,TRUE
112659,TRUE,TRUE,TRUE,TRUE,TRUE
112661,FALSE,FALSE,FALSE,FALSE,TRUE
112662,TRUE,TRUE,TRUE,TRUE,TRUE
112663,TRUE,TRUE,TRUE,TRUE,TRUE
112664,TRUE,TRUE,TRUE,FALSE,TRUE
112665,TRUE,TRUE,TRUE,TRUE,TRUE
112668,TRUE,TRUE,TRUE,FALSE,TRUE
112669,TRUE,TRUE,TRUE,TRUE,TRUE
112671,TRUE,TRUE,TRUE,FALSE,TRUE
112674,TRUE,TRUE,TRUE,FALSE,TRUE
112675,TRUE,TRUE,TRUE,TRUE,TRUE
112676,FALSE,FALSE,FALSE,FALSE,TRUE
112681,FALSE,FALSE,FALSE,FALSE,TRUE
112682,TRUE,TRUE,TRUE,TRUE,TRUE
112683,FALSE,FALSE,FALSE,FALSE,TRUE
112685,TRUE,TRUE,TRUE,TRUE,TRUE
112686,TRUE,TRUE,TRUE,TRUE,TRUE
112687,TRUE,TRUE,FALSE,FALSE,TRUE
112688,TRUE,TRUE,TRUE,TRUE,TRUE
112689,TRUE,TRUE,TRUE,TRUE,TRUE
112690,FALSE,FALSE,FALSE,FALSE,TRUE
112691,TRUE,FALSE,FALSE,FALSE,TRUE
112693,TRUE,TRUE,TRUE,TRUE,TRUE
112694,TRUE,TRUE,TRUE,FALSE,TRUE
112697,TRUE,TRUE,TRUE,TRUE,TRUE
112701,TRUE,TRUE,TRUE,TRUE,TRUE
112702,TRUE,TRUE,TRUE,TRUE,TRUE
112703,TRUE,FALSE,FALSE,FALSE,FALSE
112704,TRUE,FALSE,FALSE,FALSE,TRUE
112706,TRUE,TRUE,TRUE,TRUE,TRUE
112707,TRUE,TRUE,TRUE,FALSE,TRUE
112709,FALSE,FALSE,FALSE,FALSE,TRUE
112710,TRUE,TRUE,TRUE,TRUE,TRUE
112711,TRUE,TRUE,TRUE,TRUE,TRUE
112713,TRUE,TRUE,TRUE,FALSE,TRUE
112715,TRUE,FALSE,FALSE,FALSE,TRUE
112716,TRUE,TRUE,TRUE,FALSE,TRUE
112717,TRUE,TRUE,TRUE,FALSE,TRUE
112718,FALSE,FALSE,FALSE,FALSE,TRUE
112719,TRUE,TRUE,TRUE,TRUE,TRUE
112722,FALSE,FALSE,FALSE,FALSE,TRUE
112723,TRUE,FALSE,FALSE,FALSE,TRUE
112725,TRUE,TRUE,TRUE,TRUE,TRUE
112726,TRUE,TRUE,TRUE,TRUE,TRUE
112727,TRUE,TRUE,TRUE,FALSE,TRUE
112728,TRUE,TRUE,TRUE,FALSE,TRUE
112730,TRUE,TRUE,TRUE,FALSE,TRUE
112732,TRUE,TRUE,TRUE,TRUE,TRUE
112733,TRUE,TRUE,TRUE,TRUE,TRUE
112735,FALSE,FALSE,FALSE,FALSE,TRUE
112737,TRUE,TRUE,TRUE,TRUE,TRUE
112738,TRUE,TRUE,TRUE,TRUE,TRUE
112740,TRUE,TRUE,TRUE,FALSE,TRUE
112741,TRUE,TRUE,TRUE,TRUE,TRUE
112743,FALSE,FALSE,FALSE,FALSE,TRUE
112745,TRUE,TRUE,TRUE,FALSE,TRUE
112746,TRUE,TRUE,TRUE,TRUE,TRUE
112747,TRUE,FALSE,FALSE,FALSE,TRUE
112748,TRUE,TRUE,TRUE,TRUE,TRUE
112749,TRUE,TRUE,TRUE,TRUE,TRUE
112750,FALSE,FALSE,FALSE,FALSE,TRUE
112751,TRUE,FALSE,FALSE,FALSE,TRUE
112752,TRUE,TRUE,TRUE,FALSE,TRUE
112757,TRUE,FALSE,FALSE,FALSE,FALSE
112758,FALSE,FALSE,FALSE,FALSE,TRUE
112760,FALSE,FALSE,FALSE,FALSE,TRUE
112761,TRUE,TRUE,TRUE,TRUE,TRUE
112762,FALSE,FALSE,FALSE,FALSE,TRUE
112763,TRUE,TRUE,TRUE,FALSE,TRUE
112764,FALSE,FALSE,FALSE,FALSE,TRUE
112765,TRUE,TRUE,TRUE,TRUE,TRUE
112766,FALSE,FALSE,FALSE,FALSE,TRUE
112767,FALSE,FALSE,FALSE,FALSE,TRUE
112768,FALSE,FALSE,FALSE,FALSE,TRUE
112770,FALSE,FALSE,FALSE,FALSE,TRUE
112771,FALSE,FALSE,FALSE,FALSE,TRUE
112778,TRUE,TRUE,TRUE,TRUE,TRUE
112779,FALSE,FALSE,FALSE,FALSE,TRUE
112780,FALSE,FALSE,FALSE,FALSE,TRUE
112781,TRUE,FALSE,FALSE,FALSE,TRUE
112783,TRUE,TRUE,TRUE,FALSE,TRUE
112784,FALSE,FALSE,FALSE,FALSE,TRUE
112786,TRUE,TRUE,TRUE,TRUE,TRUE
112787,TRUE,FALSE,FALSE,FALSE,TRUE
112788,TRUE,TRUE,TRUE,TRUE,TRUE
112789,TRUE,TRUE,TRUE,TRUE,TRUE
112790,TRUE,TRUE,TRUE,TRUE,TRUE
112792,TRUE,TRUE,TRUE,FALSE,TRUE
112793,TRUE,TRUE,TRUE,TRUE,TRUE
112794,TRUE,TRUE,TRUE,TRUE,TRUE
112795,FALSE,FALSE,FALSE,FALSE,TRUE
112797,TRUE,TRUE,TRUE,FALSE,TRUE
112798,FALSE,FALSE,FALSE,FALSE,TRUE
112799,TRUE,TRUE,TRUE,TRUE,TRUE
112801,TRUE,TRUE,TRUE,FALSE,TRUE
112803,TRUE,TRUE,TRUE,FALSE,TRUE
112805,TRUE,TRUE,TRUE,TRUE,TRUE
112807,TRUE,TRUE,TRUE,TRUE,TRUE
112808,TRUE,TRUE,TRUE,FALSE,TRUE
112809,TRUE,TRUE,TRUE,TRUE,TRUE
112811,FALSE,FALSE,FALSE,FALSE,TRUE
112812,TRUE,TRUE,TRUE,FALSE,TRUE
112814,FALSE,FALSE,FALSE,FALSE,TRUE
112816,TRUE,TRUE,TRUE,FALSE,TRUE
112817,TRUE,TRUE,TRUE,FALSE,TRUE
112818,TRUE,TRUE,TRUE,TRUE,TRUE
112819,TRUE,FALSE,FALSE,FALSE,TRUE
112820,TRUE,TRUE,TRUE,FALSE,TRUE
112822,TRUE,TRUE,TRUE,TRUE,TRUE
112824,TRUE,TRUE,TRUE,TRUE,TRUE
112826,TRUE,TRUE,TRUE,FALSE,TRUE
112827,TRUE,TRUE,TRUE,FALSE,TRUE
112829,FALSE,FALSE,FALSE,FALSE,TRUE
112831,TRUE,TRUE,TRUE,TRUE,TRUE
112832,TRUE,TRUE,TRUE,FALSE,TRUE
112834,TRUE,TRUE,TRUE,FALSE,TRUE
112835,TRUE,FALSE,FALSE,FALSE,TRUE
112836,TRUE,TRUE,TRUE,TRUE,TRUE
112840,TRUE,TRUE,TRUE,TRUE,TRUE
112847,FALSE,FALSE,FALSE,FALSE,TRUE
112848,TRUE,TRUE,TRUE,TRUE,TRUE
112849,TRUE,TRUE,TRUE,FALSE,FALSE
112850,TRUE,TRUE,TRUE,FALSE,TRUE
112851,TRUE,TRUE,FALSE,FALSE,FALSE
112852,TRUE,TRUE,FALSE,FALSE,TRUE
112854,TRUE,TRUE,TRUE,FALSE,TRUE
112855,FALSE,FALSE,FALSE,FALSE,TRUE
112858,TRUE,TRUE,TRUE,TRUE,TRUE
112860,TRUE,TRUE,TRUE,FALSE,TRUE
112861,TRUE,TRUE,TRUE,TRUE,TRUE
112863,FALSE,FALSE,FALSE,FALSE,TRUE
112865,FALSE,FALSE,FALSE,FALSE,TRUE
112866,TRUE,TRUE,TRUE,TRUE,TRUE
112867,TRUE,TRUE,TRUE,FALSE,TRUE
112868,TRUE,TRUE,TRUE,TRUE,TRUE
112870,TRUE,TRUE,TRUE,FALSE,TRUE
112871,TRUE,TRUE,TRUE,TRUE,TRUE
112872,TRUE,TRUE,TRUE,FALSE,TRUE
112874,FALSE,FALSE,FALSE,FALSE,TRUE
112876,TRUE,TRUE,TRUE,FALSE,TRUE
112877,FALSE,FALSE,FALSE,FALSE,TRUE
112882,TRUE,TRUE,TRUE,TRUE,TRUE
112883,TRUE,TRUE,TRUE,FALSE,TRUE
112885,TRUE,TRUE,TRUE,FALSE,TRUE
112886,TRUE,FALSE,FALSE,FALSE,TRUE
112887,TRUE,TRUE,TRUE,FALSE,TRUE
112888,TRUE,TRUE,TRUE,TRUE,TRUE
112889,TRUE,TRUE,TRUE,TRUE,TRUE
112892,TRUE,TRUE,TRUE,TRUE,TRUE
112894,TRUE,TRUE,TRUE,FALSE,TRUE
112896,TRUE,TRUE,TRUE,TRUE,TRUE
112897,TRUE,FALSE,FALSE,FALSE,TRUE
112898,TRUE,TRUE,TRUE,TRUE,TRUE
112900,FALSE,FALSE,FALSE,FALSE,TRUE
112901,TRUE,FALSE,FALSE,FALSE,TRUE
112902,TRUE,TRUE,FALSE,FALSE,FALSE
112903,TRUE,TRUE,TRUE,FALSE,TRUE
112904,TRUE,TRUE,TRUE,FALSE,TRUE
112909,TRUE,TRUE,TRUE,TRUE,TRUE
112911,FALSE,FALSE,FALSE,FALSE,TRUE
112913,TRUE,FALSE,FALSE,FALSE,TRUE
112914,FALSE,FALSE,FALSE,FALSE,TRUE
112916,TRUE,FALSE,FALSE,FALSE,TRUE
112917,TRUE,TRUE,TRUE,FALSE,TRUE
112918,TRUE,TRUE,TRUE,FALSE,FALSE
112919,TRUE,FALSE,FALSE,FALSE,TRUE
112920,TRUE,TRUE,TRUE,TRUE,TRUE
112922,TRUE,TRUE,TRUE,FALSE,TRUE
112923,FALSE,FALSE,FALSE,FALSE,TRUE
112924,TRUE,FALSE,FALSE,FALSE,TRUE
112926,TRUE,TRUE,TRUE,TRUE,TRUE
112927,TRUE,TRUE,TRUE,TRUE,TRUE
112928,TRUE,TRUE,TRUE,FALSE,TRUE
112929,FALSE,FALSE,FALSE,FALSE,TRUE
112930,TRUE,TRUE,TRUE,TRUE,TRUE
112931,TRUE,TRUE,TRUE,TRUE,TRUE
112932,TRUE,TRUE,FALSE,FALSE,FALSE
112933,FALSE,FALSE,FALSE,FALSE,TRUE
112934,TRUE,FALSE,FALSE,FALSE,TRUE
112935,TRUE,TRUE,TRUE,TRUE,TRUE
112936,FALSE,FALSE,FALSE,FALSE,TRUE
112939,TRUE,TRUE,TRUE,TRUE,TRUE
112942,FALSE,FALSE,FALSE,FALSE,TRUE
112944,TRUE,TRUE,FALSE,FALSE,FALSE
112946,TRUE,TRUE,TRUE,FALSE,TRUE
112947,TRUE,TRUE,TRUE,TRUE,TRUE
112950,TRUE,TRUE,TRUE,TRUE,TRUE
112952,TRUE,TRUE,TRUE,TRUE,TRUE
112953,TRUE,TRUE,TRUE,FALSE,TRUE
112955,TRUE,TRUE,TRUE,FALSE,TRUE
112957,TRUE,TRUE,TRUE,FALSE,TRUE
112960,TRUE,TRUE,TRUE,TRUE,TRUE
112961,FALSE,FALSE,FALSE,FALSE,TRUE
112971,TRUE,TRUE,TRUE,TRUE,TRUE
112972,TRUE,TRUE,TRUE,TRUE,TRUE
112974,TRUE,TRUE,TRUE,FALSE,TRUE
112975,TRUE,TRUE,TRUE,TRUE,TRUE
112976,TRUE,FALSE,FALSE,FALSE,TRUE
112977,TRUE,TRUE,TRUE,TRUE,TRUE
112979,TRUE,TRUE,TRUE,TRUE,TRUE
112981,TRUE,TRUE,TRUE,TRUE,TRUE
112982,TRUE,TRUE,TRUE,TRUE,TRUE
112983,TRUE,FALSE,FALSE,FALSE,TRUE
112984,TRUE,TRUE,TRUE,TRUE,TRUE
112987,FALSE,FALSE,FALSE,FALSE,TRUE
112988,TRUE,TRUE,TRUE,FALSE,TRUE
112989,TRUE,TRUE,TRUE,TRUE,TRUE
112991,FALSE,FALSE,FALSE,FALSE,TRUE
112994,TRUE,TRUE,TRUE,TRUE,FALSE
112996,FALSE,FALSE,FALSE,FALSE,FALSE
112997,TRUE,TRUE,TRUE,FALSE,TRUE
113000,TRUE,TRUE,TRUE,TRUE,TRUE
113001,TRUE,TRUE,TRUE,FALSE,TRUE
113002,TRUE,TRUE,TRUE,FALSE,TRUE
113004,TRUE,TRUE,TRUE,TRUE,FALSE
113006,TRUE,TRUE,TRUE,TRUE,TRUE
113007,TRUE,TRUE,TRUE,TRUE,TRUE
113008,TRUE,TRUE,TRUE,FALSE,TRUE
113009,TRUE,TRUE,TRUE,FALSE,TRUE
113010,TRUE,TRUE,TRUE,FALSE,TRUE
113015,TRUE,TRUE,TRUE,TRUE,TRUE
113016,TRUE,TRUE,TRUE,FALSE,TRUE
113017,TRUE,TRUE,TRUE,TRUE,TRUE
113018,FALSE,FALSE,FALSE,FALSE,TRUE
113019,TRUE,TRUE,TRUE,TRUE,TRUE
113021,FALSE,FALSE,FALSE,FALSE,TRUE
113022,FALSE,FALSE,FALSE,FALSE,TRUE
113025,TRUE,TRUE,TRUE,TRUE,TRUE
113026,TRUE,TRUE,TRUE,TRUE,TRUE
113029,TRUE,TRUE,TRUE,TRUE,TRUE
113030,TRUE,FALSE,FALSE,FALSE,TRUE
113031,TRUE,TRUE,TRUE,TRUE,TRUE
113032,TRUE,TRUE,TRUE,TRUE,TRUE
113034,FALSE,FALSE,FALSE,FALSE,TRUE
113035,TRUE,TRUE,TRUE,TRUE,TRUE
113042,TRUE,TRUE,TRUE,FALSE,TRUE
113043,TRUE,TRUE,TRUE,TRUE,TRUE
113044,TRUE,TRUE,TRUE,TRUE,TRUE
113045,TRUE,TRUE,TRUE,FALSE,TRUE
113046,FALSE,FALSE,FALSE,FALSE,TRUE
113047,TRUE,TRUE,TRUE,FALSE,TRUE
113048,TRUE,TRUE,TRUE,TRUE,TRUE
113049,TRUE,FALSE,FALSE,FALSE,TRUE
113050,FALSE,FALSE,FALSE,FALSE,TRUE
113052,FALSE,FALSE,FALSE,FALSE,TRUE
113053,TRUE,TRUE,TRUE,TRUE,TRUE
113054,TRUE,TRUE,TRUE,FALSE,TRUE
113056,TRUE,TRUE,TRUE,FALSE,TRUE
113058,TRUE,TRUE,TRUE,TRUE,TRUE
113059,FALSE,FALSE,FALSE,FALSE,TRUE
113061,TRUE,TRUE,TRUE,TRUE,TRUE
113062,TRUE,TRUE,TRUE,TRUE,TRUE
113064,TRUE,TRUE,TRUE,TRUE,TRUE
113066,FALSE,FALSE,FALSE,FALSE,TRUE
113068,TRUE,TRUE,TRUE,TRUE,TRUE
113069,FALSE,FALSE,FALSE,FALSE,TRUE
113072,TRUE,FALSE,FALSE,FALSE,TRUE
113073,TRUE,TRUE,TRUE,FALSE,TRUE
113075,FALSE,FALSE,FALSE,FALSE,TRUE
113076,FALSE,FALSE,FALSE,FALSE,TRUE
113078,TRUE,TRUE,TRUE,FALSE,TRUE
113080,TRUE,TRUE,TRUE,TRUE,TRUE
113083,TRUE,TRUE,TRUE,FALSE,TRUE
113084,TRUE,TRUE,TRUE,TRUE,TRUE
113085,TRUE,TRUE,TRUE,FALSE,TRUE
113086,TRUE,TRUE,TRUE,TRUE,TRUE
113090,TRUE,TRUE,TRUE,TRUE,TRUE
113091,TRUE,TRUE,TRUE,TRUE,TRUE
113092,TRUE,TRUE,TRUE,FALSE,TRUE
113093,FALSE,FALSE,FALSE,FALSE,FALSE
113094,TRUE,FALSE,FALSE,FALSE,TRUE
113095,TRUE,TRUE,TRUE,FALSE,TRUE
113096,FALSE,FALSE,FALSE,FALSE,TRUE
113101,TRUE,FALSE,FALSE,FALSE,FALSE
113104,TRUE,TRUE,TRUE,TRUE,TRUE
113106,TRUE,TRUE,TRUE,TRUE,TRUE
113107,FALSE,FALSE,FALSE,FALSE,TRUE
113108,TRUE,TRUE,TRUE,FALSE,TRUE
113109,TRUE,TRUE,TRUE,TRUE,TRUE
113110,TRUE,TRUE,TRUE,TRUE,TRUE
113112,FALSE,FALSE,FALSE,FALSE,TRUE
113113,TRUE,TRUE,TRUE,FALSE,TRUE
113114,TRUE,TRUE,TRUE,FALSE,TRUE
113116,FALSE,FALSE,FALSE,FALSE,TRUE
113117,TRUE,TRUE,TRUE,FALSE,TRUE
113119,TRUE,FALSE,FALSE,FALSE,TRUE
113121,TRUE,TRUE,TRUE,TRUE,TRUE
113122,TRUE,TRUE,TRUE,FALSE,TRUE
113125,TRUE,TRUE,FALSE,FALSE,TRUE
113126,TRUE,TRUE,TRUE,TRUE,TRUE
113129,TRUE,FALSE,FALSE,FALSE,TRUE
113130,FALSE,FALSE,FALSE,FALSE,TRUE
113132,TRUE,TRUE,TRUE,TRUE,TRUE
113134,TRUE,TRUE,TRUE,TRUE,TRUE
113135,FALSE,FALSE,FALSE,FALSE,TRUE
113136,TRUE,TRUE,TRUE,TRUE,TRUE
113137,FALSE,FALSE,FALSE,FALSE,TRUE
113143,TRUE,TRUE,TRUE,FALSE,TRUE
113145,TRUE,TRUE,TRUE,TRUE,TRUE
113146,TRUE,TRUE,TRUE,FALSE,TRUE
113148,TRUE,TRUE,TRUE,TRUE,TRUE
113150,TRUE,FALSE,FALSE,FALSE,TRUE
113151,TRUE,TRUE,TRUE,TRUE,TRUE
113152,TRUE,TRUE,TRUE,TRUE,TRUE
113153,TRUE,TRUE,TRUE,TRUE,TRUE
113154,TRUE,TRUE,TRUE,FALSE,TRUE
113155,TRUE,TRUE,TRUE,TRUE,TRUE
113156,FALSE,FALSE,FALSE,FALSE,TRUE
113157,FALSE,FALSE,FALSE,FALSE,TRUE
113158,TRUE,TRUE,TRUE,TRUE,TRUE
113159,TRUE,TRUE,TRUE,TRUE,FALSE
113160,FALSE,FALSE,FALSE,FALSE,TRUE
113162,TRUE,TRUE,TRUE,TRUE,TRUE
113163,TRUE,FALSE,FALSE,FALSE,FALSE
113165,TRUE,FALSE,FALSE,FALSE,TRUE
113166,FALSE,FALSE,FALSE,FALSE,TRUE
113167,TRUE,FALSE,FALSE,FALSE,TRUE
113169,FALSE,FALSE,FALSE,FALSE,TRUE
113170,TRUE,TRUE,TRUE,TRUE,TRUE
113171,TRUE,TRUE,TRUE,TRUE,TRUE
113173,FALSE,FALSE,FALSE,FALSE,TRUE
113174,FALSE,FALSE,FALSE,FALSE,TRUE
113175,FALSE,FALSE,FALSE,FALSE,TRUE
113177,FALSE,FALSE,FALSE,FALSE,TRUE
113180,TRUE,TRUE,TRUE,TRUE,TRUE
113182,FALSE,FALSE,FALSE,FALSE,FALSE
113183,FALSE,FALSE,FALSE,FALSE,TRUE
113184,FALSE,FALSE,FALSE,FALSE,TRUE
113186,FALSE,FALSE,FALSE,FALSE,TRUE
113187,FALSE,FALSE,FALSE,FALSE,FALSE
113188,TRUE,TRUE,TRUE,FALSE,TRUE
113189,TRUE,TRUE,TRUE,TRUE,TRUE
113190,TRUE,TRUE,TRUE,FALSE,TRUE
113191,TRUE,TRUE,TRUE,TRUE,TRUE
113192,TRUE,TRUE,TRUE,FALSE,TRUE
113193,FALSE,FALSE,FALSE,FALSE,TRUE
113194,FALSE,FALSE,FALSE,FALSE,TRUE
113195,FALSE,FALSE,FALSE,FALSE,TRUE
113199,FALSE,FALSE,FALSE,FALSE,FALSE
113202,FALSE,FALSE,FALSE,FALSE,TRUE
113204,TRUE,TRUE,TRUE,FALSE,TRUE
113206,TRUE,TRUE,FALSE,FALSE,TRUE
113207,TRUE,TRUE,TRUE,FALSE,TRUE
113210,TRUE,TRUE,TRUE,TRUE,TRUE
113211,FALSE,FALSE,FALSE,FALSE,TRUE
113214,FALSE,FALSE,FALSE,FALSE,TRUE
113215,TRUE,TRUE,TRUE,FALSE,TRUE
113217,TRUE,TRUE,TRUE,TRUE,TRUE
113218,FALSE,FALSE,FALSE,FALSE,TRUE
113220,FALSE,FALSE,FALSE,FALSE,TRUE
113222,FALSE,FALSE,FALSE,FALSE,TRUE
113224,TRUE,FALSE,FALSE,FALSE,TRUE
113225,TRUE,TRUE,TRUE,TRUE,TRUE
113226,TRUE,TRUE,TRUE,FALSE,TRUE
113228,FALSE,FALSE,FALSE,FALSE,TRUE
113229,FALSE,FALSE,FALSE,FALSE,TRUE
113230,TRUE,TRUE,TRUE,TRUE,TRUE
113232,TRUE,TRUE,TRUE,TRUE,TRUE
113233,TRUE,TRUE,TRUE,FALSE,TRUE
113235,TRUE,TRUE,TRUE,TRUE,FALSE
113236,TRUE,FALSE,FALSE,FALSE,TRUE
113237,FALSE,FALSE,FALSE,FALSE,TRUE
113239,FALSE,FALSE,FALSE,FALSE,TRUE
113240,TRUE,TRUE,TRUE,TRUE,TRUE
113241,TRUE,TRUE,TRUE,TRUE,TRUE
113243,TRUE,TRUE,TRUE,TRUE,TRUE
113246,TRUE,TRUE,TRUE,TRUE,TRUE
113247,TRUE,TRUE,TRUE,TRUE,TRUE
113248,FALSE,FALSE,FALSE,FALSE,TRUE
113249,TRUE,TRUE,TRUE,TRUE,TRUE
113250,FALSE,FALSE,FALSE,FALSE,TRUE
113251,FALSE,FALSE,FALSE,FALSE,TRUE
113252,TRUE,TRUE,FALSE,FALSE,TRUE
113255,TRUE,FALSE,FALSE,FALSE,TRUE
113256,TRUE,TRUE,TRUE,TRUE,TRUE
113258,TRUE,TRUE,TRUE,FALSE,TRUE
113259,TRUE,TRUE,TRUE,TRUE,TRUE
113260,TRUE,TRUE,TRUE,FALSE,TRUE
113261,FALSE,FALSE,FALSE,FALSE,TRUE
113265,FALSE,FALSE,FALSE,FALSE,TRUE
113266,TRUE,TRUE,TRUE,TRUE,TRUE
113267,TRUE,TRUE,TRUE,TRUE,TRUE
113268,TRUE,TRUE,TRUE,FALSE,TRUE
113270,TRUE,TRUE,TRUE,TRUE,TRUE
113271,TRUE,FALSE,FALSE,FALSE,TRUE
113274,TRUE,TRUE,TRUE,FALSE,TRUE
113278,FALSE,FALSE,FALSE,FALSE,FALSE
113279,FALSE,FALSE,FALSE,FALSE,TRUE
113281,TRUE,TRUE,TRUE,FALSE,FALSE
113282,TRUE,FALSE,FALSE,FALSE,TRUE
113283,TRUE,TRUE,TRUE,FALSE,TRUE
113284,TRUE,TRUE,TRUE,TRUE,TRUE
113285,TRUE,TRUE,TRUE,FALSE,FALSE
113286,TRUE,TRUE,TRUE,TRUE,TRUE
113288,TRUE,FALSE,FALSE,FALSE,FALSE
113289,TRUE,FALSE,FALSE,FALSE,TRUE
113290,TRUE,FALSE,FALSE,FALSE,TRUE
113292,TRUE,TRUE,TRUE,FALSE,TRUE
113293,TRUE,TRUE,TRUE,TRUE,TRUE
113294,TRUE,TRUE,TRUE,TRUE,TRUE
113296,TRUE,TRUE,TRUE,TRUE,TRUE
113297,TRUE,TRUE,TRUE,TRUE,TRUE
113299,TRUE,TRUE,TRUE,FALSE,TRUE
113300,TRUE,TRUE,TRUE,FALSE,TRUE
113301,TRUE,TRUE,TRUE,TRUE,TRUE
113302,TRUE,TRUE,TRUE,FALSE,TRUE
113304,TRUE,FALSE,FALSE,FALSE,TRUE
113305,FALSE,FALSE,FALSE,FALSE,TRUE
113306,TRUE,TRUE,TRUE,TRUE,TRUE
113309,TRUE,TRUE,TRUE,TRUE,FALSE
113319,FALSE,FALSE,FALSE,FALSE,FALSE
113366,TRUE,TRUE,TRUE,FALSE,FALSE
113376,FALSE,FALSE,FALSE,FALSE,FALSE
113411,FALSE,FALSE,FALSE,FALSE,FALSE
113427,TRUE,TRUE,TRUE,TRUE,FALSE
113429,TRUE,TRUE,TRUE,TRUE,FALSE
113490,TRUE,TRUE,TRUE,TRUE,FALSE
113507,TRUE,TRUE,TRUE,TRUE,FALSE
113509,TRUE,TRUE,TRUE,TRUE,FALSE
113522,TRUE,TRUE,TRUE,FALSE,FALSE
113534,TRUE,TRUE,TRUE,FALSE,FALSE
113544,TRUE,TRUE,TRUE,FALSE,FALSE
113550,TRUE,TRUE,TRUE,TRUE,FALSE
113568,TRUE,FALSE,FALSE,FALSE,FALSE
113569,TRUE,TRUE,TRUE,TRUE,FALSE
113580,TRUE,TRUE,TRUE,TRUE,FALSE
113582,TRUE,TRUE,TRUE,TRUE,FALSE
113586,TRUE,TRUE,TRUE,TRUE,FALSE
113587,TRUE,FALSE,FALSE,FALSE,FALSE
113593,TRUE,TRUE,TRUE,TRUE,FALSE
113594,FALSE,FALSE,FALSE,FALSE,FALSE
113604,TRUE,FALSE,FALSE,FALSE,FALSE
113661,FALSE,FALSE,FALSE,FALSE,FALSE
113672,TRUE,FALSE,FALSE,FALSE,FALSE
113684,FALSE,FALSE,FALSE,FALSE,FALSE
113693,TRUE,FALSE,FALSE,FALSE,FALSE
113703,TRUE,FALSE,FALSE,FALSE,FALSE
113717,FALSE,FALSE,FALSE,FALSE,FALSE
113726,TRUE,TRUE,TRUE,FALSE,FALSE
113732,TRUE,TRUE,TRUE,FALSE,FALSE
113747,FALSE,FALSE,FALSE,FALSE,FALSE
113755,FALSE,FALSE,FALSE,FALSE,FALSE
113757,TRUE,TRUE,TRUE,FALSE,FALSE
113768,TRUE,TRUE,TRUE,TRUE,FALSE
113804,TRUE,TRUE,TRUE,TRUE,FALSE
113838,TRUE,TRUE,TRUE,FALSE,FALSE
113853,FALSE,FALSE,FALSE,FALSE,FALSE
113866,TRUE,TRUE,TRUE,TRUE,FALSE
113886,TRUE,TRUE,TRUE,TRUE,FALSE
113912,TRUE,TRUE,TRUE,FALSE,FALSE
113935,TRUE,FALSE,FALSE,FALSE,FALSE
113940,TRUE,TRUE,TRUE,TRUE,FALSE
113944,FALSE,FALSE,FALSE,FALSE,FALSE
113951,TRUE,TRUE,TRUE,TRUE,FALSE
113971,TRUE,FALSE,FALSE,FALSE,FALSE
113977,FALSE,FALSE,FALSE,FALSE,FALSE
113981,FALSE,FALSE,FALSE,FALSE,FALSE
113999,TRUE,FALSE,FALSE,FALSE,FALSE
114044,TRUE,TRUE,TRUE,FALSE,FALSE
114049,TRUE,FALSE,FALSE,FALSE,FALSE
114083,TRUE,TRUE,TRUE,TRUE,FALSE
114092,TRUE,TRUE,TRUE,FALSE,FALSE
114103,TRUE,TRUE,TRUE,FALSE,FALSE
114106,FALSE,FALSE,FALSE,FALSE,FALSE
114124,TRUE,FALSE,FALSE,FALSE,FALSE
114150,FALSE,FALSE,FALSE,FALSE,FALSE
114159,FALSE,FALSE,FALSE,FALSE,FALSE
114165,TRUE,FALSE,FALSE,FALSE,FALSE
114181,FALSE,FALSE,FALSE,FALSE,FALSE
114185,TRUE,FALSE,FALSE,FALSE,FALSE
114257,TRUE,TRUE,TRUE,TRUE,FALSE
114261,TRUE,TRUE,FALSE,FALSE,FALSE
114267,TRUE,TRUE,TRUE,TRUE,FALSE
114273,TRUE,TRUE,TRUE,TRUE,FALSE
114282,TRUE,TRUE,TRUE,TRUE,FALSE
114316,TRUE,TRUE,TRUE,TRUE,FALSE
114318,FALSE,FALSE,FALSE,FALSE,FALSE
114319,FALSE,FALSE,FALSE,FALSE,FALSE
114322,TRUE,FALSE,FALSE,FALSE,FALSE
114335,TRUE,TRUE,TRUE,FALSE,FALSE
114338,TRUE,TRUE,TRUE,TRUE,FALSE
114339,TRUE,FALSE,FALSE,FALSE,FALSE
114340,TRUE,TRUE,TRUE,TRUE,FALSE
114345,TRUE,TRUE,TRUE,TRUE,FALSE
114359,TRUE,TRUE,TRUE,FALSE,FALSE
114387,FALSE,FALSE,FALSE,FALSE,FALSE
114393,TRUE,TRUE,TRUE,TRUE,FALSE
114399,FALSE,FALSE,FALSE,FALSE,FALSE
114418,TRUE,FALSE,FALSE,FALSE,FALSE
114419,TRUE,FALSE,FALSE,FALSE,FALSE
114441,FALSE,FALSE,FALSE,FALSE,FALSE
114444,TRUE,FALSE,FALSE,FALSE,FALSE
114498,TRUE,TRUE,TRUE,FALSE,FALSE
114510,FALSE,FALSE,FALSE,FALSE,FALSE
114521,TRUE,FALSE,FALSE,FALSE,FALSE
114525,FALSE,FALSE,FALSE,FALSE,FALSE
114562,FALSE,FALSE,FALSE,FALSE,FALSE
114573,FALSE,FALSE,FALSE,FALSE,FALSE
114607,FALSE,FALSE,FALSE,FALSE,FALSE
114614,FALSE,FALSE,FALSE,FALSE,FALSE
114622,TRUE,TRUE,TRUE,FALSE,FALSE
114625,TRUE,TRUE,TRUE,TRUE,FALSE
114633,FALSE,FALSE,FALSE,FALSE,FALSE
114646,TRUE,TRUE,TRUE,FALSE,FALSE
114647,TRUE,TRUE,TRUE,TRUE,FALSE
114650,TRUE,TRUE,TRUE,TRUE,FALSE
114672,TRUE,TRUE,TRUE,FALSE,FALSE
114682,TRUE,FALSE,FALSE,FALSE,FALSE
114683,TRUE,TRUE,TRUE,TRUE,FALSE
114688,FALSE,FALSE,FALSE,FALSE,FALSE
114702,TRUE,FALSE,FALSE,FALSE,FALSE
114728,TRUE,TRUE,TRUE,TRUE,FALSE
114741,TRUE,TRUE,TRUE,TRUE,FALSE
114759,FALSE,FALSE,FALSE,FALSE,FALSE
114765,TRUE,TRUE,TRUE,TRUE,FALSE
114773,FALSE,FALSE,FALSE,FALSE,FALSE
114785,TRUE,TRUE,TRUE,TRUE,FALSE
114788,FALSE,FALSE,FALSE,FALSE,FALSE
114808,TRUE,TRUE,TRUE,FALSE,FALSE
114815,TRUE,TRUE,TRUE,TRUE,FALSE
114817,TRUE,TRUE,FALSE,FALSE,FALSE
114818,TRUE,FALSE,FALSE,FALSE,FALSE
114828,FALSE,FALSE,FALSE,FALSE,FALSE
114852,TRUE,TRUE,TRUE,FALSE,FALSE
114864,TRUE,FALSE,FALSE,FALSE,FALSE
114872,FALSE,FALSE,FALSE,FALSE,FALSE
114883,FALSE,FALSE,FALSE,FALSE,FALSE
114896,TRUE,TRUE,TRUE,FALSE,FALSE
114924,FALSE,FALSE,FALSE,FALSE,FALSE
114925,FALSE,FALSE,FALSE,FALSE,FALSE
114926,TRUE,FALSE,FALSE,FALSE,FALSE
114948,TRUE,TRUE,TRUE,TRUE,FALSE
114975,TRUE,TRUE,TRUE,FALSE,FALSE
114990,FALSE,FALSE,FALSE,FALSE,FALSE
114999,FALSE,FALSE,FALSE,FALSE,FALSE
115002,TRUE,TRUE,TRUE,TRUE,FALSE
115014,FALSE,FALSE,FALSE,FALSE,FALSE
115024,FALSE,FALSE,FALSE,FALSE,FALSE
115026,TRUE,TRUE,TRUE,FALSE,FALSE
115029,TRUE,TRUE,TRUE,TRUE,FALSE
115048,FALSE,FALSE,FALSE,FALSE,FALSE
115076,TRUE,FALSE,FALSE,FALSE,FALSE
115077,TRUE,TRUE,FALSE,FALSE,FALSE
115104,TRUE,TRUE,TRUE,TRUE,FALSE
115127,TRUE,TRUE,TRUE,TRUE,FALSE
115132,TRUE,TRUE,TRUE,TRUE,FALSE
115146,TRUE,FALSE,FALSE,FALSE,FALSE
115156,FALSE,FALSE,FALSE,FALSE,FALSE
115157,TRUE,TRUE,TRUE,TRUE,FALSE
115162,TRUE,TRUE,TRUE,FALSE,FALSE
115166,TRUE,TRUE,TRUE,TRUE,FALSE
115193,TRUE,TRUE,TRUE,FALSE,FALSE
115195,TRUE,TRUE,TRUE,FALSE,FALSE
115216,FALSE,FALSE,FALSE,FALSE,FALSE
115248,TRUE,TRUE,TRUE,TRUE,FALSE
115249,TRUE,TRUE,TRUE,TRUE,FALSE
115257,FALSE,FALSE,FALSE,FALSE,FALSE
115259,TRUE,TRUE,TRUE,TRUE,FALSE
115275,TRUE,TRUE,TRUE,FALSE,FALSE
115286,FALSE,FALSE,FALSE,FALSE,FALSE
115287,TRUE,TRUE,TRUE,FALSE,FALSE
115289,TRUE,TRUE,TRUE,FALSE,FALSE
115290,TRUE,TRUE,TRUE,TRUE,FALSE
115296,FALSE,FALSE,FALSE,FALSE,FALSE
115323,TRUE,FALSE,FALSE,FALSE,FALSE
115326,TRUE,FALSE,FALSE,FALSE,FALSE
115332,TRUE,TRUE,TRUE,TRUE,FALSE
115340,TRUE,TRUE,TRUE,FALSE,FALSE
115345,TRUE,TRUE,TRUE,TRUE,FALSE
115355,TRUE,TRUE,TRUE,TRUE,FALSE
115378,TRUE,TRUE,TRUE,TRUE,FALSE
115396,TRUE,TRUE,TRUE,FALSE,FALSE
115427,TRUE,TRUE,TRUE,TRUE,FALSE
115436,TRUE,TRUE,TRUE,FALSE,FALSE
115439,TRUE,TRUE,TRUE,FALSE,FALSE
115448,TRUE,TRUE,TRUE,TRUE,FALSE
115477,TRUE,FALSE,FALSE,FALSE,FALSE
115479,TRUE,TRUE,TRUE,TRUE,FALSE
115481,FALSE,FALSE,FALSE,FALSE,FALSE
115505,TRUE,TRUE,TRUE,FALSE,FALSE
115506,FALSE,FALSE,FALSE,FALSE,FALSE
115508,TRUE,FALSE,FALSE,FALSE,FALSE
115511,TRUE,TRUE,TRUE,FALSE,FALSE
115522,TRUE,TRUE,TRUE,TRUE,FALSE
115524,TRUE,TRUE,TRUE,TRUE,FALSE
115525,TRUE,TRUE,TRUE,TRUE,FALSE
115539,FALSE,FALSE,FALSE,FALSE,FALSE
115547,TRUE,TRUE,TRUE,TRUE,FALSE
115548,TRUE,FALSE,FALSE,FALSE,FALSE
115575,TRUE,FALSE,FALSE,FALSE,FALSE
115594,FALSE,FALSE,FALSE,FALSE,FALSE
115609,TRUE,TRUE,FALSE,FALSE,FALSE
115624,TRUE,TRUE,TRUE,TRUE,FALSE
115627,TRUE,TRUE,TRUE,FALSE,FALSE
115643,TRUE,TRUE,TRUE,FALSE,FALSE
115651,TRUE,TRUE,TRUE,FALSE,FALSE
115712,TRUE,TRUE,TRUE,FALSE,FALSE
115713,TRUE,FALSE,FALSE,FALSE,FALSE
115736,FALSE,FALSE,FALSE,FALSE,FALSE
115762,FALSE,FALSE,FALSE,FALSE,FALSE
115764,TRUE,FALSE,FALSE,FALSE,FALSE
115765,TRUE,FALSE,FALSE,FALSE,FALSE
115768,TRUE,FALSE,FALSE,FALSE,FALSE
115769,TRUE,TRUE,TRUE,FALSE,FALSE
115775,FALSE,FALSE,FALSE,FALSE,FALSE
115784,FALSE,FALSE,FALSE,FALSE,FALSE
115787,TRUE,TRUE,TRUE,TRUE,FALSE
115789,TRUE,TRUE,TRUE,TRUE,FALSE
115805,TRUE,TRUE,TRUE,TRUE,FALSE
115808,FALSE,FALSE,FALSE,FALSE,FALSE
115929,TRUE,TRUE,TRUE,FALSE,FALSE
115936,TRUE,TRUE,TRUE,TRUE,FALSE
115961,TRUE,TRUE,TRUE,FALSE,FALSE
115987,FALSE,FALSE,FALSE,FALSE,FALSE
115988,FALSE,FALSE,FALSE,FALSE,FALSE
115992,TRUE,TRUE,TRUE,FALSE,FALSE
116047,TRUE,FALSE,FALSE,FALSE,FALSE
116065,TRUE,TRUE,TRUE,TRUE,FALSE
116108,TRUE,TRUE,TRUE,FALSE,FALSE
116127,TRUE,TRUE,TRUE,TRUE,FALSE
116137,FALSE,FALSE,FALSE,FALSE,FALSE
116138,FALSE,FALSE,FALSE,FALSE,FALSE
116154,FALSE,FALSE,FALSE,FALSE,FALSE
116196,TRUE,FALSE,FALSE,FALSE,FALSE
116202,FALSE,FALSE,FALSE,FALSE,FALSE
116209,TRUE,FALSE,FALSE,FALSE,FALSE
116351,TRUE,TRUE,TRUE,FALSE,FALSE
116373,FALSE,FALSE,FALSE,FALSE,FALSE
116387,TRUE,FALSE,FALSE,FALSE,FALSE
116391,TRUE,TRUE,TRUE,TRUE,FALSE
116394,FALSE,FALSE,FALSE,FALSE,FALSE
116410,FALSE,FALSE,FALSE,FALSE,FALSE
116413,FALSE,FALSE,FALSE,FALSE,FALSE
116418,TRUE,TRUE,TRUE,TRUE,FALSE
116427,TRUE,FALSE,FALSE,FALSE,FALSE
116437,TRUE,TRUE,TRUE,TRUE,FALSE
116441,TRUE,TRUE,TRUE,TRUE,FALSE
116475,TRUE,TRUE,TRUE,FALSE,FALSE
116502,TRUE,TRUE,TRUE,FALSE,FALSE
116525,TRUE,TRUE,TRUE,TRUE,FALSE
116528,FALSE,FALSE,FALSE,FALSE,FALSE
116539,FALSE,FALSE,FALSE,FALSE,FALSE
116555,TRUE,TRUE,TRUE,TRUE,FALSE
116583,FALSE,FALSE,FALSE,FALSE,FALSE
116640,TRUE,TRUE,TRUE,TRUE,FALSE
116712,TRUE,FALSE,FALSE,FALSE,FALSE
116759,TRUE,TRUE,TRUE,FALSE,FALSE
116766,TRUE,TRUE,TRUE,TRUE,FALSE
116796,TRUE,FALSE,FALSE,FALSE,FALSE
116804,TRUE,TRUE,TRUE,FALSE,FALSE
116826,TRUE,TRUE,TRUE,FALSE,FALSE
116836,TRUE,TRUE,TRUE,FALSE,FALSE
116883,TRUE,FALSE,FALSE,FALSE,FALSE
116884,FALSE,FALSE,FALSE,FALSE,FALSE
116918,FALSE,FALSE,FALSE,FALSE,FALSE
116926,TRUE,TRUE,TRUE,TRUE,FALSE
116930,TRUE,TRUE,TRUE,FALSE,FALSE
117002,FALSE,FALSE,FALSE,FALSE,FALSE
117015,TRUE,TRUE,TRUE,FALSE,FALSE
117023,TRUE,FALSE,FALSE,FALSE,FALSE
117028,FALSE,FALSE,FALSE,FALSE,FALSE
117035,FALSE,FALSE,FALSE,FALSE,FALSE
117049,TRUE,TRUE,TRUE,FALSE,FALSE
117071,TRUE,TRUE,TRUE,TRUE,FALSE
117116,TRUE,FALSE,FALSE,FALSE,FALSE
117146,FALSE,FALSE,FALSE,FALSE,FALSE
117178,TRUE,FALSE,FALSE,FALSE,FALSE
117179,FALSE,FALSE,FALSE,FALSE,FALSE
117315,TRUE,FALSE,FALSE,FALSE,FALSE
117335,TRUE,FALSE,FALSE,FALSE,FALSE
117353,TRUE,FALSE,FALSE,FALSE,FALSE
117355,TRUE,TRUE,TRUE,FALSE,FALSE
117356,TRUE,TRUE,TRUE,TRUE,FALSE
117360,FALSE,FALSE,FALSE,FALSE,FALSE
117373,TRUE,FALSE,FALSE,FALSE,FALSE
117381,FALSE,FALSE,FALSE,FALSE,FALSE
117383,TRUE,TRUE,TRUE,FALSE,FALSE
117394,FALSE,FALSE,FALSE,FALSE,FALSE
117396,TRUE,TRUE,TRUE,TRUE,FALSE
117457,TRUE,TRUE,TRUE,TRUE,FALSE
117461,TRUE,TRUE,TRUE,TRUE,FALSE
117483,TRUE,TRUE,TRUE,TRUE,FALSE
117497,TRUE,TRUE,TRUE,TRUE,FALSE
117516,TRUE,TRUE,TRUE,TRUE,FALSE
117567,TRUE,TRUE,TRUE,FALSE,FALSE
117585,TRUE,TRUE,TRUE,FALSE,FALSE
117587,TRUE,TRUE,TRUE,TRUE,FALSE
117621,TRUE,TRUE,TRUE,TRUE,FALSE
117643,TRUE,TRUE,TRUE,TRUE,FALSE
117658,TRUE,TRUE,TRUE,TRUE,FALSE
117706,FALSE,FALSE,FALSE,FALSE,FALSE
117708,TRUE,TRUE,TRUE,TRUE,FALSE
117727,TRUE,TRUE,TRUE,FALSE,FALSE
117773,FALSE,FALSE,FALSE,FALSE,FALSE
117811,TRUE,TRUE,TRUE,TRUE,FALSE
117827,TRUE,TRUE,TRUE,TRUE,FALSE
117833,TRUE,TRUE,TRUE,FALSE,FALSE
117874,TRUE,FALSE,FALSE,FALSE,FALSE
117902,TRUE,FALSE,FALSE,FALSE,FALSE
117921,TRUE,TRUE,TRUE,TRUE,FALSE
117928,FALSE,FALSE,FALSE,FALSE,FALSE
117938,TRUE,TRUE,TRUE,TRUE,FALSE
117946,TRUE,TRUE,TRUE,TRUE,FALSE
118000,TRUE,TRUE,TRUE,TRUE,FALSE
118024,TRUE,TRUE,TRUE,TRUE,FALSE
118028,TRUE,TRUE,TRUE,FALSE,FALSE
118035,TRUE,TRUE,TRUE,TRUE,FALSE
118038,FALSE,FALSE,FALSE,FALSE,FALSE
118040,TRUE,TRUE,TRUE,TRUE,FALSE
118079,FALSE,FALSE,FALSE,FALSE,FALSE
118093,FALSE,FALSE,FALSE,FALSE,FALSE
118141,TRUE,TRUE,TRUE,TRUE,FALSE
118146,FALSE,FALSE,FALSE,FALSE,FALSE
118147,TRUE,TRUE,TRUE,TRUE,FALSE
118257,FALSE,FALSE,FALSE,FALSE,FALSE
118260,TRUE,TRUE,TRUE,TRUE,FALSE
118268,TRUE,TRUE,TRUE,TRUE,FALSE
118276,TRUE,TRUE,TRUE,TRUE,FALSE
118295,TRUE,TRUE,TRUE,FALSE,FALSE
118358,TRUE,TRUE,TRUE,FALSE,FALSE
118414,TRUE,TRUE,TRUE,TRUE,FALSE
118432,TRUE,TRUE,TRUE,FALSE,FALSE
118441,TRUE,FALSE,FALSE,FALSE,FALSE
118443,TRUE,FALSE,FALSE,FALSE,FALSE
118467,TRUE,TRUE,TRUE,TRUE,FALSE
118470,TRUE,TRUE,TRUE,TRUE,FALSE
118471,TRUE,TRUE,TRUE,TRUE,FALSE
118492,TRUE,TRUE,TRUE,TRUE,FALSE
118508,TRUE,TRUE,TRUE,TRUE,FALSE
118523,TRUE,TRUE,TRUE,TRUE,FALSE
118567,TRUE,TRUE,TRUE,TRUE,FALSE
118589,TRUE,FALSE,FALSE,FALSE,FALSE
118608,FALSE,FALSE,FALSE,FALSE,FALSE
118624,TRUE,TRUE,TRUE,TRUE,FALSE
118626,TRUE,TRUE,TRUE,FALSE,FALSE
118659,FALSE,FALSE,FALSE,FALSE,FALSE
118663,FALSE,FALSE,FALSE,FALSE,FALSE
118743,FALSE,FALSE,FALSE,FALSE,FALSE
118763,TRUE,TRUE,TRUE,TRUE,FALSE
118772,FALSE,FALSE,FALSE,FALSE,FALSE
118788,TRUE,TRUE,TRUE,TRUE,FALSE
118804,TRUE,FALSE,FALSE,FALSE,FALSE
118812,TRUE,FALSE,FALSE,FALSE,FALSE
118819,TRUE,TRUE,TRUE,TRUE,FALSE
118830,FALSE,FALSE,FALSE,FALSE,FALSE
118903,TRUE,TRUE,TRUE,TRUE,FALSE
118938,TRUE,TRUE,TRUE,FALSE,FALSE
118956,TRUE,FALSE,FALSE,FALSE,FALSE
118959,TRUE,TRUE,TRUE,TRUE,FALSE
118964,TRUE,TRUE,TRUE,TRUE,FALSE
119001,TRUE,TRUE,TRUE,TRUE,FALSE
119005,FALSE,FALSE,FALSE,FALSE,FALSE
119021,FALSE,FALSE,FALSE,FALSE,FALSE
119034,TRUE,TRUE,TRUE,TRUE,FALSE
119071,TRUE,FALSE,FALSE,FALSE,FALSE
119077,TRUE,TRUE,TRUE,TRUE,FALSE
119084,TRUE,TRUE,TRUE,FALSE,FALSE
119150,TRUE,TRUE,TRUE,TRUE,FALSE
119154,TRUE,TRUE,TRUE,FALSE,FALSE
119164,TRUE,FALSE,FALSE,FALSE,FALSE
119171,TRUE,TRUE,TRUE,TRUE,FALSE
119179,FALSE,FALSE,FALSE,FALSE,FALSE
119192,TRUE,TRUE,TRUE,FALSE,FALSE
119228,TRUE,TRUE,TRUE,FALSE,FALSE
119299,TRUE,FALSE,FALSE,FALSE,FALSE
119321,TRUE,TRUE,TRUE,TRUE,FALSE
119325,FALSE,FALSE,FALSE,FALSE,FALSE
119336,TRUE,TRUE,TRUE,TRUE,FALSE
119340,FALSE,FALSE,FALSE,FALSE,FALSE
119341,TRUE,TRUE,TRUE,TRUE,FALSE
119353,TRUE,FALSE,FALSE,FALSE,FALSE
119357,FALSE,FALSE,FALSE,FALSE,FALSE
119366,TRUE,TRUE,TRUE,TRUE,FALSE
119399,FALSE,FALSE,FALSE,FALSE,FALSE
119430,FALSE,FALSE,FALSE,FALSE,FALSE
119467,TRUE,TRUE,TRUE,TRUE,FALSE
119470,TRUE,TRUE,TRUE,FALSE,FALSE
119481,TRUE,TRUE,TRUE,FALSE,FALSE
119557,FALSE,FALSE,FALSE,FALSE,FALSE
119567,FALSE,FALSE,FALSE,FALSE,FALSE
119580,TRUE,TRUE,TRUE,FALSE,FALSE
119587,TRUE,TRUE,TRUE,TRUE,FALSE
119616,TRUE,TRUE,TRUE,FALSE,FALSE
119621,FALSE,FALSE,FALSE,FALSE,FALSE
119632,TRUE,TRUE,TRUE,TRUE,FALSE
119636,TRUE,TRUE,TRUE,TRUE,FALSE
119715,TRUE,TRUE,TRUE,FALSE,FALSE
119725,TRUE,FALSE,FALSE,FALSE,FALSE
119753,TRUE,TRUE,TRUE,TRUE,FALSE
119786,TRUE,FALSE,FALSE,FALSE,FALSE
119792,TRUE,TRUE,TRUE,TRUE,FALSE
119818,TRUE,TRUE,TRUE,TRUE,FALSE
119850,TRUE,TRUE,TRUE,FALSE,FALSE
119868,TRUE,TRUE,TRUE,TRUE,FALSE
119876,FALSE,FALSE,FALSE,FALSE,FALSE
119885,FALSE,FALSE,FALSE,FALSE,FALSE
119900,FALSE,FALSE,FALSE,FALSE,FALSE
119911,TRUE,TRUE,TRUE,TRUE,FALSE
119960,TRUE,FALSE,FALSE,FALSE,FALSE
119987,TRUE,FALSE,FALSE,FALSE,FALSE
120000,TRUE,TRUE,TRUE,FALSE,FALSE
120020,TRUE,TRUE,TRUE,TRUE,FALSE
120063,TRUE,FALSE,FALSE,FALSE,FALSE
120067,TRUE,TRUE,TRUE,TRUE,FALSE
120088,FALSE,FALSE,FALSE,FALSE,FALSE
120092,TRUE,TRUE,TRUE,FALSE,FALSE
120120,TRUE,TRUE,TRUE,TRUE,FALSE
120141,FALSE,FALSE,FALSE,FALSE,FALSE
120199,TRUE,TRUE,TRUE,TRUE,FALSE
120303,TRUE,TRUE,TRUE,FALSE,FALSE
120333,TRUE,TRUE,TRUE,FALSE,FALSE
120358,TRUE,TRUE,TRUE,FALSE,FALSE
120364,FALSE,FALSE,FALSE,FALSE,FALSE
120389,TRUE,TRUE,TRUE,TRUE,FALSE
120391,FALSE,FALSE,FALSE,FALSE,FALSE
120393,TRUE,TRUE,TRUE,TRUE,FALSE
120394,TRUE,FALSE,FALSE,FALSE,FALSE
120397,TRUE,TRUE,TRUE,FALSE,FALSE
120427,TRUE,TRUE,TRUE,TRUE,FALSE
120434,TRUE,TRUE,TRUE,FALSE,FALSE
120463,TRUE,TRUE,TRUE,TRUE,FALSE
120519,FALSE,FALSE,FALSE,FALSE,FALSE
120537,TRUE,TRUE,TRUE,TRUE,FALSE
120546,TRUE,TRUE,TRUE,TRUE,FALSE
120579,TRUE,TRUE,TRUE,TRUE,FALSE
120585,FALSE,FALSE,FALSE,FALSE,FALSE
120594,TRUE,TRUE,TRUE,TRUE,FALSE
120600,TRUE,TRUE,TRUE,FALSE,FALSE
120603,TRUE,TRUE,TRUE,TRUE,FALSE
120605,TRUE,FALSE,FALSE,FALSE,FALSE
120639,TRUE,FALSE,FALSE,FALSE,FALSE
113314,FALSE,FALSE,FALSE,FALSE,TRUE
113315,TRUE,TRUE,TRUE,FALSE,TRUE
113316,TRUE,TRUE,TRUE,TRUE,TRUE
113318,TRUE,TRUE,TRUE,FALSE,TRUE
113320,TRUE,TRUE,TRUE,FALSE,TRUE
113321,TRUE,TRUE,TRUE,FALSE,TRUE
113324,TRUE,TRUE,TRUE,TRUE,TRUE
113326,TRUE,TRUE,TRUE,FALSE,TRUE
113328,FALSE,FALSE,FALSE,FALSE,FALSE
113330,TRUE,TRUE,TRUE,FALSE,TRUE
113331,TRUE,TRUE,TRUE,TRUE,TRUE
113334,FALSE,FALSE,FALSE,FALSE,TRUE
113335,TRUE,TRUE,TRUE,TRUE,TRUE
113338,TRUE,TRUE,TRUE,TRUE,TRUE
113339,TRUE,TRUE,TRUE,TRUE,TRUE
113342,TRUE,FALSE,FALSE,FALSE,TRUE
113343,TRUE,TRUE,TRUE,FALSE,TRUE
113344,FALSE,FALSE,FALSE,FALSE,TRUE
113345,TRUE,FALSE,FALSE,FALSE,TRUE
113347,FALSE,FALSE,FALSE,FALSE,TRUE
113348,FALSE,FALSE,FALSE,FALSE,TRUE
113349,TRUE,TRUE,TRUE,TRUE,TRUE
113350,TRUE,TRUE,TRUE,TRUE,TRUE
113352,FALSE,FALSE,FALSE,FALSE,TRUE
113358,TRUE,TRUE,TRUE,FALSE,TRUE
113359,TRUE,TRUE,TRUE,TRUE,FALSE
113360,TRUE,TRUE,TRUE,FALSE,TRUE
113361,FALSE,FALSE,FALSE,FALSE,TRUE
113362,TRUE,TRUE,TRUE,FALSE,TRUE
113363,TRUE,TRUE,TRUE,TRUE,TRUE
113364,FALSE,FALSE,FALSE,FALSE,FALSE
113370,TRUE,TRUE,TRUE,TRUE,TRUE
113373,FALSE,FALSE,FALSE,FALSE,TRUE
113374,TRUE,TRUE,TRUE,TRUE,TRUE
113377,TRUE,FALSE,FALSE,FALSE,TRUE
113379,FALSE,FALSE,FALSE,FALSE,TRUE
113380,FALSE,FALSE,FALSE,FALSE,FALSE
113384,FALSE,FALSE,FALSE,FALSE,TRUE
113385,TRUE,TRUE,TRUE,TRUE,TRUE
113387,TRUE,TRUE,TRUE,TRUE,TRUE
113390,TRUE,TRUE,TRUE,FALSE,TRUE
113392,TRUE,TRUE,TRUE,FALSE,TRUE
113395,FALSE,FALSE,FALSE,FALSE,TRUE
113397,TRUE,TRUE,TRUE,TRUE,TRUE
113401,FALSE,FALSE,FALSE,FALSE,TRUE
113402,FALSE,FALSE,FALSE,FALSE,TRUE
113403,TRUE,TRUE,TRUE,TRUE,TRUE
113404,TRUE,TRUE,TRUE,FALSE,TRUE
113405,FALSE,FALSE,FALSE,FALSE,TRUE
113406,TRUE,TRUE,TRUE,TRUE,TRUE
113409,TRUE,FALSE,FALSE,FALSE,TRUE
113410,TRUE,TRUE,TRUE,TRUE,TRUE
113414,TRUE,TRUE,TRUE,FALSE,FALSE
113415,FALSE,FALSE,FALSE,FALSE,TRUE
113417,TRUE,TRUE,TRUE,TRUE,FALSE
113418,TRUE,TRUE,TRUE,TRUE,TRUE
113421,TRUE,TRUE,TRUE,FALSE,TRUE
113422,TRUE,TRUE,TRUE,FALSE,TRUE
113423,TRUE,TRUE,TRUE,TRUE,TRUE
113424,TRUE,TRUE,TRUE,TRUE,TRUE
113425,FALSE,FALSE,FALSE,FALSE,TRUE
113426,TRUE,TRUE,TRUE,TRUE,TRUE
113428,TRUE,TRUE,TRUE,TRUE,TRUE
113433,TRUE,TRUE,TRUE,FALSE,TRUE
113434,TRUE,FALSE,FALSE,FALSE,TRUE
113435,TRUE,FALSE,FALSE,FALSE,TRUE
113437,FALSE,FALSE,FALSE,FALSE,TRUE
113440,TRUE,TRUE,TRUE,FALSE,TRUE
113441,TRUE,TRUE,TRUE,TRUE,TRUE
113442,TRUE,TRUE,TRUE,TRUE,TRUE
113443,TRUE,TRUE,TRUE,TRUE,TRUE
113445,TRUE,TRUE,TRUE,TRUE,TRUE
113447,TRUE,TRUE,TRUE,TRUE,TRUE
113448,TRUE,TRUE,TRUE,TRUE,TRUE
113449,TRUE,TRUE,TRUE,TRUE,TRUE
113450,FALSE,FALSE,FALSE,FALSE,TRUE
113451,TRUE,FALSE,FALSE,FALSE,TRUE
113452,TRUE,TRUE,TRUE,FALSE,TRUE
113453,TRUE,TRUE,TRUE,FALSE,TRUE
113454,TRUE,TRUE,TRUE,TRUE,TRUE
113455,TRUE,FALSE,FALSE,FALSE,TRUE
113456,TRUE,TRUE,TRUE,TRUE,TRUE
113457,TRUE,TRUE,TRUE,TRUE,TRUE
113460,TRUE,FALSE,FALSE,FALSE,TRUE
113463,FALSE,FALSE,FALSE,FALSE,TRUE
113464,TRUE,TRUE,TRUE,FALSE,TRUE
113466,FALSE,FALSE,FALSE,FALSE,FALSE
113468,TRUE,TRUE,TRUE,TRUE,TRUE
113472,TRUE,TRUE,TRUE,FALSE,TRUE
113474,FALSE,FALSE,FALSE,FALSE,TRUE
113477,TRUE,TRUE,TRUE,TRUE,TRUE
113481,TRUE,FALSE,FALSE,FALSE,FALSE
113484,FALSE,FALSE,FALSE,FALSE,TRUE
113487,TRUE,TRUE,TRUE,FALSE,FALSE
113488,TRUE,FALSE,FALSE,FALSE,TRUE
113489,FALSE,FALSE,FALSE,FALSE,TRUE
113492,TRUE,TRUE,TRUE,TRUE,FALSE
113494,TRUE,FALSE,FALSE,FALSE,TRUE
113495,TRUE,TRUE,TRUE,TRUE,TRUE
113496,FALSE,FALSE,FALSE,FALSE,TRUE
113497,TRUE,TRUE,TRUE,FALSE,TRUE
113498,FALSE,FALSE,FALSE,FALSE,TRUE
113502,TRUE,TRUE,TRUE,TRUE,TRUE
113503,TRUE,TRUE,TRUE,TRUE,TRUE
113504,FALSE,FALSE,FALSE,FALSE,TRUE
113505,TRUE,TRUE,TRUE,TRUE,FALSE
113510,TRUE,TRUE,TRUE,FALSE,TRUE
113512,TRUE,TRUE,TRUE,TRUE,TRUE
113516,TRUE,TRUE,TRUE,FALSE,TRUE
113517,FALSE,FALSE,FALSE,FALSE,TRUE
113519,FALSE,FALSE,FALSE,FALSE,TRUE
113520,FALSE,FALSE,FALSE,FALSE,TRUE
113523,TRUE,TRUE,TRUE,FALSE,TRUE
113524,TRUE,FALSE,FALSE,FALSE,FALSE
113525,TRUE,TRUE,TRUE,TRUE,TRUE
113526,TRUE,TRUE,TRUE,TRUE,TRUE
113527,TRUE,TRUE,TRUE,TRUE,TRUE
113529,TRUE,FALSE,FALSE,FALSE,TRUE
113530,TRUE,TRUE,TRUE,FALSE,TRUE
113531,TRUE,TRUE,TRUE,TRUE,TRUE
113532,TRUE,FALSE,FALSE,FALSE,TRUE
113535,TRUE,TRUE,TRUE,TRUE,TRUE
113539,FALSE,FALSE,FALSE,FALSE,TRUE
113540,TRUE,FALSE,FALSE,FALSE,FALSE
113541,FALSE,FALSE,FALSE,FALSE,TRUE
113542,TRUE,FALSE,FALSE,FALSE,TRUE
113548,FALSE,FALSE,FALSE,FALSE,TRUE
113551,TRUE,TRUE,TRUE,TRUE,TRUE
113552,FALSE,FALSE,FALSE,FALSE,TRUE
113554,TRUE,FALSE,FALSE,FALSE,TRUE
113555,TRUE,TRUE,TRUE,TRUE,TRUE
113556,TRUE,TRUE,TRUE,FALSE,TRUE
113557,TRUE,TRUE,TRUE,FALSE,TRUE
113558,TRUE,TRUE,TRUE,TRUE,TRUE
113559,TRUE,TRUE,TRUE,TRUE,TRUE
113560,TRUE,FALSE,FALSE,FALSE,TRUE
113561,TRUE,FALSE,FALSE,FALSE,TRUE
113562,FALSE,FALSE,FALSE,FALSE,TRUE
113564,TRUE,TRUE,TRUE,TRUE,TRUE
113565,TRUE,TRUE,TRUE,FALSE,TRUE
113566,FALSE,FALSE,FALSE,FALSE,TRUE
113570,TRUE,TRUE,TRUE,FALSE,TRUE
113571,TRUE,TRUE,TRUE,TRUE,TRUE
113574,TRUE,TRUE,TRUE,TRUE,TRUE
113575,FALSE,FALSE,FALSE,FALSE,TRUE
113577,FALSE,FALSE,FALSE,FALSE,TRUE
113583,FALSE,FALSE,FALSE,FALSE,TRUE
113584,FALSE,FALSE,FALSE,FALSE,TRUE
113585,TRUE,TRUE,TRUE,TRUE,TRUE
113588,TRUE,TRUE,TRUE,FALSE,TRUE
113589,TRUE,TRUE,TRUE,FALSE,TRUE
113590,TRUE,TRUE,TRUE,TRUE,TRUE
113591,TRUE,TRUE,TRUE,TRUE,TRUE
113592,TRUE,FALSE,FALSE,FALSE,TRUE
113595,TRUE,TRUE,FALSE,FALSE,TRUE
113600,FALSE,FALSE,FALSE,FALSE,TRUE
113601,TRUE,FALSE,FALSE,FALSE,TRUE
113602,TRUE,TRUE,TRUE,TRUE,TRUE
113605,TRUE,TRUE,TRUE,TRUE,TRUE
113606,TRUE,TRUE,TRUE,TRUE,TRUE
113610,TRUE,TRUE,TRUE,TRUE,TRUE
113615,FALSE,FALSE,FALSE,FALSE,TRUE
113616,FALSE,FALSE,FALSE,FALSE,TRUE
113617,TRUE,FALSE,FALSE,FALSE,TRUE
113619,FALSE,FALSE,FALSE,FALSE,TRUE
113621,TRUE,TRUE,TRUE,FALSE,TRUE
113622,FALSE,FALSE,FALSE,FALSE,TRUE
113624,TRUE,TRUE,TRUE,FALSE,TRUE
113626,TRUE,TRUE,TRUE,TRUE,TRUE
113627,TRUE,FALSE,FALSE,FALSE,TRUE
113628,TRUE,TRUE,TRUE,TRUE,TRUE
113630,FALSE,FALSE,FALSE,FALSE,TRUE
113631,FALSE,FALSE,FALSE,FALSE,TRUE
113632,TRUE,TRUE,TRUE,TRUE,TRUE
113633,TRUE,FALSE,FALSE,FALSE,TRUE
113640,TRUE,TRUE,TRUE,TRUE,TRUE
113643,TRUE,FALSE,FALSE,FALSE,TRUE
113645,FALSE,FALSE,FALSE,FALSE,TRUE
113649,TRUE,TRUE,TRUE,TRUE,TRUE
113650,TRUE,TRUE,TRUE,TRUE,TRUE
113651,TRUE,TRUE,TRUE,TRUE,TRUE
113654,FALSE,FALSE,FALSE,FALSE,FALSE
113655,TRUE,TRUE,TRUE,FALSE,TRUE
113656,TRUE,TRUE,TRUE,FALSE,TRUE
113658,FALSE,FALSE,FALSE,FALSE,TRUE
113659,TRUE,TRUE,TRUE,TRUE,TRUE
113665,TRUE,TRUE,TRUE,TRUE,TRUE
113668,TRUE,TRUE,TRUE,TRUE,TRUE
113670,TRUE,TRUE,TRUE,FALSE,TRUE
113673,TRUE,TRUE,TRUE,FALSE,TRUE
113675,TRUE,TRUE,TRUE,FALSE,TRUE
113676,FALSE,FALSE,FALSE,FALSE,TRUE
113679,TRUE,TRUE,TRUE,TRUE,TRUE
113680,TRUE,TRUE,TRUE,TRUE,TRUE
113681,TRUE,FALSE,FALSE,FALSE,TRUE
113682,TRUE,TRUE,TRUE,TRUE,TRUE
113686,TRUE,TRUE,TRUE,TRUE,TRUE
113687,TRUE,TRUE,TRUE,FALSE,TRUE
113688,FALSE,FALSE,FALSE,FALSE,TRUE
113689,TRUE,TRUE,TRUE,FALSE,TRUE
113691,TRUE,FALSE,FALSE,FALSE,TRUE
113692,TRUE,TRUE,TRUE,FALSE,TRUE
113694,TRUE,TRUE,TRUE,TRUE,TRUE
113701,TRUE,TRUE,TRUE,FALSE,TRUE
113702,TRUE,TRUE,TRUE,TRUE,TRUE
113704,TRUE,TRUE,TRUE,TRUE,TRUE
113705,TRUE,TRUE,TRUE,TRUE,TRUE
113707,TRUE,TRUE,TRUE,TRUE,TRUE
113709,TRUE,TRUE,TRUE,FALSE,TRUE
113712,TRUE,TRUE,TRUE,TRUE,TRUE
113713,TRUE,TRUE,TRUE,TRUE,TRUE
113723,TRUE,TRUE,TRUE,TRUE,TRUE
113725,TRUE,TRUE,TRUE,TRUE,TRUE
113727,TRUE,FALSE,FALSE,FALSE,TRUE
113730,TRUE,TRUE,TRUE,TRUE,TRUE
113733,TRUE,TRUE,TRUE,TRUE,TRUE
113738,FALSE,FALSE,FALSE,FALSE,TRUE
113739,TRUE,TRUE,TRUE,TRUE,TRUE
113741,TRUE,FALSE,FALSE,FALSE,TRUE
113742,TRUE,TRUE,TRUE,FALSE,TRUE
113744,TRUE,TRUE,TRUE,TRUE,TRUE
113745,FALSE,FALSE,FALSE,FALSE,TRUE
113746,FALSE,FALSE,FALSE,FALSE,TRUE
113749,TRUE,TRUE,TRUE,FALSE,FALSE
113753,FALSE,FALSE,FALSE,FALSE,TRUE
113758,FALSE,FALSE,FALSE,FALSE,TRUE
113759,TRUE,FALSE,FALSE,FALSE,FALSE
113761,TRUE,TRUE,TRUE,FALSE,TRUE
113762,TRUE,TRUE,TRUE,FALSE,TRUE
113764,TRUE,TRUE,TRUE,TRUE,FALSE
113770,TRUE,TRUE,TRUE,TRUE,TRUE
113771,FALSE,FALSE,FALSE,FALSE,TRUE
113772,TRUE,TRUE,TRUE,TRUE,TRUE
113773,TRUE,TRUE,TRUE,TRUE,TRUE
113774,TRUE,TRUE,TRUE,TRUE,TRUE
113776,TRUE,TRUE,FALSE,FALSE,TRUE
113777,TRUE,FALSE,FALSE,FALSE,FALSE
113778,FALSE,FALSE,FALSE,FALSE,TRUE
113779,FALSE,FALSE,FALSE,FALSE,TRUE
113780,TRUE,TRUE,TRUE,FALSE,TRUE
113781,FALSE,FALSE,FALSE,FALSE,TRUE
113782,TRUE,TRUE,TRUE,TRUE,TRUE
113783,FALSE,FALSE,FALSE,FALSE,TRUE
113784,TRUE,TRUE,TRUE,FALSE,TRUE
113785,FALSE,FALSE,FALSE,FALSE,TRUE
113786,FALSE,FALSE,FALSE,FALSE,TRUE
113788,FALSE,FALSE,FALSE,FALSE,TRUE
113789,FALSE,FALSE,FALSE,FALSE,TRUE
113790,TRUE,TRUE,TRUE,TRUE,TRUE
113792,TRUE,TRUE,TRUE,TRUE,TRUE
113793,TRUE,FALSE,FALSE,FALSE,TRUE
113794,TRUE,TRUE,TRUE,TRUE,TRUE
113795,TRUE,TRUE,TRUE,TRUE,TRUE
113796,TRUE,TRUE,TRUE,TRUE,TRUE
113798,TRUE,TRUE,TRUE,FALSE,TRUE
113799,TRUE,TRUE,TRUE,TRUE,TRUE
113800,TRUE,TRUE,TRUE,FALSE,TRUE
113801,FALSE,FALSE,FALSE,FALSE,TRUE
113802,TRUE,TRUE,TRUE,FALSE,TRUE
113806,TRUE,TRUE,TRUE,TRUE,TRUE
113811,TRUE,TRUE,TRUE,FALSE,TRUE
113813,TRUE,TRUE,TRUE,TRUE,TRUE
113816,TRUE,TRUE,TRUE,FALSE,FALSE
113818,TRUE,TRUE,TRUE,TRUE,TRUE
113819,TRUE,TRUE,TRUE,FALSE,TRUE
113820,TRUE,FALSE,FALSE,FALSE,TRUE
113821,FALSE,FALSE,FALSE,FALSE,FALSE
113822,FALSE,FALSE,FALSE,FALSE,TRUE
113826,TRUE,TRUE,FALSE,FALSE,TRUE
113828,TRUE,FALSE,FALSE,FALSE,TRUE
113829,FALSE,FALSE,FALSE,FALSE,TRUE
113830,TRUE,TRUE,TRUE,TRUE,FALSE
113832,FALSE,FALSE,FALSE,FALSE,TRUE
113833,FALSE,FALSE,FALSE,FALSE,TRUE
113834,TRUE,TRUE,TRUE,TRUE,TRUE
113835,TRUE,TRUE,TRUE,FALSE,TRUE
113839,TRUE,TRUE,TRUE,FALSE,TRUE
113840,TRUE,TRUE,TRUE,TRUE,FALSE
113842,TRUE,TRUE,TRUE,FALSE,TRUE
113843,TRUE,TRUE,TRUE,TRUE,TRUE
113844,TRUE,TRUE,TRUE,FALSE,TRUE
113845,TRUE,TRUE,TRUE,TRUE,TRUE
113846,FALSE,FALSE,FALSE,FALSE,TRUE
113849,TRUE,TRUE,TRUE,TRUE,TRUE
113851,TRUE,TRUE,TRUE,TRUE,TRUE
113855,TRUE,TRUE,TRUE,TRUE,TRUE
113856,TRUE,TRUE,TRUE,FALSE,FALSE
113857,FALSE,FALSE,FALSE,FALSE,TRUE
113859,FALSE,FALSE,FALSE,FALSE,TRUE
113860,TRUE,FALSE,FALSE,FALSE,TRUE
113861,TRUE,FALSE,FALSE,FALSE,TRUE
113863,TRUE,TRUE,TRUE,TRUE,TRUE
113870,TRUE,TRUE,TRUE,FALSE,TRUE
113871,TRUE,TRUE,TRUE,FALSE,FALSE
113873,FALSE,FALSE,FALSE,FALSE,TRUE
113874,FALSE,FALSE,FALSE,FALSE,TRUE
113875,FALSE,FALSE,FALSE,FALSE,TRUE
113876,TRUE,TRUE,TRUE,TRUE,TRUE
113879,TRUE,TRUE,TRUE,TRUE,TRUE
113880,TRUE,TRUE,TRUE,TRUE,TRUE
113884,TRUE,FALSE,FALSE,FALSE,TRUE
113885,TRUE,TRUE,TRUE,TRUE,TRUE
113887,TRUE,TRUE,TRUE,FALSE,TRUE
113891,FALSE,FALSE,FALSE,FALSE,TRUE
113892,FALSE,FALSE,FALSE,FALSE,TRUE
113894,TRUE,FALSE,FALSE,FALSE,TRUE
113895,TRUE,TRUE,TRUE,TRUE,TRUE
113897,FALSE,FALSE,FALSE,FALSE,TRUE
113898,TRUE,TRUE,TRUE,FALSE,TRUE
113900,TRUE,TRUE,TRUE,FALSE,TRUE
113901,TRUE,FALSE,FALSE,FALSE,TRUE
113903,TRUE,FALSE,FALSE,FALSE,TRUE
113904,TRUE,TRUE,TRUE,TRUE,TRUE
113905,TRUE,TRUE,TRUE,FALSE,TRUE
113907,FALSE,FALSE,FALSE,FALSE,TRUE
113909,FALSE,FALSE,FALSE,FALSE,TRUE
113910,TRUE,FALSE,FALSE,FALSE,TRUE
113914,TRUE,TRUE,TRUE,FALSE,TRUE
113916,FALSE,FALSE,FALSE,FALSE,TRUE
113917,TRUE,TRUE,TRUE,FALSE,TRUE
113918,TRUE,TRUE,TRUE,FALSE,TRUE
113919,TRUE,TRUE,TRUE,TRUE,TRUE
113920,TRUE,TRUE,TRUE,TRUE,TRUE
113921,TRUE,TRUE,TRUE,TRUE,TRUE
113923,TRUE,TRUE,TRUE,TRUE,FALSE
113924,FALSE,FALSE,FALSE,FALSE,TRUE
113927,TRUE,TRUE,TRUE,TRUE,TRUE
113928,FALSE,FALSE,FALSE,FALSE,FALSE
113930,TRUE,TRUE,TRUE,FALSE,TRUE
113931,TRUE,TRUE,TRUE,TRUE,TRUE
113932,TRUE,TRUE,TRUE,TRUE,TRUE
113933,TRUE,FALSE,FALSE,FALSE,TRUE
113934,FALSE,FALSE,FALSE,FALSE,TRUE
113936,TRUE,FALSE,FALSE,FALSE,TRUE
113937,FALSE,FALSE,FALSE,FALSE,TRUE
113938,FALSE,FALSE,FALSE,FALSE,TRUE
113939,TRUE,FALSE,FALSE,FALSE,TRUE
113941,TRUE,TRUE,TRUE,TRUE,TRUE
113945,FALSE,FALSE,FALSE,FALSE,TRUE
113946,TRUE,TRUE,TRUE,TRUE,TRUE
113947,TRUE,TRUE,TRUE,TRUE,TRUE
113950,FALSE,FALSE,FALSE,FALSE,TRUE
113952,TRUE,TRUE,TRUE,TRUE,TRUE
113953,TRUE,TRUE,TRUE,TRUE,TRUE
113955,FALSE,FALSE,FALSE,FALSE,TRUE
113957,FALSE,FALSE,FALSE,FALSE,TRUE
113958,TRUE,FALSE,FALSE,FALSE,TRUE
113959,TRUE,TRUE,TRUE,TRUE,TRUE
113960,TRUE,TRUE,TRUE,FALSE,TRUE
113961,FALSE,FALSE,FALSE,FALSE,TRUE
113962,TRUE,TRUE,FALSE,FALSE,TRUE
113963,TRUE,TRUE,TRUE,TRUE,TRUE
113964,FALSE,FALSE,FALSE,FALSE,TRUE
113965,TRUE,TRUE,TRUE,TRUE,TRUE
113966,FALSE,FALSE,FALSE,FALSE,TRUE
113969,FALSE,FALSE,FALSE,FALSE,TRUE
113972,TRUE,TRUE,TRUE,FALSE,FALSE
113973,FALSE,FALSE,FALSE,FALSE,TRUE
113975,TRUE,TRUE,TRUE,TRUE,TRUE
113976,TRUE,TRUE,TRUE,FALSE,TRUE
113978,FALSE,FALSE,FALSE,FALSE,TRUE
113983,TRUE,TRUE,TRUE,TRUE,FALSE
113987,TRUE,TRUE,TRUE,TRUE,TRUE
113988,TRUE,FALSE,FALSE,FALSE,TRUE
113989,TRUE,FALSE,FALSE,FALSE,TRUE
113991,FALSE,FALSE,FALSE,FALSE,TRUE
113993,TRUE,FALSE,FALSE,FALSE,TRUE
113995,FALSE,FALSE,FALSE,FALSE,TRUE
114001,TRUE,TRUE,TRUE,TRUE,TRUE
114002,FALSE,FALSE,FALSE,FALSE,TRUE
114006,TRUE,TRUE,TRUE,FALSE,TRUE
114008,TRUE,FALSE,FALSE,FALSE,FALSE
114009,TRUE,TRUE,TRUE,TRUE,TRUE
114012,TRUE,FALSE,FALSE,FALSE,TRUE
114013,FALSE,FALSE,FALSE,FALSE,TRUE
114014,TRUE,TRUE,TRUE,TRUE,TRUE
114016,TRUE,TRUE,TRUE,TRUE,TRUE
114017,TRUE,TRUE,TRUE,FALSE,TRUE
114018,TRUE,TRUE,TRUE,TRUE,TRUE
114019,FALSE,FALSE,FALSE,FALSE,TRUE
114020,TRUE,TRUE,TRUE,FALSE,TRUE
114021,TRUE,FALSE,FALSE,FALSE,TRUE
114022,TRUE,TRUE,TRUE,TRUE,TRUE
114023,TRUE,FALSE,FALSE,FALSE,FALSE
114025,TRUE,TRUE,TRUE,TRUE,TRUE
114026,TRUE,TRUE,TRUE,TRUE,TRUE
114027,TRUE,TRUE,TRUE,FALSE,TRUE
114031,FALSE,FALSE,FALSE,FALSE,TRUE
114032,FALSE,FALSE,FALSE,FALSE,TRUE
114033,TRUE,TRUE,TRUE,FALSE,TRUE
114034,FALSE,FALSE,FALSE,FALSE,TRUE
114035,FALSE,FALSE,FALSE,FALSE,TRUE
114036,TRUE,TRUE,TRUE,TRUE,TRUE
114037,TRUE,TRUE,TRUE,TRUE,TRUE
114038,TRUE,TRUE,TRUE,TRUE,TRUE
114039,TRUE,TRUE,TRUE,TRUE,TRUE
114040,FALSE,FALSE,FALSE,FALSE,TRUE
114041,TRUE,FALSE,FALSE,FALSE,TRUE
114042,TRUE,FALSE,FALSE,FALSE,TRUE
114043,TRUE,TRUE,TRUE,FALSE,TRUE
114046,TRUE,FALSE,FALSE,FALSE,TRUE
114047,TRUE,FALSE,FALSE,FALSE,TRUE
114048,FALSE,FALSE,FALSE,FALSE,TRUE
114050,TRUE,TRUE,TRUE,TRUE,TRUE
114052,TRUE,FALSE,FALSE,FALSE,TRUE
114054,TRUE,TRUE,TRUE,TRUE,TRUE
114056,TRUE,TRUE,TRUE,TRUE,TRUE
114059,TRUE,TRUE,TRUE,FALSE,TRUE
114060,FALSE,FALSE,FALSE,FALSE,TRUE
114061,TRUE,TRUE,TRUE,FALSE,TRUE
114062,TRUE,FALSE,FALSE,FALSE,TRUE
114063,TRUE,FALSE,FALSE,FALSE,TRUE
114065,TRUE,TRUE,TRUE,TRUE,TRUE
114068,TRUE,TRUE,TRUE,TRUE,TRUE
114069,TRUE,TRUE,TRUE,TRUE,FALSE
114071,TRUE,TRUE,TRUE,TRUE,TRUE
114072,FALSE,FALSE,FALSE,FALSE,TRUE
114074,TRUE,TRUE,TRUE,TRUE,TRUE
114075,FALSE,FALSE,FALSE,FALSE,TRUE
114076,TRUE,FALSE,FALSE,FALSE,TRUE
114077,TRUE,TRUE,TRUE,FALSE,TRUE
114078,TRUE,TRUE,TRUE,FALSE,TRUE
114080,TRUE,TRUE,TRUE,TRUE,TRUE
114081,FALSE,FALSE,FALSE,FALSE,TRUE
114084,TRUE,TRUE,TRUE,TRUE,TRUE
114085,TRUE,TRUE,TRUE,TRUE,TRUE
114086,TRUE,TRUE,TRUE,TRUE,FALSE
114087,TRUE,FALSE,FALSE,FALSE,TRUE
114088,TRUE,FALSE,FALSE,FALSE,TRUE
114089,TRUE,TRUE,TRUE,TRUE,TRUE
114094,TRUE,TRUE,TRUE,TRUE,TRUE
114095,TRUE,TRUE,TRUE,FALSE,TRUE
114096,TRUE,TRUE,TRUE,TRUE,TRUE
114097,FALSE,FALSE,FALSE,FALSE,FALSE
114099,TRUE,TRUE,TRUE,TRUE,TRUE
114100,TRUE,TRUE,TRUE,TRUE,TRUE
114102,TRUE,TRUE,TRUE,TRUE,TRUE
114104,FALSE,FALSE,FALSE,FALSE,FALSE
114105,TRUE,TRUE,TRUE,TRUE,TRUE
114107,TRUE,TRUE,TRUE,TRUE,TRUE
114108,TRUE,FALSE,FALSE,FALSE,TRUE
114109,TRUE,TRUE,TRUE,TRUE,TRUE
114110,TRUE,TRUE,TRUE,TRUE,TRUE
114111,TRUE,TRUE,TRUE,FALSE,TRUE
114112,TRUE,FALSE,FALSE,FALSE,TRUE
114113,FALSE,FALSE,FALSE,FALSE,TRUE
114116,FALSE,FALSE,FALSE,FALSE,TRUE
114118,TRUE,TRUE,TRUE,TRUE,TRUE
114119,TRUE,TRUE,TRUE,TRUE,TRUE
114120,TRUE,FALSE,FALSE,FALSE,FALSE
114121,FALSE,FALSE,FALSE,FALSE,TRUE
114123,TRUE,FALSE,FALSE,FALSE,TRUE
114126,TRUE,TRUE,TRUE,FALSE,TRUE
114130,TRUE,TRUE,TRUE,FALSE,TRUE
114131,TRUE,TRUE,TRUE,TRUE,TRUE
114132,TRUE,TRUE,TRUE,FALSE,TRUE
114133,TRUE,FALSE,FALSE,FALSE,TRUE
114134,TRUE,TRUE,TRUE,FALSE,TRUE
114135,TRUE,TRUE,TRUE,TRUE,TRUE
114136,TRUE,FALSE,FALSE,FALSE,TRUE
114138,TRUE,TRUE,TRUE,TRUE,TRUE
114139,TRUE,FALSE,FALSE,FALSE,FALSE
114140,FALSE,FALSE,FALSE,FALSE,TRUE
114141,FALSE,FALSE,FALSE,FALSE,TRUE
114142,TRUE,TRUE,TRUE,TRUE,TRUE
114143,TRUE,TRUE,TRUE,TRUE,TRUE
114145,TRUE,FALSE,FALSE,FALSE,FALSE
114146,TRUE,TRUE,TRUE,TRUE,TRUE
114148,TRUE,TRUE,TRUE,TRUE,TRUE
114151,TRUE,TRUE,TRUE,TRUE,TRUE
114153,TRUE,TRUE,TRUE,TRUE,TRUE
114154,FALSE,FALSE,FALSE,FALSE,TRUE
114155,FALSE,FALSE,FALSE,FALSE,TRUE
114158,TRUE,FALSE,FALSE,FALSE,TRUE
114161,TRUE,TRUE,TRUE,TRUE,TRUE
114162,TRUE,FALSE,FALSE,FALSE,TRUE
114164,TRUE,TRUE,TRUE,FALSE,TRUE
114168,TRUE,TRUE,TRUE,FALSE,TRUE
114169,TRUE,TRUE,TRUE,TRUE,TRUE
114171,FALSE,FALSE,FALSE,FALSE,TRUE
114172,TRUE,TRUE,TRUE,TRUE,TRUE
114176,TRUE,TRUE,TRUE,FALSE,TRUE
114179,FALSE,FALSE,FALSE,FALSE,TRUE
114182,TRUE,FALSE,FALSE,FALSE,TRUE
114186,TRUE,TRUE,TRUE,FALSE,TRUE
114187,TRUE,TRUE,TRUE,TRUE,TRUE
114188,TRUE,TRUE,TRUE,FALSE,TRUE
114189,TRUE,TRUE,TRUE,TRUE,TRUE
114190,FALSE,FALSE,FALSE,FALSE,TRUE
114191,TRUE,TRUE,TRUE,TRUE,TRUE
114193,TRUE,TRUE,TRUE,FALSE,FALSE
114194,TRUE,TRUE,TRUE,TRUE,TRUE
114195,TRUE,TRUE,TRUE,FALSE,TRUE
114196,TRUE,TRUE,TRUE,TRUE,TRUE
114197,FALSE,FALSE,FALSE,FALSE,TRUE
114198,TRUE,TRUE,TRUE,TRUE,TRUE
114199,FALSE,FALSE,FALSE,FALSE,TRUE
114200,TRUE,TRUE,TRUE,TRUE,TRUE
114201,TRUE,TRUE,TRUE,FALSE,TRUE
114204,TRUE,TRUE,TRUE,TRUE,TRUE
114205,TRUE,TRUE,TRUE,FALSE,TRUE
114206,TRUE,TRUE,TRUE,FALSE,TRUE
114207,FALSE,FALSE,FALSE,FALSE,TRUE
114208,FALSE,FALSE,FALSE,FALSE,TRUE
114209,TRUE,FALSE,FALSE,FALSE,TRUE
114211,TRUE,TRUE,TRUE,TRUE,TRUE
114212,TRUE,TRUE,TRUE,TRUE,TRUE
114213,TRUE,TRUE,TRUE,FALSE,TRUE
114215,TRUE,FALSE,FALSE,FALSE,TRUE
114217,FALSE,FALSE,FALSE,FALSE,TRUE
114220,TRUE,TRUE,TRUE,FALSE,TRUE
114221,TRUE,TRUE,TRUE,TRUE,TRUE
114222,FALSE,FALSE,FALSE,FALSE,TRUE
114223,TRUE,TRUE,TRUE,TRUE,TRUE
114225,TRUE,TRUE,TRUE,FALSE,TRUE
114226,TRUE,TRUE,TRUE,FALSE,FALSE
114227,TRUE,TRUE,TRUE,TRUE,TRUE
114228,TRUE,TRUE,TRUE,FALSE,TRUE
114229,FALSE,FALSE,FALSE,FALSE,TRUE
114232,TRUE,TRUE,TRUE,FALSE,FALSE
114234,FALSE,FALSE,FALSE,FALSE,TRUE
114235,FALSE,FALSE,FALSE,FALSE,TRUE
114236,TRUE,TRUE,TRUE,TRUE,TRUE
114238,TRUE,TRUE,TRUE,TRUE,TRUE
114239,TRUE,TRUE,TRUE,TRUE,TRUE
114240,FALSE,FALSE,FALSE,FALSE,TRUE
114241,FALSE,FALSE,FALSE,FALSE,TRUE
114242,FALSE,FALSE,FALSE,FALSE,TRUE
114247,TRUE,TRUE,TRUE,TRUE,TRUE
114248,TRUE,TRUE,TRUE,TRUE,TRUE
114249,TRUE,TRUE,TRUE,FALSE,TRUE
114250,TRUE,TRUE,TRUE,TRUE,TRUE
114251,TRUE,TRUE,TRUE,FALSE,TRUE
114252,FALSE,FALSE,FALSE,FALSE,TRUE
114254,TRUE,TRUE,TRUE,FALSE,TRUE
114255,TRUE,TRUE,TRUE,TRUE,TRUE
114256,TRUE,TRUE,TRUE,TRUE,TRUE
114258,TRUE,FALSE,FALSE,FALSE,TRUE
114259,TRUE,TRUE,TRUE,TRUE,TRUE
114260,TRUE,TRUE,TRUE,FALSE,TRUE
114262,TRUE,TRUE,TRUE,TRUE,TRUE
114264,FALSE,FALSE,FALSE,FALSE,TRUE
114268,FALSE,FALSE,FALSE,FALSE,TRUE
114269,FALSE,FALSE,FALSE,FALSE,TRUE
114270,FALSE,FALSE,FALSE,FALSE,TRUE
114274,FALSE,FALSE,FALSE,FALSE,TRUE
114275,TRUE,TRUE,TRUE,TRUE,TRUE
114276,TRUE,TRUE,TRUE,FALSE,TRUE
114277,TRUE,FALSE,FALSE,FALSE,TRUE
114279,TRUE,TRUE,TRUE,TRUE,TRUE
114280,TRUE,TRUE,TRUE,TRUE,TRUE
114281,FALSE,FALSE,FALSE,FALSE,TRUE
114285,TRUE,TRUE,TRUE,FALSE,FALSE
114286,FALSE,FALSE,FALSE,FALSE,TRUE
114288,TRUE,TRUE,TRUE,TRUE,TRUE
114290,TRUE,TRUE,TRUE,TRUE,TRUE
114291,TRUE,FALSE,FALSE,FALSE,TRUE
114292,FALSE,FALSE,FALSE,FALSE,TRUE
114293,TRUE,TRUE,TRUE,FALSE,TRUE
114294,TRUE,TRUE,TRUE,TRUE,TRUE
114295,TRUE,FALSE,FALSE,FALSE,TRUE
114296,TRUE,TRUE,TRUE,TRUE,TRUE
114297,FALSE,FALSE,FALSE,FALSE,TRUE
114300,TRUE,TRUE,TRUE,FALSE,TRUE
114301,TRUE,TRUE,TRUE,TRUE,TRUE
114304,FALSE,FALSE,FALSE,FALSE,TRUE
114305,TRUE,TRUE,FALSE,FALSE,FALSE
114308,FALSE,FALSE,FALSE,FALSE,TRUE
114309,TRUE,TRUE,TRUE,FALSE,TRUE
114311,TRUE,TRUE,TRUE,TRUE,TRUE
114312,TRUE,FALSE,FALSE,FALSE,FALSE
114313,FALSE,FALSE,FALSE,FALSE,FALSE
114314,TRUE,TRUE,TRUE,FALSE,TRUE
114315,TRUE,TRUE,TRUE,FALSE,TRUE
114320,TRUE,TRUE,TRUE,TRUE,TRUE
114323,TRUE,TRUE,TRUE,TRUE,TRUE
114324,TRUE,TRUE,TRUE,TRUE,TRUE
114325,FALSE,FALSE,FALSE,FALSE,TRUE
114326,TRUE,TRUE,TRUE,TRUE,TRUE
114327,TRUE,TRUE,TRUE,TRUE,TRUE
114328,TRUE,TRUE,TRUE,FALSE,TRUE
114330,TRUE,TRUE,TRUE,FALSE,TRUE
114331,TRUE,TRUE,TRUE,FALSE,TRUE
114332,TRUE,TRUE,TRUE,TRUE,TRUE
114333,TRUE,TRUE,TRUE,FALSE,TRUE
114334,TRUE,TRUE,FALSE,FALSE,TRUE
114343,FALSE,FALSE,FALSE,FALSE,FALSE
114344,FALSE,FALSE,FALSE,FALSE,TRUE
114346,FALSE,FALSE,FALSE,FALSE,TRUE
114347,TRUE,FALSE,FALSE,FALSE,TRUE
114349,TRUE,TRUE,TRUE,FALSE,TRUE
114350,FALSE,FALSE,FALSE,FALSE,TRUE
114351,FALSE,FALSE,FALSE,FALSE,TRUE
114352,TRUE,TRUE,TRUE,FALSE,TRUE
114354,TRUE,FALSE,FALSE,FALSE,TRUE
114357,FALSE,FALSE,FALSE,FALSE,TRUE
114358,TRUE,TRUE,TRUE,TRUE,TRUE
114360,TRUE,TRUE,TRUE,TRUE,TRUE
114361,FALSE,FALSE,FALSE,FALSE,TRUE
114362,TRUE,TRUE,TRUE,FALSE,TRUE
114363,TRUE,TRUE,TRUE,TRUE,TRUE
114365,TRUE,TRUE,TRUE,FALSE,TRUE
114367,TRUE,TRUE,TRUE,TRUE,TRUE
114371,FALSE,FALSE,FALSE,FALSE,TRUE
114373,TRUE,TRUE,TRUE,TRUE,TRUE
114374,TRUE,TRUE,TRUE,TRUE,TRUE
114376,FALSE,FALSE,FALSE,FALSE,TRUE
114377,FALSE,FALSE,FALSE,FALSE,TRUE
114381,FALSE,FALSE,FALSE,FALSE,TRUE
114384,FALSE,FALSE,FALSE,FALSE,TRUE
114386,FALSE,FALSE,FALSE,FALSE,TRUE
114388,TRUE,FALSE,FALSE,FALSE,TRUE
114389,TRUE,TRUE,TRUE,TRUE,TRUE
114390,TRUE,TRUE,TRUE,FALSE,FALSE
114391,TRUE,TRUE,FALSE,FALSE,TRUE
114394,TRUE,FALSE,FALSE,FALSE,TRUE
114395,TRUE,TRUE,TRUE,TRUE,TRUE
114397,FALSE,FALSE,FALSE,FALSE,FALSE
114398,TRUE,TRUE,TRUE,TRUE,TRUE
114400,TRUE,TRUE,TRUE,TRUE,TRUE
114401,TRUE,TRUE,FALSE,FALSE,TRUE
114402,FALSE,FALSE,FALSE,FALSE,TRUE
114403,FALSE,FALSE,FALSE,FALSE,TRUE
114406,TRUE,TRUE,TRUE,FALSE,TRUE
114407,TRUE,FALSE,FALSE,FALSE,TRUE
114408,TRUE,TRUE,TRUE,TRUE,TRUE
114409,TRUE,TRUE,TRUE,TRUE,TRUE
114410,TRUE,FALSE,FALSE,FALSE,TRUE
114411,TRUE,TRUE,TRUE,TRUE,TRUE
114413,FALSE,FALSE,FALSE,FALSE,TRUE
114414,TRUE,TRUE,TRUE,TRUE,TRUE
114415,TRUE,TRUE,TRUE,TRUE,TRUE
114416,TRUE,TRUE,TRUE,TRUE,TRUE
114417,TRUE,TRUE,FALSE,FALSE,TRUE
114420,TRUE,TRUE,TRUE,TRUE,TRUE
114422,TRUE,TRUE,TRUE,FALSE,TRUE
114424,FALSE,FALSE,FALSE,FALSE,FALSE
114425,TRUE,TRUE,TRUE,TRUE,TRUE
114426,TRUE,TRUE,TRUE,TRUE,TRUE
114427,TRUE,TRUE,TRUE,TRUE,TRUE
114430,TRUE,TRUE,TRUE,TRUE,TRUE
114435,TRUE,TRUE,TRUE,TRUE,TRUE
114439,FALSE,FALSE,FALSE,FALSE,TRUE
114440,TRUE,TRUE,TRUE,TRUE,TRUE
114443,TRUE,TRUE,TRUE,TRUE,TRUE
114445,TRUE,TRUE,TRUE,TRUE,TRUE
114447,TRUE,TRUE,TRUE,TRUE,TRUE
114448,FALSE,FALSE,FALSE,FALSE,TRUE
114451,FALSE,FALSE,FALSE,FALSE,TRUE
114452,TRUE,TRUE,TRUE,FALSE,TRUE
114453,FALSE,FALSE,FALSE,FALSE,TRUE
114454,TRUE,TRUE,TRUE,TRUE,FALSE
114456,TRUE,FALSE,FALSE,FALSE,TRUE
114457,TRUE,TRUE,TRUE,TRUE,TRUE
114458,TRUE,TRUE,TRUE,TRUE,TRUE
114459,TRUE,TRUE,TRUE,TRUE,TRUE
114461,TRUE,TRUE,TRUE,TRUE,TRUE
114462,TRUE,TRUE,TRUE,TRUE,TRUE
114464,TRUE,TRUE,TRUE,TRUE,TRUE
114465,TRUE,TRUE,TRUE,FALSE,TRUE
114466,TRUE,TRUE,TRUE,FALSE,TRUE
114468,TRUE,TRUE,TRUE,TRUE,TRUE
114471,TRUE,TRUE,TRUE,FALSE,TRUE
114473,TRUE,TRUE,TRUE,TRUE,TRUE
114475,TRUE,TRUE,TRUE,FALSE,FALSE
114477,TRUE,TRUE,TRUE,TRUE,TRUE
114478,TRUE,TRUE,TRUE,TRUE,TRUE
114481,FALSE,FALSE,FALSE,FALSE,TRUE
114482,FALSE,FALSE,FALSE,FALSE,TRUE
114484,TRUE,TRUE,TRUE,TRUE,TRUE
114486,FALSE,FALSE,FALSE,FALSE,TRUE
114490,TRUE,FALSE,FALSE,FALSE,TRUE
114491,TRUE,TRUE,TRUE,TRUE,TRUE
114492,TRUE,TRUE,TRUE,FALSE,TRUE
114493,TRUE,TRUE,TRUE,TRUE,TRUE
114499,FALSE,FALSE,FALSE,FALSE,FALSE
114502,TRUE,TRUE,TRUE,FALSE,TRUE
114503,TRUE,TRUE,TRUE,FALSE,FALSE
114504,FALSE,FALSE,FALSE,FALSE,TRUE
114506,FALSE,FALSE,FALSE,FALSE,FALSE
114507,FALSE,FALSE,FALSE,FALSE,FALSE
114508,FALSE,FALSE,FALSE,FALSE,TRUE
114511,TRUE,TRUE,TRUE,TRUE,TRUE
114512,TRUE,TRUE,TRUE,TRUE,TRUE
114513,TRUE,TRUE,TRUE,TRUE,TRUE
114514,TRUE,TRUE,TRUE,FALSE,FALSE
114515,TRUE,TRUE,TRUE,TRUE,TRUE
114517,TRUE,TRUE,FALSE,FALSE,TRUE
114519,FALSE,FALSE,FALSE,FALSE,TRUE
114520,TRUE,FALSE,FALSE,FALSE,TRUE
114523,FALSE,FALSE,FALSE,FALSE,TRUE
114524,TRUE,FALSE,FALSE,FALSE,TRUE
114526,TRUE,TRUE,TRUE,FALSE,TRUE
114527,TRUE,TRUE,TRUE,TRUE,TRUE
114528,TRUE,TRUE,TRUE,TRUE,TRUE
114531,FALSE,FALSE,FALSE,FALSE,TRUE
114533,FALSE,FALSE,FALSE,FALSE,FALSE
114534,TRUE,TRUE,TRUE,FALSE,TRUE
114535,TRUE,FALSE,FALSE,FALSE,TRUE
114536,TRUE,TRUE,TRUE,TRUE,TRUE
114537,TRUE,TRUE,TRUE,TRUE,TRUE
114538,TRUE,TRUE,FALSE,FALSE,TRUE
114539,TRUE,FALSE,FALSE,FALSE,TRUE
114541,TRUE,TRUE,TRUE,FALSE,TRUE
114542,TRUE,TRUE,TRUE,TRUE,TRUE
114544,TRUE,TRUE,TRUE,TRUE,TRUE
114548,TRUE,TRUE,TRUE,TRUE,TRUE
114549,TRUE,FALSE,FALSE,FALSE,TRUE
114550,TRUE,FALSE,FALSE,FALSE,TRUE
114551,FALSE,FALSE,FALSE,FALSE,TRUE
114552,FALSE,FALSE,FALSE,FALSE,TRUE
114553,FALSE,FALSE,FALSE,FALSE,TRUE
114554,TRUE,TRUE,TRUE,FALSE,TRUE
114557,TRUE,TRUE,TRUE,TRUE,FALSE
114558,FALSE,FALSE,FALSE,FALSE,TRUE
114560,TRUE,TRUE,TRUE,TRUE,TRUE
114561,TRUE,TRUE,TRUE,TRUE,TRUE
114563,TRUE,TRUE,TRUE,FALSE,TRUE
114564,TRUE,TRUE,TRUE,FALSE,TRUE
114565,TRUE,TRUE,TRUE,TRUE,TRUE
114567,TRUE,FALSE,FALSE,FALSE,TRUE
114568,TRUE,TRUE,TRUE,TRUE,TRUE
114569,FALSE,FALSE,FALSE,FALSE,TRUE
114572,FALSE,FALSE,FALSE,FALSE,TRUE
114574,TRUE,TRUE,TRUE,TRUE,TRUE
114575,FALSE,FALSE,FALSE,FALSE,FALSE
114576,TRUE,TRUE,TRUE,TRUE,TRUE
114577,TRUE,TRUE,TRUE,TRUE,TRUE
114578,TRUE,TRUE,TRUE,TRUE,TRUE
114579,TRUE,FALSE,FALSE,FALSE,TRUE
114581,TRUE,TRUE,TRUE,TRUE,TRUE
114583,FALSE,FALSE,FALSE,FALSE,TRUE
114584,FALSE,FALSE,FALSE,FALSE,TRUE
114586,TRUE,TRUE,TRUE,TRUE,TRUE
114587,TRUE,FALSE,FALSE,FALSE,TRUE
114588,FALSE,FALSE,FALSE,FALSE,TRUE
114590,TRUE,TRUE,TRUE,FALSE,TRUE
114592,FALSE,FALSE,FALSE,FALSE,TRUE
114594,FALSE,FALSE,FALSE,FALSE,TRUE
114597,FALSE,FALSE,FALSE,FALSE,TRUE
114598,TRUE,TRUE,TRUE,TRUE,TRUE
114599,TRUE,TRUE,TRUE,TRUE,TRUE
114600,FALSE,FALSE,FALSE,FALSE,FALSE
114606,TRUE,TRUE,TRUE,FALSE,TRUE
114608,TRUE,TRUE,TRUE,FALSE,TRUE
114609,TRUE,TRUE,TRUE,TRUE,TRUE
114610,TRUE,TRUE,TRUE,TRUE,TRUE
114615,TRUE,TRUE,TRUE,TRUE,TRUE
114621,TRUE,TRUE,TRUE,FALSE,TRUE
114623,FALSE,FALSE,FALSE,FALSE,TRUE
114624,TRUE,TRUE,TRUE,FALSE,FALSE
114627,TRUE,TRUE,TRUE,TRUE,TRUE
114628,FALSE,FALSE,FALSE,FALSE,TRUE
114629,TRUE,TRUE,TRUE,FALSE,FALSE
114632,FALSE,FALSE,FALSE,FALSE,TRUE
114636,FALSE,FALSE,FALSE,FALSE,TRUE
114637,FALSE,FALSE,FALSE,FALSE,TRUE
114638,TRUE,TRUE,TRUE,TRUE,TRUE
114639,TRUE,FALSE,FALSE,FALSE,TRUE
114641,TRUE,FALSE,FALSE,FALSE,TRUE
114642,TRUE,FALSE,FALSE,FALSE,TRUE
114643,TRUE,TRUE,TRUE,TRUE,TRUE
114644,TRUE,TRUE,TRUE,TRUE,FALSE
114645,TRUE,TRUE,TRUE,FALSE,TRUE
114648,TRUE,FALSE,FALSE,FALSE,TRUE
114649,FALSE,FALSE,FALSE,FALSE,TRUE
114651,TRUE,TRUE,TRUE,TRUE,TRUE
114653,TRUE,FALSE,FALSE,FALSE,TRUE
114655,FALSE,FALSE,FALSE,FALSE,TRUE
114656,FALSE,FALSE,FALSE,FALSE,TRUE
114658,TRUE,TRUE,TRUE,TRUE,TRUE
114660,FALSE,FALSE,FALSE,FALSE,TRUE
114661,TRUE,TRUE,TRUE,TRUE,TRUE
114663,TRUE,FALSE,FALSE,FALSE,TRUE
114664,FALSE,FALSE,FALSE,FALSE,TRUE
114665,TRUE,TRUE,TRUE,TRUE,TRUE
114666,TRUE,TRUE,TRUE,TRUE,TRUE
114667,TRUE,TRUE,TRUE,TRUE,TRUE
114668,TRUE,FALSE,FALSE,FALSE,TRUE
114670,TRUE,TRUE,TRUE,FALSE,TRUE
114673,TRUE,FALSE,FALSE,FALSE,TRUE
114674,FALSE,FALSE,FALSE,FALSE,TRUE
114676,TRUE,FALSE,FALSE,FALSE,TRUE
114679,FALSE,FALSE,FALSE,FALSE,TRUE
114680,FALSE,FALSE,FALSE,FALSE,TRUE
114681,TRUE,TRUE,TRUE,TRUE,TRUE
114685,TRUE,TRUE,TRUE,TRUE,TRUE
114687,FALSE,FALSE,FALSE,FALSE,TRUE
114691,TRUE,TRUE,TRUE,TRUE,TRUE
114693,FALSE,FALSE,FALSE,FALSE,TRUE
114694,FALSE,FALSE,FALSE,FALSE,TRUE
114695,TRUE,TRUE,TRUE,FALSE,TRUE
114696,TRUE,TRUE,TRUE,FALSE,TRUE
114697,TRUE,TRUE,TRUE,FALSE,TRUE
114700,TRUE,TRUE,TRUE,FALSE,TRUE
114701,TRUE,FALSE,FALSE,FALSE,TRUE
114703,TRUE,TRUE,TRUE,FALSE,TRUE
114704,TRUE,TRUE,TRUE,TRUE,TRUE
114706,FALSE,FALSE,FALSE,FALSE,TRUE
114708,TRUE,TRUE,TRUE,TRUE,TRUE
114709,TRUE,TRUE,TRUE,TRUE,TRUE
114710,TRUE,TRUE,TRUE,TRUE,TRUE
114711,TRUE,TRUE,TRUE,TRUE,TRUE
114714,TRUE,TRUE,TRUE,TRUE,TRUE
114715,TRUE,TRUE,TRUE,TRUE,TRUE
114717,TRUE,TRUE,TRUE,FALSE,TRUE
114720,FALSE,FALSE,FALSE,FALSE,TRUE
114723,FALSE,FALSE,FALSE,FALSE,TRUE
114724,FALSE,FALSE,FALSE,FALSE,TRUE
114725,TRUE,TRUE,TRUE,TRUE,TRUE
114726,TRUE,TRUE,TRUE,TRUE,TRUE
114729,TRUE,TRUE,TRUE,TRUE,TRUE
114730,TRUE,TRUE,TRUE,TRUE,TRUE
114731,FALSE,FALSE,FALSE,FALSE,TRUE
114732,FALSE,FALSE,FALSE,FALSE,TRUE
114733,TRUE,TRUE,TRUE,FALSE,TRUE
114734,TRUE,TRUE,TRUE,TRUE,TRUE
114735,TRUE,TRUE,TRUE,TRUE,TRUE
114736,TRUE,FALSE,FALSE,FALSE,TRUE
114739,TRUE,TRUE,TRUE,TRUE,TRUE
114742,TRUE,TRUE,TRUE,TRUE,TRUE
114743,TRUE,FALSE,FALSE,FALSE,TRUE
114744,TRUE,TRUE,TRUE,TRUE,TRUE
114745,TRUE,TRUE,TRUE,TRUE,TRUE
114747,TRUE,TRUE,TRUE,TRUE,TRUE
114749,TRUE,TRUE,TRUE,TRUE,TRUE
114750,FALSE,FALSE,FALSE,FALSE,TRUE
114752,TRUE,TRUE,TRUE,FALSE,TRUE
114753,TRUE,TRUE,TRUE,TRUE,TRUE
114754,TRUE,TRUE,TRUE,TRUE,TRUE
114755,TRUE,FALSE,FALSE,FALSE,TRUE
114756,TRUE,TRUE,TRUE,TRUE,TRUE
114757,FALSE,FALSE,FALSE,FALSE,TRUE
114758,FALSE,FALSE,FALSE,FALSE,TRUE
114761,FALSE,FALSE,FALSE,FALSE,TRUE
114762,TRUE,TRUE,TRUE,TRUE,TRUE
114764,TRUE,TRUE,TRUE,TRUE,TRUE
114767,TRUE,TRUE,TRUE,FALSE,TRUE
114768,TRUE,TRUE,TRUE,TRUE,FALSE
114769,TRUE,TRUE,TRUE,FALSE,TRUE
114771,TRUE,TRUE,TRUE,TRUE,TRUE
114772,TRUE,FALSE,FALSE,FALSE,TRUE
114774,FALSE,FALSE,FALSE,FALSE,TRUE
114775,FALSE,FALSE,FALSE,FALSE,TRUE
114777,TRUE,FALSE,FALSE,FALSE,TRUE
114780,TRUE,TRUE,TRUE,TRUE,TRUE
114782,TRUE,TRUE,TRUE,FALSE,TRUE
114784,TRUE,TRUE,TRUE,TRUE,TRUE
114787,FALSE,FALSE,FALSE,FALSE,TRUE
114789,TRUE,TRUE,FALSE,FALSE,FALSE
114792,TRUE,TRUE,TRUE,TRUE,TRUE
114793,TRUE,TRUE,TRUE,FALSE,TRUE
114794,FALSE,FALSE,FALSE,FALSE,TRUE
114799,TRUE,TRUE,TRUE,TRUE,TRUE
114801,FALSE,FALSE,FALSE,FALSE,TRUE
114803,FALSE,FALSE,FALSE,FALSE,FALSE
114804,TRUE,FALSE,FALSE,FALSE,TRUE
114805,FALSE,FALSE,FALSE,FALSE,TRUE
114806,TRUE,FALSE,FALSE,FALSE,TRUE
114807,FALSE,FALSE,FALSE,FALSE,TRUE
114809,FALSE,FALSE,FALSE,FALSE,TRUE
114810,TRUE,FALSE,FALSE,FALSE,TRUE
114811,TRUE,TRUE,TRUE,TRUE,TRUE
114812,FALSE,FALSE,FALSE,FALSE,FALSE
114813,TRUE,TRUE,TRUE,FALSE,TRUE
114814,TRUE,FALSE,FALSE,FALSE,TRUE
114819,TRUE,TRUE,TRUE,TRUE,TRUE
114821,TRUE,TRUE,TRUE,TRUE,TRUE
114822,TRUE,FALSE,FALSE,FALSE,TRUE
114825,FALSE,FALSE,FALSE,FALSE,TRUE
114826,TRUE,TRUE,TRUE,FALSE,TRUE
114827,TRUE,TRUE,TRUE,FALSE,FALSE
114831,TRUE,FALSE,FALSE,FALSE,TRUE
114832,FALSE,FALSE,FALSE,FALSE,TRUE
114833,TRUE,TRUE,TRUE,TRUE,TRUE
114834,TRUE,TRUE,TRUE,TRUE,TRUE
114835,TRUE,TRUE,TRUE,FALSE,TRUE
114836,FALSE,FALSE,FALSE,FALSE,TRUE
114839,TRUE,TRUE,TRUE,FALSE,TRUE
114840,TRUE,FALSE,FALSE,FALSE,TRUE
114841,TRUE,TRUE,TRUE,TRUE,TRUE
114842,FALSE,FALSE,FALSE,FALSE,TRUE
114843,TRUE,TRUE,TRUE,TRUE,TRUE
114844,TRUE,TRUE,TRUE,TRUE,TRUE
114846,TRUE,TRUE,TRUE,TRUE,TRUE
114849,FALSE,FALSE,FALSE,FALSE,TRUE
114853,TRUE,TRUE,TRUE,TRUE,TRUE
114855,TRUE,FALSE,FALSE,FALSE,TRUE
114858,TRUE,FALSE,FALSE,FALSE,FALSE
114859,TRUE,TRUE,TRUE,FALSE,TRUE
114860,FALSE,FALSE,FALSE,FALSE,TRUE
114861,TRUE,TRUE,TRUE,TRUE,TRUE
114865,TRUE,TRUE,TRUE,TRUE,TRUE
114866,TRUE,TRUE,TRUE,FALSE,TRUE
114867,TRUE,FALSE,FALSE,FALSE,TRUE
114869,FALSE,FALSE,FALSE,FALSE,TRUE
114871,TRUE,TRUE,TRUE,TRUE,TRUE
114873,TRUE,FALSE,FALSE,FALSE,TRUE
114875,TRUE,TRUE,TRUE,TRUE,TRUE
114876,TRUE,TRUE,TRUE,FALSE,TRUE
114877,TRUE,TRUE,TRUE,TRUE,TRUE
114879,TRUE,TRUE,TRUE,TRUE,TRUE
114881,TRUE,TRUE,TRUE,FALSE,TRUE
114884,TRUE,TRUE,TRUE,FALSE,TRUE
114886,FALSE,FALSE,FALSE,FALSE,TRUE
114887,FALSE,FALSE,FALSE,FALSE,TRUE
114889,TRUE,TRUE,TRUE,FALSE,TRUE
114890,TRUE,TRUE,TRUE,TRUE,TRUE
114891,FALSE,FALSE,FALSE,FALSE,TRUE
114893,TRUE,FALSE,FALSE,FALSE,TRUE
114894,TRUE,TRUE,TRUE,TRUE,TRUE
114895,TRUE,TRUE,TRUE,TRUE,TRUE
114897,TRUE,FALSE,FALSE,FALSE,TRUE
114898,TRUE,TRUE,TRUE,FALSE,TRUE
114899,FALSE,FALSE,FALSE,FALSE,TRUE
114900,TRUE,TRUE,TRUE,FALSE,TRUE
114901,TRUE,TRUE,TRUE,FALSE,TRUE
114903,TRUE,TRUE,TRUE,TRUE,FALSE
114904,TRUE,TRUE,TRUE,TRUE,TRUE
114905,FALSE,FALSE,FALSE,FALSE,TRUE
114906,FALSE,FALSE,FALSE,FALSE,TRUE
114911,TRUE,TRUE,TRUE,TRUE,TRUE
114912,TRUE,FALSE,FALSE,FALSE,TRUE
114914,TRUE,TRUE,TRUE,TRUE,TRUE
114916,FALSE,FALSE,FALSE,FALSE,TRUE
114917,TRUE,TRUE,TRUE,FALSE,TRUE
114918,TRUE,TRUE,TRUE,FALSE,TRUE
114919,FALSE,FALSE,FALSE,FALSE,TRUE
114922,FALSE,FALSE,FALSE,FALSE,TRUE
114928,TRUE,TRUE,TRUE,FALSE,TRUE
114930,FALSE,FALSE,FALSE,FALSE,TRUE
114932,TRUE,TRUE,TRUE,TRUE,TRUE
114934,FALSE,FALSE,FALSE,FALSE,TRUE
114936,TRUE,TRUE,TRUE,TRUE,TRUE
114939,FALSE,FALSE,FALSE,FALSE,TRUE
114940,TRUE,TRUE,TRUE,TRUE,TRUE
114942,TRUE,FALSE,FALSE,FALSE,TRUE
114945,TRUE,TRUE,TRUE,TRUE,TRUE
114947,TRUE,TRUE,TRUE,TRUE,TRUE
114951,TRUE,TRUE,TRUE,TRUE,TRUE
114952,TRUE,TRUE,TRUE,TRUE,TRUE
114955,TRUE,TRUE,TRUE,TRUE,FALSE
114956,TRUE,TRUE,TRUE,TRUE,TRUE
114957,TRUE,TRUE,TRUE,FALSE,TRUE
114959,TRUE,TRUE,TRUE,TRUE,TRUE
114961,TRUE,TRUE,TRUE,TRUE,TRUE
114962,TRUE,FALSE,FALSE,FALSE,TRUE
114963,FALSE,FALSE,FALSE,FALSE,TRUE
114964,FALSE,FALSE,FALSE,FALSE,FALSE
114965,TRUE,FALSE,FALSE,FALSE,TRUE
114966,TRUE,FALSE,FALSE,FALSE,TRUE
114968,TRUE,TRUE,TRUE,TRUE,TRUE
114969,TRUE,FALSE,FALSE,FALSE,TRUE
114970,FALSE,FALSE,FALSE,FALSE,TRUE
114972,TRUE,FALSE,FALSE,FALSE,TRUE
114973,TRUE,TRUE,TRUE,TRUE,TRUE
114974,TRUE,TRUE,TRUE,TRUE,TRUE
114976,FALSE,FALSE,FALSE,FALSE,TRUE
114977,TRUE,TRUE,TRUE,TRUE,TRUE
114978,FALSE,FALSE,FALSE,FALSE,TRUE
114979,TRUE,TRUE,TRUE,TRUE,TRUE
114980,FALSE,FALSE,FALSE,FALSE,TRUE
114981,FALSE,FALSE,FALSE,FALSE,TRUE
114982,TRUE,FALSE,FALSE,FALSE,TRUE
114984,TRUE,TRUE,TRUE,TRUE,TRUE
114987,TRUE,TRUE,TRUE,TRUE,TRUE
114989,FALSE,FALSE,FALSE,FALSE,TRUE
114991,FALSE,FALSE,FALSE,FALSE,TRUE
114992,TRUE,TRUE,TRUE,FALSE,TRUE
114993,TRUE,FALSE,FALSE,FALSE,TRUE
114994,TRUE,TRUE,TRUE,TRUE,TRUE
114995,TRUE,TRUE,TRUE,FALSE,TRUE
114996,TRUE,TRUE,TRUE,TRUE,TRUE
114998,TRUE,FALSE,FALSE,FALSE,TRUE
115000,TRUE,TRUE,TRUE,FALSE,TRUE
115003,TRUE,FALSE,FALSE,FALSE,FALSE
115004,TRUE,TRUE,TRUE,TRUE,TRUE
115006,TRUE,TRUE,TRUE,TRUE,TRUE
115009,TRUE,FALSE,FALSE,FALSE,TRUE
115010,TRUE,TRUE,TRUE,TRUE,TRUE
115012,TRUE,TRUE,TRUE,FALSE,TRUE
115013,FALSE,FALSE,FALSE,FALSE,TRUE
115016,TRUE,TRUE,TRUE,TRUE,TRUE
115017,FALSE,FALSE,FALSE,FALSE,TRUE
115018,FALSE,FALSE,FALSE,FALSE,TRUE
115019,TRUE,FALSE,FALSE,FALSE,TRUE
115020,TRUE,TRUE,TRUE,TRUE,TRUE
115022,TRUE,FALSE,FALSE,FALSE,TRUE
115023,TRUE,FALSE,FALSE,FALSE,TRUE
115028,FALSE,FALSE,FALSE,FALSE,TRUE
115030,TRUE,TRUE,TRUE,TRUE,FALSE
115032,FALSE,FALSE,FALSE,FALSE,TRUE
115034,TRUE,TRUE,TRUE,FALSE,TRUE
115035,TRUE,TRUE,TRUE,TRUE,TRUE
115036,TRUE,TRUE,TRUE,TRUE,TRUE
115038,TRUE,TRUE,TRUE,FALSE,TRUE
115040,TRUE,TRUE,TRUE,TRUE,TRUE
115044,TRUE,TRUE,TRUE,TRUE,TRUE
115045,TRUE,TRUE,TRUE,FALSE,TRUE
115050,FALSE,FALSE,FALSE,FALSE,TRUE
115053,FALSE,FALSE,FALSE,FALSE,TRUE
115054,TRUE,TRUE,TRUE,TRUE,TRUE
115055,TRUE,FALSE,FALSE,FALSE,TRUE
115056,FALSE,FALSE,FALSE,FALSE,TRUE
115057,FALSE,FALSE,FALSE,FALSE,TRUE
115059,TRUE,FALSE,FALSE,FALSE,TRUE
115062,TRUE,FALSE,FALSE,FALSE,TRUE
115063,FALSE,FALSE,FALSE,FALSE,TRUE
115064,TRUE,TRUE,TRUE,TRUE,TRUE
115065,TRUE,FALSE,FALSE,FALSE,TRUE
115066,TRUE,TRUE,TRUE,TRUE,TRUE
115067,TRUE,TRUE,TRUE,TRUE,TRUE
115069,TRUE,TRUE,TRUE,TRUE,TRUE
115072,TRUE,TRUE,TRUE,TRUE,TRUE
115073,TRUE,TRUE,TRUE,TRUE,TRUE
115074,TRUE,TRUE,TRUE,TRUE,TRUE
115079,TRUE,TRUE,TRUE,FALSE,FALSE
115080,FALSE,FALSE,FALSE,FALSE,TRUE
115082,TRUE,TRUE,TRUE,FALSE,TRUE
115083,FALSE,FALSE,FALSE,FALSE,TRUE
115086,TRUE,FALSE,FALSE,FALSE,TRUE
115087,TRUE,TRUE,TRUE,TRUE,TRUE
115088,FALSE,FALSE,FALSE,FALSE,TRUE
115089,TRUE,FALSE,FALSE,FALSE,TRUE
115090,TRUE,TRUE,TRUE,FALSE,TRUE
115092,TRUE,TRUE,TRUE,TRUE,TRUE
115093,TRUE,TRUE,TRUE,TRUE,TRUE
115094,TRUE,TRUE,TRUE,FALSE,TRUE
115096,TRUE,TRUE,TRUE,TRUE,TRUE
115097,TRUE,TRUE,TRUE,FALSE,TRUE
115098,FALSE,FALSE,FALSE,FALSE,TRUE
115100,FALSE,FALSE,FALSE,FALSE,TRUE
115102,TRUE,FALSE,FALSE,FALSE,TRUE
115103,FALSE,FALSE,FALSE,FALSE,TRUE
115107,TRUE,TRUE,TRUE,TRUE,TRUE
115108,FALSE,FALSE,FALSE,FALSE,TRUE
115109,TRUE,TRUE,TRUE,TRUE,TRUE
115110,FALSE,FALSE,FALSE,FALSE,TRUE
115111,TRUE,TRUE,TRUE,TRUE,TRUE
115113,FALSE,FALSE,FALSE,FALSE,TRUE
115114,FALSE,FALSE,FALSE,FALSE,TRUE
115115,FALSE,FALSE,FALSE,FALSE,TRUE
115116,TRUE,TRUE,TRUE,TRUE,TRUE
115118,FALSE,FALSE,FALSE,FALSE,TRUE
115119,TRUE,TRUE,TRUE,TRUE,TRUE
115120,FALSE,FALSE,FALSE,FALSE,TRUE
115123,FALSE,FALSE,FALSE,FALSE,TRUE
115125,FALSE,FALSE,FALSE,FALSE,TRUE
115128,TRUE,FALSE,FALSE,FALSE,TRUE
115129,FALSE,FALSE,FALSE,FALSE,TRUE
115131,FALSE,FALSE,FALSE,FALSE,FALSE
115134,TRUE,TRUE,TRUE,TRUE,TRUE
115135,FALSE,FALSE,FALSE,FALSE,TRUE
115137,TRUE,TRUE,TRUE,TRUE,TRUE
115138,TRUE,TRUE,FALSE,FALSE,TRUE
115142,FALSE,FALSE,FALSE,FALSE,TRUE
115143,FALSE,FALSE,FALSE,FALSE,TRUE
115144,TRUE,TRUE,TRUE,FALSE,FALSE
115147,FALSE,FALSE,FALSE,FALSE,TRUE
115148,TRUE,TRUE,TRUE,TRUE,TRUE
115149,TRUE,TRUE,TRUE,TRUE,TRUE
115150,FALSE,FALSE,FALSE,FALSE,TRUE
115151,TRUE,TRUE,TRUE,FALSE,TRUE
115152,TRUE,FALSE,FALSE,FALSE,TRUE
115153,FALSE,FALSE,FALSE,FALSE,TRUE
115154,TRUE,FALSE,FALSE,FALSE,TRUE
115158,TRUE,TRUE,TRUE,TRUE,TRUE
115159,TRUE,TRUE,TRUE,TRUE,TRUE
115161,TRUE,TRUE,TRUE,TRUE,TRUE
115163,TRUE,TRUE,TRUE,TRUE,TRUE
115164,TRUE,TRUE,TRUE,FALSE,TRUE
115165,TRUE,TRUE,FALSE,FALSE,TRUE
115167,TRUE,TRUE,FALSE,FALSE,TRUE
115168,TRUE,FALSE,FALSE,FALSE,TRUE
115169,FALSE,FALSE,FALSE,FALSE,TRUE
115170,TRUE,TRUE,TRUE,TRUE,TRUE
115172,TRUE,TRUE,TRUE,TRUE,TRUE
115173,TRUE,TRUE,TRUE,TRUE,TRUE
115174,TRUE,TRUE,TRUE,TRUE,TRUE
115183,FALSE,FALSE,FALSE,FALSE,TRUE
115185,TRUE,TRUE,TRUE,TRUE,TRUE
115186,FALSE,FALSE,FALSE,FALSE,TRUE
115188,TRUE,TRUE,TRUE,FALSE,TRUE
115194,TRUE,TRUE,TRUE,FALSE,TRUE
115196,TRUE,TRUE,TRUE,FALSE,TRUE
115197,TRUE,TRUE,TRUE,TRUE,TRUE
115199,TRUE,TRUE,TRUE,TRUE,FALSE
115201,TRUE,TRUE,TRUE,TRUE,TRUE
115202,FALSE,FALSE,FALSE,FALSE,TRUE
115203,TRUE,TRUE,TRUE,TRUE,TRUE
115208,FALSE,FALSE,FALSE,FALSE,TRUE
115209,FALSE,FALSE,FALSE,FALSE,TRUE
115212,TRUE,TRUE,TRUE,TRUE,TRUE
115213,TRUE,TRUE,TRUE,TRUE,TRUE
115217,FALSE,FALSE,FALSE,FALSE,TRUE
115218,TRUE,TRUE,TRUE,TRUE,TRUE
115219,TRUE,TRUE,TRUE,TRUE,TRUE
115220,TRUE,TRUE,TRUE,TRUE,TRUE
115221,TRUE,TRUE,TRUE,TRUE,TRUE
115224,FALSE,FALSE,FALSE,FALSE,TRUE
115226,TRUE,TRUE,TRUE,TRUE,TRUE
115230,TRUE,TRUE,FALSE,FALSE,TRUE
115231,TRUE,TRUE,TRUE,TRUE,TRUE
115233,TRUE,TRUE,FALSE,FALSE,TRUE
115234,FALSE,FALSE,FALSE,FALSE,TRUE
115235,TRUE,TRUE,TRUE,FALSE,TRUE
115237,TRUE,TRUE,TRUE,TRUE,TRUE
115238,TRUE,TRUE,TRUE,TRUE,TRUE
115239,FALSE,FALSE,FALSE,FALSE,TRUE
115240,FALSE,FALSE,FALSE,FALSE,TRUE
115242,FALSE,FALSE,FALSE,FALSE,TRUE
115244,FALSE,FALSE,FALSE,FALSE,TRUE
115245,FALSE,FALSE,FALSE,FALSE,TRUE
115250,FALSE,FALSE,FALSE,FALSE,TRUE
115252,FALSE,FALSE,FALSE,FALSE,TRUE
115255,TRUE,FALSE,FALSE,FALSE,FALSE
115258,TRUE,FALSE,FALSE,FALSE,TRUE
115260,TRUE,TRUE,FALSE,FALSE,TRUE
115262,TRUE,TRUE,TRUE,TRUE,TRUE
115263,FALSE,FALSE,FALSE,FALSE,TRUE
115264,TRUE,FALSE,FALSE,FALSE,TRUE
115265,TRUE,TRUE,TRUE,FALSE,TRUE
115267,FALSE,FALSE,FALSE,FALSE,TRUE
115268,TRUE,TRUE,TRUE,TRUE,TRUE
115269,TRUE,TRUE,TRUE,TRUE,FALSE
115271,FALSE,FALSE,FALSE,FALSE,TRUE
115273,FALSE,FALSE,FALSE,FALSE,TRUE
115276,TRUE,TRUE,TRUE,FALSE,TRUE
115277,TRUE,TRUE,TRUE,FALSE,TRUE
115278,TRUE,TRUE,TRUE,FALSE,TRUE
115279,TRUE,FALSE,FALSE,FALSE,TRUE
115280,TRUE,TRUE,TRUE,TRUE,TRUE
115281,FALSE,FALSE,FALSE,FALSE,TRUE
115282,TRUE,TRUE,TRUE,FALSE,TRUE
115283,TRUE,TRUE,FALSE,FALSE,TRUE
115284,FALSE,FALSE,FALSE,FALSE,TRUE
115285,TRUE,TRUE,TRUE,TRUE,TRUE
115291,TRUE,FALSE,FALSE,FALSE,TRUE
115292,TRUE,TRUE,TRUE,TRUE,TRUE
115294,TRUE,TRUE,TRUE,FALSE,TRUE
115295,TRUE,FALSE,FALSE,FALSE,TRUE
115299,TRUE,TRUE,TRUE,TRUE,TRUE
115300,TRUE,TRUE,TRUE,TRUE,TRUE
115303,TRUE,TRUE,TRUE,TRUE,FALSE
115304,FALSE,FALSE,FALSE,FALSE,TRUE
115306,TRUE,TRUE,TRUE,TRUE,TRUE
115308,FALSE,FALSE,FALSE,FALSE,TRUE
115310,FALSE,FALSE,FALSE,FALSE,TRUE
115311,FALSE,FALSE,FALSE,FALSE,TRUE
115313,FALSE,FALSE,FALSE,FALSE,TRUE
115314,TRUE,TRUE,TRUE,FALSE,TRUE
115316,TRUE,TRUE,TRUE,TRUE,TRUE
115317,TRUE,TRUE,TRUE,TRUE,TRUE
115318,TRUE,TRUE,TRUE,TRUE,TRUE
115319,TRUE,TRUE,TRUE,TRUE,TRUE
115320,TRUE,TRUE,TRUE,FALSE,TRUE
115322,FALSE,FALSE,FALSE,FALSE,FALSE
115324,TRUE,TRUE,TRUE,TRUE,TRUE
115325,TRUE,TRUE,TRUE,TRUE,FALSE
115327,TRUE,TRUE,TRUE,TRUE,TRUE
115329,TRUE,FALSE,FALSE,FALSE,TRUE
115331,TRUE,FALSE,FALSE,FALSE,TRUE
115333,TRUE,FALSE,FALSE,FALSE,TRUE
115335,FALSE,FALSE,FALSE,FALSE,TRUE
115337,TRUE,TRUE,TRUE,FALSE,TRUE
115341,TRUE,TRUE,TRUE,FALSE,FALSE
115343,TRUE,TRUE,TRUE,TRUE,TRUE
115346,FALSE,FALSE,FALSE,FALSE,TRUE
115347,TRUE,TRUE,TRUE,TRUE,TRUE
115348,FALSE,FALSE,FALSE,FALSE,TRUE
115349,TRUE,TRUE,TRUE,TRUE,TRUE
115350,TRUE,TRUE,TRUE,FALSE,TRUE
115353,TRUE,TRUE,TRUE,TRUE,TRUE
115354,TRUE,TRUE,TRUE,TRUE,TRUE
115356,TRUE,TRUE,TRUE,TRUE,TRUE
115358,TRUE,TRUE,TRUE,TRUE,TRUE
115359,FALSE,FALSE,FALSE,FALSE,TRUE
115362,TRUE,TRUE,TRUE,TRUE,TRUE
115364,TRUE,TRUE,FALSE,FALSE,FALSE
115365,FALSE,FALSE,FALSE,FALSE,TRUE
115366,TRUE,TRUE,TRUE,TRUE,TRUE
115367,TRUE,TRUE,TRUE,TRUE,FALSE
115371,TRUE,TRUE,TRUE,TRUE,TRUE
115373,TRUE,FALSE,FALSE,FALSE,TRUE
115375,FALSE,FALSE,FALSE,FALSE,TRUE
115377,FALSE,FALSE,FALSE,FALSE,TRUE
115381,TRUE,TRUE,TRUE,TRUE,TRUE
115382,TRUE,TRUE,TRUE,FALSE,TRUE
115383,TRUE,TRUE,TRUE,TRUE,TRUE
115384,TRUE,TRUE,TRUE,TRUE,TRUE
115386,TRUE,TRUE,TRUE,TRUE,TRUE
115389,TRUE,FALSE,FALSE,FALSE,TRUE
115392,TRUE,TRUE,TRUE,FALSE,TRUE
115393,FALSE,FALSE,FALSE,FALSE,TRUE
115394,TRUE,TRUE,TRUE,TRUE,TRUE
115398,TRUE,TRUE,TRUE,TRUE,TRUE
115399,TRUE,FALSE,FALSE,FALSE,TRUE
115401,TRUE,TRUE,TRUE,TRUE,TRUE
115402,TRUE,TRUE,TRUE,TRUE,TRUE
115403,FALSE,FALSE,FALSE,FALSE,TRUE
115406,TRUE,TRUE,TRUE,FALSE,TRUE
115407,TRUE,TRUE,TRUE,TRUE,TRUE
115408,TRUE,TRUE,TRUE,TRUE,TRUE
115409,TRUE,TRUE,TRUE,TRUE,FALSE
115410,TRUE,TRUE,TRUE,TRUE,TRUE
115411,TRUE,TRUE,TRUE,FALSE,FALSE
115412,TRUE,TRUE,TRUE,FALSE,TRUE
115413,TRUE,TRUE,TRUE,TRUE,TRUE
115414,FALSE,FALSE,FALSE,FALSE,TRUE
115415,TRUE,FALSE,FALSE,FALSE,TRUE
115416,TRUE,TRUE,TRUE,TRUE,TRUE
115418,TRUE,TRUE,TRUE,TRUE,TRUE
115419,TRUE,TRUE,TRUE,FALSE,TRUE
115420,TRUE,TRUE,TRUE,TRUE,TRUE
115421,TRUE,TRUE,TRUE,FALSE,TRUE
115425,FALSE,FALSE,FALSE,FALSE,TRUE
115426,TRUE,TRUE,TRUE,FALSE,TRUE
115429,TRUE,TRUE,TRUE,TRUE,TRUE
115434,TRUE,TRUE,TRUE,TRUE,TRUE
115437,TRUE,FALSE,FALSE,FALSE,TRUE
115440,FALSE,FALSE,FALSE,FALSE,TRUE
115441,TRUE,TRUE,TRUE,TRUE,TRUE
115442,TRUE,TRUE,TRUE,TRUE,TRUE
115444,TRUE,TRUE,TRUE,TRUE,TRUE
115445,TRUE,FALSE,FALSE,FALSE,TRUE
115447,TRUE,TRUE,TRUE,FALSE,TRUE
115449,TRUE,TRUE,TRUE,FALSE,TRUE
115450,TRUE,TRUE,TRUE,TRUE,TRUE
115451,TRUE,FALSE,FALSE,FALSE,TRUE
115454,TRUE,TRUE,TRUE,TRUE,TRUE
115455,FALSE,FALSE,FALSE,FALSE,TRUE
115456,TRUE,TRUE,TRUE,TRUE,TRUE
115457,TRUE,TRUE,TRUE,FALSE,TRUE
115458,TRUE,FALSE,FALSE,FALSE,TRUE
115461,TRUE,FALSE,FALSE,FALSE,FALSE
115462,FALSE,FALSE,FALSE,FALSE,TRUE
115463,TRUE,TRUE,TRUE,FALSE,FALSE
115466,TRUE,TRUE,TRUE,TRUE,TRUE
115468,TRUE,TRUE,TRUE,TRUE,TRUE
115469,FALSE,FALSE,FALSE,FALSE,TRUE
115470,TRUE,TRUE,TRUE,TRUE,TRUE
115471,TRUE,TRUE,TRUE,TRUE,TRUE
115472,TRUE,TRUE,TRUE,TRUE,TRUE
115473,FALSE,FALSE,FALSE,FALSE,TRUE
115475,FALSE,FALSE,FALSE,FALSE,TRUE
115476,TRUE,TRUE,TRUE,FALSE,TRUE
115480,TRUE,TRUE,FALSE,FALSE,TRUE
115482,FALSE,FALSE,FALSE,FALSE,TRUE
115483,TRUE,FALSE,FALSE,FALSE,TRUE
115487,TRUE,TRUE,TRUE,FALSE,TRUE
115488,FALSE,FALSE,FALSE,FALSE,TRUE
115491,TRUE,FALSE,FALSE,FALSE,TRUE
115492,TRUE,TRUE,TRUE,FALSE,TRUE
115496,FALSE,FALSE,FALSE,FALSE,TRUE
115497,TRUE,TRUE,TRUE,TRUE,TRUE
115499,TRUE,TRUE,TRUE,TRUE,TRUE
115500,TRUE,TRUE,TRUE,TRUE,TRUE
115501,TRUE,TRUE,TRUE,FALSE,TRUE
115503,TRUE,TRUE,TRUE,TRUE,TRUE
115504,FALSE,FALSE,FALSE,FALSE,TRUE
115507,TRUE,TRUE,TRUE,TRUE,TRUE
115510,TRUE,TRUE,TRUE,FALSE,TRUE
115513,TRUE,FALSE,FALSE,FALSE,FALSE
115516,TRUE,TRUE,TRUE,FALSE,TRUE
115517,TRUE,TRUE,TRUE,TRUE,TRUE
115518,TRUE,TRUE,FALSE,FALSE,FALSE
115519,TRUE,TRUE,TRUE,FALSE,TRUE
115520,FALSE,FALSE,FALSE,FALSE,TRUE
115521,FALSE,FALSE,FALSE,FALSE,TRUE
115526,TRUE,TRUE,TRUE,FALSE,TRUE
115527,FALSE,FALSE,FALSE,FALSE,TRUE
115528,TRUE,TRUE,TRUE,FALSE,TRUE
115529,TRUE,TRUE,TRUE,FALSE,TRUE
115530,TRUE,TRUE,TRUE,TRUE,TRUE
115532,TRUE,TRUE,TRUE,TRUE,TRUE
115533,TRUE,TRUE,TRUE,TRUE,TRUE
115534,FALSE,FALSE,FALSE,FALSE,TRUE
115535,TRUE,TRUE,TRUE,TRUE,TRUE
115540,TRUE,TRUE,TRUE,TRUE,TRUE
115542,TRUE,TRUE,TRUE,TRUE,TRUE
115543,FALSE,FALSE,FALSE,FALSE,TRUE
115544,TRUE,TRUE,TRUE,TRUE,TRUE
115546,FALSE,FALSE,FALSE,FALSE,TRUE
115549,FALSE,FALSE,FALSE,FALSE,TRUE
115550,TRUE,TRUE,TRUE,TRUE,TRUE
115551,FALSE,FALSE,FALSE,FALSE,TRUE
115553,TRUE,TRUE,TRUE,FALSE,TRUE
115554,FALSE,FALSE,FALSE,FALSE,TRUE
115555,TRUE,TRUE,TRUE,TRUE,TRUE
115556,FALSE,FALSE,FALSE,FALSE,TRUE
115557,FALSE,FALSE,FALSE,FALSE,TRUE
115558,TRUE,TRUE,TRUE,TRUE,TRUE
115559,TRUE,TRUE,TRUE,TRUE,TRUE
115560,TRUE,FALSE,FALSE,FALSE,TRUE
115561,TRUE,TRUE,TRUE,TRUE,TRUE
115563,TRUE,TRUE,TRUE,TRUE,TRUE
115567,TRUE,TRUE,TRUE,TRUE,TRUE
115568,FALSE,FALSE,FALSE,FALSE,TRUE
115569,TRUE,FALSE,FALSE,FALSE,TRUE
115570,TRUE,TRUE,FALSE,FALSE,TRUE
115572,FALSE,FALSE,FALSE,FALSE,TRUE
115574,TRUE,TRUE,TRUE,TRUE,TRUE
115576,FALSE,FALSE,FALSE,FALSE,TRUE
115577,FALSE,FALSE,FALSE,FALSE,TRUE
115578,TRUE,TRUE,TRUE,TRUE,TRUE
115580,FALSE,FALSE,FALSE,FALSE,TRUE
115581,FALSE,FALSE,FALSE,FALSE,TRUE
115584,FALSE,FALSE,FALSE,FALSE,TRUE
115585,TRUE,TRUE,TRUE,TRUE,FALSE
115586,FALSE,FALSE,FALSE,FALSE,TRUE
115588,TRUE,FALSE,FALSE,FALSE,TRUE
115589,TRUE,TRUE,TRUE,TRUE,TRUE
115590,TRUE,TRUE,TRUE,TRUE,TRUE
115592,FALSE,FALSE,FALSE,FALSE,TRUE
115593,TRUE,TRUE,TRUE,TRUE,TRUE
115595,TRUE,TRUE,TRUE,FALSE,TRUE
115596,TRUE,TRUE,TRUE,FALSE,TRUE
115599,FALSE,FALSE,FALSE,FALSE,TRUE
115600,TRUE,TRUE,TRUE,TRUE,FALSE
115601,TRUE,TRUE,TRUE,TRUE,TRUE
115602,FALSE,FALSE,FALSE,FALSE,FALSE
115603,TRUE,TRUE,TRUE,FALSE,TRUE
115605,TRUE,FALSE,FALSE,FALSE,TRUE
115607,TRUE,FALSE,FALSE,FALSE,TRUE
115608,TRUE,TRUE,TRUE,TRUE,TRUE
115610,TRUE,TRUE,TRUE,FALSE,TRUE
115612,TRUE,TRUE,TRUE,TRUE,TRUE
115613,TRUE,TRUE,TRUE,FALSE,TRUE
115614,TRUE,TRUE,TRUE,TRUE,TRUE
115615,TRUE,TRUE,TRUE,TRUE,TRUE
115616,FALSE,FALSE,FALSE,FALSE,TRUE
115617,FALSE,FALSE,FALSE,FALSE,TRUE
115618,FALSE,FALSE,FALSE,FALSE,TRUE
115619,FALSE,FALSE,FALSE,FALSE,TRUE
115621,TRUE,TRUE,TRUE,FALSE,TRUE
115622,TRUE,TRUE,TRUE,FALSE,FALSE
115623,FALSE,FALSE,FALSE,FALSE,TRUE
115625,TRUE,TRUE,TRUE,TRUE,TRUE
115626,TRUE,TRUE,TRUE,FALSE,TRUE
115628,TRUE,TRUE,TRUE,TRUE,TRUE
115629,TRUE,TRUE,TRUE,FALSE,TRUE
115631,FALSE,FALSE,FALSE,FALSE,TRUE
115632,FALSE,FALSE,FALSE,FALSE,TRUE
115634,TRUE,TRUE,TRUE,TRUE,TRUE
115635,TRUE,TRUE,TRUE,FALSE,FALSE
115637,FALSE,FALSE,FALSE,FALSE,FALSE
115638,TRUE,FALSE,FALSE,FALSE,TRUE
115640,TRUE,TRUE,TRUE,TRUE,FALSE
115648,FALSE,FALSE,FALSE,FALSE,TRUE
115649,TRUE,TRUE,TRUE,FALSE,TRUE
115650,FALSE,FALSE,FALSE,FALSE,FALSE
115652,TRUE,TRUE,TRUE,TRUE,TRUE
115653,TRUE,TRUE,TRUE,TRUE,TRUE
115655,FALSE,FALSE,FALSE,FALSE,TRUE
115657,TRUE,TRUE,TRUE,TRUE,TRUE
115659,FALSE,FALSE,FALSE,FALSE,TRUE
115660,TRUE,FALSE,FALSE,FALSE,TRUE
115661,FALSE,FALSE,FALSE,FALSE,TRUE
115662,TRUE,FALSE,FALSE,FALSE,TRUE
115663,TRUE,TRUE,TRUE,TRUE,TRUE
115664,TRUE,TRUE,TRUE,TRUE,TRUE
115665,TRUE,FALSE,FALSE,FALSE,TRUE
115667,TRUE,FALSE,FALSE,FALSE,TRUE
115670,FALSE,FALSE,FALSE,FALSE,TRUE
115672,TRUE,TRUE,TRUE,TRUE,TRUE
115673,FALSE,FALSE,FALSE,FALSE,TRUE
115674,FALSE,FALSE,FALSE,FALSE,TRUE
115675,FALSE,FALSE,FALSE,FALSE,TRUE
115676,TRUE,TRUE,TRUE,TRUE,TRUE
115678,TRUE,TRUE,TRUE,TRUE,TRUE
115679,FALSE,FALSE,FALSE,FALSE,TRUE
115681,TRUE,FALSE,FALSE,FALSE,FALSE
115683,FALSE,FALSE,FALSE,FALSE,TRUE
115685,TRUE,TRUE,FALSE,FALSE,TRUE
115686,TRUE,TRUE,TRUE,TRUE,TRUE
115687,TRUE,TRUE,TRUE,TRUE,TRUE
115688,FALSE,FALSE,FALSE,FALSE,TRUE
115689,TRUE,TRUE,TRUE,TRUE,TRUE
115692,FALSE,FALSE,FALSE,FALSE,TRUE
115695,TRUE,TRUE,TRUE,TRUE,TRUE
115696,FALSE,FALSE,FALSE,FALSE,TRUE
115697,TRUE,TRUE,TRUE,TRUE,TRUE
115700,TRUE,TRUE,TRUE,FALSE,TRUE
115701,FALSE,FALSE,FALSE,FALSE,TRUE
115703,TRUE,TRUE,TRUE,TRUE,TRUE
115704,TRUE,FALSE,FALSE,FALSE,TRUE
115705,TRUE,TRUE,TRUE,TRUE,TRUE
115707,TRUE,FALSE,FALSE,FALSE,TRUE
115708,TRUE,TRUE,TRUE,TRUE,TRUE
115709,TRUE,TRUE,TRUE,TRUE,TRUE
115711,FALSE,FALSE,FALSE,FALSE,TRUE
115714,TRUE,TRUE,TRUE,TRUE,TRUE
115717,FALSE,FALSE,FALSE,FALSE,TRUE
115718,FALSE,FALSE,FALSE,FALSE,TRUE
115719,FALSE,FALSE,FALSE,FALSE,TRUE
115720,TRUE,TRUE,TRUE,TRUE,TRUE
115722,TRUE,TRUE,TRUE,FALSE,TRUE
115725,TRUE,TRUE,TRUE,TRUE,TRUE
115726,TRUE,FALSE,FALSE,FALSE,TRUE
115727,TRUE,TRUE,TRUE,TRUE,TRUE
115728,TRUE,TRUE,TRUE,FALSE,TRUE
115731,TRUE,TRUE,TRUE,TRUE,TRUE
115733,FALSE,FALSE,FALSE,FALSE,TRUE
115734,TRUE,TRUE,TRUE,FALSE,FALSE
115741,TRUE,TRUE,TRUE,FALSE,TRUE
115742,FALSE,FALSE,FALSE,FALSE,TRUE
115743,TRUE,TRUE,TRUE,TRUE,TRUE
115746,TRUE,TRUE,TRUE,TRUE,TRUE
115747,FALSE,FALSE,FALSE,FALSE,TRUE
115749,FALSE,FALSE,FALSE,FALSE,TRUE
115753,TRUE,TRUE,TRUE,TRUE,TRUE
115754,FALSE,FALSE,FALSE,FALSE,TRUE
115755,FALSE,FALSE,FALSE,FALSE,FALSE
115756,FALSE,FALSE,FALSE,FALSE,TRUE
115758,FALSE,FALSE,FALSE,FALSE,TRUE
115759,FALSE,FALSE,FALSE,FALSE,TRUE
115761,TRUE,TRUE,TRUE,FALSE,FALSE
115763,TRUE,TRUE,TRUE,TRUE,TRUE
115770,TRUE,FALSE,FALSE,FALSE,TRUE
115772,TRUE,TRUE,TRUE,TRUE,TRUE
115773,TRUE,TRUE,TRUE,FALSE,TRUE
115774,TRUE,TRUE,TRUE,FALSE,TRUE
115776,TRUE,TRUE,TRUE,TRUE,TRUE
115777,TRUE,FALSE,FALSE,FALSE,TRUE
115778,TRUE,TRUE,TRUE,FALSE,TRUE
115780,TRUE,TRUE,TRUE,TRUE,TRUE
115782,FALSE,FALSE,FALSE,FALSE,FALSE
115783,FALSE,FALSE,FALSE,FALSE,TRUE
115786,TRUE,TRUE,TRUE,FALSE,TRUE
115791,TRUE,TRUE,TRUE,TRUE,TRUE
115792,TRUE,TRUE,TRUE,FALSE,TRUE
115793,TRUE,TRUE,TRUE,TRUE,TRUE
115797,TRUE,FALSE,FALSE,FALSE,TRUE
115799,TRUE,TRUE,TRUE,TRUE,TRUE
115800,TRUE,TRUE,TRUE,TRUE,TRUE
115802,TRUE,TRUE,TRUE,TRUE,TRUE
115803,TRUE,FALSE,FALSE,FALSE,FALSE
115806,FALSE,FALSE,FALSE,FALSE,TRUE
115807,TRUE,TRUE,TRUE,TRUE,TRUE
115810,TRUE,TRUE,FALSE,FALSE,TRUE
115811,TRUE,TRUE,TRUE,TRUE,TRUE
115813,FALSE,FALSE,FALSE,FALSE,TRUE
115814,TRUE,TRUE,TRUE,TRUE,TRUE
115820,TRUE,FALSE,FALSE,FALSE,FALSE
115824,TRUE,FALSE,FALSE,FALSE,FALSE
115854,FALSE,FALSE,FALSE,FALSE,FALSE
115857,TRUE,TRUE,TRUE,FALSE,FALSE
115877,TRUE,TRUE,TRUE,TRUE,FALSE
115883,FALSE,FALSE,FALSE,FALSE,FALSE
115888,TRUE,TRUE,TRUE,TRUE,FALSE
115899,TRUE,TRUE,TRUE,TRUE,FALSE
115903,TRUE,TRUE,TRUE,TRUE,FALSE
115907,FALSE,FALSE,FALSE,FALSE,FALSE
115912,TRUE,TRUE,TRUE,TRUE,FALSE
115918,TRUE,TRUE,TRUE,FALSE,FALSE
115919,TRUE,FALSE,FALSE,FALSE,FALSE
115922,TRUE,TRUE,TRUE,TRUE,FALSE
115934,TRUE,TRUE,TRUE,TRUE,FALSE
115937,TRUE,TRUE,TRUE,TRUE,FALSE
115941,TRUE,TRUE,TRUE,TRUE,FALSE
115967,TRUE,TRUE,TRUE,TRUE,FALSE
115983,TRUE,TRUE,TRUE,TRUE,FALSE
115998,TRUE,TRUE,TRUE,FALSE,FALSE
116005,TRUE,TRUE,TRUE,TRUE,FALSE
116027,TRUE,TRUE,TRUE,TRUE,FALSE
116048,TRUE,FALSE,FALSE,FALSE,FALSE
116049,TRUE,TRUE,TRUE,TRUE,FALSE
116071,FALSE,FALSE,FALSE,FALSE,FALSE
116094,TRUE,TRUE,TRUE,FALSE,FALSE
116105,TRUE,TRUE,TRUE,FALSE,FALSE
116111,TRUE,TRUE,FALSE,FALSE,FALSE
116114,FALSE,FALSE,FALSE,FALSE,FALSE
116185,FALSE,FALSE,FALSE,FALSE,FALSE
116207,TRUE,TRUE,TRUE,TRUE,FALSE
116215,TRUE,FALSE,FALSE,FALSE,FALSE
116228,TRUE,TRUE,TRUE,FALSE,FALSE
116242,FALSE,FALSE,FALSE,FALSE,FALSE
116265,TRUE,TRUE,TRUE,TRUE,FALSE
116287,TRUE,TRUE,TRUE,TRUE,FALSE
116289,FALSE,FALSE,FALSE,FALSE,FALSE
116322,TRUE,TRUE,TRUE,TRUE,FALSE
116323,FALSE,FALSE,FALSE,FALSE,FALSE
116331,TRUE,TRUE,TRUE,FALSE,FALSE
116353,TRUE,TRUE,TRUE,FALSE,FALSE
116385,TRUE,TRUE,TRUE,TRUE,FALSE
116401,TRUE,FALSE,FALSE,FALSE,FALSE
116416,FALSE,FALSE,FALSE,FALSE,FALSE
116426,FALSE,FALSE,FALSE,FALSE,FALSE
116428,TRUE,TRUE,TRUE,TRUE,FALSE
116439,TRUE,TRUE,TRUE,FALSE,FALSE
116457,FALSE,FALSE,FALSE,FALSE,FALSE
116491,TRUE,FALSE,FALSE,FALSE,FALSE
116492,TRUE,TRUE,TRUE,TRUE,FALSE
116532,FALSE,FALSE,FALSE,FALSE,FALSE
116552,TRUE,TRUE,TRUE,FALSE,FALSE
116558,TRUE,TRUE,TRUE,TRUE,FALSE
116576,TRUE,TRUE,TRUE,TRUE,FALSE
116626,FALSE,FALSE,FALSE,FALSE,FALSE
116632,TRUE,TRUE,TRUE,TRUE,FALSE
116637,TRUE,TRUE,TRUE,TRUE,FALSE
116646,TRUE,TRUE,TRUE,TRUE,FALSE
116650,TRUE,FALSE,FALSE,FALSE,FALSE
116666,TRUE,TRUE,TRUE,TRUE,FALSE
116686,TRUE,TRUE,TRUE,FALSE,FALSE
116709,TRUE,FALSE,FALSE,FALSE,FALSE
116716,TRUE,TRUE,TRUE,TRUE,FALSE
116731,TRUE,TRUE,TRUE,FALSE,FALSE
116737,TRUE,TRUE,TRUE,FALSE,FALSE
116760,TRUE,TRUE,TRUE,FALSE,FALSE
116771,TRUE,TRUE,TRUE,TRUE,FALSE
116807,FALSE,FALSE,FALSE,FALSE,FALSE
116846,FALSE,FALSE,FALSE,FALSE,FALSE
116880,TRUE,TRUE,TRUE,TRUE,FALSE
116900,TRUE,TRUE,TRUE,FALSE,FALSE
116902,FALSE,FALSE,FALSE,FALSE,FALSE
116922,TRUE,TRUE,TRUE,TRUE,FALSE
116937,TRUE,TRUE,TRUE,TRUE,FALSE
116953,FALSE,FALSE,FALSE,FALSE,FALSE
116958,FALSE,FALSE,FALSE,FALSE,FALSE
116984,TRUE,TRUE,TRUE,TRUE,FALSE
117021,FALSE,FALSE,FALSE,FALSE,FALSE
117026,TRUE,TRUE,TRUE,TRUE,FALSE
117079,TRUE,TRUE,TRUE,FALSE,FALSE
117082,TRUE,TRUE,TRUE,TRUE,FALSE
117084,TRUE,TRUE,TRUE,TRUE,FALSE
117086,TRUE,FALSE,FALSE,FALSE,FALSE
117091,FALSE,FALSE,FALSE,FALSE,FALSE
117097,TRUE,TRUE,TRUE,TRUE,FALSE
117137,FALSE,FALSE,FALSE,FALSE,FALSE
117143,FALSE,FALSE,FALSE,FALSE,FALSE
117180,TRUE,TRUE,TRUE,FALSE,FALSE
117188,TRUE,FALSE,FALSE,FALSE,FALSE
117190,TRUE,FALSE,FALSE,FALSE,FALSE
117194,FALSE,FALSE,FALSE,FALSE,FALSE
117202,FALSE,FALSE,FALSE,FALSE,FALSE
117205,FALSE,FALSE,FALSE,FALSE,FALSE
117213,TRUE,TRUE,TRUE,TRUE,FALSE
117233,TRUE,TRUE,TRUE,TRUE,FALSE
117236,TRUE,TRUE,TRUE,FALSE,FALSE
117239,TRUE,TRUE,TRUE,TRUE,FALSE
117247,TRUE,TRUE,TRUE,TRUE,FALSE
117257,TRUE,FALSE,FALSE,FALSE,FALSE
117258,TRUE,TRUE,TRUE,TRUE,FALSE
117265,TRUE,TRUE,TRUE,FALSE,FALSE
117294,FALSE,FALSE,FALSE,FALSE,FALSE
117302,TRUE,TRUE,TRUE,FALSE,FALSE
117308,TRUE,TRUE,TRUE,FALSE,FALSE
117367,TRUE,TRUE,TRUE,FALSE,FALSE
117370,FALSE,FALSE,FALSE,FALSE,FALSE
117390,TRUE,TRUE,TRUE,TRUE,FALSE
117401,TRUE,TRUE,TRUE,TRUE,FALSE
117434,FALSE,FALSE,FALSE,FALSE,FALSE
117453,TRUE,FALSE,FALSE,FALSE,FALSE
117455,TRUE,TRUE,TRUE,TRUE,FALSE
117487,FALSE,FALSE,FALSE,FALSE,FALSE
117505,TRUE,FALSE,FALSE,FALSE,FALSE
117508,TRUE,TRUE,TRUE,TRUE,FALSE
117515,TRUE,TRUE,FALSE,FALSE,FALSE
117525,TRUE,TRUE,TRUE,TRUE,FALSE
117547,TRUE,TRUE,TRUE,FALSE,FALSE
117552,TRUE,FALSE,FALSE,FALSE,FALSE
117557,FALSE,FALSE,FALSE,FALSE,FALSE
117564,TRUE,TRUE,TRUE,TRUE,FALSE
117566,TRUE,TRUE,TRUE,FALSE,FALSE
117574,TRUE,TRUE,TRUE,TRUE,FALSE
117578,TRUE,TRUE,TRUE,FALSE,FALSE
117581,TRUE,FALSE,FALSE,FALSE,FALSE
117636,FALSE,FALSE,FALSE,FALSE,FALSE
117641,TRUE,TRUE,TRUE,FALSE,FALSE
117644,FALSE,FALSE,FALSE,FALSE,FALSE
117682,TRUE,FALSE,FALSE,FALSE,FALSE
117683,TRUE,TRUE,TRUE,FALSE,FALSE
117704,TRUE,TRUE,TRUE,TRUE,FALSE
117736,TRUE,TRUE,TRUE,TRUE,FALSE
117737,TRUE,TRUE,TRUE,TRUE,FALSE
117752,FALSE,FALSE,FALSE,FALSE,FALSE
117755,FALSE,FALSE,FALSE,FALSE,FALSE
117761,TRUE,FALSE,FALSE,FALSE,FALSE
117785,TRUE,TRUE,TRUE,TRUE,FALSE
117820,FALSE,FALSE,FALSE,FALSE,FALSE
117823,TRUE,TRUE,TRUE,FALSE,FALSE
117839,TRUE,FALSE,FALSE,FALSE,FALSE
117844,TRUE,TRUE,TRUE,TRUE,FALSE
117848,FALSE,FALSE,FALSE,FALSE,FALSE
117854,TRUE,TRUE,TRUE,FALSE,FALSE
117862,TRUE,FALSE,FALSE,FALSE,FALSE
117889,TRUE,TRUE,TRUE,FALSE,FALSE
117910,FALSE,FALSE,FALSE,FALSE,FALSE
117925,TRUE,TRUE,TRUE,TRUE,FALSE
117941,TRUE,TRUE,TRUE,FALSE,FALSE
117950,FALSE,FALSE,FALSE,FALSE,FALSE
117968,TRUE,FALSE,FALSE,FALSE,FALSE
117971,TRUE,FALSE,FALSE,FALSE,FALSE
117981,TRUE,TRUE,TRUE,FALSE,FALSE
117994,FALSE,FALSE,FALSE,FALSE,FALSE
118012,FALSE,FALSE,FALSE,FALSE,FALSE
118016,TRUE,TRUE,TRUE,TRUE,FALSE
118021,TRUE,FALSE,FALSE,FALSE,FALSE
118061,TRUE,FALSE,FALSE,FALSE,FALSE
118100,TRUE,TRUE,TRUE,FALSE,FALSE
118119,FALSE,FALSE,FALSE,FALSE,FALSE
118131,FALSE,FALSE,FALSE,FALSE,FALSE
118133,FALSE,FALSE,FALSE,FALSE,FALSE
118167,FALSE,FALSE,FALSE,FALSE,FALSE
118176,TRUE,TRUE,TRUE,FALSE,FALSE
118197,TRUE,TRUE,TRUE,FALSE,FALSE
118221,FALSE,FALSE,FALSE,FALSE,FALSE
118235,TRUE,TRUE,TRUE,TRUE,FALSE
118247,TRUE,TRUE,TRUE,FALSE,FALSE
118289,FALSE,FALSE,FALSE,FALSE,FALSE
118291,TRUE,TRUE,TRUE,TRUE,FALSE
118328,FALSE,FALSE,FALSE,FALSE,FALSE
118329,TRUE,TRUE,TRUE,TRUE,FALSE
118403,TRUE,TRUE,TRUE,TRUE,FALSE
118442,FALSE,FALSE,FALSE,FALSE,FALSE
118466,FALSE,FALSE,FALSE,FALSE,FALSE
118536,TRUE,TRUE,TRUE,FALSE,FALSE
118569,FALSE,FALSE,FALSE,FALSE,FALSE
118576,FALSE,FALSE,FALSE,FALSE,FALSE
118586,TRUE,TRUE,TRUE,TRUE,FALSE
118607,TRUE,TRUE,TRUE,TRUE,FALSE
118611,TRUE,TRUE,TRUE,TRUE,FALSE
118627,TRUE,TRUE,TRUE,TRUE,FALSE
118653,TRUE,TRUE,TRUE,TRUE,FALSE
118661,FALSE,FALSE,FALSE,FALSE,FALSE
118706,TRUE,TRUE,TRUE,TRUE,FALSE
118733,TRUE,FALSE,FALSE,FALSE,FALSE
118761,FALSE,FALSE,FALSE,FALSE,FALSE
118779,TRUE,TRUE,TRUE,TRUE,FALSE
118786,FALSE,FALSE,FALSE,FALSE,FALSE
118791,FALSE,FALSE,FALSE,FALSE,FALSE
118818,TRUE,TRUE,TRUE,FALSE,FALSE
118841,TRUE,FALSE,FALSE,FALSE,FALSE
118842,FALSE,FALSE,FALSE,FALSE,FALSE
118860,TRUE,TRUE,TRUE,FALSE,FALSE
118884,FALSE,FALSE,FALSE,FALSE,FALSE
118889,FALSE,FALSE,FALSE,FALSE,FALSE
118897,TRUE,TRUE,TRUE,TRUE,FALSE
118905,TRUE,TRUE,TRUE,TRUE,FALSE
118914,TRUE,TRUE,TRUE,FALSE,FALSE
118917,FALSE,FALSE,FALSE,FALSE,FALSE
118923,TRUE,TRUE,TRUE,TRUE,FALSE
118963,FALSE,FALSE,FALSE,FALSE,FALSE
118990,TRUE,TRUE,TRUE,TRUE,FALSE
119000,TRUE,TRUE,TRUE,TRUE,FALSE
119040,TRUE,FALSE,FALSE,FALSE,FALSE
119078,FALSE,FALSE,FALSE,FALSE,FALSE
119111,FALSE,FALSE,FALSE,FALSE,FALSE
119144,TRUE,FALSE,FALSE,FALSE,FALSE
119199,TRUE,TRUE,TRUE,FALSE,FALSE
119257,TRUE,TRUE,TRUE,FALSE,FALSE
119261,TRUE,TRUE,TRUE,TRUE,FALSE
119265,TRUE,TRUE,TRUE,TRUE,FALSE
119267,FALSE,FALSE,FALSE,FALSE,FALSE
119283,FALSE,FALSE,FALSE,FALSE,FALSE
119303,TRUE,FALSE,FALSE,FALSE,FALSE
119314,TRUE,FALSE,FALSE,FALSE,FALSE
119333,FALSE,FALSE,FALSE,FALSE,FALSE
119376,TRUE,TRUE,TRUE,TRUE,FALSE
119378,TRUE,TRUE,TRUE,TRUE,FALSE
119394,TRUE,FALSE,FALSE,FALSE,FALSE
119402,FALSE,FALSE,FALSE,FALSE,FALSE
119411,FALSE,FALSE,FALSE,FALSE,FALSE
119450,TRUE,TRUE,FALSE,FALSE,FALSE
119472,FALSE,FALSE,FALSE,FALSE,FALSE
119479,TRUE,TRUE,TRUE,TRUE,FALSE
119480,TRUE,TRUE,TRUE,TRUE,FALSE
119533,FALSE,FALSE,FALSE,FALSE,FALSE
119540,TRUE,FALSE,FALSE,FALSE,FALSE
119542,TRUE,TRUE,FALSE,FALSE,FALSE
119544,TRUE,FALSE,FALSE,FALSE,FALSE
119572,TRUE,TRUE,TRUE,FALSE,FALSE
119579,FALSE,FALSE,FALSE,FALSE,FALSE
119692,TRUE,TRUE,TRUE,FALSE,FALSE
119701,FALSE,FALSE,FALSE,FALSE,FALSE
119723,TRUE,TRUE,TRUE,TRUE,FALSE
119778,FALSE,FALSE,FALSE,FALSE,FALSE
119827,FALSE,FALSE,FALSE,FALSE,FALSE
119837,FALSE,FALSE,FALSE,FALSE,FALSE
119862,TRUE,TRUE,TRUE,TRUE,FALSE
119887,TRUE,TRUE,TRUE,TRUE,FALSE
119892,FALSE,FALSE,FALSE,FALSE,FALSE
119907,TRUE,TRUE,TRUE,TRUE,FALSE
119914,TRUE,TRUE,TRUE,TRUE,FALSE
119931,FALSE,FALSE,FALSE,FALSE,FALSE
119932,TRUE,TRUE,TRUE,TRUE,FALSE
119933,FALSE,FALSE,FALSE,FALSE,FALSE
120026,TRUE,FALSE,FALSE,FALSE,FALSE
120028,TRUE,FALSE,FALSE,FALSE,FALSE
120091,TRUE,TRUE,TRUE,TRUE,FALSE
120111,FALSE,FALSE,FALSE,FALSE,FALSE
120121,FALSE,FALSE,FALSE,FALSE,FALSE
120145,TRUE,TRUE,TRUE,FALSE,FALSE
120157,TRUE,FALSE,FALSE,FALSE,FALSE
120174,TRUE,TRUE,TRUE,FALSE,FALSE
120178,TRUE,FALSE,FALSE,FALSE,FALSE
120187,FALSE,FALSE,FALSE,FALSE,FALSE
120189,TRUE,TRUE,TRUE,TRUE,FALSE
120192,FALSE,FALSE,FALSE,FALSE,FALSE
120206,TRUE,TRUE,TRUE,TRUE,FALSE
120231,TRUE,TRUE,TRUE,TRUE,FALSE
120253,TRUE,TRUE,TRUE,TRUE,FALSE
120265,TRUE,FALSE,FALSE,FALSE,FALSE
120274,TRUE,TRUE,TRUE,FALSE,FALSE
120334,TRUE,TRUE,TRUE,TRUE,FALSE
120384,TRUE,TRUE,FALSE,FALSE,FALSE
120407,TRUE,TRUE,TRUE,FALSE,FALSE
120413,TRUE,TRUE,TRUE,TRUE,FALSE
120440,TRUE,TRUE,TRUE,TRUE,FALSE
120445,TRUE,TRUE,TRUE,TRUE,FALSE
120530,TRUE,TRUE,TRUE,TRUE,FALSE
120542,FALSE,FALSE,FALSE,FALSE,FALSE
120547,TRUE,FALSE,FALSE,FALSE,FALSE
120561,TRUE,TRUE,TRUE,TRUE,FALSE
120611,FALSE,FALSE,FALSE,FALSE,FALSE
120626,TRUE,TRUE,TRUE,TRUE,FALSE
120627,TRUE,TRUE,TRUE,FALSE,FALSE
120628,TRUE,TRUE,TRUE,TRUE,FALSE
120658,TRUE,TRUE,TRUE,TRUE,FALSE
120669,FALSE,FALSE,FALSE,FALSE,FALSE
120695,FALSE,FALSE,FALSE,FALSE,FALSE
120708,TRUE,FALSE,FALSE,FALSE,FALSE
120743,TRUE,TRUE,TRUE,FALSE,FALSE
120751,FALSE,FALSE,FALSE,FALSE,FALSE
120796,TRUE,TRUE,TRUE,TRUE,FALSE
120804,TRUE,TRUE,TRUE,TRUE,FALSE
120805,TRUE,TRUE,TRUE,TRUE,FALSE
120810,TRUE,FALSE,FALSE,FALSE,FALSE
120811,TRUE,TRUE,TRUE,FALSE,FALSE
120818,FALSE,FALSE,FALSE,FALSE,FALSE
120822,TRUE,TRUE,TRUE,FALSE,FALSE
120836,FALSE,FALSE,FALSE,FALSE,FALSE
120837,TRUE,TRUE,TRUE,FALSE,FALSE
120840,FALSE,FALSE,FALSE,FALSE,FALSE
120841,FALSE,FALSE,FALSE,FALSE,FALSE
120868,TRUE,TRUE,TRUE,TRUE,FALSE
120881,TRUE,TRUE,TRUE,TRUE,FALSE
120886,FALSE,FALSE,FALSE,FALSE,FALSE
120891,TRUE,TRUE,TRUE,FALSE,FALSE
120916,FALSE,FALSE,FALSE,FALSE,FALSE
120944,TRUE,FALSE,FALSE,FALSE,FALSE
120955,TRUE,FALSE,FALSE,FALSE,FALSE
120964,TRUE,TRUE,TRUE,FALSE,FALSE
120981,TRUE,TRUE,TRUE,FALSE,FALSE
120998,FALSE,FALSE,FALSE,FALSE,FALSE
121038,TRUE,FALSE,FALSE,FALSE,FALSE
121040,FALSE,FALSE,FALSE,FALSE,FALSE
121051,FALSE,FALSE,FALSE,FALSE,FALSE
121058,TRUE,TRUE,TRUE,TRUE,FALSE
121078,FALSE,FALSE,FALSE,FALSE,FALSE
121093,TRUE,TRUE,FALSE,FALSE,FALSE
121111,FALSE,FALSE,FALSE,FALSE,FALSE
121135,TRUE,FALSE,FALSE,FALSE,FALSE
121137,FALSE,FALSE,FALSE,FALSE,FALSE
121150,FALSE,FALSE,FALSE,FALSE,FALSE
121180,TRUE,TRUE,TRUE,TRUE,FALSE
121193,TRUE,FALSE,FALSE,FALSE,FALSE
121206,TRUE,FALSE,FALSE,FALSE,FALSE
121208,TRUE,TRUE,TRUE,TRUE,FALSE
121210,TRUE,TRUE,TRUE,TRUE,FALSE
121248,FALSE,FALSE,FALSE,FALSE,FALSE
121254,FALSE,FALSE,FALSE,FALSE,FALSE
121267,TRUE,TRUE,TRUE,TRUE,FALSE
121270,TRUE,TRUE,TRUE,TRUE,FALSE
121273,TRUE,TRUE,TRUE,FALSE,FALSE
121290,FALSE,FALSE,FALSE,FALSE,FALSE
121314,TRUE,FALSE,FALSE,FALSE,FALSE
121328,FALSE,FALSE,FALSE,FALSE,FALSE
121360,TRUE,TRUE,TRUE,TRUE,FALSE
121396,FALSE,FALSE,FALSE,FALSE,FALSE
121436,TRUE,TRUE,TRUE,TRUE,FALSE
121448,TRUE,FALSE,FALSE,FALSE,FALSE
121453,FALSE,FALSE,FALSE,FALSE,FALSE
121460,FALSE,FALSE,FALSE,FALSE,FALSE
121471,FALSE,FALSE,FALSE,FALSE,FALSE
121491,TRUE,TRUE,TRUE,TRUE,FALSE
121518,TRUE,TRUE,TRUE,TRUE,FALSE
121522,FALSE,FALSE,FALSE,FALSE,FALSE
121543,TRUE,FALSE,FALSE,FALSE,FALSE
121550,TRUE,TRUE,TRUE,TRUE,FALSE
121553,TRUE,TRUE,TRUE,FALSE,FALSE
121554,TRUE,TRUE,TRUE,TRUE,FALSE
121567,TRUE,TRUE,TRUE,FALSE,FALSE
121571,FALSE,FALSE,FALSE,FALSE,FALSE
121578,FALSE,FALSE,FALSE,FALSE,FALSE
121584,TRUE,FALSE,FALSE,FALSE,FALSE
121591,FALSE,FALSE,FALSE,FALSE,FALSE
121597,FALSE,FALSE,FALSE,FALSE,FALSE
121613,TRUE,TRUE,TRUE,TRUE,FALSE
121629,TRUE,TRUE,TRUE,FALSE,FALSE
121644,TRUE,FALSE,FALSE,FALSE,FALSE
121704,FALSE,FALSE,FALSE,FALSE,FALSE
121720,TRUE,TRUE,TRUE,FALSE,FALSE
121724,FALSE,FALSE,FALSE,FALSE,FALSE
121768,TRUE,TRUE,TRUE,FALSE,FALSE
121784,TRUE,TRUE,TRUE,FALSE,FALSE
121794,TRUE,TRUE,TRUE,TRUE,FALSE
121804,TRUE,TRUE,TRUE,FALSE,FALSE
121824,TRUE,TRUE,TRUE,TRUE,FALSE
121842,FALSE,FALSE,FALSE,FALSE,FALSE
121849,TRUE,TRUE,TRUE,FALSE,FALSE
121853,TRUE,TRUE,TRUE,TRUE,FALSE
121861,TRUE,FALSE,FALSE,FALSE,FALSE
121864,TRUE,TRUE,TRUE,TRUE,FALSE
121916,TRUE,TRUE,TRUE,FALSE,FALSE
121931,TRUE,TRUE,TRUE,TRUE,FALSE
121934,FALSE,FALSE,FALSE,FALSE,FALSE
121957,FALSE,FALSE,FALSE,FALSE,FALSE
121978,TRUE,TRUE,TRUE,FALSE,FALSE
122024,TRUE,TRUE,TRUE,TRUE,FALSE
122037,FALSE,FALSE,FALSE,FALSE,FALSE
122075,TRUE,TRUE,TRUE,FALSE,FALSE
122084,FALSE,FALSE,FALSE,FALSE,FALSE
122127,TRUE,TRUE,TRUE,TRUE,FALSE
122138,TRUE,TRUE,TRUE,TRUE,FALSE
122142,TRUE,TRUE,TRUE,TRUE,FALSE
122152,FALSE,FALSE,FALSE,FALSE,FALSE
122156,TRUE,TRUE,TRUE,TRUE,FALSE
122177,TRUE,TRUE,TRUE,FALSE,FALSE
122188,TRUE,TRUE,TRUE,FALSE,FALSE
122194,TRUE,TRUE,TRUE,FALSE,FALSE
122195,FALSE,FALSE,FALSE,FALSE,FALSE
122198,FALSE,FALSE,FALSE,FALSE,FALSE
122232,TRUE,TRUE,TRUE,FALSE,FALSE
122253,TRUE,FALSE,FALSE,FALSE,FALSE
122329,FALSE,FALSE,FALSE,FALSE,FALSE
122343,TRUE,TRUE,TRUE,TRUE,FALSE
122354,FALSE,FALSE,FALSE,FALSE,FALSE
122358,TRUE,TRUE,TRUE,TRUE,FALSE
122410,FALSE,FALSE,FALSE,FALSE,FALSE
122420,TRUE,TRUE,TRUE,TRUE,FALSE
122463,FALSE,FALSE,FALSE,FALSE,FALSE
122465,TRUE,TRUE,TRUE,TRUE,FALSE
122536,FALSE,FALSE,FALSE,FALSE,FALSE
122541,FALSE,FALSE,FALSE,FALSE,FALSE
122543,TRUE,FALSE,FALSE,FALSE,FALSE
122574,FALSE,FALSE,FALSE,FALSE,FALSE
122598,FALSE,FALSE,FALSE,FALSE,FALSE
122604,FALSE,FALSE,FALSE,FALSE,FALSE
122605,TRUE,TRUE,TRUE,TRUE,FALSE
122629,TRUE,TRUE,TRUE,TRUE,FALSE
122633,FALSE,FALSE,FALSE,FALSE,FALSE
122634,FALSE,FALSE,FALSE,FALSE,FALSE
122673,FALSE,FALSE,FALSE,FALSE,FALSE
122675,TRUE,TRUE,TRUE,TRUE,FALSE
122707,TRUE,TRUE,TRUE,FALSE,FALSE
122720,FALSE,FALSE,FALSE,FALSE,FALSE
122723,TRUE,TRUE,TRUE,TRUE,FALSE
122732,FALSE,FALSE,FALSE,FALSE,FALSE
122748,TRUE,TRUE,TRUE,FALSE,FALSE
122750,TRUE,TRUE,FALSE,FALSE,FALSE
122751,FALSE,FALSE,FALSE,FALSE,FALSE
122759,FALSE,FALSE,FALSE,FALSE,FALSE
122760,FALSE,FALSE,FALSE,FALSE,FALSE
122763,TRUE,TRUE,TRUE,FALSE,FALSE
122770,TRUE,FALSE,FALSE,FALSE,FALSE
122781,TRUE,FALSE,FALSE,FALSE,FALSE
122800,TRUE,TRUE,TRUE,TRUE,FALSE
122801,TRUE,TRUE,TRUE,TRUE,FALSE
122846,TRUE,TRUE,FALSE,FALSE,FALSE
122872,TRUE,TRUE,TRUE,FALSE,FALSE
122885,TRUE,TRUE,TRUE,FALSE,FALSE
122888,FALSE,FALSE,FALSE,FALSE,FALSE
122903,TRUE,FALSE,FALSE,FALSE,FALSE
122918,TRUE,TRUE,TRUE,TRUE,FALSE
122929,FALSE,FALSE,FALSE,FALSE,FALSE
122938,TRUE,TRUE,TRUE,TRUE,FALSE
122988,TRUE,TRUE,TRUE,FALSE,FALSE
122992,TRUE,TRUE,TRUE,TRUE,FALSE
123004,FALSE,FALSE,FALSE,FALSE,FALSE
123006,TRUE,TRUE,TRUE,TRUE,FALSE
123011,TRUE,TRUE,TRUE,FALSE,FALSE
123025,TRUE,TRUE,TRUE,FALSE,FALSE
123030,TRUE,TRUE,TRUE,TRUE,FALSE
115817,TRUE,TRUE,TRUE,TRUE,TRUE
115818,FALSE,FALSE,FALSE,FALSE,TRUE
115821,TRUE,TRUE,TRUE,TRUE,TRUE
115822,TRUE,FALSE,FALSE,FALSE,TRUE
115823,TRUE,TRUE,TRUE,FALSE,TRUE
115825,FALSE,FALSE,FALSE,FALSE,TRUE
115826,FALSE,FALSE,FALSE,FALSE,TRUE
115827,TRUE,TRUE,TRUE,TRUE,TRUE
115828,FALSE,FALSE,FALSE,FALSE,TRUE
115829,TRUE,TRUE,TRUE,TRUE,TRUE
115830,FALSE,FALSE,FALSE,FALSE,TRUE
115831,TRUE,TRUE,TRUE,TRUE,TRUE
115832,FALSE,FALSE,FALSE,FALSE,TRUE
115833,TRUE,TRUE,FALSE,FALSE,TRUE
115834,FALSE,FALSE,FALSE,FALSE,TRUE
115836,FALSE,FALSE,FALSE,FALSE,TRUE
115837,FALSE,FALSE,FALSE,FALSE,TRUE
115838,TRUE,TRUE,TRUE,TRUE,TRUE
115841,TRUE,TRUE,TRUE,TRUE,TRUE
115843,TRUE,TRUE,TRUE,FALSE,TRUE
115844,TRUE,TRUE,TRUE,TRUE,TRUE
115845,TRUE,TRUE,TRUE,FALSE,TRUE
115846,TRUE,TRUE,TRUE,TRUE,FALSE
115848,TRUE,TRUE,TRUE,TRUE,TRUE
115849,TRUE,TRUE,TRUE,TRUE,TRUE
115851,TRUE,TRUE,TRUE,TRUE,TRUE
115852,TRUE,TRUE,TRUE,TRUE,TRUE
115853,TRUE,TRUE,TRUE,TRUE,TRUE
115856,TRUE,TRUE,TRUE,TRUE,TRUE
115858,TRUE,TRUE,TRUE,TRUE,FALSE
115860,TRUE,TRUE,TRUE,TRUE,TRUE
115863,TRUE,TRUE,TRUE,FALSE,TRUE
115867,TRUE,TRUE,TRUE,TRUE,TRUE
115871,FALSE,FALSE,FALSE,FALSE,TRUE
115872,TRUE,FALSE,FALSE,FALSE,TRUE
115873,FALSE,FALSE,FALSE,FALSE,FALSE
115874,FALSE,FALSE,FALSE,FALSE,TRUE
115875,FALSE,FALSE,FALSE,FALSE,TRUE
115878,TRUE,TRUE,TRUE,TRUE,TRUE
115881,TRUE,TRUE,TRUE,TRUE,TRUE
115882,TRUE,TRUE,TRUE,FALSE,TRUE
115884,FALSE,FALSE,FALSE,FALSE,TRUE
115885,TRUE,TRUE,TRUE,TRUE,TRUE
115886,FALSE,FALSE,FALSE,FALSE,TRUE
115890,TRUE,TRUE,TRUE,FALSE,TRUE
115891,FALSE,FALSE,FALSE,FALSE,TRUE
115892,TRUE,TRUE,TRUE,FALSE,TRUE
115893,TRUE,TRUE,TRUE,FALSE,TRUE
115895,FALSE,FALSE,FALSE,FALSE,TRUE
115898,TRUE,TRUE,TRUE,TRUE,TRUE
115900,FALSE,FALSE,FALSE,FALSE,TRUE
115901,TRUE,TRUE,TRUE,FALSE,TRUE
115905,FALSE,FALSE,FALSE,FALSE,TRUE
115906,TRUE,TRUE,TRUE,TRUE,TRUE
115908,TRUE,TRUE,TRUE,TRUE,TRUE
115910,FALSE,FALSE,FALSE,FALSE,TRUE
115911,TRUE,FALSE,FALSE,FALSE,TRUE
115914,FALSE,FALSE,FALSE,FALSE,TRUE
115915,TRUE,TRUE,FALSE,FALSE,TRUE
115916,TRUE,FALSE,FALSE,FALSE,TRUE
115917,TRUE,TRUE,TRUE,TRUE,TRUE
115920,TRUE,TRUE,TRUE,TRUE,TRUE
115921,FALSE,FALSE,FALSE,FALSE,TRUE
115924,FALSE,FALSE,FALSE,FALSE,TRUE
115928,FALSE,FALSE,FALSE,FALSE,TRUE
115930,TRUE,TRUE,TRUE,TRUE,TRUE
115931,TRUE,TRUE,TRUE,FALSE,FALSE
115935,TRUE,TRUE,TRUE,TRUE,TRUE
115938,TRUE,FALSE,FALSE,FALSE,TRUE
115940,FALSE,FALSE,FALSE,FALSE,TRUE
115942,TRUE,TRUE,TRUE,FALSE,FALSE
115943,TRUE,TRUE,TRUE,TRUE,TRUE
115946,TRUE,TRUE,TRUE,TRUE,TRUE
115947,FALSE,FALSE,FALSE,FALSE,FALSE
115948,TRUE,TRUE,TRUE,TRUE,TRUE
115949,FALSE,FALSE,FALSE,FALSE,TRUE
115950,TRUE,TRUE,TRUE,TRUE,TRUE
115951,TRUE,TRUE,TRUE,TRUE,TRUE
115952,TRUE,TRUE,TRUE,TRUE,TRUE
115953,TRUE,TRUE,FALSE,FALSE,TRUE
115954,TRUE,FALSE,FALSE,FALSE,TRUE
115955,FALSE,FALSE,FALSE,FALSE,TRUE
115957,TRUE,FALSE,FALSE,FALSE,TRUE
115959,TRUE,TRUE,TRUE,TRUE,TRUE
115964,FALSE,FALSE,FALSE,FALSE,TRUE
115965,TRUE,TRUE,TRUE,FALSE,TRUE
115966,TRUE,TRUE,TRUE,TRUE,TRUE
115968,TRUE,FALSE,FALSE,FALSE,TRUE
115969,FALSE,FALSE,FALSE,FALSE,TRUE
115970,TRUE,TRUE,TRUE,TRUE,TRUE
115972,TRUE,TRUE,TRUE,FALSE,FALSE
115973,FALSE,FALSE,FALSE,FALSE,TRUE
115974,FALSE,FALSE,FALSE,FALSE,TRUE
115976,FALSE,FALSE,FALSE,FALSE,TRUE
115977,FALSE,FALSE,FALSE,FALSE,TRUE
115978,FALSE,FALSE,FALSE,FALSE,TRUE
115979,TRUE,TRUE,TRUE,FALSE,TRUE
115980,TRUE,TRUE,TRUE,TRUE,TRUE
115981,TRUE,TRUE,TRUE,FALSE,TRUE
115984,FALSE,FALSE,FALSE,FALSE,TRUE
115985,TRUE,TRUE,TRUE,TRUE,TRUE
115986,TRUE,TRUE,TRUE,TRUE,TRUE
115989,FALSE,FALSE,FALSE,FALSE,TRUE
115990,TRUE,FALSE,FALSE,FALSE,FALSE
115991,FALSE,FALSE,FALSE,FALSE,FALSE
115993,TRUE,TRUE,TRUE,FALSE,TRUE
115994,FALSE,FALSE,FALSE,FALSE,TRUE
115995,TRUE,TRUE,TRUE,TRUE,TRUE
115996,TRUE,TRUE,TRUE,TRUE,FALSE
115997,TRUE,TRUE,TRUE,TRUE,FALSE
116000,TRUE,TRUE,TRUE,TRUE,TRUE
116002,TRUE,TRUE,TRUE,TRUE,TRUE
116003,TRUE,FALSE,FALSE,FALSE,FALSE
116004,TRUE,TRUE,TRUE,FALSE,TRUE
116006,TRUE,TRUE,TRUE,TRUE,TRUE
116007,TRUE,TRUE,TRUE,TRUE,TRUE
116010,TRUE,FALSE,FALSE,FALSE,TRUE
116012,TRUE,TRUE,TRUE,FALSE,TRUE
116013,TRUE,FALSE,FALSE,FALSE,TRUE
116014,FALSE,FALSE,FALSE,FALSE,TRUE
116015,FALSE,FALSE,FALSE,FALSE,TRUE
116016,TRUE,FALSE,FALSE,FALSE,FALSE
116017,TRUE,FALSE,FALSE,FALSE,FALSE
116019,FALSE,FALSE,FALSE,FALSE,TRUE
116020,TRUE,TRUE,TRUE,FALSE,TRUE
116021,FALSE,FALSE,FALSE,FALSE,TRUE
116022,TRUE,TRUE,FALSE,FALSE,TRUE
116023,TRUE,TRUE,TRUE,TRUE,TRUE
116026,TRUE,TRUE,TRUE,TRUE,TRUE
116028,TRUE,TRUE,TRUE,TRUE,TRUE
116030,TRUE,TRUE,TRUE,TRUE,TRUE
116032,TRUE,TRUE,TRUE,TRUE,TRUE
116034,FALSE,FALSE,FALSE,FALSE,TRUE
116035,TRUE,TRUE,TRUE,TRUE,TRUE
116039,TRUE,TRUE,TRUE,TRUE,TRUE
116040,FALSE,FALSE,FALSE,FALSE,TRUE
116041,FALSE,FALSE,FALSE,FALSE,TRUE
116042,TRUE,TRUE,TRUE,TRUE,TRUE
116043,TRUE,FALSE,FALSE,FALSE,TRUE
116046,TRUE,TRUE,TRUE,TRUE,TRUE
116051,TRUE,TRUE,TRUE,TRUE,FALSE
116052,TRUE,TRUE,TRUE,TRUE,TRUE
116053,TRUE,FALSE,FALSE,FALSE,TRUE
116054,TRUE,TRUE,TRUE,TRUE,TRUE
116055,TRUE,TRUE,TRUE,FALSE,TRUE
116056,TRUE,TRUE,TRUE,TRUE,TRUE
116057,TRUE,TRUE,TRUE,TRUE,TRUE
116059,FALSE,FALSE,FALSE,FALSE,TRUE
116060,TRUE,TRUE,TRUE,FALSE,TRUE
116062,TRUE,TRUE,TRUE,TRUE,TRUE
116063,TRUE,TRUE,TRUE,FALSE,TRUE
116066,FALSE,FALSE,FALSE,FALSE,TRUE
116067,TRUE,TRUE,TRUE,TRUE,TRUE
116070,TRUE,TRUE,TRUE,TRUE,TRUE
116072,TRUE,TRUE,TRUE,FALSE,TRUE
116073,TRUE,TRUE,TRUE,TRUE,TRUE
116075,TRUE,TRUE,TRUE,TRUE,TRUE
116076,TRUE,TRUE,TRUE,TRUE,TRUE
116077,TRUE,TRUE,TRUE,TRUE,FALSE
116079,TRUE,TRUE,TRUE,FALSE,TRUE
116080,TRUE,TRUE,TRUE,TRUE,TRUE
116081,TRUE,TRUE,TRUE,TRUE,TRUE
116083,FALSE,FALSE,FALSE,FALSE,TRUE
116084,TRUE,TRUE,TRUE,TRUE,TRUE
116085,TRUE,TRUE,TRUE,FALSE,TRUE
116086,TRUE,TRUE,TRUE,TRUE,TRUE
116089,TRUE,TRUE,TRUE,TRUE,TRUE
116090,TRUE,TRUE,TRUE,TRUE,TRUE
116095,TRUE,TRUE,TRUE,TRUE,TRUE
116096,TRUE,TRUE,TRUE,TRUE,TRUE
116097,TRUE,TRUE,TRUE,TRUE,TRUE
116098,TRUE,TRUE,TRUE,FALSE,TRUE
116099,TRUE,TRUE,TRUE,FALSE,TRUE
116101,TRUE,TRUE,TRUE,FALSE,TRUE
116103,FALSE,FALSE,FALSE,FALSE,TRUE
116104,TRUE,TRUE,TRUE,FALSE,TRUE
116106,TRUE,TRUE,TRUE,TRUE,TRUE
116109,FALSE,FALSE,FALSE,FALSE,TRUE
116110,TRUE,TRUE,TRUE,TRUE,TRUE
116113,FALSE,FALSE,FALSE,FALSE,TRUE
116115,TRUE,TRUE,TRUE,TRUE,TRUE
116118,TRUE,FALSE,FALSE,FALSE,TRUE
116119,TRUE,TRUE,TRUE,TRUE,TRUE
116121,TRUE,FALSE,FALSE,FALSE,TRUE
116123,TRUE,TRUE,TRUE,TRUE,TRUE
116124,TRUE,FALSE,FALSE,FALSE,TRUE
116125,FALSE,FALSE,FALSE,FALSE,TRUE
116128,FALSE,FALSE,FALSE,FALSE,TRUE
116129,TRUE,TRUE,TRUE,TRUE,TRUE
116130,TRUE,TRUE,TRUE,TRUE,TRUE
116131,TRUE,TRUE,TRUE,FALSE,TRUE
116132,TRUE,FALSE,FALSE,FALSE,TRUE
116133,FALSE,FALSE,FALSE,FALSE,TRUE
116134,TRUE,TRUE,TRUE,TRUE,TRUE
116135,TRUE,TRUE,TRUE,TRUE,TRUE
116140,TRUE,TRUE,TRUE,FALSE,TRUE
116141,TRUE,TRUE,TRUE,FALSE,TRUE
116142,FALSE,FALSE,FALSE,FALSE,TRUE
116144,TRUE,TRUE,TRUE,TRUE,TRUE
116147,FALSE,FALSE,FALSE,FALSE,TRUE
116148,FALSE,FALSE,FALSE,FALSE,TRUE
116149,TRUE,TRUE,TRUE,TRUE,FALSE
116150,FALSE,FALSE,FALSE,FALSE,TRUE
116151,FALSE,FALSE,FALSE,FALSE,TRUE
116152,TRUE,FALSE,FALSE,FALSE,TRUE
116155,TRUE,TRUE,TRUE,FALSE,TRUE
116157,FALSE,FALSE,FALSE,FALSE,TRUE
116158,TRUE,FALSE,FALSE,FALSE,FALSE
116160,FALSE,FALSE,FALSE,FALSE,TRUE
116161,TRUE,TRUE,TRUE,TRUE,TRUE
116162,TRUE,TRUE,TRUE,FALSE,TRUE
116164,TRUE,TRUE,TRUE,FALSE,TRUE
116165,FALSE,FALSE,FALSE,FALSE,TRUE
116167,FALSE,FALSE,FALSE,FALSE,TRUE
116169,FALSE,FALSE,FALSE,FALSE,TRUE
116170,TRUE,TRUE,TRUE,FALSE,TRUE
116171,FALSE,FALSE,FALSE,FALSE,TRUE
116174,TRUE,TRUE,TRUE,FALSE,TRUE
116176,TRUE,TRUE,TRUE,TRUE,TRUE
116177,TRUE,TRUE,TRUE,FALSE,TRUE
116178,TRUE,TRUE,TRUE,TRUE,TRUE
116180,TRUE,FALSE,FALSE,FALSE,TRUE
116181,FALSE,FALSE,FALSE,FALSE,TRUE
116183,TRUE,TRUE,TRUE,TRUE,TRUE
116187,FALSE,FALSE,FALSE,FALSE,TRUE
116188,FALSE,FALSE,FALSE,FALSE,TRUE
116189,TRUE,FALSE,FALSE,FALSE,TRUE
116190,TRUE,TRUE,TRUE,FALSE,TRUE
116192,FALSE,FALSE,FALSE,FALSE,TRUE
116193,TRUE,TRUE,TRUE,TRUE,TRUE
116197,FALSE,FALSE,FALSE,FALSE,TRUE
116198,FALSE,FALSE,FALSE,FALSE,TRUE
116201,TRUE,TRUE,TRUE,TRUE,TRUE
116203,TRUE,TRUE,TRUE,TRUE,TRUE
116204,TRUE,TRUE,TRUE,TRUE,TRUE
116206,TRUE,FALSE,FALSE,FALSE,TRUE
116210,TRUE,FALSE,FALSE,FALSE,TRUE
116211,TRUE,TRUE,TRUE,TRUE,TRUE
116212,TRUE,TRUE,TRUE,FALSE,TRUE
116213,TRUE,FALSE,FALSE,FALSE,TRUE
116217,TRUE,FALSE,FALSE,FALSE,TRUE
116218,TRUE,TRUE,TRUE,TRUE,TRUE
116219,TRUE,TRUE,TRUE,TRUE,TRUE
116220,FALSE,FALSE,FALSE,FALSE,TRUE
116221,TRUE,TRUE,TRUE,FALSE,TRUE
116222,TRUE,TRUE,TRUE,TRUE,TRUE
116223,TRUE,TRUE,TRUE,TRUE,TRUE
116224,TRUE,FALSE,FALSE,FALSE,TRUE
116225,FALSE,FALSE,FALSE,FALSE,TRUE
116226,TRUE,FALSE,FALSE,FALSE,TRUE
116227,TRUE,TRUE,TRUE,TRUE,TRUE
116229,TRUE,TRUE,FALSE,FALSE,TRUE
116230,FALSE,FALSE,FALSE,FALSE,TRUE
116231,TRUE,TRUE,TRUE,TRUE,TRUE
116232,FALSE,FALSE,FALSE,FALSE,TRUE
116236,FALSE,FALSE,FALSE,FALSE,TRUE
116237,TRUE,TRUE,TRUE,FALSE,TRUE
116238,FALSE,FALSE,FALSE,FALSE,TRUE
116240,TRUE,TRUE,TRUE,TRUE,TRUE
116241,TRUE,TRUE,TRUE,TRUE,TRUE
116243,TRUE,TRUE,TRUE,TRUE,TRUE
116244,FALSE,FALSE,FALSE,FALSE,TRUE
116245,FALSE,FALSE,FALSE,FALSE,TRUE
116247,FALSE,FALSE,FALSE,FALSE,TRUE
116249,TRUE,TRUE,TRUE,TRUE,TRUE
116250,TRUE,TRUE,TRUE,FALSE,TRUE
116251,TRUE,TRUE,TRUE,TRUE,TRUE
116252,TRUE,TRUE,TRUE,TRUE,TRUE
116255,FALSE,FALSE,FALSE,FALSE,TRUE
116256,TRUE,TRUE,TRUE,FALSE,FALSE
116257,TRUE,TRUE,TRUE,TRUE,TRUE
116258,FALSE,FALSE,FALSE,FALSE,TRUE
116259,TRUE,TRUE,TRUE,TRUE,TRUE
116260,TRUE,FALSE,FALSE,FALSE,TRUE
116264,FALSE,FALSE,FALSE,FALSE,TRUE
116266,TRUE,TRUE,TRUE,TRUE,TRUE
116267,FALSE,FALSE,FALSE,FALSE,TRUE
116268,TRUE,TRUE,TRUE,TRUE,TRUE
116269,FALSE,FALSE,FALSE,FALSE,TRUE
116270,TRUE,TRUE,TRUE,TRUE,TRUE
116271,FALSE,FALSE,FALSE,FALSE,TRUE
116272,TRUE,TRUE,TRUE,TRUE,TRUE
116274,FALSE,FALSE,FALSE,FALSE,TRUE
116275,FALSE,FALSE,FALSE,FALSE,TRUE
116276,TRUE,TRUE,TRUE,TRUE,TRUE
116277,TRUE,FALSE,FALSE,FALSE,TRUE
116281,TRUE,TRUE,TRUE,TRUE,TRUE
116282,FALSE,FALSE,FALSE,FALSE,TRUE
116286,TRUE,TRUE,TRUE,FALSE,TRUE
116292,FALSE,FALSE,FALSE,FALSE,TRUE
116293,FALSE,FALSE,FALSE,FALSE,TRUE
116295,TRUE,FALSE,FALSE,FALSE,TRUE
116297,FALSE,FALSE,FALSE,FALSE,FALSE
116298,TRUE,TRUE,TRUE,TRUE,TRUE
116299,TRUE,TRUE,TRUE,TRUE,TRUE
116301,TRUE,TRUE,TRUE,FALSE,TRUE
116302,TRUE,TRUE,TRUE,TRUE,TRUE
116303,TRUE,TRUE,TRUE,TRUE,TRUE
116305,FALSE,FALSE,FALSE,FALSE,TRUE
116307,TRUE,TRUE,TRUE,TRUE,TRUE
116309,TRUE,TRUE,TRUE,FALSE,TRUE
116310,FALSE,FALSE,FALSE,FALSE,TRUE
116312,FALSE,FALSE,FALSE,FALSE,TRUE
116313,FALSE,FALSE,FALSE,FALSE,TRUE
116315,TRUE,FALSE,FALSE,FALSE,TRUE
116317,FALSE,FALSE,FALSE,FALSE,TRUE
116318,TRUE,TRUE,TRUE,TRUE,TRUE
116319,TRUE,TRUE,TRUE,FALSE,TRUE
116320,TRUE,TRUE,TRUE,FALSE,TRUE
116321,TRUE,TRUE,TRUE,FALSE,TRUE
116324,FALSE,FALSE,FALSE,FALSE,TRUE
116325,TRUE,TRUE,TRUE,TRUE,TRUE
116326,TRUE,TRUE,TRUE,TRUE,TRUE
116327,TRUE,TRUE,TRUE,FALSE,TRUE
116328,FALSE,FALSE,FALSE,FALSE,TRUE
116329,TRUE,TRUE,TRUE,FALSE,TRUE
116332,TRUE,TRUE,TRUE,FALSE,TRUE
116333,TRUE,TRUE,TRUE,TRUE,TRUE
116335,TRUE,TRUE,TRUE,FALSE,TRUE
116336,TRUE,TRUE,TRUE,TRUE,TRUE
116337,FALSE,FALSE,FALSE,FALSE,TRUE
116338,TRUE,TRUE,TRUE,FALSE,TRUE
116340,FALSE,FALSE,FALSE,FALSE,TRUE
116341,TRUE,TRUE,TRUE,TRUE,TRUE
116342,TRUE,TRUE,TRUE,FALSE,TRUE
116343,TRUE,TRUE,TRUE,FALSE,TRUE
116344,TRUE,TRUE,TRUE,TRUE,TRUE
116345,TRUE,TRUE,TRUE,TRUE,TRUE
116346,TRUE,TRUE,TRUE,TRUE,TRUE
116347,TRUE,TRUE,TRUE,TRUE,TRUE
116348,TRUE,FALSE,FALSE,FALSE,TRUE
116349,TRUE,TRUE,TRUE,FALSE,TRUE
116352,TRUE,TRUE,TRUE,TRUE,TRUE
116354,TRUE,TRUE,TRUE,FALSE,TRUE
116355,FALSE,FALSE,FALSE,FALSE,TRUE
116356,FALSE,FALSE,FALSE,FALSE,TRUE
116359,TRUE,TRUE,TRUE,TRUE,TRUE
116361,TRUE,TRUE,TRUE,FALSE,TRUE
116363,TRUE,TRUE,TRUE,TRUE,TRUE
116364,TRUE,TRUE,TRUE,FALSE,TRUE
116366,TRUE,FALSE,FALSE,FALSE,TRUE
116367,TRUE,TRUE,TRUE,TRUE,TRUE
116369,TRUE,FALSE,FALSE,FALSE,TRUE
116370,TRUE,TRUE,TRUE,FALSE,TRUE
116372,TRUE,TRUE,TRUE,FALSE,TRUE
116374,FALSE,FALSE,FALSE,FALSE,TRUE
116375,TRUE,TRUE,TRUE,TRUE,FALSE
116378,TRUE,TRUE,TRUE,FALSE,TRUE
116379,TRUE,TRUE,TRUE,TRUE,TRUE
116380,TRUE,TRUE,TRUE,TRUE,TRUE
116381,FALSE,FALSE,FALSE,FALSE,TRUE
116383,TRUE,TRUE,TRUE,TRUE,TRUE
116384,FALSE,FALSE,FALSE,FALSE,TRUE
116386,FALSE,FALSE,FALSE,FALSE,TRUE
116388,FALSE,FALSE,FALSE,FALSE,TRUE
116389,TRUE,TRUE,TRUE,TRUE,TRUE
116390,TRUE,TRUE,TRUE,FALSE,TRUE
116393,TRUE,TRUE,TRUE,FALSE,TRUE
116397,FALSE,FALSE,FALSE,FALSE,TRUE
116398,TRUE,TRUE,TRUE,FALSE,TRUE
116400,FALSE,FALSE,FALSE,FALSE,TRUE
116402,TRUE,TRUE,TRUE,TRUE,TRUE
116403,FALSE,FALSE,FALSE,FALSE,TRUE
116405,TRUE,TRUE,TRUE,TRUE,TRUE
116409,TRUE,TRUE,TRUE,TRUE,TRUE
116411,FALSE,FALSE,FALSE,FALSE,TRUE
116412,TRUE,TRUE,TRUE,TRUE,TRUE
116414,FALSE,FALSE,FALSE,FALSE,TRUE
116415,TRUE,TRUE,TRUE,TRUE,TRUE
116417,TRUE,TRUE,TRUE,TRUE,TRUE
116419,TRUE,TRUE,TRUE,TRUE,TRUE
116420,TRUE,TRUE,TRUE,TRUE,FALSE
116422,TRUE,TRUE,TRUE,TRUE,TRUE
116423,TRUE,TRUE,TRUE,TRUE,TRUE
116424,TRUE,FALSE,FALSE,FALSE,TRUE
116429,TRUE,TRUE,TRUE,TRUE,TRUE
116430,TRUE,TRUE,TRUE,TRUE,TRUE
116432,TRUE,TRUE,TRUE,TRUE,TRUE
116433,TRUE,TRUE,FALSE,FALSE,TRUE
116434,TRUE,TRUE,TRUE,TRUE,TRUE
116436,TRUE,TRUE,TRUE,TRUE,TRUE
116438,TRUE,TRUE,FALSE,FALSE,FALSE
116444,FALSE,FALSE,FALSE,FALSE,TRUE
116445,TRUE,TRUE,TRUE,FALSE,TRUE
116446,FALSE,FALSE,FALSE,FALSE,TRUE
116447,FALSE,FALSE,FALSE,FALSE,TRUE
116449,TRUE,TRUE,TRUE,FALSE,TRUE
116450,TRUE,TRUE,TRUE,FALSE,FALSE
116452,TRUE,TRUE,TRUE,TRUE,TRUE
116454,TRUE,TRUE,TRUE,TRUE,TRUE
116459,TRUE,TRUE,TRUE,TRUE,TRUE
116460,TRUE,TRUE,TRUE,TRUE,TRUE
116461,TRUE,FALSE,FALSE,FALSE,TRUE
116462,TRUE,TRUE,TRUE,FALSE,TRUE
116463,TRUE,TRUE,TRUE,FALSE,TRUE
116466,FALSE,FALSE,FALSE,FALSE,TRUE
116467,TRUE,TRUE,TRUE,TRUE,TRUE
116468,TRUE,TRUE,TRUE,FALSE,TRUE
116469,TRUE,TRUE,TRUE,TRUE,TRUE
116470,TRUE,FALSE,FALSE,FALSE,FALSE
116473,TRUE,TRUE,TRUE,FALSE,TRUE
116476,TRUE,TRUE,TRUE,TRUE,TRUE
116477,FALSE,FALSE,FALSE,FALSE,TRUE
116478,TRUE,TRUE,TRUE,TRUE,TRUE
116480,FALSE,FALSE,FALSE,FALSE,TRUE
116483,TRUE,TRUE,TRUE,FALSE,TRUE
116484,TRUE,TRUE,TRUE,FALSE,TRUE
116485,TRUE,TRUE,TRUE,TRUE,TRUE
116486,FALSE,FALSE,FALSE,FALSE,TRUE
116488,TRUE,TRUE,TRUE,FALSE,FALSE
116489,TRUE,TRUE,TRUE,TRUE,TRUE
116490,TRUE,TRUE,TRUE,TRUE,TRUE
116493,TRUE,TRUE,TRUE,FALSE,TRUE
116497,TRUE,TRUE,TRUE,TRUE,TRUE
116498,FALSE,FALSE,FALSE,FALSE,TRUE
116501,TRUE,TRUE,TRUE,TRUE,FALSE
116503,TRUE,TRUE,TRUE,TRUE,TRUE
116504,TRUE,TRUE,TRUE,TRUE,TRUE
116505,TRUE,TRUE,TRUE,FALSE,TRUE
116506,FALSE,FALSE,FALSE,FALSE,TRUE
116507,FALSE,FALSE,FALSE,FALSE,TRUE
116508,TRUE,TRUE,TRUE,TRUE,TRUE
116510,TRUE,TRUE,TRUE,TRUE,TRUE
116514,FALSE,FALSE,FALSE,FALSE,TRUE
116516,TRUE,FALSE,FALSE,FALSE,TRUE
116517,TRUE,TRUE,TRUE,FALSE,TRUE
116518,TRUE,TRUE,TRUE,FALSE,TRUE
116519,TRUE,TRUE,TRUE,TRUE,TRUE
116520,FALSE,FALSE,FALSE,FALSE,TRUE
116522,TRUE,TRUE,TRUE,TRUE,TRUE
116524,TRUE,FALSE,FALSE,FALSE,TRUE
116526,TRUE,TRUE,TRUE,TRUE,TRUE
116527,TRUE,TRUE,TRUE,TRUE,TRUE
116529,TRUE,TRUE,TRUE,FALSE,TRUE
116530,TRUE,TRUE,TRUE,TRUE,FALSE
116531,TRUE,TRUE,TRUE,FALSE,TRUE
116533,TRUE,TRUE,TRUE,FALSE,TRUE
116535,TRUE,TRUE,TRUE,FALSE,TRUE
116536,TRUE,TRUE,FALSE,FALSE,TRUE
116537,FALSE,FALSE,FALSE,FALSE,TRUE
116540,TRUE,TRUE,TRUE,TRUE,TRUE
116541,TRUE,TRUE,TRUE,TRUE,TRUE
116543,FALSE,FALSE,FALSE,FALSE,TRUE
116544,FALSE,FALSE,FALSE,FALSE,TRUE
116545,FALSE,FALSE,FALSE,FALSE,TRUE
116546,TRUE,TRUE,TRUE,FALSE,TRUE
116547,TRUE,TRUE,TRUE,TRUE,TRUE
116548,TRUE,TRUE,TRUE,FALSE,TRUE
116550,FALSE,FALSE,FALSE,FALSE,TRUE
116553,TRUE,FALSE,FALSE,FALSE,TRUE
116554,TRUE,TRUE,TRUE,FALSE,TRUE
116556,TRUE,TRUE,TRUE,TRUE,TRUE
116557,TRUE,TRUE,TRUE,TRUE,TRUE
116559,TRUE,TRUE,TRUE,FALSE,TRUE
116562,FALSE,FALSE,FALSE,FALSE,TRUE
116563,TRUE,TRUE,TRUE,TRUE,TRUE
116564,TRUE,TRUE,TRUE,TRUE,TRUE
116566,TRUE,TRUE,TRUE,FALSE,TRUE
116567,TRUE,TRUE,TRUE,FALSE,TRUE
116568,TRUE,TRUE,TRUE,FALSE,TRUE
116569,TRUE,TRUE,TRUE,TRUE,TRUE
116570,TRUE,TRUE,TRUE,TRUE,TRUE
116571,FALSE,FALSE,FALSE,FALSE,TRUE
116572,TRUE,TRUE,TRUE,FALSE,TRUE
116574,TRUE,TRUE,TRUE,TRUE,TRUE
116575,TRUE,TRUE,TRUE,TRUE,TRUE
116577,TRUE,TRUE,TRUE,FALSE,TRUE
116578,TRUE,TRUE,TRUE,FALSE,TRUE
116580,TRUE,TRUE,TRUE,TRUE,TRUE
116581,FALSE,FALSE,FALSE,FALSE,TRUE
116582,FALSE,FALSE,FALSE,FALSE,TRUE
116584,FALSE,FALSE,FALSE,FALSE,TRUE
116585,TRUE,TRUE,TRUE,FALSE,TRUE
116589,TRUE,TRUE,TRUE,FALSE,TRUE
116590,TRUE,FALSE,FALSE,FALSE,FALSE
116591,FALSE,FALSE,FALSE,FALSE,TRUE
116592,FALSE,FALSE,FALSE,FALSE,TRUE
116593,TRUE,TRUE,TRUE,FALSE,TRUE
116594,TRUE,TRUE,TRUE,FALSE,TRUE
116595,TRUE,TRUE,TRUE,FALSE,FALSE
116597,TRUE,TRUE,TRUE,TRUE,TRUE
116598,FALSE,FALSE,FALSE,FALSE,TRUE
116599,TRUE,TRUE,FALSE,FALSE,TRUE
116604,FALSE,FALSE,FALSE,FALSE,TRUE
116605,TRUE,TRUE,TRUE,TRUE,TRUE
116606,TRUE,TRUE,TRUE,TRUE,TRUE
116607,TRUE,TRUE,TRUE,TRUE,TRUE
116608,TRUE,TRUE,TRUE,TRUE,TRUE
116610,TRUE,TRUE,TRUE,FALSE,TRUE
116611,TRUE,TRUE,TRUE,TRUE,TRUE
116612,TRUE,TRUE,TRUE,TRUE,TRUE
116613,FALSE,FALSE,FALSE,FALSE,TRUE
116616,TRUE,TRUE,TRUE,TRUE,TRUE
116618,FALSE,FALSE,FALSE,FALSE,TRUE
116619,TRUE,TRUE,TRUE,TRUE,TRUE
116620,TRUE,FALSE,FALSE,FALSE,TRUE
116621,TRUE,TRUE,TRUE,FALSE,TRUE
116622,TRUE,TRUE,TRUE,TRUE,TRUE
116625,TRUE,FALSE,FALSE,FALSE,TRUE
116628,TRUE,TRUE,TRUE,TRUE,TRUE
116629,FALSE,FALSE,FALSE,FALSE,TRUE
116631,TRUE,TRUE,TRUE,TRUE,TRUE
116634,TRUE,TRUE,TRUE,TRUE,TRUE
116635,TRUE,TRUE,TRUE,TRUE,TRUE
116636,FALSE,FALSE,FALSE,FALSE,FALSE
116638,FALSE,FALSE,FALSE,FALSE,TRUE
116641,TRUE,TRUE,TRUE,FALSE,TRUE
116643,FALSE,FALSE,FALSE,FALSE,TRUE
116644,TRUE,FALSE,FALSE,FALSE,TRUE
116645,TRUE,TRUE,TRUE,TRUE,TRUE
116648,TRUE,TRUE,TRUE,FALSE,TRUE
116649,TRUE,TRUE,FALSE,FALSE,TRUE
116651,TRUE,TRUE,TRUE,TRUE,TRUE
116655,TRUE,TRUE,TRUE,TRUE,TRUE
116656,TRUE,TRUE,TRUE,FALSE,TRUE
116657,TRUE,TRUE,TRUE,FALSE,TRUE
116658,FALSE,FALSE,FALSE,FALSE,TRUE
116661,TRUE,TRUE,TRUE,TRUE,TRUE
116662,FALSE,FALSE,FALSE,FALSE,TRUE
116664,TRUE,TRUE,TRUE,TRUE,TRUE
116665,TRUE,TRUE,TRUE,TRUE,TRUE
116667,TRUE,TRUE,TRUE,FALSE,TRUE
116668,FALSE,FALSE,FALSE,FALSE,TRUE
116669,TRUE,TRUE,TRUE,FALSE,TRUE
116670,FALSE,FALSE,FALSE,FALSE,TRUE
116671,TRUE,TRUE,TRUE,TRUE,TRUE
116672,TRUE,TRUE,TRUE,FALSE,TRUE
116673,TRUE,TRUE,TRUE,TRUE,TRUE
116674,FALSE,FALSE,FALSE,FALSE,TRUE
116675,TRUE,FALSE,FALSE,FALSE,TRUE
116676,FALSE,FALSE,FALSE,FALSE,TRUE
116677,TRUE,TRUE,TRUE,TRUE,TRUE
116679,TRUE,TRUE,TRUE,TRUE,TRUE
116680,TRUE,TRUE,TRUE,TRUE,TRUE
116681,TRUE,TRUE,TRUE,TRUE,TRUE
116682,TRUE,TRUE,TRUE,TRUE,TRUE
116683,TRUE,TRUE,TRUE,FALSE,FALSE
116684,TRUE,FALSE,FALSE,FALSE,TRUE
116687,TRUE,TRUE,TRUE,TRUE,TRUE
116688,TRUE,TRUE,TRUE,FALSE,TRUE
116689,TRUE,TRUE,TRUE,FALSE,TRUE
116690,FALSE,FALSE,FALSE,FALSE,TRUE
116691,TRUE,TRUE,TRUE,TRUE,TRUE
116693,TRUE,TRUE,TRUE,FALSE,TRUE
116694,TRUE,TRUE,TRUE,TRUE,TRUE
116695,TRUE,TRUE,TRUE,TRUE,TRUE
116698,TRUE,TRUE,TRUE,TRUE,TRUE
116699,FALSE,FALSE,FALSE,FALSE,TRUE
116701,FALSE,FALSE,FALSE,FALSE,TRUE
116702,TRUE,TRUE,TRUE,FALSE,TRUE
116705,TRUE,TRUE,TRUE,TRUE,TRUE
116707,TRUE,TRUE,TRUE,TRUE,TRUE
116710,FALSE,FALSE,FALSE,FALSE,TRUE
116711,TRUE,TRUE,TRUE,TRUE,FALSE
116713,TRUE,FALSE,FALSE,FALSE,TRUE
116714,TRUE,TRUE,TRUE,FALSE,TRUE
116717,TRUE,TRUE,TRUE,TRUE,TRUE
116720,TRUE,FALSE,FALSE,FALSE,TRUE
116721,FALSE,FALSE,FALSE,FALSE,TRUE
116722,TRUE,TRUE,TRUE,TRUE,TRUE
116723,TRUE,TRUE,TRUE,FALSE,TRUE
116727,TRUE,FALSE,FALSE,FALSE,TRUE
116728,FALSE,FALSE,FALSE,FALSE,TRUE
116729,TRUE,TRUE,TRUE,TRUE,TRUE
116730,FALSE,FALSE,FALSE,FALSE,TRUE
116732,FALSE,FALSE,FALSE,FALSE,TRUE
116733,TRUE,TRUE,TRUE,FALSE,TRUE
116734,TRUE,TRUE,TRUE,FALSE,TRUE
116735,FALSE,FALSE,FALSE,FALSE,TRUE
116740,TRUE,TRUE,TRUE,FALSE,TRUE
116741,TRUE,TRUE,TRUE,TRUE,TRUE
116742,FALSE,FALSE,FALSE,FALSE,TRUE
116743,TRUE,TRUE,TRUE,TRUE,TRUE
116744,FALSE,FALSE,FALSE,FALSE,TRUE
116748,FALSE,FALSE,FALSE,FALSE,TRUE
116751,TRUE,TRUE,TRUE,TRUE,TRUE
116752,FALSE,FALSE,FALSE,FALSE,TRUE
116753,TRUE,TRUE,TRUE,TRUE,TRUE
116755,TRUE,TRUE,TRUE,TRUE,TRUE
116758,TRUE,FALSE,FALSE,FALSE,TRUE
116761,TRUE,TRUE,TRUE,TRUE,TRUE
116762,TRUE,TRUE,TRUE,FALSE,TRUE
116764,FALSE,FALSE,FALSE,FALSE,TRUE
116765,TRUE,TRUE,TRUE,FALSE,TRUE
116768,TRUE,TRUE,TRUE,TRUE,TRUE
116769,TRUE,TRUE,TRUE,TRUE,TRUE
116770,TRUE,TRUE,FALSE,FALSE,TRUE
116774,TRUE,TRUE,TRUE,FALSE,TRUE
116775,TRUE,TRUE,TRUE,TRUE,TRUE
116777,TRUE,TRUE,TRUE,FALSE,FALSE
116778,FALSE,FALSE,FALSE,FALSE,TRUE
116781,TRUE,TRUE,TRUE,TRUE,TRUE
116782,TRUE,TRUE,TRUE,FALSE,TRUE
116785,TRUE,TRUE,TRUE,TRUE,TRUE
116788,TRUE,TRUE,TRUE,TRUE,TRUE
116790,TRUE,TRUE,TRUE,FALSE,TRUE
116791,TRUE,TRUE,TRUE,TRUE,TRUE
116793,FALSE,FALSE,FALSE,FALSE,TRUE
116794,FALSE,FALSE,FALSE,FALSE,TRUE
116797,FALSE,FALSE,FALSE,FALSE,TRUE
116798,TRUE,TRUE,TRUE,TRUE,TRUE
116799,FALSE,FALSE,FALSE,FALSE,TRUE
116800,TRUE,FALSE,FALSE,FALSE,TRUE
116802,TRUE,TRUE,TRUE,FALSE,TRUE
116803,FALSE,FALSE,FALSE,FALSE,TRUE
116805,TRUE,FALSE,FALSE,FALSE,TRUE
116806,TRUE,TRUE,TRUE,FALSE,TRUE
116809,TRUE,FALSE,FALSE,FALSE,TRUE
116811,TRUE,TRUE,TRUE,TRUE,TRUE
116812,TRUE,TRUE,TRUE,FALSE,TRUE
116813,TRUE,TRUE,TRUE,TRUE,TRUE
116814,FALSE,FALSE,FALSE,FALSE,FALSE
116815,FALSE,FALSE,FALSE,FALSE,TRUE
116818,TRUE,FALSE,FALSE,FALSE,FALSE
116819,FALSE,FALSE,FALSE,FALSE,TRUE
116820,TRUE,TRUE,TRUE,FALSE,TRUE
116821,TRUE,TRUE,TRUE,TRUE,TRUE
116822,FALSE,FALSE,FALSE,FALSE,TRUE
116823,TRUE,TRUE,TRUE,FALSE,TRUE
116824,TRUE,TRUE,TRUE,TRUE,TRUE
116825,TRUE,TRUE,TRUE,TRUE,FALSE
116827,TRUE,TRUE,TRUE,TRUE,TRUE
116828,FALSE,FALSE,FALSE,FALSE,TRUE
116829,FALSE,FALSE,FALSE,FALSE,TRUE
116830,TRUE,TRUE,TRUE,TRUE,TRUE
116831,TRUE,FALSE,FALSE,FALSE,TRUE
116832,TRUE,FALSE,FALSE,FALSE,TRUE
116833,TRUE,TRUE,TRUE,TRUE,TRUE
116838,TRUE,TRUE,TRUE,TRUE,TRUE
116839,FALSE,FALSE,FALSE,FALSE,FALSE
116842,FALSE,FALSE,FALSE,FALSE,TRUE
116843,TRUE,FALSE,FALSE,FALSE,TRUE
116847,TRUE,TRUE,TRUE,FALSE,TRUE
116848,TRUE,TRUE,TRUE,TRUE,TRUE
116849,TRUE,TRUE,TRUE,TRUE,TRUE
116850,TRUE,TRUE,TRUE,FALSE,TRUE
116852,TRUE,TRUE,TRUE,FALSE,TRUE
116853,TRUE,TRUE,TRUE,TRUE,TRUE
116854,TRUE,TRUE,TRUE,TRUE,TRUE
116856,TRUE,TRUE,TRUE,TRUE,TRUE
116857,FALSE,FALSE,FALSE,FALSE,TRUE
116858,FALSE,FALSE,FALSE,FALSE,TRUE
116860,TRUE,FALSE,FALSE,FALSE,TRUE
116861,TRUE,TRUE,TRUE,TRUE,TRUE
116862,FALSE,FALSE,FALSE,FALSE,TRUE
116865,FALSE,FALSE,FALSE,FALSE,TRUE
116866,TRUE,TRUE,TRUE,TRUE,TRUE
116872,TRUE,TRUE,TRUE,FALSE,TRUE
116873,TRUE,TRUE,TRUE,FALSE,TRUE
116874,TRUE,TRUE,TRUE,FALSE,TRUE
116875,TRUE,TRUE,TRUE,FALSE,TRUE
116877,TRUE,FALSE,FALSE,FALSE,TRUE
116881,FALSE,FALSE,FALSE,FALSE,TRUE
116885,TRUE,TRUE,TRUE,FALSE,TRUE
116887,TRUE,FALSE,FALSE,FALSE,TRUE
116888,TRUE,TRUE,TRUE,TRUE,TRUE
116889,FALSE,FALSE,FALSE,FALSE,TRUE
116890,FALSE,FALSE,FALSE,FALSE,TRUE
116892,TRUE,TRUE,TRUE,FALSE,TRUE
116895,FALSE,FALSE,FALSE,FALSE,FALSE
116897,TRUE,TRUE,TRUE,TRUE,TRUE
116899,TRUE,TRUE,TRUE,TRUE,FALSE
116901,FALSE,FALSE,FALSE,FALSE,TRUE
116903,TRUE,FALSE,FALSE,FALSE,TRUE
116904,TRUE,TRUE,TRUE,TRUE,TRUE
116905,TRUE,TRUE,TRUE,TRUE,TRUE
116906,TRUE,TRUE,TRUE,TRUE,TRUE
116908,TRUE,TRUE,TRUE,FALSE,TRUE
116909,TRUE,FALSE,FALSE,FALSE,TRUE
116910,FALSE,FALSE,FALSE,FALSE,TRUE
116911,TRUE,TRUE,TRUE,TRUE,TRUE
116912,FALSE,FALSE,FALSE,FALSE,TRUE
116913,FALSE,FALSE,FALSE,FALSE,TRUE
116915,TRUE,TRUE,TRUE,TRUE,TRUE
116917,TRUE,TRUE,FALSE,FALSE,TRUE
116920,TRUE,TRUE,TRUE,FALSE,TRUE
116921,FALSE,FALSE,FALSE,FALSE,TRUE
116923,TRUE,TRUE,TRUE,TRUE,TRUE
116924,TRUE,FALSE,FALSE,FALSE,TRUE
116925,TRUE,TRUE,TRUE,TRUE,TRUE
116927,FALSE,FALSE,FALSE,FALSE,TRUE
116928,FALSE,FALSE,FALSE,FALSE,TRUE
116929,TRUE,TRUE,TRUE,TRUE,TRUE
116931,TRUE,TRUE,TRUE,TRUE,TRUE
116933,TRUE,TRUE,TRUE,TRUE,TRUE
116934,TRUE,TRUE,TRUE,TRUE,TRUE
116935,TRUE,TRUE,TRUE,TRUE,TRUE
116936,TRUE,FALSE,FALSE,FALSE,TRUE
116938,TRUE,TRUE,TRUE,TRUE,FALSE
116939,TRUE,TRUE,TRUE,TRUE,TRUE
116943,FALSE,FALSE,FALSE,FALSE,TRUE
116944,TRUE,TRUE,FALSE,FALSE,TRUE
116945,TRUE,FALSE,FALSE,FALSE,TRUE
116946,TRUE,TRUE,TRUE,TRUE,TRUE
116947,FALSE,FALSE,FALSE,FALSE,TRUE
116948,TRUE,TRUE,TRUE,FALSE,TRUE
116949,FALSE,FALSE,FALSE,FALSE,TRUE
116950,TRUE,TRUE,TRUE,TRUE,TRUE
116954,TRUE,TRUE,TRUE,FALSE,TRUE
116955,TRUE,TRUE,TRUE,TRUE,TRUE
116956,TRUE,TRUE,TRUE,FALSE,FALSE
116957,TRUE,TRUE,TRUE,TRUE,TRUE
116961,TRUE,TRUE,TRUE,TRUE,TRUE
116963,TRUE,TRUE,TRUE,TRUE,TRUE
116964,TRUE,TRUE,TRUE,TRUE,TRUE
116966,TRUE,TRUE,TRUE,TRUE,TRUE
116967,TRUE,TRUE,TRUE,TRUE,TRUE
116968,TRUE,TRUE,TRUE,TRUE,TRUE
116969,FALSE,FALSE,FALSE,FALSE,TRUE
116970,TRUE,TRUE,TRUE,TRUE,TRUE
116972,FALSE,FALSE,FALSE,FALSE,TRUE
116973,FALSE,FALSE,FALSE,FALSE,TRUE
116975,TRUE,TRUE,TRUE,TRUE,TRUE
116976,TRUE,TRUE,TRUE,FALSE,TRUE
116980,FALSE,FALSE,FALSE,FALSE,TRUE
116981,TRUE,TRUE,TRUE,TRUE,TRUE
116982,FALSE,FALSE,FALSE,FALSE,TRUE
116983,FALSE,FALSE,FALSE,FALSE,TRUE
116986,TRUE,TRUE,TRUE,TRUE,TRUE
116990,TRUE,TRUE,TRUE,TRUE,TRUE
116991,TRUE,TRUE,TRUE,TRUE,TRUE
116993,FALSE,FALSE,FALSE,FALSE,TRUE
116994,TRUE,TRUE,TRUE,TRUE,TRUE
116995,TRUE,TRUE,TRUE,TRUE,FALSE
116996,TRUE,TRUE,TRUE,TRUE,TRUE
116997,TRUE,FALSE,FALSE,FALSE,FALSE
116999,TRUE,TRUE,TRUE,FALSE,TRUE
117001,FALSE,FALSE,FALSE,FALSE,TRUE
117003,TRUE,TRUE,TRUE,TRUE,TRUE
117004,TRUE,FALSE,FALSE,FALSE,TRUE
117005,FALSE,FALSE,FALSE,FALSE,TRUE
117006,TRUE,FALSE,FALSE,FALSE,TRUE
117008,TRUE,FALSE,FALSE,FALSE,TRUE
117009,TRUE,TRUE,TRUE,TRUE,TRUE
117012,TRUE,TRUE,TRUE,TRUE,TRUE
117013,FALSE,FALSE,FALSE,FALSE,TRUE
117014,TRUE,TRUE,TRUE,FALSE,TRUE
117016,TRUE,TRUE,TRUE,TRUE,TRUE
117018,TRUE,TRUE,FALSE,FALSE,TRUE
117019,TRUE,TRUE,TRUE,TRUE,TRUE
117020,TRUE,TRUE,TRUE,TRUE,TRUE
117029,TRUE,TRUE,TRUE,FALSE,TRUE
117032,TRUE,TRUE,TRUE,TRUE,TRUE
117034,TRUE,TRUE,TRUE,TRUE,TRUE
117038,FALSE,FALSE,FALSE,FALSE,TRUE
117039,TRUE,FALSE,FALSE,FALSE,TRUE
117041,TRUE,TRUE,TRUE,TRUE,TRUE
117042,TRUE,FALSE,FALSE,FALSE,TRUE
117043,TRUE,TRUE,TRUE,FALSE,TRUE
117044,TRUE,TRUE,TRUE,TRUE,TRUE
117046,TRUE,TRUE,TRUE,TRUE,TRUE
117047,TRUE,TRUE,TRUE,TRUE,TRUE
117048,TRUE,TRUE,TRUE,TRUE,TRUE
117050,TRUE,TRUE,TRUE,FALSE,TRUE
117053,TRUE,TRUE,TRUE,FALSE,TRUE
117054,TRUE,TRUE,TRUE,TRUE,TRUE
117058,TRUE,TRUE,TRUE,TRUE,TRUE
117060,TRUE,TRUE,TRUE,TRUE,FALSE
117065,TRUE,TRUE,TRUE,TRUE,TRUE
117067,FALSE,FALSE,FALSE,FALSE,TRUE
117069,TRUE,TRUE,TRUE,TRUE,TRUE
117070,TRUE,FALSE,FALSE,FALSE,TRUE
117072,TRUE,TRUE,TRUE,TRUE,TRUE
117073,TRUE,FALSE,FALSE,FALSE,FALSE
117074,TRUE,TRUE,TRUE,TRUE,TRUE
117075,TRUE,TRUE,TRUE,TRUE,TRUE
117076,TRUE,TRUE,TRUE,FALSE,TRUE
117077,FALSE,FALSE,FALSE,FALSE,TRUE
117078,FALSE,FALSE,FALSE,FALSE,TRUE
117081,TRUE,TRUE,TRUE,FALSE,TRUE
117085,TRUE,TRUE,TRUE,TRUE,TRUE
117087,FALSE,FALSE,FALSE,FALSE,TRUE
117088,TRUE,TRUE,TRUE,TRUE,TRUE
117089,TRUE,TRUE,TRUE,TRUE,TRUE
117092,TRUE,FALSE,FALSE,FALSE,TRUE
117093,TRUE,TRUE,TRUE,TRUE,TRUE
117094,TRUE,TRUE,TRUE,TRUE,FALSE
117095,TRUE,TRUE,TRUE,TRUE,TRUE
117096,TRUE,TRUE,TRUE,FALSE,TRUE
117098,TRUE,FALSE,FALSE,FALSE,TRUE
117099,FALSE,FALSE,FALSE,FALSE,TRUE
117101,TRUE,TRUE,TRUE,TRUE,TRUE
117102,TRUE,TRUE,TRUE,TRUE,TRUE
117103,TRUE,TRUE,TRUE,FALSE,TRUE
117105,FALSE,FALSE,FALSE,FALSE,TRUE
117106,TRUE,TRUE,FALSE,FALSE,FALSE
117107,TRUE,TRUE,TRUE,TRUE,TRUE
117110,FALSE,FALSE,FALSE,FALSE,TRUE
117111,TRUE,TRUE,TRUE,TRUE,TRUE
117112,FALSE,FALSE,FALSE,FALSE,TRUE
117113,TRUE,TRUE,FALSE,FALSE,FALSE
117114,TRUE,TRUE,TRUE,TRUE,TRUE
117117,TRUE,TRUE,TRUE,TRUE,TRUE
117118,FALSE,FALSE,FALSE,FALSE,TRUE
117120,FALSE,FALSE,FALSE,FALSE,TRUE
117121,TRUE,TRUE,TRUE,FALSE,TRUE
117122,TRUE,FALSE,FALSE,FALSE,TRUE
117123,FALSE,FALSE,FALSE,FALSE,TRUE
117125,FALSE,FALSE,FALSE,FALSE,TRUE
117127,FALSE,FALSE,FALSE,FALSE,FALSE
117130,TRUE,TRUE,TRUE,TRUE,TRUE
117132,TRUE,TRUE,TRUE,TRUE,TRUE
117134,TRUE,TRUE,TRUE,TRUE,TRUE
117135,TRUE,TRUE,TRUE,TRUE,TRUE
117136,TRUE,TRUE,TRUE,TRUE,TRUE
117138,TRUE,TRUE,TRUE,TRUE,TRUE
117141,TRUE,TRUE,TRUE,FALSE,TRUE
117144,TRUE,TRUE,TRUE,FALSE,TRUE
117145,TRUE,TRUE,TRUE,FALSE,TRUE
117147,TRUE,TRUE,TRUE,FALSE,TRUE
117148,TRUE,FALSE,FALSE,FALSE,TRUE
117151,FALSE,FALSE,FALSE,FALSE,TRUE
117153,TRUE,TRUE,TRUE,TRUE,TRUE
117154,TRUE,FALSE,FALSE,FALSE,TRUE
117155,TRUE,TRUE,TRUE,TRUE,TRUE
117157,TRUE,TRUE,TRUE,TRUE,TRUE
117159,TRUE,FALSE,FALSE,FALSE,TRUE
117160,TRUE,TRUE,TRUE,TRUE,TRUE
117162,TRUE,TRUE,TRUE,TRUE,TRUE
117163,FALSE,FALSE,FALSE,FALSE,TRUE
117164,TRUE,FALSE,FALSE,FALSE,TRUE
117165,FALSE,FALSE,FALSE,FALSE,TRUE
117171,TRUE,TRUE,TRUE,TRUE,TRUE
117172,FALSE,FALSE,FALSE,FALSE,TRUE
117175,TRUE,TRUE,TRUE,TRUE,TRUE
117176,TRUE,TRUE,TRUE,TRUE,TRUE
117177,TRUE,TRUE,TRUE,TRUE,TRUE
117183,TRUE,FALSE,FALSE,FALSE,TRUE
117184,TRUE,FALSE,FALSE,FALSE,TRUE
117185,FALSE,FALSE,FALSE,FALSE,TRUE
117186,TRUE,TRUE,TRUE,FALSE,TRUE
117187,TRUE,TRUE,TRUE,FALSE,TRUE
117191,TRUE,TRUE,TRUE,FALSE,TRUE
117195,TRUE,TRUE,TRUE,FALSE,TRUE
117196,TRUE,TRUE,TRUE,TRUE,TRUE
117198,TRUE,TRUE,TRUE,TRUE,TRUE
117199,FALSE,FALSE,FALSE,FALSE,TRUE
117201,TRUE,TRUE,TRUE,TRUE,TRUE
117203,TRUE,FALSE,FALSE,FALSE,TRUE
117204,FALSE,FALSE,FALSE,FALSE,TRUE
117206,TRUE,TRUE,TRUE,TRUE,TRUE
117207,TRUE,FALSE,FALSE,FALSE,TRUE
117209,TRUE,TRUE,TRUE,TRUE,TRUE
117212,TRUE,TRUE,TRUE,TRUE,TRUE
117214,TRUE,TRUE,TRUE,TRUE,TRUE
117215,TRUE,FALSE,FALSE,FALSE,TRUE
117216,TRUE,FALSE,FALSE,FALSE,TRUE
117218,FALSE,FALSE,FALSE,FALSE,TRUE
117221,TRUE,TRUE,TRUE,TRUE,TRUE
117224,TRUE,FALSE,FALSE,FALSE,FALSE
117226,TRUE,TRUE,TRUE,FALSE,TRUE
117228,TRUE,TRUE,TRUE,TRUE,FALSE
117229,TRUE,TRUE,TRUE,TRUE,TRUE
117230,TRUE,TRUE,TRUE,FALSE,TRUE
117231,TRUE,FALSE,FALSE,FALSE,TRUE
117232,TRUE,TRUE,TRUE,FALSE,TRUE
117235,TRUE,TRUE,TRUE,TRUE,TRUE
117237,TRUE,FALSE,FALSE,FALSE,TRUE
117238,TRUE,TRUE,TRUE,TRUE,TRUE
117241,TRUE,TRUE,TRUE,TRUE,FALSE
117242,TRUE,TRUE,TRUE,TRUE,TRUE
117243,TRUE,TRUE,TRUE,TRUE,FALSE
117245,TRUE,TRUE,TRUE,TRUE,FALSE
117246,TRUE,FALSE,FALSE,FALSE,TRUE
117249,FALSE,FALSE,FALSE,FALSE,TRUE
117250,TRUE,TRUE,TRUE,TRUE,TRUE
117252,FALSE,FALSE,FALSE,FALSE,TRUE
117253,TRUE,FALSE,FALSE,FALSE,TRUE
117259,TRUE,TRUE,TRUE,TRUE,TRUE
117260,TRUE,TRUE,TRUE,FALSE,TRUE
117262,FALSE,FALSE,FALSE,FALSE,TRUE
117263,FALSE,FALSE,FALSE,FALSE,TRUE
117264,FALSE,FALSE,FALSE,FALSE,TRUE
117266,FALSE,FALSE,FALSE,FALSE,TRUE
117268,FALSE,FALSE,FALSE,FALSE,TRUE
117269,TRUE,FALSE,FALSE,FALSE,TRUE
117271,TRUE,TRUE,TRUE,TRUE,TRUE
117273,FALSE,FALSE,FALSE,FALSE,TRUE
117275,TRUE,TRUE,TRUE,TRUE,TRUE
117276,TRUE,TRUE,TRUE,TRUE,TRUE
117279,TRUE,FALSE,FALSE,FALSE,TRUE
117280,FALSE,FALSE,FALSE,FALSE,TRUE
117281,FALSE,FALSE,FALSE,FALSE,TRUE
117282,TRUE,TRUE,TRUE,FALSE,TRUE
117283,TRUE,TRUE,TRUE,FALSE,TRUE
117284,FALSE,FALSE,FALSE,FALSE,TRUE
117285,TRUE,TRUE,TRUE,TRUE,TRUE
117286,TRUE,TRUE,TRUE,TRUE,TRUE
117287,TRUE,FALSE,FALSE,FALSE,TRUE
117288,TRUE,TRUE,TRUE,TRUE,TRUE
117289,FALSE,FALSE,FALSE,FALSE,TRUE
117290,TRUE,TRUE,TRUE,FALSE,TRUE
117291,TRUE,FALSE,FALSE,FALSE,TRUE
117292,TRUE,TRUE,TRUE,TRUE,TRUE
117293,TRUE,TRUE,TRUE,TRUE,TRUE
117296,TRUE,TRUE,TRUE,FALSE,TRUE
117297,TRUE,TRUE,TRUE,TRUE,TRUE
117298,FALSE,FALSE,FALSE,FALSE,TRUE
117299,TRUE,TRUE,TRUE,TRUE,TRUE
117301,TRUE,TRUE,TRUE,FALSE,FALSE
117303,FALSE,FALSE,FALSE,FALSE,TRUE
117304,TRUE,TRUE,TRUE,FALSE,TRUE
117305,TRUE,TRUE,TRUE,TRUE,TRUE
117306,TRUE,TRUE,TRUE,FALSE,TRUE
117307,TRUE,TRUE,TRUE,TRUE,TRUE
117309,FALSE,FALSE,FALSE,FALSE,TRUE
117311,TRUE,TRUE,TRUE,FALSE,TRUE
117312,TRUE,TRUE,TRUE,TRUE,TRUE
117313,FALSE,FALSE,FALSE,FALSE,TRUE
117316,TRUE,TRUE,TRUE,FALSE,TRUE
117317,TRUE,TRUE,TRUE,TRUE,TRUE
117319,FALSE,FALSE,FALSE,FALSE,TRUE
117320,FALSE,FALSE,FALSE,FALSE,TRUE
117323,FALSE,FALSE,FALSE,FALSE,TRUE
117325,TRUE,TRUE,TRUE,FALSE,TRUE
117327,FALSE,FALSE,FALSE,FALSE,TRUE
117330,TRUE,TRUE,TRUE,FALSE,TRUE
117333,TRUE,FALSE,FALSE,FALSE,FALSE
117334,TRUE,TRUE,TRUE,TRUE,TRUE
117336,FALSE,FALSE,FALSE,FALSE,TRUE
117339,TRUE,FALSE,FALSE,FALSE,TRUE
117340,TRUE,TRUE,TRUE,TRUE,TRUE
117341,TRUE,FALSE,FALSE,FALSE,TRUE
117342,FALSE,FALSE,FALSE,FALSE,TRUE
117343,FALSE,FALSE,FALSE,FALSE,TRUE
117346,TRUE,TRUE,TRUE,TRUE,TRUE
117348,TRUE,TRUE,TRUE,TRUE,TRUE
117349,FALSE,FALSE,FALSE,FALSE,TRUE
117351,TRUE,TRUE,TRUE,TRUE,FALSE
117354,TRUE,TRUE,FALSE,FALSE,TRUE
117359,FALSE,FALSE,FALSE,FALSE,TRUE
117361,TRUE,TRUE,TRUE,FALSE,TRUE
117363,TRUE,TRUE,TRUE,TRUE,TRUE
117364,TRUE,TRUE,TRUE,TRUE,TRUE
117365,FALSE,FALSE,FALSE,FALSE,TRUE
117369,TRUE,TRUE,TRUE,FALSE,TRUE
117371,TRUE,FALSE,FALSE,FALSE,TRUE
117372,FALSE,FALSE,FALSE,FALSE,TRUE
117374,TRUE,TRUE,TRUE,FALSE,TRUE
117375,FALSE,FALSE,FALSE,FALSE,FALSE
117376,TRUE,TRUE,TRUE,FALSE,TRUE
117377,TRUE,TRUE,TRUE,TRUE,TRUE
117378,TRUE,TRUE,TRUE,TRUE,TRUE
117379,TRUE,TRUE,TRUE,TRUE,TRUE
117382,FALSE,FALSE,FALSE,FALSE,TRUE
117385,TRUE,TRUE,TRUE,FALSE,TRUE
117386,FALSE,FALSE,FALSE,FALSE,TRUE
117387,TRUE,TRUE,TRUE,FALSE,TRUE
117388,TRUE,TRUE,TRUE,FALSE,TRUE
117389,FALSE,FALSE,FALSE,FALSE,TRUE
117391,TRUE,TRUE,TRUE,TRUE,TRUE
117392,TRUE,TRUE,TRUE,TRUE,TRUE
117393,TRUE,TRUE,TRUE,FALSE,TRUE
117395,TRUE,TRUE,TRUE,TRUE,FALSE
117397,TRUE,TRUE,TRUE,TRUE,TRUE
117402,FALSE,FALSE,FALSE,FALSE,TRUE
117403,FALSE,FALSE,FALSE,FALSE,TRUE
117404,FALSE,FALSE,FALSE,FALSE,TRUE
117405,TRUE,TRUE,TRUE,TRUE,TRUE
117406,TRUE,TRUE,TRUE,TRUE,TRUE
117407,TRUE,TRUE,TRUE,TRUE,TRUE
117408,FALSE,FALSE,FALSE,FALSE,TRUE
117410,FALSE,FALSE,FALSE,FALSE,TRUE
117411,FALSE,FALSE,FALSE,FALSE,TRUE
117412,TRUE,TRUE,TRUE,FALSE,TRUE
117413,FALSE,FALSE,FALSE,FALSE,TRUE
117415,TRUE,TRUE,TRUE,TRUE,TRUE
117416,TRUE,TRUE,TRUE,FALSE,TRUE
117418,TRUE,TRUE,TRUE,TRUE,TRUE
117419,FALSE,FALSE,FALSE,FALSE,TRUE
117420,TRUE,FALSE,FALSE,FALSE,TRUE
117421,TRUE,TRUE,TRUE,TRUE,TRUE
117423,TRUE,TRUE,TRUE,FALSE,TRUE
117425,TRUE,TRUE,TRUE,TRUE,TRUE
117427,TRUE,FALSE,FALSE,FALSE,TRUE
117428,TRUE,TRUE,TRUE,TRUE,TRUE
117430,FALSE,FALSE,FALSE,FALSE,TRUE
117431,TRUE,TRUE,TRUE,TRUE,TRUE
117432,TRUE,TRUE,TRUE,TRUE,FALSE
117433,TRUE,TRUE,TRUE,TRUE,TRUE
117435,TRUE,FALSE,FALSE,FALSE,TRUE
117436,TRUE,TRUE,TRUE,TRUE,TRUE
117437,TRUE,TRUE,TRUE,TRUE,TRUE
117438,TRUE,TRUE,TRUE,FALSE,TRUE
117439,TRUE,FALSE,FALSE,FALSE,TRUE
117441,TRUE,TRUE,TRUE,TRUE,TRUE
117443,TRUE,FALSE,FALSE,FALSE,TRUE
117444,FALSE,FALSE,FALSE,FALSE,TRUE
117445,TRUE,TRUE,TRUE,TRUE,TRUE
117448,FALSE,FALSE,FALSE,FALSE,TRUE
117451,FALSE,FALSE,FALSE,FALSE,TRUE
117458,TRUE,TRUE,TRUE,TRUE,TRUE
117460,FALSE,FALSE,FALSE,FALSE,TRUE
117462,TRUE,TRUE,TRUE,FALSE,TRUE
117464,FALSE,FALSE,FALSE,FALSE,TRUE
117466,TRUE,TRUE,TRUE,TRUE,TRUE
117468,FALSE,FALSE,FALSE,FALSE,TRUE
117473,TRUE,TRUE,TRUE,TRUE,TRUE
117474,TRUE,TRUE,TRUE,TRUE,TRUE
117475,TRUE,TRUE,TRUE,TRUE,TRUE
117476,TRUE,FALSE,FALSE,FALSE,TRUE
117477,FALSE,FALSE,FALSE,FALSE,TRUE
117480,FALSE,FALSE,FALSE,FALSE,FALSE
117481,TRUE,TRUE,TRUE,TRUE,TRUE
117482,TRUE,TRUE,TRUE,TRUE,TRUE
117485,TRUE,TRUE,TRUE,TRUE,TRUE
117486,TRUE,TRUE,TRUE,TRUE,TRUE
117488,TRUE,FALSE,FALSE,FALSE,TRUE
117490,FALSE,FALSE,FALSE,FALSE,FALSE
117492,TRUE,FALSE,FALSE,FALSE,TRUE
117493,TRUE,FALSE,FALSE,FALSE,TRUE
117494,TRUE,TRUE,TRUE,FALSE,TRUE
117495,TRUE,TRUE,TRUE,TRUE,TRUE
117496,FALSE,FALSE,FALSE,FALSE,TRUE
117498,TRUE,TRUE,TRUE,TRUE,TRUE
117499,TRUE,FALSE,FALSE,FALSE,TRUE
117501,FALSE,FALSE,FALSE,FALSE,TRUE
117502,TRUE,TRUE,TRUE,TRUE,TRUE
117504,FALSE,FALSE,FALSE,FALSE,TRUE
117506,TRUE,TRUE,TRUE,FALSE,TRUE
117507,TRUE,TRUE,TRUE,TRUE,TRUE
117509,FALSE,FALSE,FALSE,FALSE,TRUE
117511,FALSE,FALSE,FALSE,FALSE,TRUE
117512,FALSE,FALSE,FALSE,FALSE,TRUE
117518,TRUE,TRUE,TRUE,TRUE,TRUE
117519,FALSE,FALSE,FALSE,FALSE,TRUE
117521,FALSE,FALSE,FALSE,FALSE,TRUE
117528,TRUE,TRUE,TRUE,FALSE,TRUE
117529,FALSE,FALSE,FALSE,FALSE,TRUE
117531,TRUE,TRUE,TRUE,FALSE,TRUE
117532,TRUE,FALSE,FALSE,FALSE,TRUE
117533,FALSE,FALSE,FALSE,FALSE,FALSE
117534,TRUE,TRUE,TRUE,TRUE,TRUE
117536,TRUE,FALSE,FALSE,FALSE,TRUE
117538,TRUE,TRUE,TRUE,TRUE,TRUE
117541,TRUE,FALSE,FALSE,FALSE,TRUE
117542,TRUE,TRUE,TRUE,FALSE,TRUE
117543,TRUE,FALSE,FALSE,FALSE,TRUE
117544,FALSE,FALSE,FALSE,FALSE,TRUE
117545,TRUE,TRUE,TRUE,TRUE,FALSE
117549,TRUE,TRUE,TRUE,TRUE,TRUE
117550,TRUE,TRUE,TRUE,TRUE,TRUE
117553,TRUE,FALSE,FALSE,FALSE,TRUE
117555,TRUE,TRUE,TRUE,FALSE,TRUE
117556,TRUE,TRUE,TRUE,FALSE,TRUE
117558,TRUE,TRUE,TRUE,TRUE,TRUE
117560,TRUE,TRUE,TRUE,TRUE,TRUE
117561,TRUE,TRUE,TRUE,TRUE,TRUE
117562,TRUE,TRUE,TRUE,TRUE,TRUE
117568,TRUE,TRUE,TRUE,FALSE,TRUE
117569,FALSE,FALSE,FALSE,FALSE,TRUE
117571,TRUE,TRUE,TRUE,TRUE,TRUE
117575,TRUE,TRUE,TRUE,TRUE,TRUE
117576,FALSE,FALSE,FALSE,FALSE,TRUE
117577,TRUE,TRUE,TRUE,TRUE,TRUE
117579,FALSE,FALSE,FALSE,FALSE,TRUE
117580,TRUE,TRUE,TRUE,FALSE,TRUE
117583,FALSE,FALSE,FALSE,FALSE,TRUE
117584,TRUE,TRUE,TRUE,FALSE,TRUE
117588,TRUE,TRUE,TRUE,TRUE,FALSE
117590,TRUE,TRUE,TRUE,TRUE,TRUE
117592,FALSE,FALSE,FALSE,FALSE,TRUE
117593,TRUE,TRUE,TRUE,TRUE,TRUE
117594,TRUE,TRUE,TRUE,FALSE,TRUE
117595,TRUE,TRUE,TRUE,TRUE,TRUE
117596,FALSE,FALSE,FALSE,FALSE,TRUE
117597,TRUE,TRUE,TRUE,TRUE,TRUE
117598,TRUE,TRUE,TRUE,FALSE,TRUE
117599,FALSE,FALSE,FALSE,FALSE,TRUE
117603,FALSE,FALSE,FALSE,FALSE,FALSE
117607,TRUE,FALSE,FALSE,FALSE,TRUE
117608,TRUE,TRUE,TRUE,TRUE,TRUE
117609,TRUE,TRUE,TRUE,FALSE,TRUE
117610,TRUE,TRUE,TRUE,FALSE,TRUE
117611,TRUE,TRUE,TRUE,TRUE,TRUE
117612,TRUE,TRUE,TRUE,TRUE,TRUE
117613,TRUE,FALSE,FALSE,FALSE,TRUE
117614,FALSE,FALSE,FALSE,FALSE,TRUE
117615,TRUE,TRUE,TRUE,FALSE,TRUE
117616,FALSE,FALSE,FALSE,FALSE,TRUE
117618,TRUE,TRUE,TRUE,TRUE,TRUE
117619,TRUE,TRUE,TRUE,TRUE,TRUE
117620,FALSE,FALSE,FALSE,FALSE,FALSE
117623,FALSE,FALSE,FALSE,FALSE,TRUE
117624,TRUE,TRUE,TRUE,FALSE,TRUE
117625,TRUE,TRUE,TRUE,FALSE,FALSE
117626,TRUE,TRUE,TRUE,TRUE,TRUE
117627,FALSE,FALSE,FALSE,FALSE,TRUE
117628,TRUE,TRUE,TRUE,TRUE,TRUE
117629,TRUE,TRUE,TRUE,TRUE,TRUE
117631,TRUE,TRUE,TRUE,TRUE,TRUE
117632,TRUE,TRUE,TRUE,TRUE,TRUE
117633,TRUE,TRUE,TRUE,TRUE,TRUE
117634,TRUE,FALSE,FALSE,FALSE,TRUE
117635,FALSE,FALSE,FALSE,FALSE,FALSE
117638,TRUE,TRUE,TRUE,TRUE,TRUE
117639,TRUE,TRUE,TRUE,FALSE,TRUE
117640,TRUE,TRUE,TRUE,FALSE,FALSE
117642,TRUE,TRUE,TRUE,TRUE,TRUE
117647,TRUE,TRUE,TRUE,TRUE,TRUE
117649,TRUE,TRUE,TRUE,FALSE,TRUE
117650,TRUE,FALSE,FALSE,FALSE,TRUE
117651,TRUE,TRUE,TRUE,TRUE,TRUE
117652,FALSE,FALSE,FALSE,FALSE,TRUE
117653,TRUE,FALSE,FALSE,FALSE,TRUE
117654,TRUE,TRUE,TRUE,TRUE,FALSE
117655,FALSE,FALSE,FALSE,FALSE,TRUE
117656,TRUE,TRUE,TRUE,FALSE,TRUE
117659,TRUE,TRUE,TRUE,FALSE,TRUE
117661,TRUE,TRUE,TRUE,FALSE,TRUE
117664,TRUE,TRUE,TRUE,FALSE,TRUE
117665,TRUE,TRUE,TRUE,FALSE,TRUE
117666,TRUE,FALSE,FALSE,FALSE,TRUE
117667,TRUE,TRUE,TRUE,TRUE,TRUE
117668,TRUE,FALSE,FALSE,FALSE,TRUE
117669,TRUE,TRUE,TRUE,TRUE,FALSE
117671,TRUE,TRUE,TRUE,TRUE,TRUE
117672,FALSE,FALSE,FALSE,FALSE,TRUE
117674,FALSE,FALSE,FALSE,FALSE,TRUE
117676,TRUE,TRUE,TRUE,FALSE,TRUE
117677,FALSE,FALSE,FALSE,FALSE,TRUE
117678,TRUE,TRUE,TRUE,FALSE,FALSE
117679,TRUE,TRUE,TRUE,TRUE,TRUE
117680,TRUE,TRUE,TRUE,TRUE,TRUE
117681,TRUE,FALSE,FALSE,FALSE,TRUE
117684,TRUE,TRUE,TRUE,TRUE,TRUE
117685,TRUE,FALSE,FALSE,FALSE,TRUE
117686,FALSE,FALSE,FALSE,FALSE,TRUE
117687,TRUE,TRUE,TRUE,TRUE,TRUE
117688,TRUE,TRUE,TRUE,TRUE,TRUE
117690,TRUE,TRUE,TRUE,FALSE,TRUE
117691,TRUE,TRUE,TRUE,FALSE,TRUE
117692,FALSE,FALSE,FALSE,FALSE,FALSE
117694,FALSE,FALSE,FALSE,FALSE,TRUE
117697,TRUE,TRUE,TRUE,TRUE,TRUE
117698,TRUE,TRUE,TRUE,TRUE,TRUE
117699,FALSE,FALSE,FALSE,FALSE,TRUE
117700,TRUE,TRUE,TRUE,TRUE,TRUE
117702,FALSE,FALSE,FALSE,FALSE,TRUE
117703,FALSE,FALSE,FALSE,FALSE,TRUE
117705,FALSE,FALSE,FALSE,FALSE,TRUE
117707,TRUE,TRUE,TRUE,TRUE,TRUE
117709,FALSE,FALSE,FALSE,FALSE,TRUE
117710,TRUE,TRUE,FALSE,FALSE,TRUE
117711,TRUE,TRUE,TRUE,TRUE,TRUE
117712,TRUE,TRUE,TRUE,TRUE,TRUE
117713,TRUE,TRUE,TRUE,TRUE,TRUE
117714,TRUE,TRUE,TRUE,TRUE,TRUE
117716,TRUE,TRUE,TRUE,TRUE,TRUE
117717,FALSE,FALSE,FALSE,FALSE,TRUE
117718,FALSE,FALSE,FALSE,FALSE,TRUE
117719,TRUE,TRUE,TRUE,TRUE,TRUE
117721,FALSE,FALSE,FALSE,FALSE,TRUE
117722,FALSE,FALSE,FALSE,FALSE,TRUE
117723,TRUE,TRUE,TRUE,TRUE,TRUE
117724,TRUE,TRUE,TRUE,TRUE,TRUE
117725,TRUE,TRUE,TRUE,TRUE,TRUE
117729,TRUE,FALSE,FALSE,FALSE,TRUE
117733,TRUE,FALSE,FALSE,FALSE,TRUE
117734,TRUE,TRUE,TRUE,TRUE,TRUE
117735,TRUE,TRUE,TRUE,TRUE,TRUE
117738,FALSE,FALSE,FALSE,FALSE,TRUE
117739,FALSE,FALSE,FALSE,FALSE,TRUE
117740,TRUE,TRUE,TRUE,FALSE,TRUE
117742,TRUE,TRUE,TRUE,TRUE,TRUE
117745,TRUE,TRUE,TRUE,TRUE,TRUE
117748,TRUE,FALSE,FALSE,FALSE,TRUE
117749,TRUE,FALSE,FALSE,FALSE,TRUE
117750,TRUE,TRUE,TRUE,TRUE,TRUE
117751,TRUE,TRUE,TRUE,TRUE,TRUE
117756,TRUE,TRUE,TRUE,FALSE,TRUE
117757,TRUE,FALSE,FALSE,FALSE,FALSE
117763,TRUE,TRUE,TRUE,FALSE,TRUE
117764,TRUE,TRUE,TRUE,TRUE,TRUE
117765,TRUE,TRUE,TRUE,FALSE,TRUE
117766,TRUE,TRUE,TRUE,TRUE,TRUE
117767,FALSE,FALSE,FALSE,FALSE,TRUE
117768,TRUE,TRUE,TRUE,TRUE,TRUE
117769,TRUE,TRUE,TRUE,FALSE,TRUE
117770,TRUE,TRUE,TRUE,TRUE,TRUE
117774,TRUE,TRUE,TRUE,TRUE,TRUE
117775,TRUE,TRUE,TRUE,TRUE,TRUE
117777,TRUE,TRUE,TRUE,FALSE,TRUE
117782,FALSE,FALSE,FALSE,FALSE,TRUE
117784,TRUE,FALSE,FALSE,FALSE,TRUE
117786,TRUE,TRUE,TRUE,FALSE,FALSE
117790,TRUE,TRUE,TRUE,TRUE,TRUE
117791,FALSE,FALSE,FALSE,FALSE,TRUE
117792,FALSE,FALSE,FALSE,FALSE,TRUE
117793,TRUE,TRUE,TRUE,FALSE,TRUE
117795,TRUE,TRUE,TRUE,FALSE,TRUE
117797,TRUE,TRUE,TRUE,FALSE,FALSE
117798,TRUE,TRUE,TRUE,FALSE,TRUE
117799,TRUE,TRUE,TRUE,TRUE,TRUE
117802,TRUE,TRUE,TRUE,FALSE,TRUE
117803,TRUE,TRUE,TRUE,TRUE,TRUE
117806,TRUE,TRUE,TRUE,TRUE,TRUE
117808,TRUE,TRUE,TRUE,FALSE,TRUE
117812,TRUE,TRUE,TRUE,TRUE,TRUE
117815,FALSE,FALSE,FALSE,FALSE,TRUE
117816,TRUE,TRUE,TRUE,TRUE,TRUE
117817,TRUE,TRUE,TRUE,FALSE,TRUE
117818,TRUE,TRUE,TRUE,TRUE,TRUE
117819,FALSE,FALSE,FALSE,FALSE,TRUE
117824,TRUE,TRUE,TRUE,TRUE,TRUE
117826,FALSE,FALSE,FALSE,FALSE,TRUE
117828,TRUE,TRUE,TRUE,TRUE,TRUE
117829,TRUE,TRUE,TRUE,TRUE,TRUE
117830,FALSE,FALSE,FALSE,FALSE,TRUE
117832,TRUE,TRUE,TRUE,TRUE,TRUE
117834,TRUE,TRUE,TRUE,TRUE,TRUE
117835,FALSE,FALSE,FALSE,FALSE,TRUE
117836,TRUE,TRUE,TRUE,TRUE,FALSE
117838,FALSE,FALSE,FALSE,FALSE,TRUE
117840,TRUE,FALSE,FALSE,FALSE,TRUE
117841,TRUE,TRUE,TRUE,FALSE,TRUE
117842,TRUE,FALSE,FALSE,FALSE,TRUE
117845,TRUE,FALSE,FALSE,FALSE,TRUE
117846,TRUE,TRUE,TRUE,TRUE,TRUE
117847,TRUE,TRUE,TRUE,TRUE,TRUE
117850,TRUE,TRUE,TRUE,FALSE,TRUE
117853,TRUE,TRUE,TRUE,FALSE,TRUE
117855,FALSE,FALSE,FALSE,FALSE,TRUE
117856,TRUE,TRUE,TRUE,FALSE,TRUE
117858,FALSE,FALSE,FALSE,FALSE,TRUE
117859,FALSE,FALSE,FALSE,FALSE,FALSE
117860,TRUE,TRUE,TRUE,FALSE,TRUE
117863,TRUE,TRUE,TRUE,TRUE,TRUE
117864,TRUE,TRUE,TRUE,TRUE,TRUE
117865,TRUE,FALSE,FALSE,FALSE,TRUE
117866,TRUE,TRUE,TRUE,FALSE,TRUE
117868,TRUE,TRUE,TRUE,TRUE,TRUE
117869,TRUE,FALSE,FALSE,FALSE,TRUE
117870,TRUE,TRUE,TRUE,TRUE,TRUE
117871,TRUE,TRUE,TRUE,TRUE,TRUE
117872,FALSE,FALSE,FALSE,FALSE,TRUE
117873,TRUE,TRUE,TRUE,FALSE,TRUE
117876,TRUE,TRUE,TRUE,TRUE,TRUE
117877,TRUE,TRUE,TRUE,TRUE,TRUE
117878,TRUE,TRUE,FALSE,FALSE,TRUE
117881,TRUE,FALSE,FALSE,FALSE,TRUE
117882,TRUE,TRUE,TRUE,TRUE,TRUE
117883,TRUE,TRUE,TRUE,TRUE,TRUE
117884,TRUE,TRUE,TRUE,TRUE,TRUE
117886,TRUE,TRUE,TRUE,FALSE,TRUE
117887,TRUE,TRUE,TRUE,TRUE,TRUE
117888,TRUE,TRUE,TRUE,TRUE,TRUE
117891,TRUE,TRUE,TRUE,TRUE,TRUE
117892,TRUE,TRUE,TRUE,TRUE,TRUE
117893,FALSE,FALSE,FALSE,FALSE,TRUE
117895,FALSE,FALSE,FALSE,FALSE,TRUE
117896,FALSE,FALSE,FALSE,FALSE,TRUE
117897,TRUE,TRUE,TRUE,FALSE,TRUE
117899,FALSE,FALSE,FALSE,FALSE,TRUE
117900,TRUE,TRUE,TRUE,TRUE,FALSE
117901,TRUE,TRUE,TRUE,FALSE,TRUE
117903,TRUE,TRUE,TRUE,TRUE,TRUE
117904,TRUE,TRUE,TRUE,FALSE,TRUE
117907,FALSE,FALSE,FALSE,FALSE,TRUE
117908,FALSE,FALSE,FALSE,FALSE,TRUE
117909,TRUE,TRUE,TRUE,TRUE,TRUE
117911,TRUE,TRUE,TRUE,TRUE,TRUE
117914,TRUE,TRUE,TRUE,FALSE,TRUE
117916,TRUE,TRUE,TRUE,TRUE,FALSE
117917,TRUE,TRUE,TRUE,TRUE,TRUE
117918,FALSE,FALSE,FALSE,FALSE,TRUE
117919,TRUE,TRUE,TRUE,FALSE,TRUE
117920,TRUE,TRUE,TRUE,TRUE,TRUE
117922,FALSE,FALSE,FALSE,FALSE,TRUE
117927,TRUE,FALSE,FALSE,FALSE,FALSE
117929,FALSE,FALSE,FALSE,FALSE,TRUE
117930,TRUE,TRUE,TRUE,FALSE,TRUE
117932,TRUE,TRUE,TRUE,TRUE,TRUE
117934,TRUE,FALSE,FALSE,FALSE,TRUE
117935,TRUE,TRUE,TRUE,TRUE,TRUE
117940,FALSE,FALSE,FALSE,FALSE,TRUE
117947,TRUE,TRUE,TRUE,TRUE,TRUE
117948,FALSE,FALSE,FALSE,FALSE,TRUE
117949,TRUE,TRUE,TRUE,TRUE,TRUE
117951,FALSE,FALSE,FALSE,FALSE,FALSE
117952,TRUE,TRUE,TRUE,FALSE,TRUE
117953,TRUE,TRUE,TRUE,TRUE,TRUE
117954,TRUE,TRUE,TRUE,TRUE,TRUE
117955,TRUE,TRUE,TRUE,FALSE,TRUE
117956,TRUE,TRUE,TRUE,TRUE,TRUE
117959,FALSE,FALSE,FALSE,FALSE,TRUE
117961,TRUE,TRUE,TRUE,TRUE,TRUE
117962,FALSE,FALSE,FALSE,FALSE,TRUE
117964,FALSE,FALSE,FALSE,FALSE,TRUE
117965,TRUE,TRUE,TRUE,TRUE,TRUE
117969,FALSE,FALSE,FALSE,FALSE,TRUE
117973,FALSE,FALSE,FALSE,FALSE,TRUE
117974,FALSE,FALSE,FALSE,FALSE,TRUE
117975,TRUE,TRUE,TRUE,TRUE,TRUE
117976,TRUE,TRUE,TRUE,TRUE,TRUE
117977,TRUE,TRUE,TRUE,TRUE,TRUE
117979,FALSE,FALSE,FALSE,FALSE,TRUE
117980,TRUE,TRUE,TRUE,TRUE,TRUE
117982,TRUE,FALSE,FALSE,FALSE,TRUE
117983,TRUE,TRUE,TRUE,FALSE,TRUE
117987,FALSE,FALSE,FALSE,FALSE,TRUE
117989,TRUE,TRUE,TRUE,TRUE,TRUE
117991,TRUE,FALSE,FALSE,FALSE,FALSE
117993,TRUE,TRUE,TRUE,TRUE,TRUE
117995,TRUE,TRUE,TRUE,TRUE,TRUE
117998,FALSE,FALSE,FALSE,FALSE,TRUE
118002,FALSE,FALSE,FALSE,FALSE,TRUE
118004,TRUE,TRUE,TRUE,TRUE,FALSE
118005,TRUE,TRUE,TRUE,TRUE,FALSE
118006,TRUE,TRUE,TRUE,FALSE,TRUE
118007,TRUE,TRUE,TRUE,TRUE,TRUE
118008,TRUE,TRUE,TRUE,TRUE,TRUE
118010,FALSE,FALSE,FALSE,FALSE,TRUE
118011,TRUE,TRUE,TRUE,TRUE,TRUE
118015,FALSE,FALSE,FALSE,FALSE,TRUE
118017,FALSE,FALSE,FALSE,FALSE,TRUE
118018,FALSE,FALSE,FALSE,FALSE,TRUE
118019,TRUE,TRUE,TRUE,TRUE,TRUE
118020,FALSE,FALSE,FALSE,FALSE,TRUE
118022,TRUE,TRUE,TRUE,TRUE,TRUE
118027,TRUE,TRUE,TRUE,FALSE,TRUE
118030,TRUE,TRUE,TRUE,FALSE,TRUE
118031,TRUE,TRUE,TRUE,TRUE,TRUE
118033,TRUE,TRUE,TRUE,TRUE,TRUE
118034,TRUE,TRUE,TRUE,TRUE,TRUE
118037,TRUE,TRUE,TRUE,TRUE,TRUE
118039,TRUE,TRUE,TRUE,TRUE,TRUE
118041,TRUE,TRUE,TRUE,TRUE,TRUE
118043,TRUE,TRUE,TRUE,TRUE,FALSE
118044,TRUE,FALSE,FALSE,FALSE,TRUE
118046,FALSE,FALSE,FALSE,FALSE,TRUE
118047,TRUE,TRUE,TRUE,FALSE,TRUE
118048,TRUE,TRUE,TRUE,TRUE,TRUE
118049,TRUE,TRUE,TRUE,TRUE,TRUE
118051,TRUE,TRUE,TRUE,TRUE,TRUE
118052,TRUE,TRUE,TRUE,TRUE,TRUE
118053,FALSE,FALSE,FALSE,FALSE,TRUE
118055,TRUE,TRUE,TRUE,TRUE,FALSE
118056,TRUE,TRUE,TRUE,TRUE,TRUE
118059,TRUE,TRUE,TRUE,TRUE,TRUE
118062,TRUE,TRUE,TRUE,TRUE,TRUE
118064,TRUE,TRUE,TRUE,TRUE,TRUE
118065,TRUE,TRUE,TRUE,TRUE,TRUE
118066,TRUE,TRUE,TRUE,TRUE,FALSE
118068,TRUE,TRUE,TRUE,TRUE,TRUE
118069,FALSE,FALSE,FALSE,FALSE,TRUE
118070,TRUE,TRUE,TRUE,FALSE,TRUE
118071,TRUE,TRUE,TRUE,TRUE,TRUE
118072,TRUE,TRUE,TRUE,FALSE,TRUE
118075,TRUE,TRUE,TRUE,FALSE,TRUE
118076,TRUE,FALSE,FALSE,FALSE,TRUE
118078,FALSE,FALSE,FALSE,FALSE,TRUE
118080,FALSE,FALSE,FALSE,FALSE,TRUE
118082,TRUE,TRUE,TRUE,FALSE,TRUE
118083,TRUE,TRUE,TRUE,FALSE,TRUE
118084,FALSE,FALSE,FALSE,FALSE,TRUE
118088,TRUE,TRUE,TRUE,TRUE,TRUE
118090,TRUE,TRUE,TRUE,FALSE,TRUE
118092,TRUE,TRUE,TRUE,TRUE,TRUE
118094,FALSE,FALSE,FALSE,FALSE,TRUE
118095,FALSE,FALSE,FALSE,FALSE,TRUE
118097,TRUE,TRUE,TRUE,TRUE,TRUE
118099,FALSE,FALSE,FALSE,FALSE,TRUE
118101,TRUE,TRUE,TRUE,TRUE,TRUE
118102,TRUE,TRUE,TRUE,TRUE,TRUE
118104,TRUE,TRUE,TRUE,FALSE,TRUE
118105,FALSE,FALSE,FALSE,FALSE,TRUE
118107,TRUE,TRUE,TRUE,TRUE,TRUE
118108,TRUE,FALSE,FALSE,FALSE,TRUE
118109,TRUE,TRUE,TRUE,TRUE,TRUE
118112,FALSE,FALSE,FALSE,FALSE,TRUE
118113,TRUE,TRUE,TRUE,TRUE,TRUE
118114,TRUE,TRUE,TRUE,TRUE,TRUE
118115,TRUE,TRUE,TRUE,FALSE,TRUE
118116,TRUE,TRUE,TRUE,TRUE,TRUE
118117,FALSE,FALSE,FALSE,FALSE,FALSE
118118,TRUE,TRUE,TRUE,TRUE,TRUE
118120,FALSE,FALSE,FALSE,FALSE,TRUE
118121,TRUE,TRUE,TRUE,TRUE,TRUE
118122,FALSE,FALSE,FALSE,FALSE,TRUE
118123,TRUE,FALSE,FALSE,FALSE,TRUE
118124,FALSE,FALSE,FALSE,FALSE,TRUE
118126,FALSE,FALSE,FALSE,FALSE,TRUE
118128,TRUE,TRUE,TRUE,TRUE,TRUE
118130,TRUE,TRUE,TRUE,TRUE,TRUE
118132,TRUE,TRUE,TRUE,TRUE,TRUE
118134,TRUE,TRUE,TRUE,TRUE,TRUE
118135,TRUE,TRUE,TRUE,FALSE,TRUE
118137,TRUE,TRUE,TRUE,FALSE,TRUE
118138,FALSE,FALSE,FALSE,FALSE,TRUE
118139,TRUE,TRUE,TRUE,TRUE,FALSE
118142,TRUE,TRUE,TRUE,TRUE,TRUE
118143,TRUE,TRUE,TRUE,TRUE,TRUE
118144,FALSE,FALSE,FALSE,FALSE,TRUE
118145,TRUE,TRUE,TRUE,FALSE,TRUE
118148,TRUE,TRUE,TRUE,FALSE,TRUE
118150,FALSE,FALSE,FALSE,FALSE,TRUE
118151,TRUE,FALSE,FALSE,FALSE,FALSE
118152,TRUE,TRUE,TRUE,FALSE,TRUE
118154,TRUE,TRUE,TRUE,TRUE,TRUE
118155,TRUE,TRUE,TRUE,FALSE,FALSE
118156,TRUE,TRUE,TRUE,FALSE,TRUE
118157,FALSE,FALSE,FALSE,FALSE,TRUE
118160,TRUE,TRUE,TRUE,FALSE,TRUE
118161,TRUE,TRUE,TRUE,TRUE,TRUE
118162,TRUE,TRUE,TRUE,TRUE,TRUE
118163,TRUE,TRUE,TRUE,TRUE,TRUE
118164,FALSE,FALSE,FALSE,FALSE,TRUE
118165,TRUE,TRUE,TRUE,TRUE,TRUE
118166,FALSE,FALSE,FALSE,FALSE,TRUE
118169,TRUE,TRUE,TRUE,TRUE,TRUE
118170,FALSE,FALSE,FALSE,FALSE,TRUE
118173,FALSE,FALSE,FALSE,FALSE,FALSE
118175,TRUE,TRUE,FALSE,FALSE,TRUE
118178,TRUE,TRUE,TRUE,TRUE,TRUE
118183,TRUE,TRUE,TRUE,FALSE,TRUE
118188,TRUE,TRUE,TRUE,TRUE,TRUE
118190,TRUE,TRUE,TRUE,TRUE,TRUE
118191,TRUE,TRUE,TRUE,TRUE,TRUE
118194,TRUE,FALSE,FALSE,FALSE,FALSE
118195,TRUE,FALSE,FALSE,FALSE,TRUE
118196,TRUE,TRUE,TRUE,TRUE,TRUE
118198,TRUE,TRUE,TRUE,TRUE,TRUE
118199,TRUE,TRUE,TRUE,TRUE,TRUE
118201,TRUE,TRUE,TRUE,FALSE,TRUE
118204,TRUE,TRUE,TRUE,TRUE,TRUE
118205,TRUE,TRUE,TRUE,TRUE,TRUE
118209,FALSE,FALSE,FALSE,FALSE,TRUE
118210,FALSE,FALSE,FALSE,FALSE,FALSE
118211,TRUE,TRUE,TRUE,TRUE,TRUE
118212,TRUE,TRUE,TRUE,TRUE,TRUE
118213,TRUE,TRUE,TRUE,TRUE,FALSE
118214,FALSE,FALSE,FALSE,FALSE,TRUE
118224,TRUE,TRUE,TRUE,TRUE,FALSE
118234,TRUE,TRUE,TRUE,TRUE,FALSE
118252,FALSE,FALSE,FALSE,FALSE,FALSE
118281,TRUE,TRUE,TRUE,TRUE,FALSE
118306,TRUE,TRUE,TRUE,TRUE,FALSE
118313,TRUE,TRUE,TRUE,TRUE,FALSE
118332,TRUE,TRUE,TRUE,TRUE,FALSE
118334,TRUE,TRUE,TRUE,TRUE,FALSE
118349,TRUE,TRUE,TRUE,TRUE,FALSE
118354,TRUE,FALSE,FALSE,FALSE,FALSE
118357,TRUE,TRUE,TRUE,TRUE,FALSE
118363,TRUE,TRUE,TRUE,TRUE,FALSE
118386,TRUE,FALSE,FALSE,FALSE,FALSE
118387,FALSE,FALSE,FALSE,FALSE,FALSE
118391,TRUE,FALSE,FALSE,FALSE,FALSE
118397,TRUE,TRUE,TRUE,FALSE,FALSE
118398,FALSE,FALSE,FALSE,FALSE,FALSE
118408,TRUE,TRUE,TRUE,FALSE,FALSE
118411,TRUE,TRUE,TRUE,TRUE,FALSE
118458,FALSE,FALSE,FALSE,FALSE,FALSE
118460,FALSE,FALSE,FALSE,FALSE,FALSE
118461,TRUE,TRUE,TRUE,FALSE,FALSE
118484,TRUE,TRUE,TRUE,TRUE,FALSE
118504,FALSE,FALSE,FALSE,FALSE,FALSE
118506,TRUE,FALSE,FALSE,FALSE,FALSE
118524,TRUE,TRUE,TRUE,FALSE,FALSE
118537,TRUE,FALSE,FALSE,FALSE,FALSE
118541,TRUE,TRUE,TRUE,TRUE,FALSE
118580,TRUE,TRUE,TRUE,TRUE,FALSE
118585,TRUE,TRUE,TRUE,FALSE,FALSE
118599,TRUE,TRUE,TRUE,FALSE,FALSE
118639,TRUE,TRUE,TRUE,TRUE,FALSE
118667,TRUE,TRUE,TRUE,FALSE,FALSE
118686,TRUE,TRUE,TRUE,FALSE,FALSE
118696,TRUE,TRUE,TRUE,TRUE,FALSE
118697,TRUE,TRUE,TRUE,FALSE,FALSE
118698,TRUE,TRUE,FALSE,FALSE,FALSE
118758,TRUE,FALSE,FALSE,FALSE,FALSE
118775,FALSE,FALSE,FALSE,FALSE,FALSE
118793,TRUE,TRUE,TRUE,TRUE,FALSE
118805,TRUE,TRUE,FALSE,FALSE,FALSE
118851,TRUE,TRUE,TRUE,TRUE,FALSE
118855,TRUE,TRUE,TRUE,FALSE,FALSE
118867,TRUE,TRUE,TRUE,TRUE,FALSE
118868,TRUE,TRUE,TRUE,FALSE,FALSE
118900,TRUE,TRUE,FALSE,FALSE,FALSE
118906,TRUE,FALSE,FALSE,FALSE,FALSE
118911,FALSE,FALSE,FALSE,FALSE,FALSE
118928,TRUE,TRUE,TRUE,TRUE,FALSE
118932,TRUE,TRUE,TRUE,FALSE,FALSE
118933,TRUE,TRUE,TRUE,TRUE,FALSE
118936,TRUE,FALSE,FALSE,FALSE,FALSE
118942,FALSE,FALSE,FALSE,FALSE,FALSE
118948,TRUE,TRUE,TRUE,FALSE,FALSE
118957,TRUE,TRUE,TRUE,TRUE,FALSE
118984,TRUE,FALSE,FALSE,FALSE,FALSE
119014,TRUE,TRUE,TRUE,FALSE,FALSE
119045,TRUE,TRUE,TRUE,FALSE,FALSE
119053,TRUE,TRUE,TRUE,FALSE,FALSE
119054,TRUE,TRUE,TRUE,FALSE,FALSE
119055,FALSE,FALSE,FALSE,FALSE,FALSE
119091,TRUE,TRUE,TRUE,FALSE,FALSE
119097,TRUE,TRUE,TRUE,TRUE,FALSE
119115,FALSE,FALSE,FALSE,FALSE,FALSE
119146,TRUE,TRUE,TRUE,TRUE,FALSE
119149,FALSE,FALSE,FALSE,FALSE,FALSE
119166,TRUE,TRUE,TRUE,FALSE,FALSE
119207,FALSE,FALSE,FALSE,FALSE,FALSE
119208,TRUE,TRUE,TRUE,TRUE,FALSE
119210,TRUE,FALSE,FALSE,FALSE,FALSE
119222,TRUE,TRUE,TRUE,TRUE,FALSE
119230,TRUE,TRUE,TRUE,TRUE,FALSE
119238,TRUE,TRUE,TRUE,FALSE,FALSE
119282,TRUE,TRUE,TRUE,TRUE,FALSE
119286,TRUE,TRUE,TRUE,TRUE,FALSE
119288,FALSE,FALSE,FALSE,FALSE,FALSE
119298,FALSE,FALSE,FALSE,FALSE,FALSE
119304,TRUE,TRUE,TRUE,FALSE,FALSE
119313,TRUE,TRUE,TRUE,FALSE,FALSE
119350,TRUE,TRUE,TRUE,FALSE,FALSE
119352,TRUE,TRUE,TRUE,FALSE,FALSE
119359,FALSE,FALSE,FALSE,FALSE,FALSE
119369,TRUE,TRUE,TRUE,TRUE,FALSE
119379,TRUE,FALSE,FALSE,FALSE,FALSE
119405,TRUE,FALSE,FALSE,FALSE,FALSE
119437,TRUE,TRUE,TRUE,FALSE,FALSE
119461,TRUE,TRUE,TRUE,TRUE,FALSE
119493,FALSE,FALSE,FALSE,FALSE,FALSE
119497,FALSE,FALSE,FALSE,FALSE,FALSE
119529,TRUE,TRUE,TRUE,FALSE,FALSE
119558,TRUE,TRUE,TRUE,FALSE,FALSE
119627,TRUE,TRUE,TRUE,FALSE,FALSE
119631,TRUE,TRUE,TRUE,TRUE,FALSE
119643,TRUE,FALSE,FALSE,FALSE,FALSE
119658,TRUE,TRUE,TRUE,TRUE,FALSE
119669,FALSE,FALSE,FALSE,FALSE,FALSE
119680,TRUE,TRUE,TRUE,TRUE,FALSE
119689,TRUE,TRUE,TRUE,TRUE,FALSE
119721,TRUE,TRUE,TRUE,FALSE,FALSE
119752,TRUE,FALSE,FALSE,FALSE,FALSE
119757,TRUE,TRUE,FALSE,FALSE,FALSE
119760,FALSE,FALSE,FALSE,FALSE,FALSE
119762,TRUE,FALSE,FALSE,FALSE,FALSE
119769,TRUE,TRUE,TRUE,FALSE,FALSE
119775,TRUE,TRUE,TRUE,TRUE,FALSE
119798,FALSE,FALSE,FALSE,FALSE,FALSE
119815,TRUE,FALSE,FALSE,FALSE,FALSE
119844,TRUE,FALSE,FALSE,FALSE,FALSE
119855,TRUE,TRUE,TRUE,FALSE,FALSE
119857,FALSE,FALSE,FALSE,FALSE,FALSE
119872,FALSE,FALSE,FALSE,FALSE,FALSE
119877,TRUE,TRUE,TRUE,TRUE,FALSE
119883,TRUE,TRUE,TRUE,TRUE,FALSE
119891,TRUE,FALSE,FALSE,FALSE,FALSE
119898,TRUE,TRUE,TRUE,FALSE,FALSE
119913,TRUE,TRUE,TRUE,TRUE,FALSE
119915,TRUE,FALSE,FALSE,FALSE,FALSE
119924,TRUE,TRUE,TRUE,TRUE,FALSE
119928,TRUE,FALSE,FALSE,FALSE,FALSE
119930,FALSE,FALSE,FALSE,FALSE,FALSE
119968,TRUE,TRUE,TRUE,TRUE,FALSE
119975,TRUE,TRUE,TRUE,TRUE,FALSE
120029,FALSE,FALSE,FALSE,FALSE,FALSE
120033,TRUE,TRUE,TRUE,FALSE,FALSE
120099,TRUE,TRUE,TRUE,FALSE,FALSE
120110,TRUE,TRUE,TRUE,TRUE,FALSE
120127,TRUE,TRUE,TRUE,TRUE,FALSE
120136,TRUE,FALSE,FALSE,FALSE,FALSE
120194,TRUE,TRUE,TRUE,TRUE,FALSE
120196,TRUE,TRUE,TRUE,TRUE,FALSE
120207,TRUE,TRUE,TRUE,FALSE,FALSE
120251,TRUE,FALSE,FALSE,FALSE,FALSE
120270,FALSE,FALSE,FALSE,FALSE,FALSE
120279,TRUE,TRUE,TRUE,FALSE,FALSE
120291,TRUE,TRUE,TRUE,TRUE,FALSE
120292,FALSE,FALSE,FALSE,FALSE,FALSE
120330,TRUE,TRUE,TRUE,FALSE,FALSE
120349,FALSE,FALSE,FALSE,FALSE,FALSE
120370,FALSE,FALSE,FALSE,FALSE,FALSE
120372,FALSE,FALSE,FALSE,FALSE,FALSE
120414,FALSE,FALSE,FALSE,FALSE,FALSE
120419,FALSE,FALSE,FALSE,FALSE,FALSE
120425,TRUE,TRUE,TRUE,TRUE,FALSE
120426,TRUE,TRUE,FALSE,FALSE,FALSE
120429,FALSE,FALSE,FALSE,FALSE,FALSE
120438,TRUE,TRUE,TRUE,TRUE,FALSE
120441,TRUE,FALSE,FALSE,FALSE,FALSE
120458,TRUE,FALSE,FALSE,FALSE,FALSE
120462,TRUE,FALSE,FALSE,FALSE,FALSE
120495,TRUE,TRUE,TRUE,FALSE,FALSE
120511,TRUE,TRUE,TRUE,FALSE,FALSE
120562,TRUE,FALSE,FALSE,FALSE,FALSE
120608,TRUE,FALSE,FALSE,FALSE,FALSE
120633,TRUE,TRUE,TRUE,TRUE,FALSE
120653,TRUE,TRUE,TRUE,TRUE,FALSE
120667,TRUE,TRUE,TRUE,TRUE,FALSE
120726,TRUE,TRUE,TRUE,TRUE,FALSE
120747,FALSE,FALSE,FALSE,FALSE,FALSE
120748,FALSE,FALSE,FALSE,FALSE,FALSE
120773,TRUE,TRUE,TRUE,FALSE,FALSE
120775,TRUE,TRUE,TRUE,TRUE,FALSE
120790,TRUE,TRUE,TRUE,FALSE,FALSE
120816,TRUE,TRUE,TRUE,FALSE,FALSE
120838,TRUE,TRUE,TRUE,TRUE,FALSE
120901,TRUE,FALSE,FALSE,FALSE,FALSE
120913,TRUE,TRUE,TRUE,TRUE,FALSE
120971,FALSE,FALSE,FALSE,FALSE,FALSE
120984,TRUE,TRUE,TRUE,FALSE,FALSE
121011,TRUE,TRUE,TRUE,TRUE,FALSE
121015,FALSE,FALSE,FALSE,FALSE,FALSE
121047,FALSE,FALSE,FALSE,FALSE,FALSE
121065,TRUE,TRUE,TRUE,TRUE,FALSE
121082,TRUE,TRUE,TRUE,TRUE,FALSE
121094,FALSE,FALSE,FALSE,FALSE,FALSE
121115,TRUE,TRUE,TRUE,TRUE,FALSE
121152,TRUE,TRUE,TRUE,TRUE,FALSE
121154,FALSE,FALSE,FALSE,FALSE,FALSE
121173,TRUE,TRUE,TRUE,TRUE,FALSE
121178,TRUE,TRUE,TRUE,TRUE,FALSE
121202,TRUE,TRUE,TRUE,FALSE,FALSE
121271,TRUE,TRUE,TRUE,TRUE,FALSE
121299,FALSE,FALSE,FALSE,FALSE,FALSE
121302,FALSE,FALSE,FALSE,FALSE,FALSE
121346,TRUE,TRUE,TRUE,FALSE,FALSE
121365,TRUE,TRUE,TRUE,TRUE,FALSE
121437,TRUE,TRUE,TRUE,FALSE,FALSE
121452,TRUE,TRUE,TRUE,FALSE,FALSE
121498,TRUE,TRUE,TRUE,TRUE,FALSE
121531,TRUE,TRUE,TRUE,FALSE,FALSE
121562,FALSE,FALSE,FALSE,FALSE,FALSE
121587,TRUE,TRUE,TRUE,TRUE,FALSE
121655,TRUE,TRUE,TRUE,FALSE,FALSE
121659,TRUE,FALSE,FALSE,FALSE,FALSE
121668,FALSE,FALSE,FALSE,FALSE,FALSE
121682,TRUE,TRUE,TRUE,TRUE,FALSE
121734,TRUE,TRUE,TRUE,TRUE,FALSE
121740,FALSE,FALSE,FALSE,FALSE,FALSE
121745,TRUE,TRUE,TRUE,TRUE,FALSE
121748,TRUE,TRUE,TRUE,TRUE,FALSE
121758,TRUE,TRUE,TRUE,TRUE,FALSE
121760,FALSE,FALSE,FALSE,FALSE,FALSE
121815,TRUE,TRUE,TRUE,TRUE,FALSE
121827,FALSE,FALSE,FALSE,FALSE,FALSE
121833,TRUE,FALSE,FALSE,FALSE,FALSE
121835,TRUE,TRUE,TRUE,TRUE,FALSE
121839,TRUE,FALSE,FALSE,FALSE,FALSE
121841,FALSE,FALSE,FALSE,FALSE,FALSE
121847,TRUE,TRUE,FALSE,FALSE,FALSE
121867,TRUE,TRUE,TRUE,TRUE,FALSE
121870,FALSE,FALSE,FALSE,FALSE,FALSE
121879,TRUE,TRUE,TRUE,FALSE,FALSE
121896,TRUE,FALSE,FALSE,FALSE,FALSE
121900,FALSE,FALSE,FALSE,FALSE,FALSE
121943,TRUE,TRUE,TRUE,TRUE,FALSE
121950,TRUE,TRUE,TRUE,TRUE,FALSE
121954,TRUE,TRUE,TRUE,TRUE,FALSE
121970,TRUE,TRUE,TRUE,FALSE,FALSE
122000,TRUE,FALSE,FALSE,FALSE,FALSE
122036,TRUE,TRUE,TRUE,FALSE,FALSE
122038,TRUE,TRUE,TRUE,FALSE,FALSE
122083,FALSE,FALSE,FALSE,FALSE,FALSE
122087,TRUE,TRUE,FALSE,FALSE,FALSE
122089,FALSE,FALSE,FALSE,FALSE,FALSE
122129,TRUE,TRUE,TRUE,TRUE,FALSE
122131,TRUE,FALSE,FALSE,FALSE,FALSE
122146,TRUE,TRUE,TRUE,TRUE,FALSE
122174,TRUE,TRUE,TRUE,FALSE,FALSE
122209,TRUE,TRUE,TRUE,TRUE,FALSE
122212,TRUE,TRUE,TRUE,TRUE,FALSE
122226,FALSE,FALSE,FALSE,FALSE,FALSE
122230,TRUE,TRUE,TRUE,TRUE,FALSE
122256,TRUE,TRUE,TRUE,FALSE,FALSE
122258,TRUE,TRUE,TRUE,TRUE,FALSE
122297,TRUE,TRUE,FALSE,FALSE,FALSE
122305,TRUE,TRUE,TRUE,TRUE,FALSE
122318,FALSE,FALSE,FALSE,FALSE,FALSE
122374,TRUE,TRUE,TRUE,FALSE,FALSE
122396,TRUE,TRUE,TRUE,TRUE,FALSE
122402,TRUE,TRUE,TRUE,TRUE,FALSE
122408,TRUE,TRUE,TRUE,TRUE,FALSE
122421,TRUE,TRUE,TRUE,TRUE,FALSE
122429,TRUE,TRUE,TRUE,TRUE,FALSE
122430,TRUE,FALSE,FALSE,FALSE,FALSE
122439,TRUE,TRUE,TRUE,FALSE,FALSE
122451,FALSE,FALSE,FALSE,FALSE,FALSE
122453,TRUE,TRUE,TRUE,FALSE,FALSE
122496,TRUE,TRUE,TRUE,TRUE,FALSE
122513,TRUE,TRUE,TRUE,TRUE,FALSE
122515,TRUE,TRUE,TRUE,TRUE,FALSE
122544,TRUE,FALSE,FALSE,FALSE,FALSE
122553,TRUE,TRUE,TRUE,TRUE,FALSE
122559,TRUE,TRUE,TRUE,TRUE,FALSE
122567,TRUE,TRUE,TRUE,FALSE,FALSE
122577,FALSE,FALSE,FALSE,FALSE,FALSE
122585,TRUE,TRUE,TRUE,TRUE,FALSE
122611,FALSE,FALSE,FALSE,FALSE,FALSE
122624,TRUE,TRUE,TRUE,FALSE,FALSE
122655,TRUE,TRUE,TRUE,FALSE,FALSE
122669,TRUE,TRUE,TRUE,FALSE,FALSE
122684,FALSE,FALSE,FALSE,FALSE,FALSE
122688,TRUE,TRUE,TRUE,TRUE,FALSE
122689,TRUE,TRUE,TRUE,TRUE,FALSE
122696,TRUE,TRUE,TRUE,FALSE,FALSE
122700,TRUE,FALSE,FALSE,FALSE,FALSE
122708,FALSE,FALSE,FALSE,FALSE,FALSE
122715,FALSE,FALSE,FALSE,FALSE,FALSE
122737,TRUE,TRUE,TRUE,FALSE,FALSE
122746,TRUE,TRUE,TRUE,TRUE,FALSE
122754,TRUE,TRUE,TRUE,TRUE,FALSE
122761,TRUE,TRUE,TRUE,TRUE,FALSE
122786,TRUE,FALSE,FALSE,FALSE,FALSE
122811,FALSE,FALSE,FALSE,FALSE,FALSE
122822,FALSE,FALSE,FALSE,FALSE,FALSE
122840,TRUE,TRUE,TRUE,TRUE,FALSE
122860,TRUE,TRUE,TRUE,TRUE,FALSE
122861,TRUE,FALSE,FALSE,FALSE,FALSE
122867,FALSE,FALSE,FALSE,FALSE,FALSE
122897,TRUE,TRUE,TRUE,FALSE,FALSE
122914,TRUE,TRUE,TRUE,TRUE,FALSE
122917,TRUE,TRUE,TRUE,TRUE,FALSE
122959,TRUE,TRUE,TRUE,TRUE,FALSE
122995,TRUE,TRUE,TRUE,FALSE,FALSE
123010,TRUE,TRUE,TRUE,TRUE,FALSE
123111,TRUE,FALSE,FALSE,FALSE,FALSE
123113,FALSE,FALSE,FALSE,FALSE,FALSE
123116,TRUE,TRUE,TRUE,TRUE,FALSE
123122,TRUE,TRUE,TRUE,TRUE,FALSE
123137,TRUE,FALSE,FALSE,FALSE,FALSE
123139,FALSE,FALSE,FALSE,FALSE,FALSE
123176,TRUE,TRUE,TRUE,TRUE,FALSE
123193,TRUE,TRUE,TRUE,TRUE,FALSE
123215,TRUE,FALSE,FALSE,FALSE,FALSE
123220,FALSE,FALSE,FALSE,FALSE,FALSE
123223,TRUE,TRUE,TRUE,TRUE,FALSE
123227,TRUE,TRUE,TRUE,FALSE,FALSE
123235,TRUE,FALSE,FALSE,FALSE,FALSE
123262,FALSE,FALSE,FALSE,FALSE,FALSE
123268,TRUE,TRUE,TRUE,FALSE,FALSE
123272,TRUE,TRUE,TRUE,TRUE,FALSE
123278,FALSE,FALSE,FALSE,FALSE,FALSE
123283,FALSE,FALSE,FALSE,FALSE,FALSE
123311,TRUE,TRUE,TRUE,TRUE,FALSE
123331,FALSE,FALSE,FALSE,FALSE,FALSE
123337,TRUE,TRUE,TRUE,FALSE,FALSE
123351,FALSE,FALSE,FALSE,FALSE,FALSE
123353,TRUE,TRUE,TRUE,TRUE,FALSE
123355,FALSE,FALSE,FALSE,FALSE,FALSE
123356,TRUE,TRUE,TRUE,TRUE,FALSE
123358,FALSE,FALSE,FALSE,FALSE,FALSE
123387,TRUE,TRUE,TRUE,FALSE,FALSE
123422,FALSE,FALSE,FALSE,FALSE,FALSE
123423,FALSE,FALSE,FALSE,FALSE,FALSE
123426,FALSE,FALSE,FALSE,FALSE,FALSE
123438,TRUE,TRUE,TRUE,TRUE,FALSE
123463,TRUE,TRUE,TRUE,TRUE,FALSE
123488,FALSE,FALSE,FALSE,FALSE,FALSE
123504,TRUE,TRUE,TRUE,TRUE,FALSE
123519,FALSE,FALSE,FALSE,FALSE,FALSE
123523,TRUE,TRUE,TRUE,FALSE,FALSE
123536,TRUE,TRUE,TRUE,TRUE,FALSE
123540,TRUE,TRUE,TRUE,FALSE,FALSE
123546,FALSE,FALSE,FALSE,FALSE,FALSE
123556,TRUE,TRUE,TRUE,TRUE,FALSE
123561,FALSE,FALSE,FALSE,FALSE,FALSE
123565,TRUE,TRUE,TRUE,FALSE,FALSE
123588,FALSE,FALSE,FALSE,FALSE,FALSE
123610,TRUE,TRUE,TRUE,TRUE,FALSE
123622,TRUE,TRUE,TRUE,TRUE,FALSE
123631,FALSE,FALSE,FALSE,FALSE,FALSE
123658,FALSE,FALSE,FALSE,FALSE,FALSE
123661,FALSE,FALSE,FALSE,FALSE,FALSE
123689,TRUE,TRUE,TRUE,TRUE,FALSE
123695,TRUE,TRUE,TRUE,TRUE,FALSE
123696,TRUE,TRUE,TRUE,FALSE,FALSE
123700,TRUE,TRUE,TRUE,TRUE,FALSE
123705,TRUE,FALSE,FALSE,FALSE,FALSE
123709,TRUE,TRUE,TRUE,TRUE,FALSE
123710,TRUE,TRUE,TRUE,TRUE,FALSE
123743,TRUE,FALSE,FALSE,FALSE,FALSE
123798,FALSE,FALSE,FALSE,FALSE,FALSE
123819,TRUE,TRUE,TRUE,TRUE,FALSE
123820,TRUE,TRUE,TRUE,FALSE,FALSE
123822,FALSE,FALSE,FALSE,FALSE,FALSE
123831,FALSE,FALSE,FALSE,FALSE,FALSE
123835,TRUE,FALSE,FALSE,FALSE,FALSE
123848,TRUE,TRUE,TRUE,TRUE,FALSE
123855,TRUE,TRUE,TRUE,TRUE,FALSE
123862,FALSE,FALSE,FALSE,FALSE,FALSE
123868,FALSE,FALSE,FALSE,FALSE,FALSE
123872,FALSE,FALSE,FALSE,FALSE,FALSE
123884,TRUE,TRUE,TRUE,FALSE,FALSE
123890,TRUE,FALSE,FALSE,FALSE,FALSE
123900,TRUE,TRUE,FALSE,FALSE,FALSE
123908,TRUE,TRUE,TRUE,TRUE,FALSE
123917,TRUE,FALSE,FALSE,FALSE,FALSE
123929,TRUE,FALSE,FALSE,FALSE,FALSE
123955,TRUE,FALSE,FALSE,FALSE,FALSE
123961,FALSE,FALSE,FALSE,FALSE,FALSE
123966,FALSE,FALSE,FALSE,FALSE,FALSE
123982,TRUE,TRUE,TRUE,TRUE,FALSE
123983,FALSE,FALSE,FALSE,FALSE,FALSE
123986,TRUE,TRUE,TRUE,FALSE,FALSE
123997,TRUE,TRUE,TRUE,FALSE,FALSE
123999,FALSE,FALSE,FALSE,FALSE,FALSE
124008,FALSE,FALSE,FALSE,FALSE,FALSE
124021,TRUE,FALSE,FALSE,FALSE,FALSE
124034,TRUE,FALSE,FALSE,FALSE,FALSE
124050,TRUE,FALSE,FALSE,FALSE,FALSE
124052,TRUE,TRUE,TRUE,TRUE,FALSE
124057,TRUE,TRUE,TRUE,TRUE,FALSE
124104,TRUE,FALSE,FALSE,FALSE,FALSE
124137,FALSE,FALSE,FALSE,FALSE,FALSE
124141,FALSE,FALSE,FALSE,FALSE,FALSE
124157,TRUE,TRUE,TRUE,FALSE,FALSE
124177,FALSE,FALSE,FALSE,FALSE,FALSE
124188,TRUE,TRUE,TRUE,FALSE,FALSE
124192,TRUE,FALSE,FALSE,FALSE,FALSE
124196,TRUE,TRUE,TRUE,FALSE,FALSE
124207,FALSE,FALSE,FALSE,FALSE,FALSE
124220,TRUE,FALSE,FALSE,FALSE,FALSE
124235,FALSE,FALSE,FALSE,FALSE,FALSE
124250,TRUE,TRUE,TRUE,TRUE,FALSE
124252,FALSE,FALSE,FALSE,FALSE,FALSE
124259,TRUE,FALSE,FALSE,FALSE,FALSE
124276,FALSE,FALSE,FALSE,FALSE,FALSE
124295,TRUE,TRUE,TRUE,FALSE,FALSE
124327,TRUE,TRUE,TRUE,TRUE,FALSE
124351,TRUE,FALSE,FALSE,FALSE,FALSE
124361,TRUE,TRUE,TRUE,TRUE,FALSE
124409,TRUE,TRUE,TRUE,TRUE,FALSE
124417,TRUE,TRUE,TRUE,TRUE,FALSE
124436,TRUE,FALSE,FALSE,FALSE,FALSE
124447,FALSE,FALSE,FALSE,FALSE,FALSE
124458,TRUE,FALSE,FALSE,FALSE,FALSE
124486,TRUE,TRUE,TRUE,TRUE,FALSE
124496,FALSE,FALSE,FALSE,FALSE,FALSE
124534,FALSE,FALSE,FALSE,FALSE,FALSE
124577,TRUE,TRUE,TRUE,FALSE,FALSE
124609,FALSE,FALSE,FALSE,FALSE,FALSE
124615,TRUE,TRUE,TRUE,TRUE,FALSE
124628,FALSE,FALSE,FALSE,FALSE,FALSE
124640,TRUE,TRUE,TRUE,FALSE,FALSE
124646,TRUE,TRUE,TRUE,FALSE,FALSE
124659,TRUE,TRUE,TRUE,TRUE,FALSE
124665,FALSE,FALSE,FALSE,FALSE,FALSE
124667,TRUE,FALSE,FALSE,FALSE,FALSE
124682,TRUE,TRUE,TRUE,TRUE,FALSE
124689,TRUE,TRUE,TRUE,TRUE,FALSE
124700,TRUE,TRUE,TRUE,TRUE,FALSE
124715,FALSE,FALSE,FALSE,FALSE,FALSE
124718,TRUE,TRUE,TRUE,TRUE,FALSE
124747,TRUE,TRUE,TRUE,TRUE,FALSE
124748,TRUE,TRUE,TRUE,FALSE,FALSE
124750,TRUE,TRUE,TRUE,FALSE,FALSE
124752,TRUE,TRUE,TRUE,FALSE,FALSE
124753,FALSE,FALSE,FALSE,FALSE,FALSE
124772,TRUE,TRUE,TRUE,FALSE,FALSE
124786,FALSE,FALSE,FALSE,FALSE,FALSE
124789,TRUE,TRUE,TRUE,FALSE,FALSE
124816,TRUE,TRUE,TRUE,FALSE,FALSE
124837,TRUE,TRUE,TRUE,FALSE,FALSE
124851,FALSE,FALSE,FALSE,FALSE,FALSE
124871,TRUE,TRUE,TRUE,TRUE,FALSE
124886,TRUE,TRUE,TRUE,FALSE,FALSE
124888,TRUE,TRUE,TRUE,TRUE,FALSE
124901,FALSE,FALSE,FALSE,FALSE,FALSE
124910,FALSE,FALSE,FALSE,FALSE,FALSE
124932,TRUE,TRUE,TRUE,FALSE,FALSE
124964,TRUE,FALSE,FALSE,FALSE,FALSE
124967,TRUE,TRUE,TRUE,TRUE,FALSE
124970,TRUE,TRUE,TRUE,TRUE,FALSE
124972,TRUE,FALSE,FALSE,FALSE,FALSE
124986,TRUE,TRUE,TRUE,FALSE,FALSE
124996,TRUE,TRUE,TRUE,TRUE,FALSE
125008,TRUE,TRUE,TRUE,TRUE,FALSE
125016,TRUE,FALSE,FALSE,FALSE,FALSE
125018,TRUE,FALSE,FALSE,FALSE,FALSE
125035,FALSE,FALSE,FALSE,FALSE,FALSE
125036,TRUE,TRUE,TRUE,FALSE,FALSE
125045,FALSE,FALSE,FALSE,FALSE,FALSE
125056,TRUE,TRUE,TRUE,TRUE,FALSE
125059,TRUE,FALSE,FALSE,FALSE,FALSE
125064,TRUE,TRUE,TRUE,TRUE,FALSE
125130,TRUE,TRUE,TRUE,FALSE,FALSE
125163,FALSE,FALSE,FALSE,FALSE,FALSE
125172,TRUE,TRUE,TRUE,TRUE,FALSE
125188,TRUE,FALSE,FALSE,FALSE,FALSE
125196,FALSE,FALSE,FALSE,FALSE,FALSE
125239,TRUE,TRUE,TRUE,FALSE,FALSE
125253,TRUE,TRUE,TRUE,FALSE,FALSE
125258,FALSE,FALSE,FALSE,FALSE,FALSE
125263,FALSE,FALSE,FALSE,FALSE,FALSE
125294,FALSE,FALSE,FALSE,FALSE,FALSE
125310,TRUE,FALSE,FALSE,FALSE,FALSE
125318,FALSE,FALSE,FALSE,FALSE,FALSE
125330,TRUE,TRUE,TRUE,FALSE,FALSE
125334,TRUE,TRUE,FALSE,FALSE,FALSE
125339,TRUE,FALSE,FALSE,FALSE,FALSE
125347,FALSE,FALSE,FALSE,FALSE,FALSE
125358,TRUE,TRUE,TRUE,TRUE,FALSE
125380,FALSE,FALSE,FALSE,FALSE,FALSE
125385,TRUE,TRUE,TRUE,TRUE,FALSE
125412,FALSE,FALSE,FALSE,FALSE,FALSE
125420,FALSE,FALSE,FALSE,FALSE,FALSE
125448,FALSE,FALSE,FALSE,FALSE,FALSE
125456,FALSE,FALSE,FALSE,FALSE,FALSE
125465,FALSE,FALSE,FALSE,FALSE,FALSE
125474,TRUE,TRUE,TRUE,TRUE,FALSE
125504,FALSE,FALSE,FALSE,FALSE,FALSE
125509,FALSE,FALSE,FALSE,FALSE,FALSE
125531,FALSE,FALSE,FALSE,FALSE,FALSE
125538,FALSE,FALSE,FALSE,FALSE,FALSE
125554,FALSE,FALSE,FALSE,FALSE,FALSE
125562,TRUE,TRUE,TRUE,TRUE,FALSE
